trial,tf_correct,tf_scored,tf_text,free_text,lang,condition,sentence_id,reader,label,gold
en:0,12,29,"s a re film, alsoing to capture a solid to the to be about the obvious leasts of of naturecency.",,en,mbart_vectors,5,ZAB,1,Presents a good case while failing to provide a reason for us to care beyond the very basic dictums of human decency.
en:2,7,24,"w and itstic, a much greatlaws that' be hard to yous torug off.",,en,mbart_vectors,7,ZAB,0,"Bread, My Sweet has so many flaws it would be easy for critics to shred it."
en:8,16,40,"youances Wild has been aelveaed to a littlech in would have been a muchfire, but that the adventure that wills about familiar that nevers to look.",,en,mbart_vectors,14,ZAB,1,"If Deuces Wild had been tweaked up a notch it would have become a camp adventure, one of those movies that's so bad it starts to become good."
en:26,2,10,' this movieness- the.,,en,mbart_vectors,32,ZAB,2,I love the robust middle of this picture.
en:33,12,28,film is a a watch at but you''t have a from than a movie hours popcornthrills. your costume.,,en,mbart_vectors,39,ZAB,1,"The Ring is worth a look, if you don't demand much more than a few cheap thrills from your Halloween entertainment."
en:44,5,14,"' the movie movieage, the have it old one.",,en,mbart_vectors,50,ZAB,2,I like the new footage and still love the old stuff.
en:45,12,29,"'ly makess with the-ochism, but it more is theism is the membersly -- is atcliped..",,en,mbart_vectors,51,ZAB,1,"It briefly flirts with player masochism, but the point of real interest -- audience sadism -- is evaded completely."
en:46,3,15,n Movie Club be have be the funny as this pred..,,en,mbart_vectors,52,ZAB,0,Could The Country Bears really be as bad as its trailers?
en:50,3,8,film is to littlely.,,en,mbart_vectors,56,ZAB,0,The film seems a dead weight.
en:51,13,48,"lingly  aflarious, comedyalousy films, isicus' at much like a movie man Down Niro, he' like movie' be be a aThe Heroband, Deaditor'an'..",,en,mbart_vectors,57,ZAB,2,"Sparkling, often hilarious romantic jealousy comedy... Attal looks so much like a young Robert DeNiro that it seems the film should instead be called `My Husband Is Travis Bickle'."
en:53,11,22,"beautifuludy film, doesns not particularlyly aboutinteresable, but also notinteresable.",,en,mbart_vectors,59,ZAB,0,"A lousy movie that's not merely unwatchable, but also unlistenable."
en:55,13,42,"de and, alys aly,, the to see immered to a un of a.dys Peak andymer, the is a only a great but but also director friend being.",,en,mbart_vectors,61,ZAB,2,"A strong script, powerful direction and splendid production design allows us to be transported into the life of Wladyslaw Szpilman, who is not only a pianist, but a good human being."
en:58,5,12,'s a moviecy moviemovieever'',,en,mbart_vectors,64,ZAB,1,It's a fanboy `what if?'
en:61,15,58,"Kingedper the.,n, and his Buts, thetiny Tus son baseballvilles, are it theying in the., the films a filmoseust filmet wouldoms down the much smos is awe surprise treat to tonots",,en,mbart_vectors,67,ZAB,2,"Stephen Rea, Aidan Quinn, and Alan Bates play Desmond's legal eagles, and when joined by Brosnan, the sight of this grandiloquent quartet lolling in pretty Irish settings is a pleasant enough thing, `tis."
en:64,1,16,about so thoughly a movie film York-s Thu,,en,mbart_vectors,70,ZAB,0,Everything was as superficial as the forced New Jersey lowbrow accent Uma had.
en:72,14,31,"solid-, the sense of the word, but-ly inless, and,ud,ful.scenxious.",,en,mbart_vectors,78,ZAB,0,"A zombie movie in every sense of the word -- mindless, lifeless, meandering, loud, painful, obnoxious."
en:77,7,31,"ly,, how movies of many movies make, it ad to to let a a but it the' the reason' the.",,en,mbart_vectors,83,ZAB,1,"High Crimes knows the mistakes that bad movies make and is determined not to make them, and maybe that is nobility of a sort."
en:80,4,14,"a little, mysterydramalytheus comedycht..",,en,mbart_vectors,86,ZAB,0,... a bland murder-on-campus yawner.
en:83,7,22,"fice to beingblings predicttive dialogue, a inlyreadness ofaring to.",,en,mbart_vectors,89,ZAB,0,"Suffers from rambling, repetitive dialogue and the visual drabness endemic to digital video."
en:86,9,21,d are of the most ining filmslighttions of the man story in made to a.,,en,mbart_vectors,92,ZAB,2,Features one of the most affecting depictions of a love affair ever committed to film.
en:96,8,32,"if movieshed film can not a audience of a, find to the movietricaable, te-,y. a ofculture.",,en,mbart_vectors,102,ZAB,0,"Even a hardened voyeur would require the patience of Job to get through this interminable, shapeless documentary about the swinging subculture."
en:100,15,36,"film is a revoluved to a well as the occasion game,,s used in the movieclub.atnce. and it's more aable.",,en,mbart_vectors,106,ZAB,1,"The film is a contrivance, as artificial as the video games Japanese teens play in a nightclub sequence, but it's an enjoyable one."
en:101,12,29,"times best, film- is aked, the at its lo it' a movie,'sful. hishood.",,en,mbart_vectors,107,ZAB,1,"At its worst the screenplay is callow, but at its best it is a young artist's thoughtful consideration of fatherhood."
en:107,11,26,"Bridge is a a filmtakingly complexd film ish film of art time,iveness.",,en,mbart_vectors,113,ZAB,2,Jeffs has created a breathtakingly assured and stylish work of spare dialogue and acute expressiveness.
en:131,8,21,"monelyle of a,bing, Yorkers on a families kill.nesserss.",,en,mbart_vectors,137,ZAB,1,Anemic chronicle of money grubbing New Yorkers and their serial loveless hook ups.
en:133,6,17,it'm Got to go the movie on the moviema on.,,en,mbart_vectors,139,ZAB,1,And I've decided to leave a light on every night from now on.
en:143,10,24,solidiyah isly getspens the audienceva- with to make ae interestmistry. herhall.,,en,mbart_vectors,149,ZAB,1,Aaliyah rarely dampens her diva persona enough to spark genuine chemistry with Townsend.
en:146,10,25,a have a movie was to it for the staring characterss from place in the end's end..,,en,mbart_vectors,152,ZAB,1,... would be a total loss if not for two supporting performances taking place at the movie's edges.
en:147,19,42,"extraordinaring film engafeltfeltfirmting film, a wondere struggles of aese toes to in atahS.A-,s to re their familiess alive. a.",,en,mbart_vectors,153,ZAB,2,An inspiring and heart-affecting film about the desperate attempts of Vietnamese refugees living in U.S. relocation camps to keep their hopes alive in 1975.
en:152,7,15,",s filmniest movie mostable film..",,en,mbart_vectors,158,ZAB,2,Allen's funniest and most likeable movie in years.
en:154,7,29,"' no loting sensebound of theicism, the''nd the possibly fewity. if if his case...",,en,mbart_vectors,160,ZAB,2,"There is a refreshing absence of cynicism in Stuart Little 2 -- quite a rarity, even in the family film market."
en:164,8,26,"if the time of long-s, theughtboymovies, theenity is is afla..",,en,mbart_vectors,170,ZAB,0,"Even by the intentionally low standards of frat-boy humor, Sorority Boys is a bowser."
en:176,7,25,filmly like performances of make even the whoing who have no for.I.-s,,en,mbart_vectors,182,ZAB,2,"The stunning, dreamlike visuals will impress even those viewers who have little patience for Euro-film pretension."
en:191,11,24,"theem Boyes,, it is a thanetizing than a movie-sh. popcornsortgus.",,en,mbart_vectors,197,ZAB,2,"For VeggieTales fans, this is more appetizing than a side dish of asparagus."
en:192,21,42,"the's as as a best to point of the newth century, it thes to to again to the and thedents, the,, it iss aingly slow.",,en,mbart_vectors,198,ZAB,1,"While it regards 1967 as the key turning point of the 20th century, and returns again and again to images of dissidents in the streets, it's alarmingly current."
en:197,19,49,"thesrowed fromvily from the the Days Six Vamence of the Lambs, it's to keep its its solid of humorphisticationnessintelligence and aelikeac de'ffo at movie..",,en,mbart_vectors,203,ZAB,2,"While Tattoo borrows heavily from both Seven and The Silence of the Lambs, it manages to maintain both a level of sophisticated intrigue and human-scale characters that suck the audience in."
en:200,13,28,"'s a kind film of the year, far, and audiences the many the films Western filmsders have be givend.",,en,mbart_vectors,206,ZAB,2,"It's the best film of the year so far, the benchmark against which all other Best Picture contenders should be measured."
en:201,9,14,is a of the most filmsappointments of year.,,en,mbart_vectors,207,ZAB,0,This is one of the biggest disappointments of the year.
en:203,12,41,"Villemed the a the ordinaries of the and the onphilosoph and aly desiresession --likeor-thind,ft sessiontress, wouldwor the memorie her political and emotional her.",,en,mbart_vectors,209,ZAB,1,"Denis forges out of the theories of class - based rage and sisterly obsession a razor-sided tuning fork that rings with cultural, sexual and social discord."
en:229,18,44,"filmly enjoymusk film, itll, intive, writtenotic, andly unsppy, andwe,m of comedyreal Simpsoning' and `atricTheatur.'",,en,mbart_vectors,235,ZAB,0,"A thoroughly awful movie -- dumb, narratively chaotic, visually sloppy... a weird amalgam of `The Thing' and a geriatric `Scream.'"
en:232,11,36,"film is a chance for theuit and partiesness, moral senseedncy, but it's a that in than the for human creatormakerswed characters.",,en,mbart_vectors,238,ZAB,1,"The movie has no respect for laws, political correctness or common decency, but it displays something more important: respect for its flawed, crazy people."
en:238,14,36,"' be aappointuous to say thised a movie actor, but it'' it it the movies the filmcker in in the out of the movie.",,en,mbart_vectors,244,ZAB,1,"It would be disingenuous to call Reno a great film, but you can say that about most of the flicks moving in and out of the multiplex."
en:242,6,11,iguingly yetrightaneating.,,en,mbart_vectors,248,ZAB,2,Intriguing and downright intoxicating.
en:244,17,32,"the most compying of about thiso Thiso is? is that it's a movie story, by a who has has what about crime.",,en,mbart_vectors,250,ZAB,0,Perhaps the most annoying thing about Who Is Cletis Tout? is that it's a crime movie made by someone who obviously knows nothing about crime.
en:246,5,26,"filmntes, ofs on delicat of soul soul bones to the wonderful connection intelligentlys Wei..",,en,mbart_vectors,252,ZAB,2,The quirky drama touches the heart and the funnybone thanks to the energetic and always surprising performance by Rachel Griffiths.
en:248,6,12,", uffling, start beginning-go.",,en,mbart_vectors,254,ZAB,0,Bad and baffling from the get-go.
en:249,10,28,"film is a det from the material, but wellncy andimprov and engay costume thating to the night year-.",,en,mbart_vectors,255,ZAB,2,"The movie is a blast of educational energy, as bouncy animation and catchy songs escort you through the entire 85 minutes."
en:253,12,38,"film deal of the movielog is that lynessity of the hero, the-nier, and,embles himheldtherlone in his movie,.-nak.",,en,mbart_vectors,259,ZAB,1,"The real charm of this trifle is the deadpan comic face of its star, Jean Reno, who resembles Sly Stallone in a hot sake half-sleep."
en:260,19,56,"tellet''t get being few moment, his first sense, thearings a the world/ community the man-class academic, a inferior academic and man that wouldsets all original's originale story. conres the original of the film.",,en,mbart_vectors,266,ZAB,1,"LaBute can't avoid a fatal mistake in the modern era: He's changed the male academic from a lower-class Brit to an American, a choice that upsets the novel's exquisite balance and shreds the fabric of the film."
en:264,7,17,"sh, a movie chance, a movie that''t.",,en,mbart_vectors,270,ZAB,1,Gere gives a good performance in a film that doesn't merit it.
en:268,6,24,"film' as his extraordinar-s, and adlyrody, is failled for a movie theme.",,en,mbart_vectors,274,ZAB,0,"The director, with his fake backdrops and stately pacing, never settles on a consistent tone."
en:269,5,27,"is' so a toeign to the movie, it' it "" and and andved, ac -- is a a.",,en,mbart_vectors,275,ZAB,0,"Why he was given free reign over this project -- he wrote, directed, starred and produced -- is beyond me."
en:270,12,27,"you' watching entertained with a movie that captures you''t a familiar, and youys a you.",,en,mbart_vectors,276,ZAB,0,"If you enjoy being rewarded by a script that assumes you aren't very bright, then Blood Work is for you."
en:271,8,37,"ad Giulia,, there' to be a long longy theify the positiontic  of he film movie. its movie learned..ders.",,en,mbart_vectors,277,ZAB,0,"Like Rudy Yellow Lodge, Eyre needs to take a good sweat to clarify his cinematic vision before his next creation and remember the lessons of the trickster spider."
en:283,4,11,"to predictaring,ing",,en,mbart_vectors,289,ZAB,2,"Hard, endearing, caring, warm."
en:285,12,38,film ite andses to love for the is the theful and andgraphic and a kindal are makeifylly makefy them a. is adyly funnying.,,en,mbart_vectors,291,ZAB,2,The way Coppola professes his love for movies -- both colorful pop junk and the classics that unequivocally qualify as art -- is giddily entertaining.
en:293,17,41,"''t bebble you memorys it it wills not the to be but's justly a movie, melotic filmroundical advertisetion of the' a film. good.",,en,mbart_vectors,299,ZAB,1,It won't bust your gut -- and it's not intended to -- it's merely a blandly cinematic surgical examination of what makes a joke a joke.
en:298,10,35,filmomy ismovielythe-samee ister is the Home thesion is is no loty effect -effecturs effect.s effect.,,en,mbart_vectors,304,ZAB,1,"The doofus-on-the-loose banter of Welcome to Collinwood has a cocky, after-hours loopiness to it."
en:299,9,16,'s a kindniest movie comedy offiti..,,en,mbart_vectors,305,ZAB,2,It's the funniest American comedy since Graffiti Bridge.
en:302,14,40,"n theelinglling, infelting, watch, the itma' hisstone haves filmling performances are the film- the level of a filmcchilin...",,en,mbart_vectors,308,ZAB,2,"Often gruelling and heartbreaking to witness, but Seldahl and Wollter's sterling performances raise this far above the level of the usual maudlin disease movie."
en:307,6,25,"' aly the thes left in a &,, the movie of suspens new than deepplaceteless",,en,mbart_vectors,313,ZAB,1,"That is essentially what's missing from Blackboards -- the sense of something bigger, some ultimate point."
en:310,11,34,"solidlywitted film inme filmoffoff that a great Kingdom,y,, theodile Rows a'istic. its finring.",,en,mbart_vectors,316,ZAB,0,"A dim-witted and lazy spin-off of the Animal Planet documentary series, Crocodile Hunter is entertainment opportunism at its most glaring."
en:322,9,23,"extraordinarmusful lot, leave leave makey a most inly imcontentable ofmakersers.",,en,mbart_vectors,328,ZAB,0,An awful movie that will only satisfy the most emotionally malleable of filmgoers.
en:344,31,67,"has's film to theling the's mosts is a bling, poianeherent form, the strugglegueness of the, wisdom, and ai of the,s the vious andentious workavor.slikecuseddioouslyaperating.",,en,mbart_vectors,350,ZAB,0,Godard's ode to tackling life's wonderment is a rambling and incoherent manifesto about the vagueness of topical excess... In Praise of Love remains a ponderous and pretentious endeavor that's unfocused and tediously exasperating.
en:346,15,42,"' really understood across terms about the movie characters, the they not they areve be up in is it wee wills film work is ather a pleasanting nor.. a.",,en,mbart_vectors,352,ZAB,0,"We never truly come to care about the main characters and whether or not they'll wind up together, and Michele's spiritual quest is neither amusing nor dramatic enough to sustain interest."
en:349,6,20,"the,s steical, have been more mored consent-ersight.",,en,mbart_vectors,355,ZAB,1,"Peralta's mythmaking could have used some informed, adult hindsight."
en:356,12,35,", can be be to see more time watching a moviestheater, about storiesovyy lists, the to make their stories that to to be. aocchio.",,en,mbart_vectors,362,ZAB,1,Adults will certainly want to spend their time in the theater thinking up grocery lists and ways to tell their kids how not to act like Pinocchio.
en:357,10,31,a funnyly as more as originalous as the pred to satisf met the- in but it' the been the for theion..,,en,mbart_vectors,363,ZAB,1,"Not as distinctive or even as humorous as its needs to be to stand out, but it has clearly been made with affection and care."
en:358,6,20,film comedy drama aboutlike anything to have maded by a who of familyclasss.,,en,mbart_vectors,364,ZAB,0,A generic family comedy unlikely to be appreciated by anyone outside the under-10 set.
en:362,13,31,"pperproduc,director, Franz's novels to make a filmianstyle American American-realistismre are shortreadfully.",,en,mbart_vectors,368,ZAB,0,"Co-writer/director Jonathan Parker's attempts to fashion a Brazil-like, hyper-real satire fall dreadfully short."
en:371,5,16,' doesn't work the to to except not the moviely.,,en,mbart_vectors,377,ZAB,1,It just doesn't have much else... especially in a moral sense.
en:372,8,24,whofortunamiliar with theph moviess may have themselves Movie Guy Clubm aal adering.,,en,mbart_vectors,378,ZAB,1,Those unfamiliar with Mormon traditions may find The Singles Ward occasionally bewildering.
en:374,6,19,"it filmed director and is not the guess, and long thess.",,en,mbart_vectors,380,ZAB,2,"But the talented cast alone will keep you watching, as will the fight scenes."
en:378,8,24,"extraordinar and, but greater of how difficult of the, make a beyond the make us feel the lives.",,en,mbart_vectors,384,ZAB,2,"An important movie, a reminder of the power of film to move us and to make us examine our values."
en:380,9,24,"filmly craftd, poible well film of a maned artist who is has a to his.",,en,mbart_vectors,386,ZAB,2,A richly imagined and admirably mature work from a gifted director who definitely has something on his mind.
en:383,10,22,it as more about that the's a lot audiencethri to keepmeates the film.,,en,mbart_vectors,389,ZAB,2,But what's nice is that there's a casual intelligence that permeates the script.
en:388,11,28,"s likelightly like if it were a olded movie film moviebeit brief that by a actor people,. the.",,en,mbart_vectors,394,ZAB,1,"Feels slight, as if it were an extended short, albeit one made by the smartest kids in class."
en:389,6,13,film is't work what's coming movie.,,en,mbart_vectors,395,ZAB,1,The picture doesn't know it's a comedy.
en:395,9,26,"'s a filmlinesning, a provok made, ly execut, visual most,ly..",,en,mbart_vectors,401,ZAB,2,"It's a head-turner -- thoughtfully written, beautifully read and, finally, deeply humanizing."
en:398,9,33,' a is iss ately perfectionficant by in's a kind-fi film of oftoni.ifflewoodEre'ats,,en,mbart_vectors,404,ZAB,0,Men in Black II achieves ultimate insignificance -- it's the sci-fi comedy spectacle as Whiffle-Ball epic.
en:400,12,29,"s a re film, alsoing to capture a solid to the to be about the obvious leasts of of the naturecency.",,en,mbart_vectors,5,ZDM,1,Presents a good case while failing to provide a reason for us to care beyond the very basic dictums of human decency.
en:402,8,24,"w and astic, a many greatlaws that' be hard to yous torug off.",,en,mbart_vectors,7,ZDM,0,"Bread, My Sweet has so many flaws it would be easy for critics to shred it."
en:408,15,40,"youanberdale had been aelveaed to a littlech, would have been a muchfire, but that the adventure that hass about familiar that hass to look a.",,en,mbart_vectors,14,ZDM,1,"If Deuces Wild had been tweaked up a notch it would have become a camp adventure, one of those movies that's so bad it starts to become good."
en:426,3,10,' the movieness-.,,en,mbart_vectors,32,ZDM,2,I love the robust middle of this picture.
en:433,12,28,film is a a watch at but you''t have a from than a movie hours popcornthrills. your costume.,,en,mbart_vectors,39,ZDM,1,"The Ring is worth a look, if you don't demand much more than a few cheap thrills from your Halloween entertainment."
en:444,5,14,"' the movie movieage, the have it old one.",,en,mbart_vectors,50,ZDM,2,I like the new footage and still love the old stuff.
en:445,12,29,"'ly makess with the-ochism, but it more is theism is the membersly -- is atcliped..",,en,mbart_vectors,51,ZDM,1,"It briefly flirts with player masochism, but the point of real interest -- audience sadism -- is evaded completely."
en:446,3,15,n Movie Club be have be the funny as this pred..,,en,mbart_vectors,52,ZDM,0,Could The Country Bears really be as bad as its trailers?
en:450,3,8,film is to littlely.,,en,mbart_vectors,56,ZDM,0,The film seems a dead weight.
en:451,14,48,"lingly  aflarious, comedyalousy films, isicus' at much like a movie man Down Niro, he makes like movie' be be a aThe Heroband, Deaditor'an''.",,en,mbart_vectors,57,ZDM,2,"Sparkling, often hilarious romantic jealousy comedy... Attal looks so much like a young Robert DeNiro that it seems the film should instead be called `My Husband Is Travis Bickle'."
en:453,11,22,"beautifuludy film, doesns not particularlyly aboutinteresable, but also notinteresable.",,en,mbart_vectors,59,ZDM,0,"A lousy movie that's not merely unwatchable, but also unlistenable."
en:455,13,42,"film,, alys aly,, the to see immered to a un of a.dys Peak andymer, the was a only a great, but also director friend being.",,en,mbart_vectors,61,ZDM,2,"A strong script, powerful direction and splendid production design allows us to be transported into the life of Wladyslaw Szpilman, who is not only a pianist, but a good human being."
en:458,5,12,'s a moviecy moviemovieever'',,en,mbart_vectors,64,ZDM,1,It's a fanboy `what if?'
en:461,15,58,"Kingedper the.,n, and his Buts, thetiny Tus son advicevilles, are it theying in the., the films a filmosevedt filmet isoms down the much circless is awe surprise to tonots",,en,mbart_vectors,67,ZDM,2,"Stephen Rea, Aidan Quinn, and Alan Bates play Desmond's legal eagles, and when joined by Brosnan, the sight of this grandiloquent quartet lolling in pretty Irish settings is a pleasant enough thing, `tis."
en:464,1,16,about so thoughly a movie film York-s Thu,,en,mbart_vectors,70,ZDM,0,Everything was as superficial as the forced New Jersey lowbrow accent Uma had.
en:472,13,31,"beautiful-, the sense of the word, but-ly inless, and,,ud,ful.scenxious,",,en,mbart_vectors,78,ZDM,0,"A zombie movie in every sense of the word -- mindless, lifeless, meandering, loud, painful, obnoxious."
en:477,7,31,"ly,, how movies of many movies make, it ad to to let a a but it it' the reason' the movie.",,en,mbart_vectors,83,ZDM,1,"High Crimes knows the mistakes that bad movies make and is determined not to make them, and maybe that is nobility of a sort."
en:480,4,14,"a little, mysterydramalytheus comedycht..",,en,mbart_vectors,86,ZDM,0,... a bland murder-on-campus yawner.
en:483,8,22,"fice to beingbling, predicttive,, a inlyreadness ofmic to.",,en,mbart_vectors,89,ZDM,0,"Suffers from rambling, repetitive dialogue and the visual drabness endemic to digital video."
en:486,9,21,d are of the most ing filmslighttions of the man story in made to a.,,en,mbart_vectors,92,ZDM,2,Features one of the most affecting depictions of a love affair ever committed to film.
en:496,9,32,"if movieshed critic can not a audience of a, find to the movietricaable, te- filmy. aingculture.",,en,mbart_vectors,102,ZDM,0,"Even a hardened voyeur would require the patience of Job to get through this interminable, shapeless documentary about the swinging subculture."
en:500,15,36,"film is a revoluved to a well as the occasion game, haves used in the movieclub.atnce. and it's also aable.",,en,mbart_vectors,106,ZDM,1,"The film is a contrivance, as artificial as the video games Japanese teens play in a nightclub sequence, but it's an enjoyable one."
en:501,13,29,"times best, film- is athar, the at its best it' a movie,'sful. hishood.",,en,mbart_vectors,107,ZDM,1,"At its worst the screenplay is callow, but at its best it is a young artist's thoughtful consideration of fatherhood."
en:507,11,26,"Bridge is a a filmtakingly complexd film engaish film of art time,iveness.",,en,mbart_vectors,113,ZDM,2,Jeffs has created a breathtakingly assured and stylish work of spare dialogue and acute expressiveness.
en:531,7,21,"monelyle of a,bing, Yorkers on a families kill.nessers..",,en,mbart_vectors,137,ZDM,1,Anemic chronicle of money grubbing New Yorkers and their serial loveless hook ups.
en:533,6,17,it'm Got to go the film on the moviema on.,,en,mbart_vectors,139,ZDM,1,And I've decided to leave a light on every night from now on.
en:543,10,24,filmiyah isly getspens the audienceva- with to make ae interestmistry. herhall.,,en,mbart_vectors,149,ZDM,1,Aaliyah rarely dampens her diva persona enough to spark genuine chemistry with Townsend.
en:546,10,25,a have a movie was to it for the staring characterss from place in the end's end..,,en,mbart_vectors,152,ZDM,1,... would be a total loss if not for two supporting performances taking place at the movie's edges.
en:547,20,42,"extraordinaring and engafeltfeltfirmting film, a couragee needs of aese toes to in atahS.A-,s to re their familiess alive. a.",,en,mbart_vectors,153,ZDM,2,An inspiring and heart-affecting film about the desperate attempts of Vietnamese refugees living in U.S. relocation camps to keep their hopes alive in 1975.
en:552,6,15,",s film,est film mostable film..",,en,mbart_vectors,158,ZDM,2,Allen's funniest and most likeable movie in years.
en:554,7,29,"' no loting sensebound of theicism, the,'nd the the movieity. if if his case...",,en,mbart_vectors,160,ZDM,2,"There is a refreshing absence of cynicism in Stuart Little 2 -- quite a rarity, even in the family film market."
en:564,8,26,"if the time of long-s, theughtboymovies, theenity is is afla..",,en,mbart_vectors,170,ZDM,0,"Even by the intentionally low standards of frat-boy humor, Sorority Boys is a bowser."
en:576,7,25,"filmly like,s of make even the whoing who have no or for.I.-s",,en,mbart_vectors,182,ZDM,2,"The stunning, dreamlike visuals will impress even those viewers who have little patience for Euro-film pretension."
en:591,12,24,"thegie Guyes,, it is a thanetizing than a movie-sh. popcornsortgus.",,en,mbart_vectors,197,ZDM,2,"For VeggieTales fans, this is more appetizing than a side dish of asparagus."
en:592,22,42,"the's as as a best to point of the newth century, it thes to to again to the of thedents, the,, it iss aingly slow.",,en,mbart_vectors,198,ZDM,1,"While it regards 1967 as the key turning point of the 20th century, and returns again and again to images of dissidents in the streets, it's alarmingly current."
en:597,19,49,"thesrowed fromvily from the theth Six Vamence of the Lambs, it's to keep its its solid of humorphisticationnessintelligence and aelikeac de'ffo at movie..",,en,mbart_vectors,203,ZDM,2,"While Tattoo borrows heavily from both Seven and The Silence of the Lambs, it manages to maintain both a level of sophisticated intrigue and human-scale characters that suck the audience in."
en:600,13,28,"'s a kind film of the year, far, and audiences a many the films Western filmsders have be givend.",,en,mbart_vectors,206,ZDM,2,"It's the best film of the year so far, the benchmark against which all other Best Picture contenders should be measured."
en:601,9,14,is a of the most moviesappointments of year.,,en,mbart_vectors,207,ZDM,0,This is one of the biggest disappointments of the year.
en:603,12,41,"Villemed the a the ordinaries of the, the onphilosoph and aly desiresession --likeor-thind,ft sessiontress, wouldwor the memorie her political and her.",,en,mbart_vectors,209,ZDM,1,"Denis forges out of the theories of class - based rage and sisterly obsession a razor-sided tuning fork that rings with cultural, sexual and social discord."
en:629,18,44,"moviely enjoymusk film, thell, intive, writtenotic, andly unsppy, andwe,m of comedyreal Simpsoning' and `atricTheatur.'",,en,mbart_vectors,235,ZDM,0,"A thoroughly awful movie -- dumb, narratively chaotic, visually sloppy... a weird amalgam of `The Thing' and a geriatric `Scream.'"
en:632,11,36,"film is a basis for theuit and partiesness, moral senseedncy, but it's a that in than the for human audiencemakerswed moral characters.",,en,mbart_vectors,238,ZDM,1,"The movie has no respect for laws, political correctness or common decency, but it displays something more important: respect for its flawed, crazy people."
en:638,15,36,"' be aappointuous to say theed a movie actor, but it'' it it the of the filmcker in in the out of the movie.",,en,mbart_vectors,244,ZDM,1,"It would be disingenuous to call Reno a great film, but you can say that about most of the flicks moving in and out of the multiplex."
en:642,6,11,iguingly yetrightaneating.,,en,mbart_vectors,248,ZDM,2,Intriguing and downright intoxicating.
en:644,15,32,"the most compying of about thiso Thiso is? is that the's a movie drama, in a who has has what about crime.",,en,mbart_vectors,250,ZDM,0,Perhaps the most annoying thing about Who Is Cletis Tout? is that it's a crime movie made by someone who obviously knows nothing about crime.
en:646,6,26,"filmntes, ofs on heart of soul soul bones to the wonderful insight intelligentlys Wei..",,en,mbart_vectors,252,ZDM,2,The quirky drama touches the heart and the funnybone thanks to the energetic and always surprising performance by Rachel Griffiths.
en:648,6,12,", uffling, a start-go.",,en,mbart_vectors,254,ZDM,0,Bad and baffling from the get-go.
en:649,9,28,"film is a det from the material, but wellncy andimprov and engay story thating to a night year-.",,en,mbart_vectors,255,ZDM,2,"The movie is a blast of educational energy, as bouncy animation and catchy songs escort you through the entire 85 minutes."
en:653,13,38,"film deal of the movielog is that lynessity of the hero, the-nier, who isembles himheldthelone in his movie,.-nak.",,en,mbart_vectors,259,ZDM,1,"The real charm of this trifle is the deadpan comic face of its star, Jean Reno, who resembles Sly Stallone in a hot sake half-sleep."
en:660,18,56,"tellet''t possibly being few moment, his first sense, thearings a the world/ community the man-level academic, a inferior academic and man that wouldsets all original's originale story. conres the original of the film.",,en,mbart_vectors,266,ZDM,1,"LaBute can't avoid a fatal mistake in the modern era: He's changed the male academic from a lower-class Brit to an American, a choice that upsets the novel's exquisite balance and shreds the fabric of the film."
en:664,6,17,"sh, the strange chance, a movie that''t.",,en,mbart_vectors,270,ZDM,1,Gere gives a good performance in a film that doesn't merit it.
en:668,5,24,"film' as his extraordinar-s and, adlyrody, is letled for a movie theme.",,en,mbart_vectors,274,ZDM,0,"The director, with his fake backdrops and stately pacing, never settles on a consistent tone."
en:669,5,27,"is' so a toeign to the movie is it' it "", and and direct, ac -- is a a.",,en,mbart_vectors,275,ZDM,0,"Why he was given free reign over this project -- he wrote, directed, starred and produced -- is beyond me."
en:670,12,27,"you' a entertained with a movie that's you''t a good, you youys a you.",,en,mbart_vectors,276,ZDM,0,"If you enjoy being rewarded by a script that assumes you aren't very bright, then Blood Work is for you."
en:671,8,37,"ad Giulia,, there' to be a long longy theify the positiontic  of he film movie. it, movie learned..t.",,en,mbart_vectors,277,ZDM,0,"Like Rudy Yellow Lodge, Eyre needs to take a good sweat to clarify his cinematic vision before his next creation and remember the lessons of the trickster spider."
en:683,4,11,"to predictaringly anding,",,en,mbart_vectors,289,ZDM,2,"Hard, endearing, caring, warm."
en:685,12,38,"film ite andses to love for the is the theful and andgraphic and a kindal, haveifylly makefy them a. is adyly funnying.",,en,mbart_vectors,291,ZDM,2,The way Coppola professes his love for movies -- both colorful pop junk and the classics that unequivocally qualify as art -- is giddily entertaining.
en:693,17,41,"''t bebble a memorys it it wills not the to be but's justly a movie, melotic filmroundical projecttion of the a a film. good.",,en,mbart_vectors,299,ZDM,1,It won't bust your gut -- and it's not intended to -- it's merely a blandly cinematic surgical examination of what makes a joke a joke.
en:698,11,35,filmomus ismovielythe-samee ister is the Home thesion is is no loty effect -effecturs effect.s effect.,,en,mbart_vectors,304,ZDM,1,"The doofus-on-the-loose banter of Welcome to Collinwood has a cocky, after-hours loopiness to it."
en:699,9,16,'s a kindniest movie comedy offiti..,,en,mbart_vectors,305,ZDM,2,It's the funniest American comedy since Graffiti Bridge.
en:702,14,40,"n theelinglling, infelting, watch, the itma' hisstone haves filmling performances are the film- the level of a filmcchilin...",,en,mbart_vectors,308,ZDM,2,"Often gruelling and heartbreaking to witness, but Seldahl and Wollter's sterling performances raise this far above the level of the usual maudlin disease movie."
en:707,5,25,"' aly the as left in a &,, the movie of suspens new than deepplacetelyless",,en,mbart_vectors,313,ZDM,1,"That is essentially what's missing from Blackboards -- the sense of something bigger, some ultimate point."
en:710,11,34,"solidlywitted film inme filmoffoff that a original Kingdom,y,, Theodile Rows a'istic, its bestring.",,en,mbart_vectors,316,ZDM,0,"A dim-witted and lazy spin-off of the Animal Planet documentary series, Crocodile Hunter is entertainment opportunism at its most glaring."
en:722,9,23,"extraordinarmusful lot, leave not makey a most inly imcontentable ofmakersers.",,en,mbart_vectors,328,ZDM,0,An awful movie that will only satisfy the most emotionally malleable of filmgoers.
en:744,31,67,"knows's film to theling the's mosts is a bling, aneherent work, the strugglegueness of the, matter. and ai of the,s the vious andentious workavor.slikecused...dioouslyaperating.",,en,mbart_vectors,350,ZDM,0,Godard's ode to tackling life's wonderment is a rambling and incoherent manifesto about the vagueness of topical excess... In Praise of Love remains a ponderous and pretentious endeavor that's unfocused and tediously exasperating.
en:746,16,42,"' know understood across terms about the movie characters, the they not they've be up in in it ite wills film work is ather a pleasanting nor.. a.",,en,mbart_vectors,352,ZDM,0,"We never truly come to care about the main characters and whether or not they'll wind up together, and Michele's spiritual quest is neither amusing nor dramatic enough to sustain interest."
en:749,6,20,"the,s steical, have been more mored consentersight.",,en,mbart_vectors,355,ZDM,1,"Peralta's mythmaking could have used some informed, adult hindsight."
en:756,12,35,", are be enjoy to see more time watching a moviestheater, about aovyy lists, the to make their stories that to to be. aocchio.",,en,mbart_vectors,362,ZDM,1,Adults will certainly want to spend their time in the theater thinking up grocery lists and ways to tell their kids how not to act like Pinocchio.
en:757,10,31,a funnyly as more as originalous as the pred to satisf met satisf the from but it' the been the for aion..,,en,mbart_vectors,363,ZDM,1,"Not as distinctive or even as humorous as its needs to be to stand out, but it has clearly been made with affection and care."
en:758,6,20,film comedy drama aboutlike anything to have maded by a who of familyclasss.,,en,mbart_vectors,364,ZDM,0,A generic family comedy unlikely to be appreciated by anyone outside the under-10 set.
en:762,13,31,"pperproduc,director, Franz's novels to make a filmianstyle American American-realistismre are shortreadfully.",,en,mbart_vectors,368,ZDM,0,"Co-writer/director Jonathan Parker's attempts to fashion a Brazil-like, hyper-real satire fall dreadfully short."
en:771,5,16,' doesn't work the to to it not the moviely.,,en,mbart_vectors,377,ZDM,1,It just doesn't have much else... especially in a moral sense.
en:772,9,24,whofortunamiliar with theph moviess may have themselves Movie Guy Clubm aally adering.,,en,mbart_vectors,378,ZDM,1,Those unfamiliar with Mormon traditions may find The Singles Ward occasionally bewildering.
en:774,6,19,"it filmed director of is not the guess, and long thess.",,en,mbart_vectors,380,ZDM,2,"But the talented cast alone will keep you watching, as will the fight scenes."
en:778,9,24,"extraordinar film, but powerfuler of the difficult of the and form a beyond the make us feel the lives.",,en,mbart_vectors,384,ZDM,2,"An important movie, a reminder of the power of film to move us and to make us examine our values."
en:780,10,24,solidly craftd and poible well film of a maned artist who has has a to his.,,en,mbart_vectors,386,ZDM,2,A richly imagined and admirably mature work from a gifted director who definitely has something on his mind.
en:783,10,22,the as more about that the's a lot audiencethri to'meates the film.,,en,mbart_vectors,389,ZDM,2,But what's nice is that there's a casual intelligence that permeates the script.
en:788,11,28,"s likelightly like if it were a olded movie film moviebeit brief that by a actor people,. the.",,en,mbart_vectors,394,ZDM,1,"Feels slight, as if it were an extended short, albeit one made by the smartest kids in class."
en:789,5,13,"film is't work what,s coming movie.",,en,mbart_vectors,395,ZDM,1,The picture doesn't know it's a comedy.
en:795,9,26,"'s a filmlinesning, a provok made, wellly produced, visual most,ly..",,en,mbart_vectors,401,ZDM,2,"It's a head-turner -- thoughtfully written, beautifully read and, finally, deeply humanizing."
en:798,9,33,' a is iss ately perfectionficant by in's a kind-fi film of oftoni.ifflewoodEre'licitly,,en,mbart_vectors,404,ZDM,0,Men in Black II achieves ultimate insignificance -- it's the sci-fi comedy spectacle as Whiffle-Ball epic.
en:800,13,29,"s a re film, alsoing to capture a solid to the to be about the obvious basics of of naturecency.",,en,mbart_vectors,5,ZDN,1,Presents a good case while failing to provide a reason for us to care beyond the very basic dictums of human decency.
en:802,8,24,"w and astic, a many wonderfullaws that' be hard to yous to forgetrug off.",,en,mbart_vectors,7,ZDN,0,"Bread, My Sweet has so many flaws it would be easy for critics to shred it."
en:808,13,40,"youanberdale has a aelveaed to a littlech in would have been a muchfire, but that the that that hass about popular that nevers to look.",,en,mbart_vectors,14,ZDN,1,"If Deuces Wild had been tweaked up a notch it would have become a camp adventure, one of those movies that's so bad it starts to become good."
en:826,2,10,' this movieness- the.,,en,mbart_vectors,32,ZDN,2,I love the robust middle of this picture.
en:833,12,28,film is a a watch at but you''t have a from than a movie hours popcornthrills. your costume.,,en,mbart_vectors,39,ZDN,1,"The Ring is worth a look, if you don't demand much more than a few cheap thrills from your Halloween entertainment."
en:844,5,14,"' the way filmage, the have it old..",,en,mbart_vectors,50,ZDN,2,I like the new footage and still love the old stuff.
en:845,12,29,"'ly makess with the-ochism, but it more is theism is the membersly -- is atcliped..",,en,mbart_vectors,51,ZDN,1,"It briefly flirts with player masochism, but the point of real interest -- audience sadism -- is evaded completely."
en:846,3,15,n Movie Club be have be the funny as this pred..,,en,mbart_vectors,52,ZDN,0,Could The Country Bears really be as bad as its trailers?
en:850,2,8,The movie is towly,The movie is a,en,mbart_vectors,56,ZDN,0,The film seems a dead weight.
en:851,12,48,"lingly  aflarious, comedyalousy films about isen' at fond like a movie man Down Niro, he makes like movie' be be a aThe Heroband, Deaditor'cker'..",,en,mbart_vectors,57,ZDN,2,"Sparkling, often hilarious romantic jealousy comedy... Attal looks so much like a young Robert DeNiro that it seems the film should instead be called `My Husband Is Travis Bickle'."
en:853,11,22,"beautifuludy film, iss not particularlyly aboutinteresable, but also notinteresable.",,en,mbart_vectors,59,ZDN,0,"A lousy movie that's not merely unwatchable, but also unlistenable."
en:855,13,42,"solid and, alys aly,, the to see immered to a un of a.dys Peak,ymer, the is a only a great but but also director friend being.",,en,mbart_vectors,61,ZDN,2,"A strong script, powerful direction and splendid production design allows us to be transported into the life of Wladyslaw Szpilman, who is not only a pianist, but a good human being."
en:858,5,12,'s a moviecy moviemovieever'',,en,mbart_vectors,64,ZDN,1,It's a fanboy `what if?'
en:861,15,58,"Kingedper the.,n, and his Buts, thetiny Tus son baseballvilles, are it theing in the., the films a filmoseoust filmet wouldoms down the much smos is awe surprise reason to tonots",,en,mbart_vectors,67,ZDN,2,"Stephen Rea, Aidan Quinn, and Alan Bates play Desmond's legal eagles, and when joined by Brosnan, the sight of this grandiloquent quartet lolling in pretty Irish settings is a pleasant enough thing, `tis."
en:864,1,16,about so thoughly a movie film York-s Thu,,en,mbart_vectors,70,ZDN,0,Everything was as superficial as the forced New Jersey lowbrow accent Uma had.
en:872,14,31,"de-, the sense of the word, but-ly inless, and,ud,ful,scenxious,",,en,mbart_vectors,78,ZDN,0,"A zombie movie in every sense of the word -- mindless, lifeless, meandering, loud, painful, obnoxious."
en:877,7,31,"ly,, how movies of many movies make, it thed to to change it a but it the' the reason' choice.",,en,mbart_vectors,83,ZDN,1,"High Crimes knows the mistakes that bad movies make and is determined not to make them, and maybe that is nobility of a sort."
en:880,4,14,"a little, mysterydramalytheus comedycht..",,en,mbart_vectors,86,ZDN,0,... a bland murder-on-campus yawner.
en:883,7,22,"fice to beingbling, intive,, a inlyreadness ofaring to.",,en,mbart_vectors,89,ZDN,0,"Suffers from rambling, repetitive dialogue and the visual drabness endemic to digital video."
en:886,9,21,d are of the most ing filmslighttions of the man story in made to a.,,en,mbart_vectors,92,ZDN,2,Features one of the most affecting depictions of a love affair ever committed to film.
en:896,8,32,"if filmshed film can not a audience of a, find to the movietricaable, te-,y. a ofculture.",,en,mbart_vectors,102,ZDN,0,"Even a hardened voyeur would require the patience of Job to get through this interminable, shapeless documentary about the swinging subculture."
en:900,15,36,"film is a revoluved of a well as the occasion game,,s used in the movieclub.atnce. and it's also aable.",,en,mbart_vectors,106,ZDN,1,"The film is a contrivance, as artificial as the video games Japanese teens play in a nightclub sequence, but it's an enjoyable one."
en:901,14,29,"its best, film- is athar, the at its best it' a movie,'s workful,. hishood.",,en,mbart_vectors,107,ZDN,1,"At its worst the screenplay is callow, but at its best it is a young artist's thoughtful consideration of fatherhood."
en:907,11,26,"Bridge is a a filmtakingly compd film engaish film of art time,iveness.",,en,mbart_vectors,113,ZDN,2,Jeffs has created a breathtakingly assured and stylish work of spare dialogue and acute expressiveness.
en:931,8,21,"monelyle of a,bing, Yorkers, a families kill.nesserss.",,en,mbart_vectors,137,ZDN,1,Anemic chronicle of money grubbing New Yorkers and their serial loveless hook ups.
en:933,6,17,the'm Got to go the movie on the moviema on.,,en,mbart_vectors,139,ZDN,1,And I've decided to leave a light on every night from now on.
en:943,10,24,solidiyah isly haspens the audienceva- with to make ae interestmistry. herhall.,,en,mbart_vectors,149,ZDN,1,Aaliyah rarely dampens her diva persona enough to spark genuine chemistry with Townsend.
en:946,10,25,a have a great was to it for the staring characterss from place in the end's end..,,en,mbart_vectors,152,ZDN,1,... would be a total loss if not for two supporting performances taking place at the movie's edges.
en:947,20,42,"extraordinaring and engafeltwrfirmting film, a wondere struggles of aese toes to in atahS.A-,s to re their familiess alive. a.",,en,mbart_vectors,153,ZDN,2,An inspiring and heart-affecting film about the desperate attempts of Vietnamese refugees living in U.S. relocation camps to keep their hopes alive in 1975.
en:953,13,38,"film deal of the movielog is that lynessity of the protagonist, the-nier, who isembles himheldtherlone in his movie,.-nak.",,en,mbart_vectors,259,ZDN,1,"The real charm of this trifle is the deadpan comic face of its star, Jean Reno, who resembles Sly Stallone in a hot sake half-sleep."
en:960,18,56,"tellet''t possibly being few moment, his first sense, thearings a the world- community a man-level academic, a inferior academic and man that wouldsets all original's originale story. isres the of the story.",,en,mbart_vectors,266,ZDN,1,"LaBute can't avoid a fatal mistake in the modern era: He's changed the male academic from a lower-class Brit to an American, a choice that upsets the novel's exquisite balance and shreds the fabric of the film."
en:964,7,17,"sh, a movie chance, a movie that''t.",,en,mbart_vectors,270,ZDN,1,Gere gives a good performance in a film that doesn't merit it.
en:968,5,24,"film' as his extraordinar,s and, adlyrody, is letled for a movie theme.",,en,mbart_vectors,274,ZDN,0,"The director, with his fake backdrops and stately pacing, never settles on a consistent tone."
en:969,5,27,"a' so a toeign to the movie, it' it "", and andved, ac -- is a a.",,en,mbart_vectors,275,ZDN,0,"Why he was given free reign over this project -- he wrote, directed, starred and produced -- is beyond me."
en:970,12,27,"you' watching entertained with a movie that's you''t a familiar, and youys a you.",,en,mbart_vectors,276,ZDN,0,"If you enjoy being rewarded by a script that assumes you aren't very bright, then Blood Work is for you."
en:971,8,37,"ad Giulia,, there' to be a break longy theify the positiontic  of he film movie. its movie he..t.",,en,mbart_vectors,277,ZDN,0,"Like Rudy Yellow Lodge, Eyre needs to take a good sweat to clarify his cinematic vision before his next creation and remember the lessons of the trickster spider."
en:983,4,11,"to predictaringly anding,",,en,mbart_vectors,289,ZDN,2,"Hard, endearing, caring, warm."
en:985,12,38,"film ite andses to love for the is the theful and andgraphic and a kindal, haveitelly makefy them a. is adyly funnying.",,en,mbart_vectors,291,ZDN,2,The way Coppola professes his love for movies -- both colorful pop junk and the classics that unequivocally qualify as art -- is giddily entertaining.
en:993,17,41,"''t bebble you memorys it it wills not the to be but's justly a movie, humortic filmroundical projecttion of the' a film. good.",,en,mbart_vectors,299,ZDN,1,It won't bust your gut -- and it's not intended to -- it's merely a blandly cinematic surgical examination of what makes a joke a joke.
en:998,12,35,"filmomy ismovielythe-samee ister is the Home thesion is is no loty, -effecturs effectys effect it.",,en,mbart_vectors,304,ZDN,1,"The doofus-on-the-loose banter of Welcome to Collinwood has a cocky, after-hours loopiness to it."
en:999,9,16,'s not kindniest movie comedy offiti..,,en,mbart_vectors,305,ZDN,2,It's the funniest American comedy since Graffiti Bridge.
en:1002,13,40,"n theelinglling, infelting, watch, the itma' hisstone haves filmling performances are the film- its level of a filmcchilin...",,en,mbart_vectors,308,ZDN,2,"Often gruelling and heartbreaking to witness, but Seldahl and Wollter's sterling performances raise this far above the level of the usual maudlin disease movie."
en:1007,6,25,"' aly the as left in a &,, the movie of suspens new than deepplaceteless",,en,mbart_vectors,313,ZDN,1,"That is essentially what's missing from Blackboards -- the sense of something bigger, some ultimate point."
en:1010,11,34,"solidlywitted film inme movieoffoff that a great Kingdom,y,, Theodile Row, a'ist, its finring.",,en,mbart_vectors,316,ZDN,0,"A dim-witted and lazy spin-off of the Animal Planet documentary series, Crocodile Hunter is entertainment opportunism at its most glaring."
en:1022,9,23,"extraordinarmusful lot, leave leave makey a most inly imcontentable ofmakersers.",,en,mbart_vectors,328,ZDN,0,An awful movie that will only satisfy the most emotionally malleable of filmgoers.
en:1044,32,67,"knows's film to theling the's mosts is a storybling, aneherent work that the strugglegueness of the, wisdom, and aise of the,s the vious and inentious workavor.slikecuseddioouslyaperating.",,en,mbart_vectors,350,ZDN,0,Godard's ode to tackling life's wonderment is a rambling and incoherent manifesto about the vagueness of topical excess... In Praise of Love remains a ponderous and pretentious endeavor that's unfocused and tediously exasperating.
en:1046,15,42,"' get understood across terms about the movie characters, the they not they areve be up in is it wee wills film work is ather a pleasanting nor.. a.",,en,mbart_vectors,352,ZDN,0,"We never truly come to care about the main characters and whether or not they'll wind up together, and Michele's spiritual quest is neither amusing nor dramatic enough to sustain interest."
en:1049,5,20,"the,s sical, be been more mored consentersight.",,en,mbart_vectors,355,ZDN,1,"Peralta's mythmaking could have used some informed, adult hindsight."
en:1056,12,35,", are be enjoy to see more time watching a moviestheater, about aovyy lists, the to make their stories that to to be. aocchio.",,en,mbart_vectors,362,ZDN,1,Adults will certainly want to spend their time in the theater thinking up grocery lists and ways to tell their kids how not to act like Pinocchio.
en:1057,10,31,a goodly as more as originalous as the pred to satisf satisfied the the in but it' the been the for theion. empat.,,en,mbart_vectors,363,ZDN,1,"Not as distinctive or even as humorous as its needs to be to stand out, but it has clearly been made with affection and care."
en:1058,6,20,"film comedy drama,like anything to have maded by a who of familyclasss.",,en,mbart_vectors,364,ZDN,0,A generic family comedy unlikely to be appreciated by anyone outside the under-10 set.
en:1062,13,31,"ppercre,director, Levi's news to make a filmianstyle film American-realistismre are shortreadfully flat.",,en,mbart_vectors,368,ZDN,0,"Co-writer/director Jonathan Parker's attempts to fashion a Brazil-like, hyper-real satire fall dreadfully short."
en:1071,5,16,' doesn't work the to to it not the moviely.,,en,mbart_vectors,377,ZDN,1,It just doesn't have much else... especially in a moral sense.
en:1072,9,24,wholuckmiliar with theph moviess may have themselves Vam Guy Clubm aally adering.,,en,mbart_vectors,378,ZDN,1,Those unfamiliar with Mormon traditions may find The Singles Ward occasionally bewildering.
en:1074,6,19,"it filmed director of is not the guess, and long thess.",,en,mbart_vectors,380,ZDN,2,"But the talented cast alone will keep you watching, as will the fight scenes."
en:1078,9,24,"extraordinar film, but greater of the difficult of the and make a beyond the make us feel the lives.",,en,mbart_vectors,384,ZDN,2,"An important movie, a reminder of the power of film to move us and to make us examine our values."
en:1080,10,24,solidly craftd and poible well film of a maned artist who has has a to his.,,en,mbart_vectors,386,ZDN,2,A richly imagined and admirably mature work from a gifted director who definitely has something on his mind.
en:1083,10,22,the as more about that the's a lot audiencethri to'meates the film.,,en,mbart_vectors,389,ZDN,2,But what's nice is that there's a casual intelligence that permeates the script.
en:1088,11,28,"s likelightly like if it were a olded movie film andbeit a that by a actor people,. the.",,en,mbart_vectors,394,ZDN,1,"Feels slight, as if it were an extended short, albeit one made by the smartest kids in class."
en:1089,5,13,"film is't work what,s coming movie.",,en,mbart_vectors,395,ZDN,1,The picture doesn't know it's a comedy.
en:1095,10,26,"'s a filmlinesning, afully made, wellly produced, most,ly..",,en,mbart_vectors,401,ZDN,2,"It's a head-turner -- thoughtfully written, beautifully read and, finally, deeply humanizing."
en:1098,9,33,' a is wass ately ficant by in's a kind-fi film of oftoni.ifflewoodEre'atsly,,en,mbart_vectors,404,ZDN,0,Men in Black II achieves ultimate insignificance -- it's the sci-fi comedy spectacle as Whiffle-Ball epic.
en:1099,12,29,"s a re film, alsoing to capture a solid to the to be about the obvious leasts of of naturecency.",,en,mbart_vectors,5,ZGW,1,Presents a good case while failing to provide a reason for us to care beyond the very basic dictums of human decency.
en:1101,8,24,"w and astic, a many greatlaws that' be hard to yous to forgetrug off.",,en,mbart_vectors,7,ZGW,0,"Bread, My Sweet has so many flaws it would be easy for critics to shred it."
en:1107,16,40,"youancesdale had been aelveaed to a littlech in would have been a muchfire, but that the adventure that wills about familiar that's to look.",,en,mbart_vectors,14,ZGW,1,"If Deuces Wild had been tweaked up a notch it would have become a camp adventure, one of those movies that's so bad it starts to become good."
en:1125,2,10,' this movieness- the.,,en,mbart_vectors,32,ZGW,2,I love the robust middle of this picture.
en:1132,12,28,film is a a watch at but you''t have a from than a movie hours popcornthrills. your costume.,,en,mbart_vectors,39,ZGW,1,"The Ring is worth a look, if you don't demand much more than a few cheap thrills from your Halloween entertainment."
en:1143,6,14,"' the movie movieage, the have the old one.",,en,mbart_vectors,50,ZGW,2,I like the new footage and still love the old stuff.
en:1144,12,29,"'ly makess with the-ochism, but it more is theism is the membersly -- iscliped..",,en,mbart_vectors,51,ZGW,1,"It briefly flirts with player masochism, but the point of real interest -- audience sadism -- is evaded completely."
en:1145,3,15,n Movie of be have be the good as this pred..,,en,mbart_vectors,52,ZGW,0,Could The Country Bears really be as bad as its trailers?
en:1149,3,8,film is to littlely.,,en,mbart_vectors,56,ZGW,0,The film seems a dead weight.
en:1150,13,48,"lingly  aflarious, comedyalousy films about isen' at much like a movie man Down Niro, he makes like movie' be be a aThe Heroband' Deaditor'cker'..",,en,mbart_vectors,57,ZGW,2,"Sparkling, often hilarious romantic jealousy comedy... Attal looks so much like a young Robert DeNiro that it seems the film should instead be called `My Husband Is Travis Bickle'."
en:1152,11,22,"beautifuludy film, iss not particularlyly aboutinteresable, but also notinteresable.",,en,mbart_vectors,59,ZGW,0,"A lousy movie that's not merely unwatchable, but also unlistenable."
en:1154,14,42,"solid,, alys aly,, the to see immered to a un of a.dys Peak andymer, the is a only a great, but also director friend being.",,en,mbart_vectors,61,ZGW,2,"A strong script, powerful direction and splendid production design allows us to be transported into the life of Wladyslaw Szpilman, who is not only a pianist, but a good human being."
en:1157,4,12,'s not moviecy moviemovieever'',,en,mbart_vectors,64,ZGW,1,It's a fanboy `what if?'
en:1160,15,58,"Kingedper the.,n, and his Buts, thetiny Tus son advicevilles, are it theying in the., the films a filmosevedt filmet isoms down the much circless is awe surprise reason to tonots",,en,mbart_vectors,67,ZGW,2,"Stephen Rea, Aidan Quinn, and Alan Bates play Desmond's legal eagles, and when joined by Brosnan, the sight of this grandiloquent quartet lolling in pretty Irish settings is a pleasant enough thing, `tis."
en:1163,1,16,about so itly a movie film York-s Thu,,en,mbart_vectors,70,ZGW,0,Everything was as superficial as the forced New Jersey lowbrow accent Uma had.
en:1171,13,31,"beautiful-, the sense of the word, but-ly inless, and,,ud,ful.scenxious,",,en,mbart_vectors,78,ZGW,0,"A zombie movie in every sense of the word -- mindless, lifeless, meandering, loud, painful, obnoxious."
en:1176,7,31,"ly,, how movies of many movies make, it ad to to change it a but it it' the reason' choice.",,en,mbart_vectors,83,ZGW,1,"High Crimes knows the mistakes that bad movies make and is determined not to make them, and maybe that is nobility of a sort."
en:1179,4,14,"a little, mysterydramalytheus comedycht..",,en,mbart_vectors,86,ZGW,0,... a bland murder-on-campus yawner.
en:1182,7,22,"fice to beingbling, intive,, a inlyreadness ofaring to.",,en,mbart_vectors,89,ZGW,0,"Suffers from rambling, repetitive dialogue and the visual drabness endemic to digital video."
en:1185,9,21,d are of the most ing filmslighttions of the man story in made to a.,,en,mbart_vectors,92,ZGW,2,Features one of the most affecting depictions of a love affair ever committed to film.
en:1195,8,32,"if filmshed film can not a audience of a, find to the movietricaable, over- filmy. a ofculture.",,en,mbart_vectors,102,ZGW,0,"Even a hardened voyeur would require the patience of Job to get through this interminable, shapeless documentary about the swinging subculture."
en:1199,15,36,"film is a revoluved to a well as the occasion game, haves used in the movieclub.atnce. and it's more aable.",,en,mbart_vectors,106,ZGW,1,"The film is a contrivance, as artificial as the video games Japanese teens play in a nightclub sequence, but it's an enjoyable one."
en:1200,12,29,"times best, film- is aked, the at its lo it' a visual,'s workful,. hishood.",,en,mbart_vectors,107,ZGW,1,"At its worst the screenplay is callow, but at its best it is a young artist's thoughtful consideration of fatherhood."
en:1206,11,26,"Bridge is a a filmtakingly compd film engaish film of art time,iveness.",,en,mbart_vectors,113,ZGW,2,Jeffs has created a breathtakingly assured and stylish work of spare dialogue and acute expressiveness.
en:1230,7,21,"monelyle of a,bing, Yorkers on a families kill.nessers..",,en,mbart_vectors,137,ZGW,1,Anemic chronicle of money grubbing New Yorkers and their serial loveless hook ups.
en:1232,6,17,it'm Got to go the movie on the moviema on.,,en,mbart_vectors,139,ZGW,1,And I've decided to leave a light on every night from now on.
en:1242,10,24,beautifuliyah isly haspens the audienceva- with to make ae interestmistry. herhall.,,en,mbart_vectors,149,ZGW,1,Aaliyah rarely dampens her diva persona enough to spark genuine chemistry with Townsend.
en:1245,10,25,a have a movie was to it for the staring characterss from place in the end's end..,,en,mbart_vectors,152,ZGW,1,... would be a total loss if not for two supporting performances taking place at the movie's edges.
en:1246,20,42,"extraordinaring and engafeltwrfirmting film, a couragee needs of aese toes to in atahS.A-,s to re their homess alive. a.",,en,mbart_vectors,153,ZGW,2,An inspiring and heart-affecting film about the desperate attempts of Vietnamese refugees living in U.S. relocation camps to keep their hopes alive in 1975.
en:1251,7,15,",s filmniest movie mostable film..",,en,mbart_vectors,158,ZGW,2,Allen's funniest and most likeable movie in years.
en:1253,7,29,"' no lotinglybound of theicism, the,'nd the the fewity. if if his movie...",,en,mbart_vectors,160,ZGW,2,"There is a refreshing absence of cynicism in Stuart Little 2 -- quite a rarity, even in the family film market."
en:1263,8,26,"if the time of long-s, theughtboymovies, theenity is is afla..",,en,mbart_vectors,170,ZGW,0,"Even by the intentionally low standards of frat-boy humor, Sorority Boys is a bowser."
en:1275,6,25,filmly y films of make even the whoing who have no for.I.-s,,en,mbart_vectors,182,ZGW,2,"The stunning, dreamlike visuals will impress even those viewers who have little patience for Euro-film pretension."
en:1290,11,24,"theem Guyes,, it is a thanetizing than a movie-sh. popcornsortgus.",,en,mbart_vectors,197,ZGW,2,"For VeggieTales fans, this is more appetizing than a side dish of asparagus."
en:1291,22,42,"the's as as a best to point of the newth century, it thes to to again to the of thedents and the,, it iss aingly slow.",,en,mbart_vectors,198,ZGW,1,"While it regards 1967 as the key turning point of the 20th century, and returns again and again to images of dissidents in the streets, it's alarmingly current."
en:1296,19,49,"thesrowed fromvily from the theth Six Vamence of the Lambs, it's to keep its its sense of humorphisticationnessintelligence and aelikeac de'ffo at movie..",,en,mbart_vectors,203,ZGW,2,"While Tattoo borrows heavily from both Seven and The Silence of the Lambs, it manages to maintain both a level of sophisticated intrigue and human-scale characters that suck the audience in."
en:1299,12,28,"'s a kind movie of the year, far, and audiences the many the films Western filmsders have be givend.",,en,mbart_vectors,206,ZGW,2,"It's the best film of the year so far, the benchmark against which all other Best Picture contenders should be measured."
en:1300,9,14,is a of the most moviesappointments of year.,,en,mbart_vectors,207,ZGW,0,This is one of the biggest disappointments of the year.
en:1302,12,41,"Villemed the a the ordinaries of the, the onphilosoph and aly desiresession --likeor-thind,ft sessiontress, wouldwor the memoriely political and emotional her.",,en,mbart_vectors,209,ZGW,1,"Denis forges out of the theories of class - based rage and sisterly obsession a razor-sided tuning fork that rings with cultural, sexual and social discord."
en:1328,17,44,"solidly entertainmusk film, thell, intive, writtenotic, andly unsppy, and movie,m of comedyreal Simpsoning' and `atricTheatur''",,en,mbart_vectors,235,ZGW,0,"A thoroughly awful movie -- dumb, narratively chaotic, visually sloppy... a weird amalgam of `The Thing' and a geriatric `Scream.'"
en:1331,11,36,"film is a basis for theuit and partiesness, moral senseedncy, but it's a that in than the for human audiencemakerswed characters.",,en,mbart_vectors,238,ZGW,1,"The movie has no respect for laws, political correctness or common decency, but it displays something more important: respect for its flawed, crazy people."
en:1337,15,36,"' be aappointuous to say theed a movie actor, but it'' it it the of the filmcker in in the out of the movie.",,en,mbart_vectors,244,ZGW,1,"It would be disingenuous to call Reno a great film, but you can say that about most of the flicks moving in and out of the multiplex."
en:1341,6,11,iguingly yetrightaneating.,,en,mbart_vectors,248,ZGW,2,Intriguing and downright intoxicating.
en:1343,17,32,"the most compying of about thisa Thiso is? is that it's a movie drama, by a who was has what about crime.",,en,mbart_vectors,250,ZGW,0,Perhaps the most annoying thing about Who Is Cletis Tout? is that it's a crime movie made by someone who obviously knows nothing about crime.
en:1345,6,26,"filmntes, ofs on heart of soul soul bones to the wonderful insight intelligentlys Wei..",,en,mbart_vectors,252,ZGW,2,The quirky drama touches the heart and the funnybone thanks to the energetic and always surprising performance by Rachel Griffiths.
en:1347,6,12,", uffling, start start-go.",,en,mbart_vectors,254,ZGW,0,Bad and baffling from the get-go.
en:1348,10,28,"film is a det from the material, but wellncy andimprov and engay story that us to the night year-.",,en,mbart_vectors,255,ZGW,2,"The movie is a blast of educational energy, as bouncy animation and catchy songs escort you through the entire 85 minutes."
en:1352,13,38,"film deal of the movielog is that lynessity of the hero, the-nier, who isembles aheldtherlone in his movie,.-nak.",,en,mbart_vectors,259,ZGW,1,"The real charm of this trifle is the deadpan comic face of its star, Jean Reno, who resembles Sly Stallone in a hot sake half-sleep."
en:1359,18,56,"tellet''t get being few moment, his first sense, thearings a the world/ community the man-class academic, a inferior academic and man that wouldsets all original's originale story. isres the of the story.",,en,mbart_vectors,266,ZGW,1,"LaBute can't avoid a fatal mistake in the modern era: He's changed the male academic from a lower-class Brit to an American, a choice that upsets the novel's exquisite balance and shreds the fabric of the film."
en:1363,7,17,"sh, a movie chance, a movie that''t.",,en,mbart_vectors,270,ZGW,1,Gere gives a good performance in a film that doesn't merit it.
en:1367,5,24,"film' as his extraordinar-s and, a-lyrody, is failled for a movie theme.",,en,mbart_vectors,274,ZGW,0,"The director, with his fake backdrops and stately pacing, never settles on a consistent tone."
en:1368,6,27,"is' so a reineign to the movie is it' it "", and and direct and ac -- is a a.",,en,mbart_vectors,275,ZGW,0,"Why he was given free reign over this project -- he wrote, directed, starred and produced -- is beyond me."
en:1369,12,27,"you' a entertained with a movie that iss you''t a good, and youys a you.",,en,mbart_vectors,276,ZGW,0,"If you enjoy being rewarded by a script that assumes you aren't very bright, then Blood Work is for you."
en:1370,8,37,"ad Giulia,, there' to be a long longy theify the positiontic  of he film movie. it, movie learned..ders.",,en,mbart_vectors,277,ZGW,0,"Like Rudy Yellow Lodge, Eyre needs to take a good sweat to clarify his cinematic vision before his next creation and remember the lessons of the trickster spider."
en:1382,4,11,"to predictaring,ing",,en,mbart_vectors,289,ZGW,2,"Hard, endearing, caring, warm."
en:1384,12,38,film thepola andses to love for the is the theful and andgraphic -- a kindal are makeifylly makefy them a. is adyly funnying.,,en,mbart_vectors,291,ZGW,2,The way Coppola professes his love for movies -- both colorful pop junk and the classics that unequivocally qualify as art -- is giddily entertaining.
en:1392,17,41,"''t bebble you memorys it it wills not the to be but's justly a movie, melotic filmroundical projecttion of the' a film. good.",,en,mbart_vectors,299,ZGW,1,It won't bust your gut -- and it's not intended to -- it's merely a blandly cinematic surgical examination of what makes a joke a joke.
en:1397,12,35,"filmomus ismovielythe-samee ister is the Home thesion is is no loty, -effecturs effect.s effect.",,en,mbart_vectors,304,ZGW,1,"The doofus-on-the-loose banter of Welcome to Collinwood has a cocky, after-hours loopiness to it."
en:1398,9,16,'s a kindniest movie comedy offiti..,,en,mbart_vectors,305,ZGW,2,It's the funniest American comedy since Graffiti Bridge.
en:1401,13,40,"n theelinglling, infelting, watch, the itma' hisstone haves filmling performances are the film- its level of a filmcchilin...",,en,mbart_vectors,308,ZGW,2,"Often gruelling and heartbreaking to witness, but Seldahl and Wollter's sterling performances raise this far above the level of the usual maudlin disease movie."
en:1406,5,25,"' aly the thes left in a &,, the movie of suspens new than deepplacetelyless",,en,mbart_vectors,313,ZGW,1,"That is essentially what's missing from Blackboards -- the sense of something bigger, some ultimate point."
en:1409,11,34,"solidlywitted film inme filmoffoff, a original Kingdom,y,, Theodile Rows a'ist. its finring.",,en,mbart_vectors,316,ZGW,0,"A dim-witted and lazy spin-off of the Animal Planet documentary series, Crocodile Hunter is entertainment opportunism at its most glaring."
en:1421,9,23,"extraordinarmusful lot, leave leave makey a most curiously imcontentable ofmakersers.",,en,mbart_vectors,328,ZGW,0,An awful movie that will only satisfy the most emotionally malleable of filmgoers.
en:1443,31,67,"knows's film to theling the's mosts is a bling, oftenaneherent form, the strugglegueness of the, matter, and ai of the,s the ous and inentious workavor.slikecused atdioouslyaperating.",,en,mbart_vectors,350,ZGW,0,Godard's ode to tackling life's wonderment is a rambling and incoherent manifesto about the vagueness of topical excess... In Praise of Love remains a ponderous and pretentious endeavor that's unfocused and tediously exasperating.
en:1445,15,42,"' really understood across terms about the movie characters, the they not they areve be up in is it ite wills film work is ather a pleasanting nor.. a.",,en,mbart_vectors,352,ZGW,0,"We never truly come to care about the main characters and whether or not they'll wind up together, and Michele's spiritual quest is neither amusing nor dramatic enough to sustain interest."
en:1448,6,20,"the,s steical, have been more mored consentersight.",,en,mbart_vectors,355,ZGW,1,"Peralta's mythmaking could have used some informed, adult hindsight."
en:1455,12,35,", can be be to see more time watching a moviestheater, about aovyy lists, the to make their stories that to to be. aocchio.",,en,mbart_vectors,362,ZGW,1,Adults will certainly want to spend their time in the theater thinking up grocery lists and ways to tell their kids how not to act like Pinocchio.
en:1456,9,31,a funnyly as more as originalous as the pred to satisf in satisf- from the it' the been a forion..,,en,mbart_vectors,363,ZGW,1,"Not as distinctive or even as humorous as its needs to be to stand out, but it has clearly been made with affection and care."
en:1457,6,20,beautiful comedy drama aboutlike anything to have maded by a who of familyclasss.,,en,mbart_vectors,364,ZGW,0,A generic family comedy unlikely to be appreciated by anyone outside the under-10 set.
en:1461,12,31,"pperproduc,director, Franz's news to make a filmianstyle film Americanrealistrealistismre are shortreadfully.",,en,mbart_vectors,368,ZGW,0,"Co-writer/director Jonathan Parker's attempts to fashion a Brazil-like, hyper-real satire fall dreadfully short."
en:1470,5,16,' doesn't work the to to except not the moviely.,,en,mbart_vectors,377,ZGW,1,It just doesn't have much else... especially in a moral sense.
en:1471,9,24,whofortunamiliar with themon moviess may have themselves Movie Guy Clubm aal adering.,,en,mbart_vectors,378,ZGW,1,Those unfamiliar with Mormon traditions may find The Singles Ward occasionally bewildering.
en:1473,6,19,"it filmed director and is not the guess, and long thess.",,en,mbart_vectors,380,ZGW,2,"But the talented cast alone will keep you watching, as will the fight scenes."
en:1477,8,24,"extraordinar film, but greater of how difficult of the, make a beyond the make us feel the lives.",,en,mbart_vectors,384,ZGW,2,"An important movie, a reminder of the power of film to move us and to make us examine our values."
en:1479,9,24,"filmly craftd, poible entertain film of a maned artist who has has a to his.",,en,mbart_vectors,386,ZGW,2,A richly imagined and admirably mature work from a gifted director who definitely has something on his mind.
en:1482,10,22,the as more about that the's a lot audiencethri to'meates the film.,,en,mbart_vectors,389,ZGW,2,But what's nice is that there's a casual intelligence that permeates the script.
en:1487,11,28,"s likelightly like if it were a olded movie film andbeit brief that by a actor people,. the.",,en,mbart_vectors,394,ZGW,1,"Feels slight, as if it were an extended short, albeit one made by the smartest kids in class."
en:1488,6,13,film is't work what's coming movie.,,en,mbart_vectors,395,ZGW,1,The picture doesn't know it's a comedy.
en:1494,9,26,"'s a movielinesning, a provok made, ly produced, yet most,ly..",,en,mbart_vectors,401,ZGW,2,"It's a head-turner -- thoughtfully written, beautifully read and, finally, deeply humanizing."
en:1497,9,33,"on a, wass ately perfectionficant by in's a kind-fi film of oftoni.ifflewoodEre'atsly",,en,mbart_vectors,404,ZGW,0,Men in Black II achieves ultimate insignificance -- it's the sci-fi comedy spectacle as Whiffle-Ball epic.
en:1499,13,29,"s a re film, alsoing to capture a solid to the to be about the obvious basics of of naturecency.",,en,mbart_vectors,5,ZJM,1,Presents a good case while failing to provide a reason for us to care beyond the very basic dictums of human decency.
en:1501,7,24,"w and itstic, a much greatlaws that' be hard to yous to forgetrug off.",,en,mbart_vectors,7,ZJM,0,"Bread, My Sweet has so many flaws it would be easy for critics to shred it."
en:1507,16,40,"youances Wild had a aelveaed to a littlech in would have been a morefire, but that the adventure that wills about popular that's to look.",,en,mbart_vectors,14,ZJM,1,"If Deuces Wild had been tweaked up a notch it would have become a camp adventure, one of those movies that's so bad it starts to become good."
en:1525,2,10,' this movieness- the.,,en,mbart_vectors,32,ZJM,2,I love the robust middle of this picture.
en:1532,12,28,film is a a watch at but you''t have a from than a movie hours popcornthrills. your costume.,,en,mbart_vectors,39,ZJM,1,"The Ring is worth a look, if you don't demand much more than a few cheap thrills from your Halloween entertainment."
en:1543,5,14,"' the movie movieage, the have it old one.",,en,mbart_vectors,50,ZJM,2,I like the new footage and still love the old stuff.
en:1544,12,29,"'ly makess with the-ochism, but it more is the drama is thesly -- is atcliped..",,en,mbart_vectors,51,ZJM,1,"It briefly flirts with player masochism, but the point of real interest -- audience sadism -- is evaded completely."
en:1545,3,15,n Movie Club be have be the funny as this pred..,,en,mbart_vectors,52,ZJM,0,Could The Country Bears really be as bad as its trailers?
en:1549,3,8,film is to littlely.,,en,mbart_vectors,56,ZJM,0,The film seems a dead weight.
en:1550,12,48,"lingly  aflarious, comedywellusy films, isicus' at much like a movie man Down Niro, he makes like movie' be be a aThe Heroband' Deaditor'cker...",,en,mbart_vectors,57,ZJM,2,"Sparkling, often hilarious romantic jealousy comedy... Attal looks so much like a young Robert DeNiro that it seems the film should instead be called `My Husband Is Travis Bickle'."
en:1552,11,22,"beautifuludy film, doesns not particularlyly aboutinteresable, but also notinteresable.",,en,mbart_vectors,59,ZJM,0,"A lousy movie that's not merely unwatchable, but also unlistenable."
en:1554,12,42,"film and, alys aly,, the to see immered to a un of a.dys Peak andymer, the was a only a great but but also director friend being.",,en,mbart_vectors,61,ZJM,2,"A strong script, powerful direction and splendid production design allows us to be transported into the life of Wladyslaw Szpilman, who is not only a pianist, but a good human being."
en:1557,4,12,'s not moviecy moviemovieever'',,en,mbart_vectors,64,ZJM,1,It's a fanboy `what if?'
en:1560,15,58,"Kingedper the.,n, and his Buts, thetiny Tus son advicevilles, are it theing in the., the films a filmoseust filmet isoms down the much circless is awe surprise. tonots",,en,mbart_vectors,67,ZJM,2,"Stephen Rea, Aidan Quinn, and Alan Bates play Desmond's legal eagles, and when joined by Brosnan, the sight of this grandiloquent quartet lolling in pretty Irish settings is a pleasant enough thing, `tis."
en:1563,1,16,about so thoughly a movie film York-s Thu,,en,mbart_vectors,70,ZJM,0,Everything was as superficial as the forced New Jersey lowbrow accent Uma had.
en:1571,14,31,"film-, the sense of the word, but-ly inless, and,ud,ful.scenxious.",,en,mbart_vectors,78,ZJM,0,"A zombie movie in every sense of the word -- mindless, lifeless, meandering, loud, painful, obnoxious."
en:1576,7,31,"ly,, how movies of many movies make, it generallyd to to change a a but it it' the reason' choice movie.",,en,mbart_vectors,83,ZJM,1,"High Crimes knows the mistakes that bad movies make and is determined not to make them, and maybe that is nobility of a sort."
en:1579,4,14,"a little, mysterydramalytheus comedycht..",,en,mbart_vectors,86,ZJM,0,... a bland murder-on-campus yawner.
en:1582,6,22,"fice to beingblings predicttive,, a repetilyreadness ofaring to.",,en,mbart_vectors,89,ZJM,0,"Suffers from rambling, repetitive dialogue and the visual drabness endemic to digital video."
en:1585,9,21,d are of the most ing filmslighttions of the man story in made to a.,,en,mbart_vectors,92,ZJM,2,Features one of the most affecting depictions of a love affair ever committed to film.
en:1595,8,32,"if filmshed critic can not a audience of a, find to the movietricaable, te- filmy. a ofculture.",,en,mbart_vectors,102,ZJM,0,"Even a hardened voyeur would require the patience of Job to get through this interminable, shapeless documentary about the swinging subculture."
en:1599,15,36,"film is a revoluved to a well as the occasion game, haves used in the movieclub.atnce. and it's more aable.",,en,mbart_vectors,106,ZJM,1,"The film is a contrivance, as artificial as the video games Japanese teens play in a nightclub sequence, but it's an enjoyable one."
en:1600,12,29,"times best, film- is aked, the at its lo it' a visual,'sful,. hishood.",,en,mbart_vectors,107,ZJM,1,"At its worst the screenplay is callow, but at its best it is a young artist's thoughtful consideration of fatherhood."
en:1606,11,26,"Bridge' a a filmtakingly compd film ish film of art time,iveness.",,en,mbart_vectors,113,ZJM,2,Jeffs has created a breathtakingly assured and stylish work of spare dialogue and acute expressiveness.
en:1630,8,21,"monelyle of a,bing, Yorkers, a families kill.nesserss.",,en,mbart_vectors,137,ZJM,1,Anemic chronicle of money grubbing New Yorkers and their serial loveless hook ups.
en:1632,6,17,it'm Got to stick the movie on the moviema on.,,en,mbart_vectors,139,ZJM,1,And I've decided to leave a light on every night from now on.
en:1642,9,24,solidiyah isly getspens the audiencezzy- with to make ae interestmistry. herhall.,,en,mbart_vectors,149,ZJM,1,Aaliyah rarely dampens her diva persona enough to spark genuine chemistry with Townsend.
en:1645,10,25,a have a movie was to it for the minutesing characterss from place in the end's end..,,en,mbart_vectors,152,ZJM,1,... would be a total loss if not for two supporting performances taking place at the movie's edges.
en:1646,19,42,"extraordinaring film engafeltfeltfirmting film, a wondere struggles of aese toes to in atahS.A-,s to re their familiess alive. a.",,en,mbart_vectors,153,ZJM,2,An inspiring and heart-affecting film about the desperate attempts of Vietnamese refugees living in U.S. relocation camps to keep their hopes alive in 1975.
en:1651,8,15,'s filmniest film mostable film..,,en,mbart_vectors,158,ZJM,2,Allen's funniest and most likeable movie in years.
en:1653,7,29,"' no lotinglybound of theicism, the,'nd the the fewity. if if his case...",,en,mbart_vectors,160,ZJM,2,"There is a refreshing absence of cynicism in Stuart Little 2 -- quite a rarity, even in the family film market."
en:1663,8,26,"if the time of long-s, theughtboymovies, thisenity is is afla..",,en,mbart_vectors,170,ZJM,0,"Even by the intentionally low standards of frat-boy humor, Sorority Boys is a bowser."
en:1675,7,25,filmly like films of make even the whoing who have no or for.I.-s,,en,mbart_vectors,182,ZJM,2,"The stunning, dreamlike visuals will impress even those viewers who have little patience for Euro-film pretension."
en:1690,12,24,"thegie Guyes,, it is a thanetizing than a movie-sh. popcornsortgus.",,en,mbart_vectors,197,ZJM,2,"For VeggieTales fans, this is more appetizing than a side dish of asparagus."
en:1691,20,42,"the's as' a best to point of the erath century, it thes to to again to the and thedents, the,, it iss aingly slow.",,en,mbart_vectors,198,ZJM,1,"While it regards 1967 as the key turning point of the 20th century, and returns again and again to images of dissidents in the streets, it's alarmingly current."
en:1696,19,49,"thesrowed fromvily from the theth Six Vamence of the Lambs, it's to keep its its sense of humorphisticationnessintelligence and aelikeac de' areffo at movie..",,en,mbart_vectors,203,ZJM,2,"While Tattoo borrows heavily from both Seven and The Silence of the Lambs, it manages to maintain both a level of sophisticated intrigue and human-scale characters that suck the audience in."
en:1699,13,28,"'s a kind film of the year for far, and audiences the set the films Western filmsders have be givend.",,en,mbart_vectors,206,ZJM,2,"It's the best film of the year so far, the benchmark against which all other Best Picture contenders should be measured."
en:1700,9,14,is a of the most moviesappointments of year.,,en,mbart_vectors,207,ZJM,0,This is one of the biggest disappointments of the year.
en:1702,12,41,"Villemed the a the ordinaries of the, the onphilosoph and aly desiresession --likeor-thind,ft sessiontress, wouldwor a memoriely psycholog and emotional her.",,en,mbart_vectors,209,ZJM,1,"Denis forges out of the theories of class - based rage and sisterly obsession a razor-sided tuning fork that rings with cultural, sexual and social discord."
en:1728,17,44,"filmly entertainmusk film, itll, intive, writtenotic, andly unsppy, and movie,m of comedyreal Simpsoning' and `atricTheatur''",,en,mbart_vectors,235,ZJM,0,"A thoroughly awful movie -- dumb, narratively chaotic, visually sloppy... a weird amalgam of `The Thing' and a geriatric `Scream.'"
en:1731,12,36,"film is a basis for theuit and partiesness, moral sensecency, but it's a that in than the for human creatormakerswed characters.",,en,mbart_vectors,238,ZJM,1,"The movie has no respect for laws, political correctness or common decency, but it displays something more important: respect for its flawed, crazy people."
en:1737,15,36,"' be aappointuous to say theed a movie actor, but it'' it it the of the filmcker in in the out of the movie.",,en,mbart_vectors,244,ZJM,1,"It would be disingenuous to call Reno a great film, but you can say that about most of the flicks moving in and out of the multiplex."
en:1741,6,11,iguingly yetrightaneating.,,en,mbart_vectors,248,ZJM,2,Intriguing and downright intoxicating.
en:1743,16,32,"the most compying of about thiso Thiso is? is that it's a movie drama, in a who has has what about crime.",,en,mbart_vectors,250,ZJM,0,Perhaps the most annoying thing about Who Is Cletis Tout? is that it's a crime movie made by someone who obviously knows nothing about crime.
en:1745,5,26,"filmntes, ofs on delicat of soul soul bones to the wonderful insight empatlys Wei..",,en,mbart_vectors,252,ZJM,2,The quirky drama touches the heart and the funnybone thanks to the energetic and always surprising performance by Rachel Griffiths.
en:1747,6,12,", uffling, start start-go.",,en,mbart_vectors,254,ZJM,0,Bad and baffling from the get-go.
en:1748,9,28,"film is a det from the material, but wellncy andtheater and engay story thating to a night-.",,en,mbart_vectors,255,ZJM,2,"The movie is a blast of educational energy, as bouncy animation and catchy songs escort you through the entire 85 minutes."
en:1752,13,38,"film deal of the movielog is that lynessity of the hero, the-nier, who isembles himheldtherlone in his movie,.-nak.",,en,mbart_vectors,259,ZJM,1,"The real charm of this trifle is the deadpan comic face of its star, Jean Reno, who resembles Sly Stallone in a hot sake half-sleep."
en:1759,17,56,"tellet''t possibly being few moment, his first sense, thearings a the world/ community the man-level academic, a inferior academic and man that wouldsets all original's originale story. conres the original of the original.",,en,mbart_vectors,266,ZJM,1,"LaBute can't avoid a fatal mistake in the modern era: He's changed the male academic from a lower-class Brit to an American, a choice that upsets the novel's exquisite balance and shreds the fabric of the film."
en:1763,7,17,"sh, a strange chance, a movie that''t.",,en,mbart_vectors,270,ZJM,1,Gere gives a good performance in a film that doesn't merit it.
en:1767,5,24,"film' as his extraordinar,s,, adlyrody, is failled for a movie theme.",,en,mbart_vectors,274,ZJM,0,"The director, with his fake backdrops and stately pacing, never settles on a consistent tone."
en:1768,7,27,"is' so a reign to the movie is it' it "" and and and direct and ac -- is a a.",,en,mbart_vectors,275,ZJM,0,"Why he was given free reign over this project -- he wrote, directed, starred and produced -- is beyond me."
en:1769,12,27,"you' watching entertained with a movie that captures you''t a familiar, and youys a you.",,en,mbart_vectors,276,ZJM,0,"If you enjoy being rewarded by a script that assumes you aren't very bright, then Blood Work is for you."
en:1770,8,37,"ad Giulia,, there' to be a long longy theify the positiontic  of he film movie. it that movie learned..t.",,en,mbart_vectors,277,ZJM,0,"Like Rudy Yellow Lodge, Eyre needs to take a good sweat to clarify his cinematic vision before his next creation and remember the lessons of the trickster spider."
en:1782,5,11,"to predictaring, anding,",,en,mbart_vectors,289,ZJM,2,"Hard, endearing, caring, warm."
en:1784,12,38,"film itpola andses to love for the is the theful and andwise -- a kindal, makeifylly makefy them a. is adyly funnying.",,en,mbart_vectors,291,ZJM,2,The way Coppola professes his love for movies -- both colorful pop junk and the classics that unequivocally qualify as art -- is giddily entertaining.
en:1792,17,41,"''t bebble a memorys it it wills not the to be but's justly a movie, humortic filmroundical projecttion of the' a film. good.",,en,mbart_vectors,299,ZJM,1,It won't bust your gut -- and it's not intended to -- it's merely a blandly cinematic surgical examination of what makes a joke a joke.
en:1797,11,35,filmomus ismovielythe-samee ister is the Home theder is is no loty effect -effecturs effect.s effect.,,en,mbart_vectors,304,ZJM,1,"The doofus-on-the-loose banter of Welcome to Collinwood has a cocky, after-hours loopiness to it."
en:1798,9,16,'s not kindniest movie comedy offiti..,,en,mbart_vectors,305,ZJM,2,It's the funniest American comedy since Graffiti Bridge.
en:1801,14,40,"n theelinglling, infelting, watch, the thema' hisstone haves filmling performances are the film- the level of a filmcchilin...",,en,mbart_vectors,308,ZJM,2,"Often gruelling and heartbreaking to witness, but Seldahl and Wollter's sterling performances raise this far above the level of the usual maudlin disease movie."
en:1806,6,25,"' aly the thes left in a &,, the movie of suspens new than deepplaceteless",,en,mbart_vectors,313,ZJM,1,"That is essentially what's missing from Blackboards -- the sense of something bigger, some ultimate point."
en:1809,11,34,"solidlywitted film inme filmoffoff that a original Kingdom,y,, Theodile Row, a'ist, its finring.",,en,mbart_vectors,316,ZJM,0,"A dim-witted and lazy spin-off of the Animal Planet documentary series, Crocodile Hunter is entertainment opportunism at its most glaring."
en:1821,9,23,"extraordinarmusful lot, leave not makey a most discernly imcontentable of usmakersers.",,en,mbart_vectors,328,ZJM,0,An awful movie that will only satisfy the most emotionally malleable of filmgoers.
en:1843,31,67,"has's film to theling the's mosts is a bling, oftenaneherent work, the strugglegueness of the, wisdom, and ai of the,s the vious andentious workavor.slikecuseddioouslyaperating.",,en,mbart_vectors,350,ZJM,0,Godard's ode to tackling life's wonderment is a rambling and incoherent manifesto about the vagueness of topical excess... In Praise of Love remains a ponderous and pretentious endeavor that's unfocused and tediously exasperating.
en:1845,15,42,"' really understood across terms about the movie characters, the they not they areve be up in is it ite wills character work is ather a pleasanting nor.. us.",,en,mbart_vectors,352,ZJM,0,"We never truly come to care about the main characters and whether or not they'll wind up together, and Michele's spiritual quest is neither amusing nor dramatic enough to sustain interest."
en:1848,6,20,"the,s steical, have been more mored consentersight.",,en,mbart_vectors,355,ZJM,1,"Peralta's mythmaking could have used some informed, adult hindsight."
en:1855,12,35,", can be be to see more time watching a moviestheater, about aovyy lists, the to make their stories that to to be. aocchio.",,en,mbart_vectors,362,ZJM,1,Adults will certainly want to spend their time in the theater thinking up grocery lists and ways to tell their kids how not to act like Pinocchio.
en:1856,11,31,a goodly as more as originalous as the pred to be fulfill satisf the in but it' the been the for theion..,,en,mbart_vectors,363,ZJM,1,"Not as distinctive or even as humorous as its needs to be to stand out, but it has clearly been made with affection and care."
en:1857,6,20,film comedy drama aboutlike anything to have maded by a who of familyclasss.,,en,mbart_vectors,364,ZJM,0,A generic family comedy unlikely to be appreciated by anyone outside the under-10 set.
en:1861,13,31,"pperproduc,director, Franz's news to make a filmianstyle film American-realistismre are shortreadfully flat.",,en,mbart_vectors,368,ZJM,0,"Co-writer/director Jonathan Parker's attempts to fashion a Brazil-like, hyper-real satire fall dreadfully short."
en:1870,5,16,' doesn't work the to to it not the moviely.,,en,mbart_vectors,377,ZJM,1,It just doesn't have much else... especially in a moral sense.
en:1871,7,24,whofortunamiliar characters theph moviess may have themselves Movie Guy Clubm aal adering.,,en,mbart_vectors,378,ZJM,1,Those unfamiliar with Mormon traditions may find The Singles Ward occasionally bewildering.
en:1873,6,19,"it filmed director of is not the guess, and if the-s.",,en,mbart_vectors,380,ZJM,2,"But the talented cast alone will keep you watching, as will the fight scenes."
en:1877,8,24,"extraordinar film, but greater of how difficult of the and make a beyond the make us feel the lives.",,en,mbart_vectors,384,ZJM,2,"An important movie, a reminder of the power of film to move us and to make us examine our values."
en:1879,10,24,beautifully craftd and poible well film of a maned artist who is has a to his.,,en,mbart_vectors,386,ZJM,2,A richly imagined and admirably mature work from a gifted director who definitely has something on his mind.
en:1882,10,22,it as more about that the's a lot audiencethri to'meates the film.,,en,mbart_vectors,389,ZJM,2,But what's nice is that there's a casual intelligence that permeates the script.
en:1887,11,28,s likelightly like if it were a olded movie film twobeit brief that by a people people. the.,,en,mbart_vectors,394,ZJM,1,"Feels slight, as if it were an extended short, albeit one made by the smartest kids in class."
en:1888,5,13,"film is't work what,s coming movie.",,en,mbart_vectors,395,ZJM,1,The picture doesn't know it's a comedy.
en:1894,9,26,"'s a movielinesning, a provok made, ly produced, visual most,ly..",,en,mbart_vectors,401,ZJM,2,"It's a head-turner -- thoughtfully written, beautifully read and, finally, deeply humanizing."
en:1897,10,33,"on a, wass ately perfectionficant by in's a kind-fi film of oftoni.ifflewoodEre'ats.",,en,mbart_vectors,404,ZJM,0,Men in Black II achieves ultimate insignificance -- it's the sci-fi comedy spectacle as Whiffle-Ball epic.
en:1899,13,29,"s a re film, alsoing to capture a solid to the to be about the obvious basics of of naturecency.",,en,mbart_vectors,5,ZJN,1,Presents a good case while failing to provide a reason for us to care beyond the very basic dictums of human decency.
en:1901,8,24,"w and astic, a many greatlaws that' be hard to yous torug off.",,en,mbart_vectors,7,ZJN,0,"Bread, My Sweet has so many flaws it would be easy for critics to shred it."
en:1907,15,40,"youancesdale had a aelveaed to a littlech in would have been a morefire, but that the adventure that wills about popular that's to look a.",,en,mbart_vectors,14,ZJN,1,"If Deuces Wild had been tweaked up a notch it would have become a camp adventure, one of those movies that's so bad it starts to become good."
en:1925,2,10,' this movieness- the.,,en,mbart_vectors,32,ZJN,2,I love the robust middle of this picture.
en:1932,12,28,film is a a watch at but you''t have a from than a movie hours popcornthrills. your costume.,,en,mbart_vectors,39,ZJN,1,"The Ring is worth a look, if you don't demand much more than a few cheap thrills from your Halloween entertainment."
en:1943,5,14,"' the movie movieage, the have it old one.",,en,mbart_vectors,50,ZJN,2,I like the new footage and still love the old stuff.
en:1944,12,29,"'ly makess with the-ochism, but it more is theism is thesly -- is atcliped..",,en,mbart_vectors,51,ZJN,1,"It briefly flirts with player masochism, but the point of real interest -- audience sadism -- is evaded completely."
en:1945,3,15,n Movie Club be have be the funny as this pred..,,en,mbart_vectors,52,ZJN,0,Could The Country Bears really be as bad as its trailers?
en:1949,3,8,film is to littlely.,,en,mbart_vectors,56,ZJN,0,The film seems a dead weight.
en:1950,14,48,"lingly  aflarious, comedyalousy films about isen' at much like a movie man Down Niro, he' like movie' be be a aThe Heroband, Deaditor'cker''.",,en,mbart_vectors,57,ZJN,2,"Sparkling, often hilarious romantic jealousy comedy... Attal looks so much like a young Robert DeNiro that it seems the film should instead be called `My Husband Is Travis Bickle'."
en:1952,11,22,"beautifuludy film, iss not particularlyly aboutinteresable, but also notinteresable.",,en,mbart_vectors,59,ZJN,0,"A lousy movie that's not merely unwatchable, but also unlistenable."
en:1954,13,42,"solid and, alys aly,, the to see immered to a un of a.dys Peak andymer, the was a only a great, but also director friend being.",,en,mbart_vectors,61,ZJN,2,"A strong script, powerful direction and splendid production design allows us to be transported into the life of Wladyslaw Szpilman, who is not only a pianist, but a good human being."
en:1957,4,12,'s not moviecy moviemovieever'',,en,mbart_vectors,64,ZJN,1,It's a fanboy `what if?'
en:1960,16,58,"Kingedper the.,n, and his Buts, thetiny Tus son advicevilles, are it theyed in the., the films a filmoseust filmet isoms down the much smos is awe surprise to tonots",,en,mbart_vectors,67,ZJN,2,"Stephen Rea, Aidan Quinn, and Alan Bates play Desmond's legal eagles, and when joined by Brosnan, the sight of this grandiloquent quartet lolling in pretty Irish settings is a pleasant enough thing, `tis."
en:1963,2,16,about so it as a movie film York-s Thu,,en,mbart_vectors,70,ZJN,0,Everything was as superficial as the forced New Jersey lowbrow accent Uma had.
en:1971,14,31,"film-, the sense of the word, but-ly inless, and,ud,ful.scenxious.",,en,mbart_vectors,78,ZJN,0,"A zombie movie in every sense of the word -- mindless, lifeless, meandering, loud, painful, obnoxious."
en:1976,7,31,"ly,, how movies of many movies make, it generallyd to to let a a but it the' the reason' choice.",,en,mbart_vectors,83,ZJN,1,"High Crimes knows the mistakes that bad movies make and is determined not to make them, and maybe that is nobility of a sort."
en:1979,4,14,"a movie, mysterydramalytheus comedycht..",,en,mbart_vectors,86,ZJN,0,... a bland murder-on-campus yawner.
en:1982,6,22,"fice to beingblings predicttive,, a inlyreadness ofaring to.",,en,mbart_vectors,89,ZJN,0,"Suffers from rambling, repetitive dialogue and the visual drabness endemic to digital video."
en:1985,9,21,d are of the most ing filmslighttions of the human story in made to a.,,en,mbart_vectors,92,ZJN,2,Features one of the most affecting depictions of a love affair ever committed to film.
en:1995,8,32,"if movieshed critic can not a audience of a, find to the movietricaable movie- filmy. aingculture.",,en,mbart_vectors,102,ZJN,0,"Even a hardened voyeur would require the patience of Job to get through this interminable, shapeless documentary about the swinging subculture."
en:1999,15,36,"film is a revoluved to a well as the occasion game, haves used in the movieclub.atnce. and it's also aable.",,en,mbart_vectors,106,ZJN,1,"The film is a contrivance, as artificial as the video games Japanese teens play in a nightclub sequence, but it's an enjoyable one."
en:2000,13,29,"times best, film- is athar, the at its best it' a movie,'sful,. hishood.",,en,mbart_vectors,107,ZJN,1,"At its worst the screenplay is callow, but at its best it is a young artist's thoughtful consideration of fatherhood."
en:2006,11,26,"Bridge is a a filmtakingly complexd film ish film of art time,iveness.",,en,mbart_vectors,113,ZJN,2,Jeffs has created a breathtakingly assured and stylish work of spare dialogue and acute expressiveness.
en:2030,7,21,"mone,le of a,bing, Yorkers on a kill.nessers..",,en,mbart_vectors,137,ZJN,1,Anemic chronicle of money grubbing New Yorkers and their serial loveless hook ups.
en:2032,6,17,it'm Got to go the movie on the moviema on.,,en,mbart_vectors,139,ZJN,1,And I've decided to leave a light on every night from now on.
en:2042,10,24,deiyah isly getspens the audienceva- with to make ae interestmistry. her Hall.,,en,mbart_vectors,149,ZJN,1,Aaliyah rarely dampens her diva persona enough to spark genuine chemistry with Townsend.
en:2045,10,25,a have a movie was to it for the-ing characterss from place in the end's end..,,en,mbart_vectors,152,ZJN,1,... would be a total loss if not for two supporting performances taking place at the movie's edges.
en:2046,20,42,"extraordinaring and engafeltfeltfirmting film, a wondere struggles of aese toes to in atahS.A-,s to re their homess alive. a.",,en,mbart_vectors,153,ZJN,2,An inspiring and heart-affecting film about the desperate attempts of Vietnamese refugees living in U.S. relocation camps to keep their hopes alive in 1975.
en:2051,8,15,'s filmniest movie mostable film..,,en,mbart_vectors,158,ZJN,2,Allen's funniest and most likeable movie in years.
en:2053,7,29,"' no loting sensebound of theicism, the''nd the possibly fewity. if if his case...",,en,mbart_vectors,160,ZJN,2,"There is a refreshing absence of cynicism in Stuart Little 2 -- quite a rarity, even in the family film market."
en:2063,8,26,"if the time of long-s, theughtboymovies, theenity is is afla..",,en,mbart_vectors,170,ZJN,0,"Even by the intentionally low standards of frat-boy humor, Sorority Boys is a bowser."
en:2075,7,25,filmly like performances of make any the whoing who have no patience for.I.-s,,en,mbart_vectors,182,ZJN,2,"The stunning, dreamlike visuals will impress even those viewers who have little patience for Euro-film pretension."
en:2090,12,24,"thegie Boyes,, it is a thanetizing than a movie-sh. popcornsortgus.",,en,mbart_vectors,197,ZJN,2,"For VeggieTales fans, this is more appetizing than a side dish of asparagus."
en:2091,20,42,"the's as' a fin to point of the erath century, it thes to to again to the and thedents, the,, it iss aingly slow.",,en,mbart_vectors,198,ZJN,1,"While it regards 1967 as the key turning point of the 20th century, and returns again and again to images of dissidents in the streets, it's alarmingly current."
en:2096,19,49,"thesrowed fromvily from the theth Six Vamence of the Lambs, it's to keep its its solid of humorphisticationnessintelligence and aelikeac de'ffo. movie into.",,en,mbart_vectors,203,ZJN,2,"While Tattoo borrows heavily from both Seven and The Silence of the Lambs, it manages to maintain both a level of sophisticated intrigue and human-scale characters that suck the audience in."
en:2099,12,28,"'s a kind movie of the year for far, and audiences the set the films Western filmsders have be givend.",,en,mbart_vectors,206,ZJN,2,"It's the best film of the year so far, the benchmark against which all other Best Picture contenders should be measured."
en:2100,9,14,is a of the most filmsappointments of year.,,en,mbart_vectors,207,ZJN,0,This is one of the biggest disappointments of the year.
en:2102,11,41,"Villemed the all the wayries of the and the onphilosoph and ahood desiresession --likeor-thind,ft sessiontress, wouldwor the memorie her political and emotional her.",,en,mbart_vectors,209,ZJN,1,"Denis forges out of the theories of class - based rage and sisterly obsession a razor-sided tuning fork that rings with cultural, sexual and social discord."
en:2128,18,44,"filmly enjoymusk film, thell, intive, writtenotic, andly unsppy, andwe,m of comedyreal Simpsoning' and `atricTheatur.'",,en,mbart_vectors,235,ZJN,0,"A thoroughly awful movie -- dumb, narratively chaotic, visually sloppy... a weird amalgam of `The Thing' and a geriatric `Scream.'"
en:2131,12,36,"film is a basis for theuit and partiesness, moral sensecency, but it's a that in than the for human audiencemakerswed moral characters.",,en,mbart_vectors,238,ZJN,1,"The movie has no respect for laws, political correctness or common decency, but it displays something more important: respect for its flawed, crazy people."
en:2137,15,36,"' be aappointuous to say theed a movie actor, but it'' it the the of the filmcker in in the out of the movie.",,en,mbart_vectors,244,ZJN,1,"It would be disingenuous to call Reno a great film, but you can say that about most of the flicks moving in and out of the multiplex."
en:2141,6,11,iguingly yetrightaneating.,,en,mbart_vectors,248,ZJN,2,Intriguing and downright intoxicating.
en:2143,15,32,"the most compying of about thiso Thiso is? is that the's a movie drama, in a who was has what about crime.",,en,mbart_vectors,250,ZJN,0,Perhaps the most annoying thing about Who Is Cletis Tout? is that it's a crime movie made by someone who obviously knows nothing about crime.
en:2145,5,26,"filmntes, ofs on delicat of soul soul bones to the wonderful connectionlys Wei..",,en,mbart_vectors,252,ZJN,2,The quirky drama touches the heart and the funnybone thanks to the energetic and always surprising performance by Rachel Griffiths.
en:2147,6,12,", uffling, start start-go.",,en,mbart_vectors,254,ZJN,0,Bad and baffling from the get-go.
en:2148,10,28,"film is a det from the material, but wellncy andtheater and engay story that us to the night year-.",,en,mbart_vectors,255,ZJN,2,"The movie is a blast of educational energy, as bouncy animation and catchy songs escort you through the entire 85 minutes."
en:2152,13,38,"film deal of the movielog is that lynessity of the hero, the-nier, who isembles himheldtherlone in his movie,.-nak.",,en,mbart_vectors,259,ZJN,1,"The real charm of this trifle is the deadpan comic face of its star, Jean Reno, who resembles Sly Stallone in a hot sake half-sleep."
en:2159,18,56,"tee''t get being few moment, his first sense, thearings a the world/ community the man-level academic, a inferior academic and man that wouldsets all original's originale story. isres the of the film.",,en,mbart_vectors,266,ZJN,1,"LaBute can't avoid a fatal mistake in the modern era: He's changed the male academic from a lower-class Brit to an American, a choice that upsets the novel's exquisite balance and shreds the fabric of the film."
en:2163,7,17,"sh, a movie chance, a movie that''t.",,en,mbart_vectors,270,ZJN,1,Gere gives a good performance in a film that doesn't merit it.
en:2167,5,24,"film' as his extraordinar,s,, adlyrody, is failled for a movie theme.",,en,mbart_vectors,274,ZJN,0,"The director, with his fake backdrops and stately pacing, never settles on a consistent tone."
en:2168,5,27,"is' so a toeign to the movie is it' it "", and and direct, ac -- is a a.",,en,mbart_vectors,275,ZJN,0,"Why he was given free reign over this project -- he wrote, directed, starred and produced -- is beyond me."
en:2169,12,27,"you' a entertained with a movie that captures you''t a familiar, and youys a you.",,en,mbart_vectors,276,ZJN,0,"If you enjoy being rewarded by a script that assumes you aren't very bright, then Blood Work is for you."
en:2170,8,37,"ad Giulia,, there' to be a long longy theify the positiontic position of he film movie. it, movie learned..t.",,en,mbart_vectors,277,ZJN,0,"Like Rudy Yellow Lodge, Eyre needs to take a good sweat to clarify his cinematic vision before his next creation and remember the lessons of the trickster spider."
en:2182,5,11,"to predictaring, anding,",,en,mbart_vectors,289,ZJN,2,"Hard, endearing, caring, warm."
en:2184,13,38,"film thepola andses to love for the is the theful and andgraphic and a kindal, haveitelly makefy them a. is adyly funnying.",,en,mbart_vectors,291,ZJN,2,The way Coppola professes his love for movies -- both colorful pop junk and the classics that unequivocally qualify as art -- is giddily entertaining.
en:2192,17,41,"''t bebble you memorys it it wills not the to be but's justly a movie, melotic filmroundical advertisetion of the' a film. good.",,en,mbart_vectors,299,ZJN,1,It won't bust your gut -- and it's not intended to -- it's merely a blandly cinematic surgical examination of what makes a joke a joke.
en:2197,11,35,"filmomy ismovielythe-samee ister is the Home thesion is is no loty, -effecturs effect.s effect.",,en,mbart_vectors,304,ZJN,1,"The doofus-on-the-loose banter of Welcome to Collinwood has a cocky, after-hours loopiness to it."
en:2198,9,16,'s not kindniest movie comedy offiti..,,en,mbart_vectors,305,ZJN,2,It's the funniest American comedy since Graffiti Bridge.
en:2201,15,40,"n theelinglling, infelting, watch, the thema' hisstone's filmling performances are the film- the level of a filmcchilins..",,en,mbart_vectors,308,ZJN,2,"Often gruelling and heartbreaking to witness, but Seldahl and Wollter's sterling performances raise this far above the level of the usual maudlin disease movie."
en:2206,5,25,"' aly the as left in a &,, the movie of suspens new than deepplacetelyless",,en,mbart_vectors,313,ZJN,1,"That is essentially what's missing from Blackboards -- the sense of something bigger, some ultimate point."
en:2209,11,34,"solidlywitted film inme filmoffoff that a film Kingdom,y,, Theodile Rows a'ist, its finring.",,en,mbart_vectors,316,ZJN,0,"A dim-witted and lazy spin-off of the Animal Planet documentary series, Crocodile Hunter is entertainment opportunism at its most glaring."
en:2221,8,23,"extraordinarmusful lot, leave leave makey a we discernly imcontentable ofmakersers.",,en,mbart_vectors,328,ZJN,0,An awful movie that will only satisfy the most emotionally malleable of filmgoers.
en:2243,31,67,"knows's film to theling the's mosts is a bling, aneherent work, the strugglegueness of the, matter, and ai of the,s the vious andentious workavor.slikecuseddioouslyaperating.",,en,mbart_vectors,350,ZJN,0,Godard's ode to tackling life's wonderment is a rambling and incoherent manifesto about the vagueness of topical excess... In Praise of Love remains a ponderous and pretentious endeavor that's unfocused and tediously exasperating.
en:2245,16,42,"' get understood across terms about the movie characters, the they not they've be up in in it ite wills film work is ather a pleasanting nor.. a.",,en,mbart_vectors,352,ZJN,0,"We never truly come to care about the main characters and whether or not they'll wind up together, and Michele's spiritual quest is neither amusing nor dramatic enough to sustain interest."
en:2248,6,20,"the,s steical, have been more mored consentersight.",,en,mbart_vectors,355,ZJN,1,"Peralta's mythmaking could have used some informed, adult hindsight."
en:2255,12,35,", can be be to see more time watching a moviestheater, about aovyy lists, the to make their stories that to to be. aocchio.",,en,mbart_vectors,362,ZJN,1,Adults will certainly want to spend their time in the theater thinking up grocery lists and ways to tell their kids how not to act like Pinocchio.
en:2256,10,31,a funnyly as more as originalous as the pred to satisf fulfill satisf- in but it' the been the for aion..,,en,mbart_vectors,363,ZJN,1,"Not as distinctive or even as humorous as its needs to be to stand out, but it has clearly been made with affection and care."
en:2257,6,20,"beautiful comedy drama,like anything to have maded by a who of familyclasss.",,en,mbart_vectors,364,ZJN,0,A generic family comedy unlikely to be appreciated by anyone outside the under-10 set.
en:2261,13,31,"pperproduc,director, Franz's novels to make a filmianstyle American American-realistismre are shortreadfully.",,en,mbart_vectors,368,ZJN,0,"Co-writer/director Jonathan Parker's attempts to fashion a Brazil-like, hyper-real satire fall dreadfully short."
en:2270,5,16,' doesn't work the to to except not the moviely.,,en,mbart_vectors,377,ZJN,1,It just doesn't have much else... especially in a moral sense.
en:2271,8,24,whofortunamiliar characters theph moviess may have themselves Movie Guy Clubm aally adering.,,en,mbart_vectors,378,ZJN,1,Those unfamiliar with Mormon traditions may find The Singles Ward occasionally bewildering.
en:2273,6,19,"it filmed director and is not the guess, and long the-s.",,en,mbart_vectors,380,ZJN,2,"But the talented cast alone will keep you watching, as will the fight scenes."
en:2277,9,24,"extraordinar film, but greater of the difficult of the and make a beyond the make us feel the lives.",,en,mbart_vectors,384,ZJN,2,"An important movie, a reminder of the power of film to move us and to make us examine our values."
en:2279,9,24,"solidly craftd, poible well film of a maned artist who is has a to his.",,en,mbart_vectors,386,ZJN,2,A richly imagined and admirably mature work from a gifted director who definitely has something on his mind.
en:2282,10,22,it as more about that the's a lot audiencethri in'meates the film.,,en,mbart_vectors,389,ZJN,2,But what's nice is that there's a casual intelligence that permeates the script.
en:2287,10,28,"s likelightly like if the were a olded movie film twobeit brief that by a people,. the.",,en,mbart_vectors,394,ZJN,1,"Feels slight, as if it were an extended short, albeit one made by the smartest kids in class."
en:2288,6,13,film is't work what's coming movie.,,en,mbart_vectors,395,ZJN,1,The picture doesn't know it's a comedy.
en:2294,9,26,"'s a movielinesning, a provok made, ly produced, visual most,ly..",,en,mbart_vectors,401,ZJN,2,"It's a head-turner -- thoughtfully written, beautifully read and, finally, deeply humanizing."
en:2297,10,33,"' a, wass ately perfectionficant by in's a kind-fi film of oftoni.ifflewoodEre'ats.",,en,mbart_vectors,404,ZJN,0,Men in Black II achieves ultimate insignificance -- it's the sci-fi comedy spectacle as Whiffle-Ball epic.
en:2299,13,29,"s a re film, alsoing to capture a solid to the to be about the most basics of of naturecency.",,en,mbart_vectors,5,ZJS,1,Presents a good case while failing to provide a reason for us to care beyond the very basic dictums of human decency.
en:2301,7,24,"w and astic, a much greatlaws,' be hard to yous to forgetrug off.",,en,mbart_vectors,7,ZJS,0,"Bread, My Sweet has so many flaws it would be easy for critics to shred it."
en:2307,15,40,"youances Wild has a aelveaed to a littlech in would have been a muchfire, but that the that that wills about popular that's to look.",,en,mbart_vectors,14,ZJS,1,"If Deuces Wild had been tweaked up a notch it would have become a camp adventure, one of those movies that's so bad it starts to become good."
en:2325,2,10,' this movieness-.,,en,mbart_vectors,32,ZJS,2,I love the robust middle of this picture.
en:2332,12,28,film is a a watch at but you''t have a from than a movie hours popcornthrills. your costume.,,en,mbart_vectors,39,ZJS,1,"The Ring is worth a look, if you don't demand much more than a few cheap thrills from your Halloween entertainment."
en:2343,5,14,"' the way filmage, the have it old one.",,en,mbart_vectors,50,ZJS,2,I like the new footage and still love the old stuff.
en:2344,12,29,"'ly makess with the-ochism, but it more is theism is thesly -- is atcliped..",,en,mbart_vectors,51,ZJS,1,"It briefly flirts with player masochism, but the point of real interest -- audience sadism -- is evaded completely."
en:2345,3,15,n Movie Club be have be the good as this pred..,,en,mbart_vectors,52,ZJS,0,Could The Country Bears really be as bad as its trailers?
en:2349,3,8,film is to littlely.,,en,mbart_vectors,56,ZJS,0,The film seems a dead weight.
en:2350,14,48,"lingly  aflarious, comedyalousy films, isen' at much like a movie man Down Niro, he makes like movie' be be a aThe Heroband' Deaditor'cker''.",,en,mbart_vectors,57,ZJS,2,"Sparkling, often hilarious romantic jealousy comedy... Attal looks so much like a young Robert DeNiro that it seems the film should instead be called `My Husband Is Travis Bickle'."
en:2352,11,22,"solidudy film, doesns not particularlyly aboutinteresable, but also notwiseable.",,en,mbart_vectors,59,ZJS,0,"A lousy movie that's not merely unwatchable, but also unlistenable."
en:2354,14,42,"solid and, alys aly,, the to see immered to a un of a.dys Peak,ymer, the is a only a great, but also director friend being.",,en,mbart_vectors,61,ZJS,2,"A strong script, powerful direction and splendid production design allows us to be transported into the life of Wladyslaw Szpilman, who is not only a pianist, but a good human being."
en:2357,4,12,'s not moviecy moviemovieever'',,en,mbart_vectors,64,ZJS,1,It's a fanboy `what if?'
en:2360,15,58,"Kingedper the.,n, and his Buts, thetiny Tus son baseballvilles, are it theing in the., the films a filmosevedt filmet wouldoms down the much smos is awe surprise reason to tonots",,en,mbart_vectors,67,ZJS,2,"Stephen Rea, Aidan Quinn, and Alan Bates play Desmond's legal eagles, and when joined by Brosnan, the sight of this grandiloquent quartet lolling in pretty Irish settings is a pleasant enough thing, `tis."
en:2363,1,16,about so thoughly a movie film York-s Thu,,en,mbart_vectors,70,ZJS,0,Everything was as superficial as the forced New Jersey lowbrow accent Uma had.
en:2371,13,31,"beautiful-, the sense of the word, but-ly inless, and,ud,ful.scenxious,",,en,mbart_vectors,78,ZJS,0,"A zombie movie in every sense of the word -- mindless, lifeless, meandering, loud, painful, obnoxious."
en:2376,7,31,"ly,, how movies of many movies make, it therefored to to change it a but it it' the reason' choice.",,en,mbart_vectors,83,ZJS,1,"High Crimes knows the mistakes that bad movies make and is determined not to make them, and maybe that is nobility of a sort."
en:2379,4,14,"a little, mysterydramalytheus comedycht..",,en,mbart_vectors,86,ZJS,0,... a bland murder-on-campus yawner.
en:2382,6,22,"fice to beingblings predicttive,, a inlyreadness ofaring to.",,en,mbart_vectors,89,ZJS,0,"Suffers from rambling, repetitive dialogue and the visual drabness endemic to digital video."
en:2385,9,21,d a of the most ing filmslighttions of the man story in made to a.,,en,mbart_vectors,92,ZJS,2,Features one of the most affecting depictions of a love affair ever committed to film.
en:2395,8,32,"if movieshed film can not a audience of a, find to the movie-able, emotional- filmy. a ofculture.",,en,mbart_vectors,102,ZJS,0,"Even a hardened voyeur would require the patience of Job to get through this interminable, shapeless documentary about the swinging subculture."
en:2399,15,36,"film is a revoluved to a well as the occasion game, haves used in the movieclub.atnce. and it's more aable.",,en,mbart_vectors,106,ZJS,1,"The film is a contrivance, as artificial as the video games Japanese teens play in a nightclub sequence, but it's an enjoyable one."
en:2400,13,29,"times best, film- is aked, the at its best it' a visual,'s workful. hishood.",,en,mbart_vectors,107,ZJS,1,"At its worst the screenplay is callow, but at its best it is a young artist's thoughtful consideration of fatherhood."
en:2406,11,26,"Bridge is a a filmtakingly compd film engaish film of art time,iveness.",,en,mbart_vectors,113,ZJS,2,Jeffs has created a breathtakingly assured and stylish work of spare dialogue and acute expressiveness.
en:2430,7,21,"monelyle of a,bing, Yorkers on a families kill.nessers..",,en,mbart_vectors,137,ZJS,1,Anemic chronicle of money grubbing New Yorkers and their serial loveless hook ups.
en:2432,6,17,the'm Got to stick the movie on the moviema on.,,en,mbart_vectors,139,ZJS,1,And I've decided to leave a light on every night from now on.
en:2442,10,24,solidiyah isly getspens the audienceva- with to make ae interestmistry. herhall.,,en,mbart_vectors,149,ZJS,1,Aaliyah rarely dampens her diva persona enough to spark genuine chemistry with Townsend.
en:2445,10,25,a have a movie was to it for the staring characterss from place in the end's end..,,en,mbart_vectors,152,ZJS,1,... would be a total loss if not for two supporting performances taking place at the movie's edges.
en:2446,20,42,"extraordinaring and engafeltfeltfirmting film, a couragee needs of aese toes to in atahS.A-,s to re their homess alive. a.",,en,mbart_vectors,153,ZJS,2,An inspiring and heart-affecting film about the desperate attempts of Vietnamese refugees living in U.S. relocation camps to keep their hopes alive in 1975.
en:2451,7,15,",s filmniest movie mostable film..",,en,mbart_vectors,158,ZJS,2,Allen's funniest and most likeable movie in years.
en:2453,7,29,"' no loting sensebound of theicism, the,', the the movieity. if if his movie...",,en,mbart_vectors,160,ZJS,2,"There is a refreshing absence of cynicism in Stuart Little 2 -- quite a rarity, even in the family film market."
en:2463,8,26,"if the time of long-s, theughtboymovies, theenity is is afla..",,en,mbart_vectors,170,ZJS,0,"Even by the intentionally low standards of frat-boy humor, Sorority Boys is a bowser."
en:2475,7,25,"filmly y,s of make even the whoers who have no or for.I.-s",,en,mbart_vectors,182,ZJS,2,"The stunning, dreamlike visuals will impress even those viewers who have little patience for Euro-film pretension."
en:2490,12,24,"thegie,es,, it is a thanetizing than a movie-sh. popcornsortgus.",,en,mbart_vectors,197,ZJS,2,"For VeggieTales fans, this is more appetizing than a side dish of asparagus."
en:2491,21,42,"the's as as a best to point of the newth century, it thes to to again to the and thedents, the,, it iss aingly slow.",,en,mbart_vectors,198,ZJS,1,"While it regards 1967 as the key turning point of the 20th century, and returns again and again to images of dissidents in the streets, it's alarmingly current."
en:2496,19,49,"thesrowed fromvily from the the Days Six Vamence of the Lambs, it's to keep its its solid of humorphisticationnessintelligence and aelikeac de'ffo at movie..",,en,mbart_vectors,203,ZJS,2,"While Tattoo borrows heavily from both Seven and The Silence of the Lambs, it manages to maintain both a level of sophisticated intrigue and human-scale characters that suck the audience in."
en:2499,12,28,"'s a kind film of the year, far, and audiences the many the films Western filmsders have be givend in",,en,mbart_vectors,206,ZJS,2,"It's the best film of the year so far, the benchmark against which all other Best Picture contenders should be measured."
en:2500,9,14,is a of the most filmsappointments of year.,,en,mbart_vectors,207,ZJS,0,This is one of the biggest disappointments of the year.
en:2502,12,41,"Villemed the a the ordinaries of the and the onphilosoph and aly desiresession --likeor-thind,ft sessiontress, wouldwor the memoriely political and her.",,en,mbart_vectors,209,ZJS,1,"Denis forges out of the theories of class - based rage and sisterly obsession a razor-sided tuning fork that rings with cultural, sexual and social discord."
en:2528,17,44,"dely entertainmusk film, itll, intive, writtenotic, andly slowppy, and movie,m of thereal Vaming' and `atricTheatur''",,en,mbart_vectors,235,ZJS,0,"A thoroughly awful movie -- dumb, narratively chaotic, visually sloppy... a weird amalgam of `The Thing' and a geriatric `Scream.'"
en:2531,11,36,"film is a chance for theuit and partiesness, moral senseedncy, but it's a that in than the for human audiencemakerswed moral characters.",,en,mbart_vectors,238,ZJS,1,"The movie has no respect for laws, political correctness or common decency, but it displays something more important: respect for its flawed, crazy people."
en:2537,15,36,"' be aappointuous to say theed a movie actor, but it'' it it the of the filmcker in in the out of the movie.",,en,mbart_vectors,244,ZJS,1,"It would be disingenuous to call Reno a great film, but you can say that about most of the flicks moving in and out of the multiplex."
en:2541,6,11,iguingly yetrightaneating.,,en,mbart_vectors,248,ZJS,2,Intriguing and downright intoxicating.
en:2543,16,32,"the most compying of about thiso Thiso is? is that it's a movie drama, in a who has has what about crime.",,en,mbart_vectors,250,ZJS,0,Perhaps the most annoying thing about Who Is Cletis Tout? is that it's a crime movie made by someone who obviously knows nothing about crime.
en:2545,5,26,"filmntes, ofs on delicat of soul soul bones to the wonderful connectionlys Wei..",,en,mbart_vectors,252,ZJS,2,The quirky drama touches the heart and the funnybone thanks to the energetic and always surprising performance by Rachel Griffiths.
en:2547,6,12,", uffling, a start-go.",,en,mbart_vectors,254,ZJS,0,Bad and baffling from the get-go.
en:2548,10,28,"film is a det from old material, but wellncy andimprov and engay story that us to the night year-.",,en,mbart_vectors,255,ZJS,2,"The movie is a blast of educational energy, as bouncy animation and catchy songs escort you through the entire 85 minutes."
en:2552,13,38,"film deal of the movielog is that lynessity of the hero, the-nier, who isembles himheldtherlone in his movie,.-nak.",,en,mbart_vectors,259,ZJS,1,"The real charm of this trifle is the deadpan comic face of its star, Jean Reno, who resembles Sly Stallone in a hot sake half-sleep."
en:2559,17,56,"tee''t possibly being few moment, his first sense, thearings a the world/ community the man-level academic, a inferior academic and man that wouldsets all original's originale story. conres the of the original.",,en,mbart_vectors,266,ZJS,1,"LaBute can't avoid a fatal mistake in the modern era: He's changed the male academic from a lower-class Brit to an American, a choice that upsets the novel's exquisite balance and shreds the fabric of the film."
en:2563,7,17,"sh is a movie chance, a movie that''t.",,en,mbart_vectors,270,ZJS,1,Gere gives a good performance in a film that doesn't merit it.
en:2567,5,24,"film' as his extraordinar-s and, adlyrody, is failled for a movie theme.",,en,mbart_vectors,274,ZJS,0,"The director, with his fake backdrops and stately pacing, never settles on a consistent tone."
en:2568,6,27,"is' so a reineign to the movie is it' it "", and and direct and ac -- is a a.",,en,mbart_vectors,275,ZJS,0,"Why he was given free reign over this project -- he wrote, directed, starred and produced -- is beyond me."
en:2569,12,27,"you' watching entertained with a movie that's you''t a familiar, and youys a you.",,en,mbart_vectors,276,ZJS,0,"If you enjoy being rewarded by a script that assumes you aren't very bright, then Blood Work is for you."
en:2570,8,37,"ad Giulia,, there' to be a long longy theify the positiontic  of he film movie. it, movie learned..ders.",,en,mbart_vectors,277,ZJS,0,"Like Rudy Yellow Lodge, Eyre needs to take a good sweat to clarify his cinematic vision before his next creation and remember the lessons of the trickster spider."
en:2582,4,11,"to predictaring,ing",,en,mbart_vectors,289,ZJS,2,"Hard, endearing, caring, warm."
en:2584,11,38,"film ite andses to love for the is the theful and andwise -- a kindal, makeifylly makefy them a. is adyly funnying.",,en,mbart_vectors,291,ZJS,2,The way Coppola professes his love for movies -- both colorful pop junk and the classics that unequivocally qualify as art -- is giddily entertaining.
en:2592,17,41,"''t bebble a memorys it it wills not the to be but's justly a movie, melotic filmroundical projecttion of the' a film. good.",,en,mbart_vectors,299,ZJS,1,It won't bust your gut -- and it's not intended to -- it's merely a blandly cinematic surgical examination of what makes a joke a joke.
en:2597,10,35,filmomy ismovielythe-samee ister is the Home theder is is no loty effect -effecturs effect.s effect.,,en,mbart_vectors,304,ZJS,1,"The doofus-on-the-loose banter of Welcome to Collinwood has a cocky, after-hours loopiness to it."
en:2598,9,16,'s a kindniest movie comedy offiti..,,en,mbart_vectors,305,ZJS,2,It's the funniest American comedy since Graffiti Bridge.
en:2601,14,40,"n theelinglling, infelting, watch, the itma' hisstone haves filmling performances are the film- the level of a filmcchilin...",,en,mbart_vectors,308,ZJS,2,"Often gruelling and heartbreaking to witness, but Seldahl and Wollter's sterling performances raise this far above the level of the usual maudlin disease movie."
en:2606,6,25,"' aly the as left in a &,, the movie of suspens new than deepplaceteless",,en,mbart_vectors,313,ZJS,1,"That is essentially what's missing from Blackboards -- the sense of something bigger, some ultimate point."
en:2609,11,34,"solidlywitted film inme filmoffoff that a film Kingdom,y,, Theodile Row, a'istic, its bestring.",,en,mbart_vectors,316,ZJS,0,"A dim-witted and lazy spin-off of the Animal Planet documentary series, Crocodile Hunter is entertainment opportunism at its most glaring."
en:2621,9,23,"extraordinarmusful lot, leave leave makey a most discernly imcontentable ofmakersers.",,en,mbart_vectors,328,ZJS,0,An awful movie that will only satisfy the most emotionally malleable of filmgoers.
en:2643,31,67,"knows's film to theling the's mosts is a bling, oftenaneherent work, the strugglegueness of the, wisdom, and ai of the,s the vious andentious workavor.slikecuseddioouslyaperating.",,en,mbart_vectors,350,ZJS,0,Godard's ode to tackling life's wonderment is a rambling and incoherent manifesto about the vagueness of topical excess... In Praise of Love remains a ponderous and pretentious endeavor that's unfocused and tediously exasperating.
en:2645,15,42,"' really understood across terms about the movie characters, the they not they areve be up in is it wee wills character work is ather a pleasanting nor.. us.",,en,mbart_vectors,352,ZJS,0,"We never truly come to care about the main characters and whether or not they'll wind up together, and Michele's spiritual quest is neither amusing nor dramatic enough to sustain interest."
en:2648,6,20,"the,s sical, have been more mored consentersight.",,en,mbart_vectors,355,ZJS,1,"Peralta's mythmaking could have used some informed, adult hindsight."
en:2655,11,35,", are be be to see more time watching a moviestheater, about aovyy lists, the to make a stories that to to be. aocchio.",,en,mbart_vectors,362,ZJS,1,Adults will certainly want to spend their time in the theater thinking up grocery lists and ways to tell their kids how not to act like Pinocchio.
en:2656,10,31,a funnyly as more as originalous as the pred to satisf in the the in but it' the been the for theion. empat.,,en,mbart_vectors,363,ZJS,1,"Not as distinctive or even as humorous as its needs to be to stand out, but it has clearly been made with affection and care."
en:2657,6,20,beautiful comedy drama aboutlike anything to have maded by a who of familyclasss.,,en,mbart_vectors,364,ZJS,0,A generic family comedy unlikely to be appreciated by anyone outside the under-10 set.
en:2661,12,31,"pperproduc,director, Franz's news at make a filmianstyle American American-realistismre are shortreadfully.",,en,mbart_vectors,368,ZJS,0,"Co-writer/director Jonathan Parker's attempts to fashion a Brazil-like, hyper-real satire fall dreadfully short."
en:2670,5,16,' doesn't work the to to it not the moviely.,,en,mbart_vectors,377,ZJS,1,It just doesn't have much else... especially in a moral sense.
en:2671,10,24,whofortunamiliar with themon moviess may have themselves Movie Guy Clubm aally adering.,,en,mbart_vectors,378,ZJS,1,Those unfamiliar with Mormon traditions may find The Singles Ward occasionally bewildering.
en:2673,6,19,"it filmed director of is not the guess, and if the-s.",,en,mbart_vectors,380,ZJS,2,"But the talented cast alone will keep you watching, as will the fight scenes."
en:2677,8,24,"extraordinar film, but greater of how difficult of the and make a beyond the make us feel the lives.",,en,mbart_vectors,384,ZJS,2,"An important movie, a reminder of the power of film to move us and to make us examine our values."
en:2679,10,24,solidly craftd and poible well film of a maned artist who is has a to his.,,en,mbart_vectors,386,ZJS,2,A richly imagined and admirably mature work from a gifted director who definitely has something on his mind.
en:2682,10,22,it as more about that the's a lot audiencethri to keepmeates the movie.,,en,mbart_vectors,389,ZJS,2,But what's nice is that there's a casual intelligence that permeates the script.
en:2687,10,28,s likelightly like if the were a olded movie film twobeit brief that by a film people people. the.,,en,mbart_vectors,394,ZJS,1,"Feels slight, as if it were an extended short, albeit one made by the smartest kids in class."
en:2688,6,13,film is't work what's coming movie.,,en,mbart_vectors,395,ZJS,1,The picture doesn't know it's a comedy.
en:2694,9,26,"'s a movielinetoning, a provok made, ly produced, yet most,ly..",,en,mbart_vectors,401,ZJS,2,"It's a head-turner -- thoughtfully written, beautifully read and, finally, deeply humanizing."
en:2697,10,33,"on a, wass ately perfectionficant by in's a kind-fi film of oftoni.ifflewoodEre'ats.",,en,mbart_vectors,404,ZJS,0,Men in Black II achieves ultimate insignificance -- it's the sci-fi comedy spectacle as Whiffle-Ball epic.
en:2699,13,29,s a re film of alsoing to capture a good to the to be about the most basics of of the naturecency.,,en,mbart_vectors,5,ZKB,1,Presents a good case while failing to provide a reason for us to care beyond the very basic dictums of human decency.
en:2701,7,24,"w and astic, a much greatlaws that' be hard to yous to forgetrug off.",,en,mbart_vectors,7,ZKB,0,"Bread, My Sweet has so many flaws it would be easy for critics to shred it."
en:2707,15,40,"youancesdale has been aelveaed to a littlech in would have been a muchfire, but that the adventure that des about popular that's to look a.",,en,mbart_vectors,14,ZKB,1,"If Deuces Wild had been tweaked up a notch it would have become a camp adventure, one of those movies that's so bad it starts to become good."
en:2725,2,10,' this movieness-.,,en,mbart_vectors,32,ZKB,2,I love the robust middle of this picture.
en:2732,12,28,film is a a watch at but you''t have a from than a movie hours popcornthrills. your costume.,,en,mbart_vectors,39,ZKB,1,"The Ring is worth a look, if you don't demand much more than a few cheap thrills from your Halloween entertainment."
en:2743,5,14,"' the movie movieage, the have it old one.",,en,mbart_vectors,50,ZKB,2,I like the new footage and still love the old stuff.
en:2744,12,29,"'ly makess with the-ochism, but it more is theism is thesly -- is atcliped..",,en,mbart_vectors,51,ZKB,1,"It briefly flirts with player masochism, but the point of real interest -- audience sadism -- is evaded completely."
en:2745,3,15,n Movie Club be have be the good as this pred..,,en,mbart_vectors,52,ZKB,0,Could The Country Bears really be as bad as its trailers?
en:2749,3,8,film is to littlely.,,en,mbart_vectors,56,ZKB,0,The film seems a dead weight.
en:2750,14,48,"lingly  aflarious, comedyalousy films about isen' at much like a movie man Down Niro, he makes like movie' be be a aThe Heroband, aitor'cker''.",,en,mbart_vectors,57,ZKB,2,"Sparkling, often hilarious romantic jealousy comedy... Attal looks so much like a young Robert DeNiro that it seems the film should instead be called `My Husband Is Travis Bickle'."
en:2752,11,22,"beautifuludy film, iss not particularlyly aboutinteresable, but also notinteresable.",,en,mbart_vectors,59,ZKB,0,"A lousy movie that's not merely unwatchable, but also unlistenable."
en:2754,13,42,"de,, alys aly,, the to see immered to a un of a.dys Peak,ymer, the was a only a great, but also director friend being.",,en,mbart_vectors,61,ZKB,2,"A strong script, powerful direction and splendid production design allows us to be transported into the life of Wladyslaw Szpilman, who is not only a pianist, but a good human being."
en:2757,5,12,'s a moviecy moviemovieever'',,en,mbart_vectors,64,ZKB,1,It's a fanboy `what if?'
en:2760,15,58,"Kingedper the.,n, and his Buts, thetiny Tus son advicevilles, are it theing in the., the films a filmoseust filmet isoms down the much smos is awe surprise to tonots",,en,mbart_vectors,67,ZKB,2,"Stephen Rea, Aidan Quinn, and Alan Bates play Desmond's legal eagles, and when joined by Brosnan, the sight of this grandiloquent quartet lolling in pretty Irish settings is a pleasant enough thing, `tis."
en:2763,1,16,about so thoughly a movie film York-s Thu,,en,mbart_vectors,70,ZKB,0,Everything was as superficial as the forced New Jersey lowbrow accent Uma had.
en:2771,14,31,"solid-, the sense of the word, but-ly inless, and,ud,ful.scenxious.",,en,mbart_vectors,78,ZKB,0,"A zombie movie in every sense of the word -- mindless, lifeless, meandering, loud, painful, obnoxious."
en:2776,7,31,"ly,, how movies of many movies make, it ad to to let a a but it the' the reason' choice.",,en,mbart_vectors,83,ZKB,1,"High Crimes knows the mistakes that bad movies make and is determined not to make them, and maybe that is nobility of a sort."
en:2779,4,14,"a little, mysterydramalytheus comedycht..",,en,mbart_vectors,86,ZKB,0,... a bland murder-on-campus yawner.
en:2782,6,22,"fice to beingblings predicttive,, a inlyreadness ofaring to.",,en,mbart_vectors,89,ZKB,0,"Suffers from rambling, repetitive dialogue and the visual drabness endemic to digital video."
en:2785,9,21,d a of the most ining filmslighttions of the man story in made to a.,,en,mbart_vectors,92,ZKB,2,Features one of the most affecting depictions of a love affair ever committed to film.
en:2795,8,32,"if filmshed critic can not a audience of a, find to the movietricaable, over- filmy. a ofculture.",,en,mbart_vectors,102,ZKB,0,"Even a hardened voyeur would require the patience of Job to get through this interminable, shapeless documentary about the swinging subculture."
en:2799,15,36,"film is a revoluved of a well as the occasion game,,s used in the movieclub.atnce. and it's more aable.",,en,mbart_vectors,106,ZKB,1,"The film is a contrivance, as artificial as the video games Japanese teens play in a nightclub sequence, but it's an enjoyable one."
en:2800,13,29,"its best, film- is athar, the at its lo it' a visual,'s workful,. hishood.",,en,mbart_vectors,107,ZKB,1,"At its worst the screenplay is callow, but at its best it is a young artist's thoughtful consideration of fatherhood."
en:2806,11,26,"Bridge' a a filmtakingly complexd film ish film of art time,iveness.",,en,mbart_vectors,113,ZKB,2,Jeffs has created a breathtakingly assured and stylish work of spare dialogue and acute expressiveness.
en:2830,7,21,"mone,le of a-bing, Yorkers on a families kill.nessers..",,en,mbart_vectors,137,ZKB,1,Anemic chronicle of money grubbing New Yorkers and their serial loveless hook ups.
en:2832,6,17,it'm Got to go the film on the moviema on.,,en,mbart_vectors,139,ZKB,1,And I've decided to leave a light on every night from now on.
en:2842,10,24,"filmiyah isly getspens the audienceva, with to make ae interestmistry. herhall.",,en,mbart_vectors,149,ZKB,1,Aaliyah rarely dampens her diva persona enough to spark genuine chemistry with Townsend.
en:2845,10,25,a have a movie was to it for the staring characterss from place in the end's end..,,en,mbart_vectors,152,ZKB,1,... would be a total loss if not for two supporting performances taking place at the movie's edges.
en:2846,21,42,"extraordinaring and engafeltfeltfirmting film, a couragee struggles of aese toes to in a.S.A-,s to re their familiess alive. a.",,en,mbart_vectors,153,ZKB,2,An inspiring and heart-affecting film about the desperate attempts of Vietnamese refugees living in U.S. relocation camps to keep their hopes alive in 1975.
en:2851,8,15,'s filmniest film mostable film..,,en,mbart_vectors,158,ZKB,2,Allen's funniest and most likeable movie in years.
en:2853,7,29,"' no lotinglybound of theicism, the,', the the fewity. if if his movie...",,en,mbart_vectors,160,ZKB,2,"There is a refreshing absence of cynicism in Stuart Little 2 -- quite a rarity, even in the family film market."
en:2863,8,26,"if the time of long-s, theughtboymovies, theenity is is afla..",,en,mbart_vectors,170,ZKB,0,"Even by the intentionally low standards of frat-boy humor, Sorority Boys is a bowser."
en:2875,6,25,filmly y films of make even the whoing who have no or for.I.-s,,en,mbart_vectors,182,ZKB,2,"The stunning, dreamlike visuals will impress even those viewers who have little patience for Euro-film pretension."
en:2890,11,24,"theem Guyes,, it is a thanetizing than a movie-sh. popcornsortgus.",,en,mbart_vectors,197,ZKB,2,"For VeggieTales fans, this is more appetizing than a side dish of asparagus."
en:2891,21,42,"the's as as a best to point of the erath century, it iss to to again to the and thedents and the,, it iss aingly slow.",,en,mbart_vectors,198,ZKB,1,"While it regards 1967 as the key turning point of the 20th century, and returns again and again to images of dissidents in the streets, it's alarmingly current."
en:2896,19,49,"thesrowed fromvily from the theth Six Vamence of the Lambs, it's to keep its its solid of humorphisticationnessintelligence and aelikeac de'ffo. movie..",,en,mbart_vectors,203,ZKB,2,"While Tattoo borrows heavily from both Seven and The Silence of the Lambs, it manages to maintain both a level of sophisticated intrigue and human-scale characters that suck the audience in."
en:2899,12,28,"'s a kind movie of the year, far, and audiences the many the films Western franchiseders have be givend.",,en,mbart_vectors,206,ZKB,2,"It's the best film of the year so far, the benchmark against which all other Best Picture contenders should be measured."
en:2900,9,14,is a of the most filmsappointments of year.,,en,mbart_vectors,207,ZKB,0,This is one of the biggest disappointments of the year.
en:2902,12,41,"Villemed the a the ordinaries of the, the onphilosoph and aly desiresession --likeor-thind,ft sessiontress, wouldwor thely and her.",,en,mbart_vectors,209,ZKB,1,"Denis forges out of the theories of class - based rage and sisterly obsession a razor-sided tuning fork that rings with cultural, sexual and social discord."
en:2928,18,44,"filmly entertainmusk film, itll, intive, writtenotic, andly unsppy, andwe,m of comedyreal Soping' and `atricTheatur.'",,en,mbart_vectors,235,ZKB,0,"A thoroughly awful movie -- dumb, narratively chaotic, visually sloppy... a weird amalgam of `The Thing' and a geriatric `Scream.'"
en:2931,11,36,"film is a basis for theuit and partiesness, moral senseedncy, but it's a that in than the for human audiencemakerswed characters.",,en,mbart_vectors,238,ZKB,1,"The movie has no respect for laws, political correctness or common decency, but it displays something more important: respect for its flawed, crazy people."
en:2937,15,36,"' be aappointuous to say theed a movie actor, but it'' it it the of the filmcker in in the out of the movie.",,en,mbart_vectors,244,ZKB,1,"It would be disingenuous to call Reno a great film, but you can say that about most of the flicks moving in and out of the multiplex."
en:2941,6,11,iguingly yetrightaneating.,,en,mbart_vectors,248,ZKB,2,Intriguing and downright intoxicating.
en:2943,17,32,"the most compying of about thisa Thiso is? is that it's a movie drama, by a who was has what about crime.",,en,mbart_vectors,250,ZKB,0,Perhaps the most annoying thing about Who Is Cletis Tout? is that it's a crime movie made by someone who obviously knows nothing about crime.
en:2945,5,26,"filmntes, ofs on delicat of soul soul bones to the wonderful insight empatlys Wei..",,en,mbart_vectors,252,ZKB,2,The quirky drama touches the heart and the funnybone thanks to the energetic and always surprising performance by Rachel Griffiths.
en:2947,6,12,", uffling, start start-go.",,en,mbart_vectors,254,ZKB,0,Bad and baffling from the get-go.
en:2948,10,28,"film is a greatt from the material, but wellncy andtheater and y story that us to the night year-.",,en,mbart_vectors,255,ZKB,2,"The movie is a blast of educational energy, as bouncy animation and catchy songs escort you through the entire 85 minutes."
en:2952,13,38,"film deal of the movielog is that kindlynessity of the hero, the-nier, who isembles himheldtherlone in his movie,.-nak.",,en,mbart_vectors,259,ZKB,1,"The real charm of this trifle is the deadpan comic face of its star, Jean Reno, who resembles Sly Stallone in a hot sake half-sleep."
en:2959,17,56,"tee''t possibly being few moment, his first sense, thearings a the world/ community the man-level academic, a inferior academic and man that wouldsets all original's originale story. conres the original of the original.",,en,mbart_vectors,266,ZKB,1,"LaBute can't avoid a fatal mistake in the modern era: He's changed the male academic from a lower-class Brit to an American, a choice that upsets the novel's exquisite balance and shreds the fabric of the film."
en:2963,7,17,"sh, a strange chance, a movie that''t.",,en,mbart_vectors,270,ZKB,1,Gere gives a good performance in a film that doesn't merit it.
en:2967,5,24,"film' as his extraordinar-s and, adlyrody, is failled for a movie theme.",,en,mbart_vectors,274,ZKB,0,"The director, with his fake backdrops and stately pacing, never settles on a consistent tone."
en:2968,5,27,"is' so a speecheign to the movie is it' it "", and and direct, ac -- is a a.",,en,mbart_vectors,275,ZKB,0,"Why he was given free reign over this project -- he wrote, directed, starred and produced -- is beyond me."
en:2969,12,27,"you' a entertained with a movie that iss you''t a good, you youys a you.",,en,mbart_vectors,276,ZKB,0,"If you enjoy being rewarded by a script that assumes you aren't very bright, then Blood Work is for you."
en:2970,8,37,"ad Giulia,, there' to be a little longy theify the positiontic  of he film movie. it, movie he..t.",,en,mbart_vectors,277,ZKB,0,"Like Rudy Yellow Lodge, Eyre needs to take a good sweat to clarify his cinematic vision before his next creation and remember the lessons of the trickster spider."
en:2982,4,11,"to predictaring,ing",,en,mbart_vectors,289,ZKB,2,"Hard, endearing, caring, warm."
en:2984,12,38,"film ite andses to love for the is the theful and andgraphic and a kindal, makeitelly makefy them a. is adyly funnying.",,en,mbart_vectors,291,ZKB,2,The way Coppola professes his love for movies -- both colorful pop junk and the classics that unequivocally qualify as art -- is giddily entertaining.
en:2992,17,41,"''t bebble a memorys it it wills not the to be but's justly a movie, melotic filmroundical projecttion of the' a film. good.",,en,mbart_vectors,299,ZKB,1,It won't bust your gut -- and it's not intended to -- it's merely a blandly cinematic surgical examination of what makes a joke a joke.
en:2997,12,35,"filmomus ismovielythe-samee ister is the Home thesion is is no loty, -effecturs effect.s effect.",,en,mbart_vectors,304,ZKB,1,"The doofus-on-the-loose banter of Welcome to Collinwood has a cocky, after-hours loopiness to it."
en:2998,9,16,'s a kindniest movie comedy offiti..,,en,mbart_vectors,305,ZKB,2,It's the funniest American comedy since Graffiti Bridge.
en:3001,14,40,"n theelinglling, infelting, watch, the itma' hisstone haves filmling performances are the film- the level of a originalcchilin...",,en,mbart_vectors,308,ZKB,2,"Often gruelling and heartbreaking to witness, but Seldahl and Wollter's sterling performances raise this far above the level of the usual maudlin disease movie."
en:3006,6,25,"' aly the as left in a &,, the movie of suspens new than deepplaceteless",,en,mbart_vectors,313,ZKB,1,"That is essentially what's missing from Blackboards -- the sense of something bigger, some ultimate point."
en:3009,11,34,"solidlywitted film inme filmoffoff, a great Kingdom,y,, Theodile Row, a'istic. its bestring.",,en,mbart_vectors,316,ZKB,0,"A dim-witted and lazy spin-off of the Animal Planet documentary series, Crocodile Hunter is entertainment opportunism at its most glaring."
en:3021,9,23,"extraordinarmusful lot, leave leave makey a most curiously imcontentable ofmakersers.",,en,mbart_vectors,328,ZKB,0,An awful movie that will only satisfy the most emotionally malleable of filmgoers.
en:3043,31,67,"knows's film to theling the's mosts is a bling, oftenaneherent work that the strugglegueness of the, matter, and ai of the,s the vious and inentious workavor.slikecused atdioouslyaperating.",,en,mbart_vectors,350,ZKB,0,Godard's ode to tackling life's wonderment is a rambling and incoherent manifesto about the vagueness of topical excess... In Praise of Love remains a ponderous and pretentious endeavor that's unfocused and tediously exasperating.
en:3045,15,42,"' know understood across terms about the movie characters, the they not they areve be up in is it ite wills film work is ather a pleasanting nor.. us.",,en,mbart_vectors,352,ZKB,0,"We never truly come to care about the main characters and whether or not they'll wind up together, and Michele's spiritual quest is neither amusing nor dramatic enough to sustain interest."
en:3048,6,20,"the,s sical, have been more mored consent-ersight.",,en,mbart_vectors,355,ZKB,1,"Peralta's mythmaking could have used some informed, adult hindsight."
en:3055,12,35,", can be be to see more time watching a moviestheater, about aovyy lists, the to make their stories that to to be. aocchio.",,en,mbart_vectors,362,ZKB,1,Adults will certainly want to spend their time in the theater thinking up grocery lists and ways to tell their kids how not to act like Pinocchio.
en:3056,10,31,a funnyly as more as originalous as the pred to satisf met satisf the from but it' the been the for aion..,,en,mbart_vectors,363,ZKB,1,"Not as distinctive or even as humorous as its needs to be to stand out, but it has clearly been made with affection and care."
en:3057,6,20,solid comedy drama aboutlike anything to have maded by a who of familyclasss.,,en,mbart_vectors,364,ZKB,0,A generic family comedy unlikely to be appreciated by anyone outside the under-10 set.
en:3061,13,31,"pperproduc,director, Levi's news to make a filmianstyle film American-realistismre are shortreadfully.",,en,mbart_vectors,368,ZKB,0,"Co-writer/director Jonathan Parker's attempts to fashion a Brazil-like, hyper-real satire fall dreadfully short."
en:3070,5,16,' doesn't work the to to it not the moviely.,,en,mbart_vectors,377,ZKB,1,It just doesn't have much else... especially in a moral sense.
en:3071,9,24,whofortunamiliar with theph moviess may have themselves Vam Guy Clubm aally adering.,,en,mbart_vectors,378,ZKB,1,Those unfamiliar with Mormon traditions may find The Singles Ward occasionally bewildering.
en:3073,6,19,"it filmed director of is not the guess, and if the-s.",,en,mbart_vectors,380,ZKB,2,"But the talented cast alone will keep you watching, as will the fight scenes."
en:3077,8,24,"extraordinar film, but greater of how difficult of the, make a beyond the make us feel the lives.",,en,mbart_vectors,384,ZKB,2,"An important movie, a reminder of the power of film to move us and to make us examine our values."
en:3079,9,24,"filmly craftd, poible well film of a maned artist who is has a to his.",,en,mbart_vectors,386,ZKB,2,A richly imagined and admirably mature work from a gifted director who definitely has something on his mind.
en:3082,10,22,the as more about that the's a lot audiencethri tomeates the film.,,en,mbart_vectors,389,ZKB,2,But what's nice is that there's a casual intelligence that permeates the script.
en:3087,11,28,"s likelightly like if it were a olded movie film andbeit brief that by a actor people,. the.",,en,mbart_vectors,394,ZKB,1,"Feels slight, as if it were an extended short, albeit one made by the smartest kids in class."
en:3088,6,13,film is't work what's coming movie.,,en,mbart_vectors,395,ZKB,1,The picture doesn't know it's a comedy.
en:3094,9,26,"'s a filmlinesning, a provok made, ly produced, visual most,ly..",,en,mbart_vectors,401,ZKB,2,"It's a head-turner -- thoughtfully written, beautifully read and, finally, deeply humanizing."
en:3097,11,33,"on a, wass ately ficance by in's a kind-fi film of oftoni.ifflewoodEre'ats.",,en,mbart_vectors,404,ZKB,0,Men in Black II achieves ultimate insignificance -- it's the sci-fi comedy spectacle as Whiffle-Ball epic.
en:3099,13,29,"s a re film, alsoing to capture a solid to the to be about the obvious basics of of naturecency.",,en,mbart_vectors,5,ZKH,1,Presents a good case while failing to provide a reason for us to care beyond the very basic dictums of human decency.
en:3101,7,24,"w and itstic, a much greatlaws that' be hard to yous torug off.",,en,mbart_vectors,7,ZKH,0,"Bread, My Sweet has so many flaws it would be easy for critics to shred it."
en:3107,15,40,"youancesdale has been aelveaed to a littlech in would have been a muchfire, but that the adventure that wills about popular that's to look.",,en,mbart_vectors,14,ZKH,1,"If Deuces Wild had been tweaked up a notch it would have become a camp adventure, one of those movies that's so bad it starts to become good."
en:3125,2,10,' this movieness-.,,en,mbart_vectors,32,ZKH,2,I love the robust middle of this picture.
en:3132,12,28,film is a a watch at but you''t have a from than a movie hours popcornthrills. your costume.,,en,mbart_vectors,39,ZKH,1,"The Ring is worth a look, if you don't demand much more than a few cheap thrills from your Halloween entertainment."
en:3143,5,14,"' the movie movieage, the have it old one.",,en,mbart_vectors,50,ZKH,2,I like the new footage and still love the old stuff.
en:3144,11,29,"'ly makess with the-queism, but it more is theism is the membersly -- is atcliped..",,en,mbart_vectors,51,ZKH,1,"It briefly flirts with player masochism, but the point of real interest -- audience sadism -- is evaded completely."
en:3145,3,15,n Movie Club be have be the funny as this pred..,,en,mbart_vectors,52,ZKH,0,Could The Country Bears really be as bad as its trailers?
en:3149,3,8,film is to littlely.,,en,mbart_vectors,56,ZKH,0,The film seems a dead weight.
en:3150,13,48,"lingly  aflarious, comedyalousy films, isen' at much like a movie man Down Niro, he makes like movie' be be a aThe Heroband' Deaditor'an...",,en,mbart_vectors,57,ZKH,2,"Sparkling, often hilarious romantic jealousy comedy... Attal looks so much like a young Robert DeNiro that it seems the film should instead be called `My Husband Is Travis Bickle'."
en:3152,11,22,"beautifuludy film, iss not particularlyly aboutinteresable, but also notinteresable.",,en,mbart_vectors,59,ZKH,0,"A lousy movie that's not merely unwatchable, but also unlistenable."
en:3154,13,42,"de,, alys aly,, the to see immered to a un of a.dys Peak,ymer, the was a only a great, but also director friend being.",,en,mbart_vectors,61,ZKH,2,"A strong script, powerful direction and splendid production design allows us to be transported into the life of Wladyslaw Szpilman, who is not only a pianist, but a good human being."
en:3157,5,12,'s a moviecy moviemovieever'',,en,mbart_vectors,64,ZKH,1,It's a fanboy `what if?'
en:3160,14,58,"Kingedper the.,n, and his Buts, thetiny Tus son baseballvilles, are it theing in the., the films a filmoseust filmet wouldoms down the much bloods is awe surprise. tonots'",,en,mbart_vectors,67,ZKH,2,"Stephen Rea, Aidan Quinn, and Alan Bates play Desmond's legal eagles, and when joined by Brosnan, the sight of this grandiloquent quartet lolling in pretty Irish settings is a pleasant enough thing, `tis."
en:3163,1,16,about so thoughly a movie film York-s Thu,,en,mbart_vectors,70,ZKH,0,Everything was as superficial as the forced New Jersey lowbrow accent Uma had.
en:3171,13,31,"film-, the sense of the word, but-ly inless, and,,ud,ful.scenxious,",,en,mbart_vectors,78,ZKH,0,"A zombie movie in every sense of the word -- mindless, lifeless, meandering, loud, painful, obnoxious."
en:3176,7,31,"ly,, how movies of many movies make, it ad to to change a a but it it' the reason' the.",,en,mbart_vectors,83,ZKH,1,"High Crimes knows the mistakes that bad movies make and is determined not to make them, and maybe that is nobility of a sort."
en:3179,4,14,"a little, mysterydramalytheus comedycht..",,en,mbart_vectors,86,ZKH,0,... a bland murder-on-campus yawner.
en:3182,6,22,"fice to beingblings intive,, a inlyreadness ofaring to.",,en,mbart_vectors,89,ZKH,0,"Suffers from rambling, repetitive dialogue and the visual drabness endemic to digital video."
en:3185,9,21,d are of the most ing filmslighttions of the man story in made to a.,,en,mbart_vectors,92,ZKH,2,Features one of the most affecting depictions of a love affair ever committed to film.
en:3195,8,32,"if movieshed critic can not a audience of a, find to the movietricaable, te- moviey. a ofculture.",,en,mbart_vectors,102,ZKH,0,"Even a hardened voyeur would require the patience of Job to get through this interminable, shapeless documentary about the swinging subculture."
en:3199,15,36,"film is a revoluved to a well as the occasion game,,s used in the movieclub.atnce. and it's also aable.",,en,mbart_vectors,106,ZKH,1,"The film is a contrivance, as artificial as the video games Japanese teens play in a nightclub sequence, but it's an enjoyable one."
en:3200,13,29,"times best, film- is aked, the at its best it' a visual,'s workful,. hishood.",,en,mbart_vectors,107,ZKH,1,"At its worst the screenplay is callow, but at its best it is a young artist's thoughtful consideration of fatherhood."
en:3206,11,26,"Bridge is a a filmtakingly beautifuld film ish film of art time,iveness.",,en,mbart_vectors,113,ZKH,2,Jeffs has created a breathtakingly assured and stylish work of spare dialogue and acute expressiveness.
en:3230,7,21,"monelyle of a,bing, Yorkers on a families kill.nessers..",,en,mbart_vectors,137,ZKH,1,Anemic chronicle of money grubbing New Yorkers and their serial loveless hook ups.
en:3232,6,17,it'm Got to go the movie on the moviema on.,,en,mbart_vectors,139,ZKH,1,And I've decided to leave a light on every night from now on.
en:3242,10,24,filmiyah isly getspens the audienceva- with to make ae interestmistry. herhall.,,en,mbart_vectors,149,ZKH,1,Aaliyah rarely dampens her diva persona enough to spark genuine chemistry with Townsend.
en:3245,10,25,a have a movie was to it for the staring characterss from place in the end's end..,,en,mbart_vectors,152,ZKH,1,... would be a total loss if not for two supporting performances taking place at the movie's edges.
en:3246,20,42,"extraordinaring and engafeltfeltfirmting film, a wondere struggles of aese toes to in atahS.A-,s to re their familiess alive. a.",,en,mbart_vectors,153,ZKH,2,An inspiring and heart-affecting film about the desperate attempts of Vietnamese refugees living in U.S. relocation camps to keep their hopes alive in 1975.
en:3251,8,15,'s filmniest film mostable film..,,en,mbart_vectors,158,ZKH,2,Allen's funniest and most likeable movie in years.
en:3253,7,29,"' no loting sensebound of theicism, the,', the the movieity. if if his movie...",,en,mbart_vectors,160,ZKH,2,"There is a refreshing absence of cynicism in Stuart Little 2 -- quite a rarity, even in the family film market."
en:3263,8,26,"if the time of long-s, theughtboymovies, theenity is is afla..",,en,mbart_vectors,170,ZKH,0,"Even by the intentionally low standards of frat-boy humor, Sorority Boys is a bowser."
en:3275,7,25,filmly like performances of make even the whoing who have no for.I.-s,,en,mbart_vectors,182,ZKH,2,"The stunning, dreamlike visuals will impress even those viewers who have little patience for Euro-film pretension."
en:3290,12,24,"thegie Guyes,, it is a thanetizing than a movie-sh. popcornsortgus.",,en,mbart_vectors,197,ZKH,2,"For VeggieTales fans, this is more appetizing than a side dish of asparagus."
en:3291,22,42,"the's as as a best to point of the newth century, it thes to to again to the of thedents, the,, it iss aingly slow.",,en,mbart_vectors,198,ZKH,1,"While it regards 1967 as the key turning point of the 20th century, and returns again and again to images of dissidents in the streets, it's alarmingly current."
en:3296,19,49,"thesrowed fromvily from the theth Six Vamence of the Lambs, it's to keep its its sense of humorphisticationnessintelligence and aelikeac de'ffo at movie into.",,en,mbart_vectors,203,ZKH,2,"While Tattoo borrows heavily from both Seven and The Silence of the Lambs, it manages to maintain both a level of sophisticated intrigue and human-scale characters that suck the audience in."
en:3299,13,28,"'s a kind film of the year, far, and audiences the many the films Western filmsders have be givend.",,en,mbart_vectors,206,ZKH,2,"It's the best film of the year so far, the benchmark against which all other Best Picture contenders should be measured."
en:3300,9,14,is a of the most filmsappointments of year.,,en,mbart_vectors,207,ZKH,0,This is one of the biggest disappointments of the year.
en:3302,12,41,"Villemed the a the ordinaries of the and the onphilosoph and aly desiresession --likeor-thind,ft sessiontress, wouldwor the memoriely political and emotional her.",,en,mbart_vectors,209,ZKH,1,"Denis forges out of the theories of class - based rage and sisterly obsession a razor-sided tuning fork that rings with cultural, sexual and social discord."
en:3328,18,44,"filmly enjoymusk film, itll, intive, writtenotic, andly unsppy, andwe,m of comedyreal Simpsoning' and `atricTheatur.'",,en,mbart_vectors,235,ZKH,0,"A thoroughly awful movie -- dumb, narratively chaotic, visually sloppy... a weird amalgam of `The Thing' and a geriatric `Scream.'"
en:3331,11,36,"film is a chance for theuit and partiesness, moral senseedncy, but it's a that in than the for human audiencemakerswed characters.",,en,mbart_vectors,238,ZKH,1,"The movie has no respect for laws, political correctness or common decency, but it displays something more important: respect for its flawed, crazy people."
en:3337,15,36,"' be aappointuous to say theed a movie actor, but it'' it Re the of the filmcker in in the out of the movie.",,en,mbart_vectors,244,ZKH,1,"It would be disingenuous to call Reno a great film, but you can say that about most of the flicks moving in and out of the multiplex."
en:3341,6,11,iguingly yetrightaneating.,,en,mbart_vectors,248,ZKH,2,Intriguing and downright intoxicating.
en:3343,16,32,"the most compying of about thiso Thiso is? is that the's a movie drama, by a who has has what about crime.",,en,mbart_vectors,250,ZKH,0,Perhaps the most annoying thing about Who Is Cletis Tout? is that it's a crime movie made by someone who obviously knows nothing about crime.
en:3345,5,26,"filmntes, ofs on delicat of soul soul bones to the wonderful connectionlys Wei..",,en,mbart_vectors,252,ZKH,2,The quirky drama touches the heart and the funnybone thanks to the energetic and always surprising performance by Rachel Griffiths.
en:3347,6,12,", uffling, start start-go.",,en,mbart_vectors,254,ZKH,0,Bad and baffling from the get-go.
en:3348,9,28,"film is a det from the material, but wellncy andtheater and engay story that us to a night year-.",,en,mbart_vectors,255,ZKH,2,"The movie is a blast of educational energy, as bouncy animation and catchy songs escort you through the entire 85 minutes."
en:3352,13,38,"film deal of the movielog is that lynessity of the hero, the-nier, who isembles himheldtherlone in his movie,.-nak.",,en,mbart_vectors,259,ZKH,1,"The real charm of this trifle is the deadpan comic face of its star, Jean Reno, who resembles Sly Stallone in a hot sake half-sleep."
en:3359,18,56,"tellet''t get being few moment, his first sense, thearings a the world/ community the man-level academic, a inferior academic and man that wouldsets all original's originale story. isres the of the film.",,en,mbart_vectors,266,ZKH,1,"LaBute can't avoid a fatal mistake in the modern era: He's changed the male academic from a lower-class Brit to an American, a choice that upsets the novel's exquisite balance and shreds the fabric of the film."
en:3363,7,17,"sh is a movie chance, a movie that''t.",,en,mbart_vectors,270,ZKH,1,Gere gives a good performance in a film that doesn't merit it.
en:3367,5,24,"film' as his extraordinar-s and, adlyrody, is failled for a movie theme.",,en,mbart_vectors,274,ZKH,0,"The director, with his fake backdrops and stately pacing, never settles on a consistent tone."
en:3368,5,27,"is' so a toeign to the movie is it' it "", and andved, ac -- is a a.",,en,mbart_vectors,275,ZKH,0,"Why he was given free reign over this project -- he wrote, directed, starred and produced -- is beyond me."
en:3369,12,27,"you' a entertained with a movie that captures you''t a familiar, and youys a you.",,en,mbart_vectors,276,ZKH,0,"If you enjoy being rewarded by a script that assumes you aren't very bright, then Blood Work is for you."
en:3370,8,37,"ad Giulia,, there' to be a long longy theify the positiontic  of he film movie. it, movie learned..t.",,en,mbart_vectors,277,ZKH,0,"Like Rudy Yellow Lodge, Eyre needs to take a good sweat to clarify his cinematic vision before his next creation and remember the lessons of the trickster spider."
en:3382,4,11,"to predictaring,ing",,en,mbart_vectors,289,ZKH,2,"Hard, endearing, caring, warm."
en:3384,13,38,"film itpola andses to love for the is the theful and andgraphic and a kindal, makeitelly makefy them a. is adyly funnying.",,en,mbart_vectors,291,ZKH,2,The way Coppola professes his love for movies -- both colorful pop junk and the classics that unequivocally qualify as art -- is giddily entertaining.
en:3392,17,41,"''t bebble a memorys it it wills not the to be but's justly a movie, melotic comedyroundical projecttion of the' a film. good.",,en,mbart_vectors,299,ZKH,1,It won't bust your gut -- and it's not intended to -- it's merely a blandly cinematic surgical examination of what makes a joke a joke.
en:3397,11,35,"filmomy ismovielythe-samee ister is the Home thesion is is no loty, -effecturs effect.s effect.",,en,mbart_vectors,304,ZKH,1,"The doofus-on-the-loose banter of Welcome to Collinwood has a cocky, after-hours loopiness to it."
en:3398,9,16,'s not kindniest movie comedy offiti..,,en,mbart_vectors,305,ZKH,2,It's the funniest American comedy since Graffiti Bridge.
en:3401,14,40,"n theelinglling, infelting, watch, the itma' hisstone haves filmling performances are the film- the level of a filmcchilin...",,en,mbart_vectors,308,ZKH,2,"Often gruelling and heartbreaking to witness, but Seldahl and Wollter's sterling performances raise this far above the level of the usual maudlin disease movie."
en:3406,5,25,"' aly the as left in a &,, the movie of suspens new than deepplacetelyless",,en,mbart_vectors,313,ZKH,1,"That is essentially what's missing from Blackboards -- the sense of something bigger, some ultimate point."
en:3409,11,34,"solidlywitted film inme filmoffoff that a original Kingdom,y,, Theodile Row, a'ist. its finring.",,en,mbart_vectors,316,ZKH,0,"A dim-witted and lazy spin-off of the Animal Planet documentary series, Crocodile Hunter is entertainment opportunism at its most glaring."
en:3421,9,23,"extraordinarmusful lot, leave leave makey a most discernly imcontentable ofmakersers.",,en,mbart_vectors,328,ZKH,0,An awful movie that will only satisfy the most emotionally malleable of filmgoers.
en:3443,31,67,"knows's film to theling the's mosts is a bling, oftenaneherent form, the strugglegueness of the, matter, and ai of the,s the vious and inentious workavor.slikecused atdioouslyaperating.",,en,mbart_vectors,350,ZKH,0,Godard's ode to tackling life's wonderment is a rambling and incoherent manifesto about the vagueness of topical excess... In Praise of Love remains a ponderous and pretentious endeavor that's unfocused and tediously exasperating.
en:3445,15,42,"' really understood across terms about the movie characters, the they not they areve be up in is it ite wills film work is ather a pleasanting nor.. us.",,en,mbart_vectors,352,ZKH,0,"We never truly come to care about the main characters and whether or not they'll wind up together, and Michele's spiritual quest is neither amusing nor dramatic enough to sustain interest."
en:3448,6,20,"the,s steical, have been more mored consentersight.",,en,mbart_vectors,355,ZKH,1,"Peralta's mythmaking could have used some informed, adult hindsight."
en:3455,12,35,", can be enjoy to see more time watching a moviestheater, about aovyy lists, the to make their stories that to to be. aocchio.",,en,mbart_vectors,362,ZKH,1,Adults will certainly want to spend their time in the theater thinking up grocery lists and ways to tell their kids how not to act like Pinocchio.
en:3456,11,31,a funnyly as more as originalous as the pred to be fulfill the tall from but it' the been the for aion..,,en,mbart_vectors,363,ZKH,1,"Not as distinctive or even as humorous as its needs to be to stand out, but it has clearly been made with affection and care."
en:3457,6,20,solid comedy drama aboutlike anything to have maded by a who of familyclasss.,,en,mbart_vectors,364,ZKH,0,A generic family comedy unlikely to be appreciated by anyone outside the under-10 set.
en:3461,12,31,"pperproduc,director, Franz's news to make a filmianstyle film Americanrealistrealistismre are shortreadfully.",,en,mbart_vectors,368,ZKH,0,"Co-writer/director Jonathan Parker's attempts to fashion a Brazil-like, hyper-real satire fall dreadfully short."
en:3470,5,16,' doesn't work the to to it not the moviely.,,en,mbart_vectors,377,ZKH,1,It just doesn't have much else... especially in a moral sense.
en:3471,10,24,wholuckmiliar with themon moviess may have themselves Movie Guy Clubm aallydering.,,en,mbart_vectors,378,ZKH,1,Those unfamiliar with Mormon traditions may find The Singles Ward occasionally bewildering.
en:3473,6,19,"it filmed director of is not the guess, and long thess.",,en,mbart_vectors,380,ZKH,2,"But the talented cast alone will keep you watching, as will the fight scenes."
en:3477,8,24,"extraordinar film, but greater of how difficult of the and make a beyond the make us feel the lives.",,en,mbart_vectors,384,ZKH,2,"An important movie, a reminder of the power of film to move us and to make us examine our values."
en:3479,10,24,solidly craftd and poible well film of a maned artist who is has a to his.,,en,mbart_vectors,386,ZKH,2,A richly imagined and admirably mature work from a gifted director who definitely has something on his mind.
en:3482,10,22,it as more about that the's a lot audiencethri to'meates the movie.,,en,mbart_vectors,389,ZKH,2,But what's nice is that there's a casual intelligence that permeates the script.
en:3487,11,28,"s likelightly like if it were a olded movie film twobeit a that by a film people,. the.",,en,mbart_vectors,394,ZKH,1,"Feels slight, as if it were an extended short, albeit one made by the smartest kids in class."
en:3488,5,13,"film is't work what,s coming movie.",,en,mbart_vectors,395,ZKH,1,The picture doesn't know it's a comedy.
en:3494,10,26,"'s a filmlinesning, afully made, wellly produced, most,ly..",,en,mbart_vectors,401,ZKH,2,"It's a head-turner -- thoughtfully written, beautifully read and, finally, deeply humanizing."
en:3497,9,33,' a is iss ately perfectionficant by in's a kind-fi film that oftoni.ifflewoodEre'ats,,en,mbart_vectors,404,ZKH,0,Men in Black II achieves ultimate insignificance -- it's the sci-fi comedy spectacle as Whiffle-Ball epic.
en:3499,13,29,"s a re film, alsoing to capture a solid to the to be about the obvious basics of of naturecency.",,en,mbart_vectors,5,ZKW,1,Presents a good case while failing to provide a reason for us to care beyond the very basic dictums of human decency.
en:3501,7,24,"w and itstic, a much greatlaws that' be hard to yous torug off.",,en,mbart_vectors,7,ZKW,0,"Bread, My Sweet has so many flaws it would be easy for critics to shred it."
en:3507,15,40,"youanberdale had been aelveaed to a littlech in would have been a muchfire, but that the adventure that wills about popular that's to look.",,en,mbart_vectors,14,ZKW,1,"If Deuces Wild had been tweaked up a notch it would have become a camp adventure, one of those movies that's so bad it starts to become good."
en:3525,2,10,' this movieness- the.,,en,mbart_vectors,32,ZKW,2,I love the robust middle of this picture.
en:3532,12,28,film is a a watch at but you''t have a from than a movie hours popcornthrills. your costume.,,en,mbart_vectors,39,ZKW,1,"The Ring is worth a look, if you don't demand much more than a few cheap thrills from your Halloween entertainment."
en:3543,5,14,"' the movie movieage, the have it old one.",,en,mbart_vectors,50,ZKW,2,I like the new footage and still love the old stuff.
en:3544,10,29,"'ly makess with the-queism, but it more is the drama is thesly -- is atcliping..",,en,mbart_vectors,51,ZKW,1,"It briefly flirts with player masochism, but the point of real interest -- audience sadism -- is evaded completely."
en:3545,3,15,n Movie Club be have be the funny as this pred..,,en,mbart_vectors,52,ZKW,0,Could The Country Bears really be as bad as its trailers?
en:3549,3,8,film is to littlely.,,en,mbart_vectors,56,ZKW,0,The film seems a dead weight.
en:3550,13,48,"lingly  aflarious, comedyalousy films, isen' at much like a movie man Down Niro, he makes like movie' be be aThe Heroband' Deaditor'cker...",,en,mbart_vectors,57,ZKW,2,"Sparkling, often hilarious romantic jealousy comedy... Attal looks so much like a young Robert DeNiro that it seems the film should instead be called `My Husband Is Travis Bickle'."
en:3552,10,22,"solidudy film, iss not aboutly aboutinteresable, but it notinteresable.",,en,mbart_vectors,59,ZKW,0,"A lousy movie that's not merely unwatchable, but also unlistenable."
en:3554,13,42,"solid and, alys aly,, the to see immered to a un of a.dys Peak andymer, the is a only a great but but also director friend being.",,en,mbart_vectors,61,ZKW,2,"A strong script, powerful direction and splendid production design allows us to be transported into the life of Wladyslaw Szpilman, who is not only a pianist, but a good human being."
en:3557,5,12,'s a moviecy moviemovieever'',,en,mbart_vectors,64,ZKW,1,It's a fanboy `what if?'
en:3560,16,58,"Kingedper the.,n, and his Buts, thetiny Tus son baseballvilles, are it theyed in the., the films a filmosevedt filmet isoms down the much smos is awe surprise treat. tonots",,en,mbart_vectors,67,ZKW,2,"Stephen Rea, Aidan Quinn, and Alan Bates play Desmond's legal eagles, and when joined by Brosnan, the sight of this grandiloquent quartet lolling in pretty Irish settings is a pleasant enough thing, `tis."
en:3563,1,16,about so thoughly a movie film York-s Thu,,en,mbart_vectors,70,ZKW,0,Everything was as superficial as the forced New Jersey lowbrow accent Uma had.
en:3571,13,31,"solid-, the sense of the word, but-ly inless, and,ud,ful.scenxious,",,en,mbart_vectors,78,ZKW,0,"A zombie movie in every sense of the word -- mindless, lifeless, meandering, loud, painful, obnoxious."
en:3576,7,31,"ly,, how movies of many movies make, it thed to to change a a but it it' the reason' choice.",,en,mbart_vectors,83,ZKW,1,"High Crimes knows the mistakes that bad movies make and is determined not to make them, and maybe that is nobility of a sort."
en:3579,4,14,"a little, mysterydramalytheus comedycht..",,en,mbart_vectors,86,ZKW,0,... a bland murder-on-campus yawner.
en:3582,5,22,"fice to beingblings predicttive,, a usuallyreadness ofaring.",,en,mbart_vectors,89,ZKW,0,"Suffers from rambling, repetitive dialogue and the visual drabness endemic to digital video."
en:3585,9,21,d are of the most ing filmslighttions of the man story in made to a.,,en,mbart_vectors,92,ZKW,2,Features one of the most affecting depictions of a love affair ever committed to film.
en:3595,9,32,"if movieshed critic can not a audience of a, find to the movietricaable, te- filmy. aingculture.",,en,mbart_vectors,102,ZKW,0,"Even a hardened voyeur would require the patience of Job to get through this interminable, shapeless documentary about the swinging subculture."
en:3599,15,36,"film is a revoluved to a well as the occasion game,,s used in the movieclub.atnce. and it's also aable.",,en,mbart_vectors,106,ZKW,1,"The film is a contrivance, as artificial as the video games Japanese teens play in a nightclub sequence, but it's an enjoyable one."
en:3600,13,29,"times best, film- is athar, the at its best it' a movie,'sful. hishood.",,en,mbart_vectors,107,ZKW,1,"At its worst the screenplay is callow, but at its best it is a young artist's thoughtful consideration of fatherhood."
en:3606,11,26,"Bridge is a a filmtakingly compd film engaish film of art time,iveness.",,en,mbart_vectors,113,ZKW,2,Jeffs has created a breathtakingly assured and stylish work of spare dialogue and acute expressiveness.
en:3630,7,21,"mone,le of a,bing, Yorkers on a families kill.nessers..",,en,mbart_vectors,137,ZKW,1,Anemic chronicle of money grubbing New Yorkers and their serial loveless hook ups.
en:3632,6,17,the'm Got to go the movie on the moviema on.,,en,mbart_vectors,139,ZKW,1,And I've decided to leave a light on every night from now on.
en:3642,10,24,deiyah isly getspens the audienceva- with to make ae interestmistry. her Hall.,,en,mbart_vectors,149,ZKW,1,Aaliyah rarely dampens her diva persona enough to spark genuine chemistry with Townsend.
en:3645,10,25,a have a movie was to it for the staring characterss from place in the end's end..,,en,mbart_vectors,152,ZKW,1,... would be a total loss if not for two supporting performances taking place at the movie's edges.
en:3646,19,42,"extraordinaring film engafeltfeltfirmting film, a wondere struggles of aese toes to in atahS.A-,s to re their familiess alive. a.",,en,mbart_vectors,153,ZKW,2,An inspiring and heart-affecting film about the desperate attempts of Vietnamese refugees living in U.S. relocation camps to keep their hopes alive in 1975.
en:3651,8,15,'s filmniest film mostable film..,,en,mbart_vectors,158,ZKW,2,Allen's funniest and most likeable movie in years.
en:3653,7,29,"' no lotinglybound of theicism, the,'nd the possibly fewity. if if his case...",,en,mbart_vectors,160,ZKW,2,"There is a refreshing absence of cynicism in Stuart Little 2 -- quite a rarity, even in the family film market."
en:3663,8,26,"if the time of long-s, theughtboymovies, theenity is is afla..",,en,mbart_vectors,170,ZKW,0,"Even by the intentionally low standards of frat-boy humor, Sorority Boys is a bowser."
en:3675,8,25,"filmly like,s of make even the whoers who have no for.I.-s",,en,mbart_vectors,182,ZKW,2,"The stunning, dreamlike visuals will impress even those viewers who have little patience for Euro-film pretension."
en:3690,12,24,"thegie Guyes,, it is a thanetizing than a movie-sh. popcornsortgus.",,en,mbart_vectors,197,ZKW,2,"For VeggieTales fans, this is more appetizing than a side dish of asparagus."
en:3691,21,42,"the's as as a best to point of the newth century, it thes to to again to the and thedents and the,, it iss aingly slow.",,en,mbart_vectors,198,ZKW,1,"While it regards 1967 as the key turning point of the 20th century, and returns again and again to images of dissidents in the streets, it's alarmingly current."
en:3696,19,49,"thesrowed fromvily from the theth Six Vamence of the Lambs, it's to keep its its solid of humorphisticationnessintelligence and aelikeac de' areffo at movie..",,en,mbart_vectors,203,ZKW,2,"While Tattoo borrows heavily from both Seven and The Silence of the Lambs, it manages to maintain both a level of sophisticated intrigue and human-scale characters that suck the audience in."
en:3699,13,28,"'s a kind film of the year, far, and audiences the set the films Western franchiseders have be givend.",,en,mbart_vectors,206,ZKW,2,"It's the best film of the year so far, the benchmark against which all other Best Picture contenders should be measured."
en:3700,9,14,is a of the most filmsappointments of year.,,en,mbart_vectors,207,ZKW,0,This is one of the biggest disappointments of the year.
en:3702,12,41,"Villemed the a the ordinaries of the and the onphilosoph and aly desiresession --likeor-thind,ft sessiontress, wouldwor a memorie her political and emotional her.",,en,mbart_vectors,209,ZKW,1,"Denis forges out of the theories of class - based rage and sisterly obsession a razor-sided tuning fork that rings with cultural, sexual and social discord."
en:3728,17,44,"filmly entertainmusk film, itll, intive, writtenotic, andly unsppy, and movie,m of thereal Vaming' and `atricTheatur''",,en,mbart_vectors,235,ZKW,0,"A thoroughly awful movie -- dumb, narratively chaotic, visually sloppy... a weird amalgam of `The Thing' and a geriatric `Scream.'"
en:3731,11,36,"film is a chance for theuit and partiesness, moral senseedncy, but it's a that in than the for human audiencemakerswed moral moral characters.",,en,mbart_vectors,238,ZKW,1,"The movie has no respect for laws, political correctness or common decency, but it displays something more important: respect for its flawed, crazy people."
en:3737,14,36,"' be aappointuous to say theed a movie actor, but it'' it it the people the filmcker in in the out of the movie.",,en,mbart_vectors,244,ZKW,1,"It would be disingenuous to call Reno a great film, but you can say that about most of the flicks moving in and out of the multiplex."
en:3741,6,11,iguingly yetrightaneating.,,en,mbart_vectors,248,ZKW,2,Intriguing and downright intoxicating.
en:3743,16,32,"the most compying of about thiso Thiso is? is that the's a movie story, by a who has has what about crime.",,en,mbart_vectors,250,ZKW,0,Perhaps the most annoying thing about Who Is Cletis Tout? is that it's a crime movie made by someone who obviously knows nothing about crime.
en:3745,6,26,"filmntes, iss on heart of soul soul bones to the wonderful connections Wei..",,en,mbart_vectors,252,ZKW,2,The quirky drama touches the heart and the funnybone thanks to the energetic and always surprising performance by Rachel Griffiths.
en:3747,6,12,", uffling, start start-go.",,en,mbart_vectors,254,ZKW,0,Bad and baffling from the get-go.
en:3748,9,28,"film is a det from the material, but wellncy andimprov and y costume thating to a night year-.",,en,mbart_vectors,255,ZKW,2,"The movie is a blast of educational energy, as bouncy animation and catchy songs escort you through the entire 85 minutes."
en:3752,13,38,"film deal of the movielog is that kindlynessity of the hero, the-nier, who isembles aheldtherlone in his movie,.-nak.",,en,mbart_vectors,259,ZKW,1,"The real charm of this trifle is the deadpan comic face of its star, Jean Reno, who resembles Sly Stallone in a hot sake half-sleep."
en:3759,17,56,"tellet''t possibly being few moment, his first sense, thearings a the world/ community the man-level academic, a inferior academic and man that wouldsets all original's originale story. isres the of the story.",,en,mbart_vectors,266,ZKW,1,"LaBute can't avoid a fatal mistake in the modern era: He's changed the male academic from a lower-class Brit to an American, a choice that upsets the novel's exquisite balance and shreds the fabric of the film."
en:3763,7,17,"sh, a movie chance, a movie that''t.",,en,mbart_vectors,270,ZKW,1,Gere gives a good performance in a film that doesn't merit it.
en:3767,5,24,"film' as his extraordinar-s,, adlyrody, is failled for a movie theme.",,en,mbart_vectors,274,ZKW,0,"The director, with his fake backdrops and stately pacing, never settles on a consistent tone."
en:3768,5,27,"is' so a reineign to the movie is it' it "", and and direct, ac -- is a a.",,en,mbart_vectors,275,ZKW,0,"Why he was given free reign over this project -- he wrote, directed, starred and produced -- is beyond me."
en:3769,12,27,"you' watching entertained with a movie that captures you''t a familiar, and youys a you.",,en,mbart_vectors,276,ZKW,0,"If you enjoy being rewarded by a script that assumes you aren't very bright, then Blood Work is for you."
en:3770,8,37,"ad Giulia,, there' to be a long longy theify the positiontic  of he film movie. it, movie learned..t.",,en,mbart_vectors,277,ZKW,0,"Like Rudy Yellow Lodge, Eyre needs to take a good sweat to clarify his cinematic vision before his next creation and remember the lessons of the trickster spider."
en:3782,4,11,"to predictaring,ing",,en,mbart_vectors,289,ZKW,2,"Hard, endearing, caring, warm."
en:3784,13,38,"film itpola andses to love for the is the theful and andwise and a kindal, haveifylly makefy them a. is adyly funnying.",,en,mbart_vectors,291,ZKW,2,The way Coppola professes his love for movies -- both colorful pop junk and the classics that unequivocally qualify as art -- is giddily entertaining.
en:3792,17,41,"''t bebble a memorys it it wills not the to be but's justly a movie, melotic filmroundical productiontion of the' a film. good.",,en,mbart_vectors,299,ZKW,1,It won't bust your gut -- and it's not intended to -- it's merely a blandly cinematic surgical examination of what makes a joke a joke.
en:3797,10,35,filmomy ismovielythe-samee ister is the Home thesion is is no loty effect -effecturs effect.s effect.,,en,mbart_vectors,304,ZKW,1,"The doofus-on-the-loose banter of Welcome to Collinwood has a cocky, after-hours loopiness to it."
en:3798,9,16,'s not kindniest movie comedy offiti..,,en,mbart_vectors,305,ZKW,2,It's the funniest American comedy since Graffiti Bridge.
en:3801,14,40,"n theelinglling, infelting, watch, the itma' hisstone haves filmling performances are the film- the level of a filmcchilin...",,en,mbart_vectors,308,ZKW,2,"Often gruelling and heartbreaking to witness, but Seldahl and Wollter's sterling performances raise this far above the level of the usual maudlin disease movie."
en:3806,6,25,"' aly the thes left in a &,, the movie of suspens new than deepplaceteless",,en,mbart_vectors,313,ZKW,1,"That is essentially what's missing from Blackboards -- the sense of something bigger, some ultimate point."
en:3809,11,34,"solidlywitted film inme filmoffoff that a great Kingdom,y,, whichodile Rows a'ist. its finring.",,en,mbart_vectors,316,ZKW,0,"A dim-witted and lazy spin-off of the Animal Planet documentary series, Crocodile Hunter is entertainment opportunism at its most glaring."
en:3821,8,23,"extraordinarmusful lot, leave not gety a we discernly imcontentable of usmakersers.",,en,mbart_vectors,328,ZKW,0,An awful movie that will only satisfy the most emotionally malleable of filmgoers.
en:3843,31,67,"has's film to theling the's mosts is a bling, oftenaneherent work that the strugglegueness of the, wisdom, and ai of the,s the vious andentious workavor.slikecuseddioouslyaperating.",,en,mbart_vectors,350,ZKW,0,Godard's ode to tackling life's wonderment is a rambling and incoherent manifesto about the vagueness of topical excess... In Praise of Love remains a ponderous and pretentious endeavor that's unfocused and tediously exasperating.
en:3845,15,42,"' get understood across terms about the movie characters, the they not they areve be up in is the wee wills film work is ather a pleasanting nor.. us.",,en,mbart_vectors,352,ZKW,0,"We never truly come to care about the main characters and whether or not they'll wind up together, and Michele's spiritual quest is neither amusing nor dramatic enough to sustain interest."
en:3848,6,20,"the,s steical, have been more mored consent-ersight.",,en,mbart_vectors,355,ZKW,1,"Peralta's mythmaking could have used some informed, adult hindsight."
en:3855,12,35,", can be be to see more time watching a moviestheater, about aovyy lists, the to make their stories that to to be. aocchio.",,en,mbart_vectors,362,ZKW,1,Adults will certainly want to spend their time in the theater thinking up grocery lists and ways to tell their kids how not to act like Pinocchio.
en:3856,11,31,a goodly as more as originalous as the pred to be in the the in but it' the been a forion..,,en,mbart_vectors,363,ZKW,1,"Not as distinctive or even as humorous as its needs to be to stand out, but it has clearly been made with affection and care."
en:3857,6,20,solid comedy drama aboutlike anything to have maded by a who of familyclasss.,,en,mbart_vectors,364,ZKW,0,A generic family comedy unlikely to be appreciated by anyone outside the under-10 set.
en:3861,12,31,"pperproduc,director, Franz hass news to make a filmianstyle film American-realistismre are shortreadfully flat.",,en,mbart_vectors,368,ZKW,0,"Co-writer/director Jonathan Parker's attempts to fashion a Brazil-like, hyper-real satire fall dreadfully short."
en:3870,5,16,' doesn't work the to to except not the moviely.,,en,mbart_vectors,377,ZKW,1,It just doesn't have much else... especially in a moral sense.
en:3871,7,24,whofortunamiliar moments theph moviess may have themselves Movie Guy Clubm aal adering.,,en,mbart_vectors,378,ZKW,1,Those unfamiliar with Mormon traditions may find The Singles Ward occasionally bewildering.
en:3873,6,19,"it filmed director and is not the guess, and if thess.",,en,mbart_vectors,380,ZKW,2,"But the talented cast alone will keep you watching, as will the fight scenes."
en:3877,8,24,"extraordinar film, but greater of how difficult of the, make a beyond the make us feel the lives.",,en,mbart_vectors,384,ZKW,2,"An important movie, a reminder of the power of film to move us and to make us examine our values."
en:3879,10,24,solidly craftd and poible well film of a maned artist who is has a to his.,,en,mbart_vectors,386,ZKW,2,A richly imagined and admirably mature work from a gifted director who definitely has something on his mind.
en:3882,10,22,the as more about that the's a lot audiencethri tomeates the film.,,en,mbart_vectors,389,ZKW,2,But what's nice is that there's a casual intelligence that permeates the script.
en:3887,10,28,"s likelightly like if the were a olded movie film twobeit brief that by a actor people,. the.",,en,mbart_vectors,394,ZKW,1,"Feels slight, as if it were an extended short, albeit one made by the smartest kids in class."
en:3888,6,13,film is't work what's coming movie.,,en,mbart_vectors,395,ZKW,1,The picture doesn't know it's a comedy.
en:3894,9,26,"'s a filmlinesning, a provok made, ly produced, visual most,ly..",,en,mbart_vectors,401,ZKW,2,"It's a head-turner -- thoughtfully written, beautifully read and, finally, deeply humanizing."
en:3897,10,33,"on a, wass ately perfectionficant by in's a kind-fi film of oftoni.ifflewoodEre'ats.",,en,mbart_vectors,404,ZKW,0,Men in Black II achieves ultimate insignificance -- it's the sci-fi comedy spectacle as Whiffle-Ball epic.
en:3899,13,29,"s a re film, alsoing to capture a solid to the to be about the obvious basics of of naturecency.",,en,mbart_vectors,5,ZMG,1,Presents a good case while failing to provide a reason for us to care beyond the very basic dictums of human decency.
en:3901,7,24,"w and itstic, a much greatlaws that' be hard to yous torug off.",,en,mbart_vectors,7,ZMG,0,"Bread, My Sweet has so many flaws it would be easy for critics to shred it."
en:3907,15,40,"youancesdale has been aelveaed to a littlech in would have been a muchfire, but that the that that wills about popular that's to look.",,en,mbart_vectors,14,ZMG,1,"If Deuces Wild had been tweaked up a notch it would have become a camp adventure, one of those movies that's so bad it starts to become good."
en:3925,2,10,' this movieness-.,,en,mbart_vectors,32,ZMG,2,I love the robust middle of this picture.
en:3932,12,28,film is a a watch at but you''t have a from than a movie hours popcornthrills. your costume.,,en,mbart_vectors,39,ZMG,1,"The Ring is worth a look, if you don't demand much more than a few cheap thrills from your Halloween entertainment."
en:3943,5,14,"' the movie movieage, the have it old one.",,en,mbart_vectors,50,ZMG,2,I like the new footage and still love the old stuff.
en:3944,11,29,"'ly makess with the-queism, but it more is theism is the membersly -- is atcliped..",,en,mbart_vectors,51,ZMG,1,"It briefly flirts with player masochism, but the point of real interest -- audience sadism -- is evaded completely."
en:3945,3,15,n Vam of be be be the good as this pred..,,en,mbart_vectors,52,ZMG,0,Could The Country Bears really be as bad as its trailers?
en:3949,3,8,film is to littlely.,,en,mbart_vectors,56,ZMG,0,The film seems a dead weight.
en:3950,13,48,"lingly  aflarious, comedyalousy films, isen' at much like a movie man Down Niro, he' like movie' be be a aThe Heroband' aitor'cker...",,en,mbart_vectors,57,ZMG,2,"Sparkling, often hilarious romantic jealousy comedy... Attal looks so much like a young Robert DeNiro that it seems the film should instead be called `My Husband Is Travis Bickle'."
en:3952,11,22,"beautifuludy film, iss not particularlyly aboutinteresable, but also notinteresable.",,en,mbart_vectors,59,ZMG,0,"A lousy movie that's not merely unwatchable, but also unlistenable."
en:3954,13,42,"film and, alys aly,, the to see immered to a un of a.dys Peak,ymer, the was a only a great, but also director friend being.",,en,mbart_vectors,61,ZMG,2,"A strong script, powerful direction and splendid production design allows us to be transported into the life of Wladyslaw Szpilman, who is not only a pianist, but a good human being."
en:3957,4,12,'s not moviecy moviemovieever'',,en,mbart_vectors,64,ZMG,1,It's a fanboy `what if?'
en:3960,15,58,"Kingedper the.,n, and his Buts, thetiny Tus son baseballvilles, are it theying the the., the films a filmoseust filmet wouldoms down the much smos is awe surprise to tonots",,en,mbart_vectors,67,ZMG,2,"Stephen Rea, Aidan Quinn, and Alan Bates play Desmond's legal eagles, and when joined by Brosnan, the sight of this grandiloquent quartet lolling in pretty Irish settings is a pleasant enough thing, `tis."
en:3963,1,16,about so thoughly a movie film York-s Thu,,en,mbart_vectors,70,ZMG,0,Everything was as superficial as the forced New Jersey lowbrow accent Uma had.
en:3971,13,31,"film-, the sense of the word, but-ly inless, and,ud,ful.scenxious,",,en,mbart_vectors,78,ZMG,0,"A zombie movie in every sense of the word -- mindless, lifeless, meandering, loud, painful, obnoxious."
en:3976,7,31,"ly,, how movies of have movies make, it thed to to change a a but it the' the reason' choice.",,en,mbart_vectors,83,ZMG,1,"High Crimes knows the mistakes that bad movies make and is determined not to make them, and maybe that is nobility of a sort."
en:3979,4,14,"a little, mysterydramalytheus comedycht..",,en,mbart_vectors,86,ZMG,0,... a bland murder-on-campus yawner.
en:3982,7,22,"fice to beingbling, predicttive,, a inlyreadness ofaring to.",,en,mbart_vectors,89,ZMG,0,"Suffers from rambling, repetitive dialogue and the visual drabness endemic to digital video."
en:3985,9,21,d are of the most ing filmslighttions of the man story in made to a.,,en,mbart_vectors,92,ZMG,2,Features one of the most affecting depictions of a love affair ever committed to film.
en:3995,8,32,"if filmshed film can not a audience of a, find to the movietricaable, over-,y. a ofculture.",,en,mbart_vectors,102,ZMG,0,"Even a hardened voyeur would require the patience of Job to get through this interminable, shapeless documentary about the swinging subculture."
en:3999,15,36,"film is a devoluved of a well as the occasion game,,s used in the movieclub.atnce. and it's more aable.",,en,mbart_vectors,106,ZMG,1,"The film is a contrivance, as artificial as the video games Japanese teens play in a nightclub sequence, but it's an enjoyable one."
en:4000,13,29,"its best, film- is athar, the at its lo it' a movie,'s workful,. hishood.",,en,mbart_vectors,107,ZMG,1,"At its worst the screenplay is callow, but at its best it is a young artist's thoughtful consideration of fatherhood."
en:4006,10,26,"Bridge is a a filmtakingly compd film ish film of art time,ive.",,en,mbart_vectors,113,ZMG,2,Jeffs has created a breathtakingly assured and stylish work of spare dialogue and acute expressiveness.
en:4030,7,21,"monelyle of a,bing, Yorkers on a families kill.nessers..",,en,mbart_vectors,137,ZMG,1,Anemic chronicle of money grubbing New Yorkers and their serial loveless hook ups.
en:4032,5,17,"it'm Got, go the movie on the moviema on.",,en,mbart_vectors,139,ZMG,1,And I've decided to leave a light on every night from now on.
en:4042,10,24,beautifuliyah isly getspens the audienceva- with to make ae interestmistry. herhall.,,en,mbart_vectors,149,ZMG,1,Aaliyah rarely dampens her diva persona enough to spark genuine chemistry with Townsend.
en:4045,10,25,a have a movie was to it for the staring characterss from place in the end's end..,,en,mbart_vectors,152,ZMG,1,... would be a total loss if not for two supporting performances taking place at the movie's edges.
en:4046,21,42,"extraordinaring and engafeltwrfirmting film, a wondere struggles of aese toes to in a.S.A-,s to re their familiess alive. a.",,en,mbart_vectors,153,ZMG,2,An inspiring and heart-affecting film about the desperate attempts of Vietnamese refugees living in U.S. relocation camps to keep their hopes alive in 1975.
en:4051,7,15,",s filmniest film mostable film..",,en,mbart_vectors,158,ZMG,2,Allen's funniest and most likeable movie in years.
en:4053,7,29,"' no loting sensebound of theicism, the,'nd the the movieity. if if his movie...",,en,mbart_vectors,160,ZMG,2,"There is a refreshing absence of cynicism in Stuart Little 2 -- quite a rarity, even in the family film market."
en:4063,8,26,"if the time of long-s, theughtboymovies, theenity is is afla..",,en,mbart_vectors,170,ZMG,0,"Even by the intentionally low standards of frat-boy humor, Sorority Boys is a bowser."
en:4075,7,25,filmly like performances of make even the whoing who have no or for.I.-s,,en,mbart_vectors,182,ZMG,2,"The stunning, dreamlike visuals will impress even those viewers who have little patience for Euro-film pretension."
en:4090,12,24,"thegie Guyes,, it is a thanetizing than a movie-sh. popcornsortgus.",,en,mbart_vectors,197,ZMG,2,"For VeggieTales fans, this is more appetizing than a side dish of asparagus."
en:4091,21,42,"the's as as a best to point of the newth century, it thes to to again to the and thedents, the,, it iss aingly slow.",,en,mbart_vectors,198,ZMG,1,"While it regards 1967 as the key turning point of the 20th century, and returns again and again to images of dissidents in the streets, it's alarmingly current."
en:4096,19,49,"thesrowed fromvily from the theth Six Vamence of the Lambs, it's to keep its its solid of humorphisticationnessintelligence and aelikeac de'ffo at movie..",,en,mbart_vectors,203,ZMG,2,"While Tattoo borrows heavily from both Seven and The Silence of the Lambs, it manages to maintain both a level of sophisticated intrigue and human-scale characters that suck the audience in."
en:4099,13,28,"'s a kind film of the year, far, and audiences a many the films Western filmsders have be givend.",,en,mbart_vectors,206,ZMG,2,"It's the best film of the year so far, the benchmark against which all other Best Picture contenders should be measured."
en:4100,9,14,is a of the most moviesappointments of year.,,en,mbart_vectors,207,ZMG,0,This is one of the biggest disappointments of the year.
en:4102,12,41,"Villemed the a the ordinaries of the, the onphilosoph and aly desiresession --likeor-thind,ft sessiontress, wouldwor a memorie her political and emotional her.",,en,mbart_vectors,209,ZMG,1,"Denis forges out of the theories of class - based rage and sisterly obsession a razor-sided tuning fork that rings with cultural, sexual and social discord."
en:4128,18,44,"moviely enjoymusk film, thell, intive, writtenotic, andly unsppy, andwe,m of comedyreal Simpsoning' and `atricTheatur.'",,en,mbart_vectors,235,ZMG,0,"A thoroughly awful movie -- dumb, narratively chaotic, visually sloppy... a weird amalgam of `The Thing' and a geriatric `Scream.'"
en:4131,11,36,"film is a chance for theuit and partiesness, moral senseedncy, but it's a that in than the for human audiencemakerswed characters.",,en,mbart_vectors,238,ZMG,1,"The movie has no respect for laws, political correctness or common decency, but it displays something more important: respect for its flawed, crazy people."
en:4137,15,36,"' be aappointuous to say theed a movie actor, but it'' it it the of the filmcker in in the out of the movie.",,en,mbart_vectors,244,ZMG,1,"It would be disingenuous to call Reno a great film, but you can say that about most of the flicks moving in and out of the multiplex."
en:4141,6,11,iguingly yetrightaneating.,,en,mbart_vectors,248,ZMG,2,Intriguing and downright intoxicating.
en:4143,17,32,"the most compying of about thiso Thiso is? is that it's a movie drama, by a who has has what about crime.",,en,mbart_vectors,250,ZMG,0,Perhaps the most annoying thing about Who Is Cletis Tout? is that it's a crime movie made by someone who obviously knows nothing about crime.
en:4145,5,26,"filmntes, iss on delicat of soul deep bones to the wonderful insight empatlys Wei..",,en,mbart_vectors,252,ZMG,2,The quirky drama touches the heart and the funnybone thanks to the energetic and always surprising performance by Rachel Griffiths.
en:4147,6,12,", uffling, a start-go.",,en,mbart_vectors,254,ZMG,0,Bad and baffling from the get-go.
en:4148,9,28,"film is a det from the material, but wellncy andtheater and engay story that us to a night year-.",,en,mbart_vectors,255,ZMG,2,"The movie is a blast of educational energy, as bouncy animation and catchy songs escort you through the entire 85 minutes."
en:4152,13,38,"film deal of the movielog is that lynessity of the hero, the-nier, who isembles himheldtherlone in his movie,.-nak.",,en,mbart_vectors,259,ZMG,1,"The real charm of this trifle is the deadpan comic face of its star, Jean Reno, who resembles Sly Stallone in a hot sake half-sleep."
en:4159,18,56,"tellet''t possibly being few moment, his first sense, thearings a the world/ community a man-level academic, a inferior academic and man that wouldsets all original's originale story. isres the of the original.",,en,mbart_vectors,266,ZMG,1,"LaBute can't avoid a fatal mistake in the modern era: He's changed the male academic from a lower-class Brit to an American, a choice that upsets the novel's exquisite balance and shreds the fabric of the film."
en:4163,7,17,"sh, a movie chance, a movie that''t.",,en,mbart_vectors,270,ZMG,1,Gere gives a good performance in a film that doesn't merit it.
en:4167,6,24,"film' as his extraordinar-s and and adlyrody, is failled for a movie theme.",,en,mbart_vectors,274,ZMG,0,"The director, with his fake backdrops and stately pacing, never settles on a consistent tone."
en:4168,5,27,"is' so a toeign to the movie is it' it "", and andved, ac -- is a a.",,en,mbart_vectors,275,ZMG,0,"Why he was given free reign over this project -- he wrote, directed, starred and produced -- is beyond me."
en:4169,12,27,"you' a entertained with a movie that iss you''t a good, and youys a you.",,en,mbart_vectors,276,ZMG,0,"If you enjoy being rewarded by a script that assumes you aren't very bright, then Blood Work is for you."
en:4170,8,37,"ad Giulia,, there' to be a long longy theify the positiontic  of he film movie. it, movie learned..t.",,en,mbart_vectors,277,ZMG,0,"Like Rudy Yellow Lodge, Eyre needs to take a good sweat to clarify his cinematic vision before his next creation and remember the lessons of the trickster spider."
en:4182,4,11,"to predictaringly anding,",,en,mbart_vectors,289,ZMG,2,"Hard, endearing, caring, warm."
en:4184,12,38,film ite andses to love for the is the theful and andgraphic and a kindal are makeitelly makefy them a. is adyly funnying.,,en,mbart_vectors,291,ZMG,2,The way Coppola professes his love for movies -- both colorful pop junk and the classics that unequivocally qualify as art -- is giddily entertaining.
en:4192,17,41,"''t bebble a memorys it it wills not the to be but's justly a movie, melotic filmroundical projecttion of the' a film. good.",,en,mbart_vectors,299,ZMG,1,It won't bust your gut -- and it's not intended to -- it's merely a blandly cinematic surgical examination of what makes a joke a joke.
en:4197,12,35,"filmomus ismovielythe-samee ister is the Home thesion is is no loty, -effecturs effect.s effect.",,en,mbart_vectors,304,ZMG,1,"The doofus-on-the-loose banter of Welcome to Collinwood has a cocky, after-hours loopiness to it."
en:4198,9,16,'s not kindniest movie comedy offiti..,,en,mbart_vectors,305,ZMG,2,It's the funniest American comedy since Graffiti Bridge.
en:4201,14,40,"n theelinglling, infelting, watch, the itma' hisstone haves filmling performances are the film- the level of a filmcchilin...",,en,mbart_vectors,308,ZMG,2,"Often gruelling and heartbreaking to witness, but Seldahl and Wollter's sterling performances raise this far above the level of the usual maudlin disease movie."
en:4206,6,25,"' aly the as left in a &,, the movie of suspens new than deepplaceteless",,en,mbart_vectors,313,ZMG,1,"That is essentially what's missing from Blackboards -- the sense of something bigger, some ultimate point."
en:4209,11,34,"filmlywitted film inme movieoffoff that a film Kingdom,y,, Theodile Row, a'istic. its finring.",,en,mbart_vectors,316,ZMG,0,"A dim-witted and lazy spin-off of the Animal Planet documentary series, Crocodile Hunter is entertainment opportunism at its most glaring."
en:4221,9,23,"extraordinarmusful lot, leave leave makey a most discernly imcontentable ofmakersers.",,en,mbart_vectors,328,ZMG,0,An awful movie that will only satisfy the most emotionally malleable of filmgoers.
en:4243,31,67,"dam's film to theling the's mosts is a bling, oftenaneherent form, the strugglegueness of the, matter, and ai of the,s the vious and inentious workavor.s...likecused...dioouslyaperating.",,en,mbart_vectors,350,ZMG,0,Godard's ode to tackling life's wonderment is a rambling and incoherent manifesto about the vagueness of topical excess... In Praise of Love remains a ponderous and pretentious endeavor that's unfocused and tediously exasperating.
en:4245,15,42,"' really understood across terms about the movie characters, the they not they areve be up in is it ite wills film work is ather a pleasanting nor.. us.",,en,mbart_vectors,352,ZMG,0,"We never truly come to care about the main characters and whether or not they'll wind up together, and Michele's spiritual quest is neither amusing nor dramatic enough to sustain interest."
en:4248,6,20,"the,s steical, have been more mored consentersight.",,en,mbart_vectors,355,ZMG,1,"Peralta's mythmaking could have used some informed, adult hindsight."
en:4255,12,35,", are be enjoy to see more time watching a moviestheater, about aovyy lists, the to make their stories that to to be. slaveocchio.",,en,mbart_vectors,362,ZMG,1,Adults will certainly want to spend their time in the theater thinking up grocery lists and ways to tell their kids how not to act like Pinocchio.
en:4256,10,31,a funnyly as more as originalous as the pred to satisf fulfill the the in but it' the been the for aion..,,en,mbart_vectors,363,ZMG,1,"Not as distinctive or even as humorous as its needs to be to stand out, but it has clearly been made with affection and care."
en:4257,6,20,"solid comedy drama,like anything to have maded by a who of familyclasss.",,en,mbart_vectors,364,ZMG,0,A generic family comedy unlikely to be appreciated by anyone outside the under-10 set.
en:4261,12,31,"pperproduc,director, Franz iss novels to make a filmianstyle film American-realistismre are shortreadfully.",,en,mbart_vectors,368,ZMG,0,"Co-writer/director Jonathan Parker's attempts to fashion a Brazil-like, hyper-real satire fall dreadfully short."
en:4270,5,16,' doesn't work the to to it not the moviely.,,en,mbart_vectors,377,ZMG,1,It just doesn't have much else... especially in a moral sense.
en:4271,9,24,whofortunamiliar with theph moviess may have themselves Movie Guy Clubm aally adering.,,en,mbart_vectors,378,ZMG,1,Those unfamiliar with Mormon traditions may find The Singles Ward occasionally bewildering.
en:4273,6,19,"it filmed director and is not the guess, and long thess.",,en,mbart_vectors,380,ZMG,2,"But the talented cast alone will keep you watching, as will the fight scenes."
en:4277,8,24,"extraordinar and, but greater of how difficult of the, make a beyond the make us the lives.",,en,mbart_vectors,384,ZMG,2,"An important movie, a reminder of the power of film to move us and to make us examine our values."
en:4279,9,24,"filmly craftd, yetble well film of a maned artist who has has a to his.",,en,mbart_vectors,386,ZMG,2,A richly imagined and admirably mature work from a gifted director who definitely has something on his mind.
en:4282,10,22,it as more about that the's a lot audiencethri to'meates the movie.,,en,mbart_vectors,389,ZMG,2,But what's nice is that there's a casual intelligence that permeates the script.
en:4287,11,28,"s likelightly like if it were a olded movie film twobeit brief that by a film people,. the.",,en,mbart_vectors,394,ZMG,1,"Feels slight, as if it were an extended short, albeit one made by the smartest kids in class."
en:4288,6,13,film is't work what's coming movie.,,en,mbart_vectors,395,ZMG,1,The picture doesn't know it's a comedy.
en:4294,10,26,"'s a filmlinesning, afully made, wellly produced, most,ly..",,en,mbart_vectors,401,ZMG,2,"It's a head-turner -- thoughtfully written, beautifully read and, finally, deeply humanizing."
en:4297,9,33,on a is wass ately perfectionficant by in's a kind-fi film that thattoni.ifflewoodEre'ats,,en,mbart_vectors,404,ZMG,0,Men in Black II achieves ultimate insignificance -- it's the sci-fi comedy spectacle as Whiffle-Ball epic.
en:4299,12,29,"s a re film, alsoing to capture a solid to the to be about the obvious leasts of of naturecency.",,en,mbart_vectors,5,ZPH,1,Presents a good case while failing to provide a reason for us to care beyond the very basic dictums of human decency.
en:4301,7,24,"w and astic, a much greatlaws that' be hard to yous to forgetrug off.",,en,mbart_vectors,7,ZPH,0,"Bread, My Sweet has so many flaws it would be easy for critics to shred it."
en:4307,14,40,"youancesdale has a aelveaed to a littlech in would have been a muchfire, but that the adventure that wills about popular that's to look.",,en,mbart_vectors,14,ZPH,1,"If Deuces Wild had been tweaked up a notch it would have become a camp adventure, one of those movies that's so bad it starts to become good."
en:4325,2,10,' this movieness- the.,,en,mbart_vectors,32,ZPH,2,I love the robust middle of this picture.
en:4332,12,28,film is a a watch at but you''t have a from than a movie hours popcornthrills. your costume.,,en,mbart_vectors,39,ZPH,1,"The Ring is worth a look, if you don't demand much more than a few cheap thrills from your Halloween entertainment."
en:4343,5,14,"' the movie movieage, the have it old one.",,en,mbart_vectors,50,ZPH,2,I like the new footage and still love the old stuff.
en:4344,11,29,"'ly makess with the-ochism, but it more is theism is the membersly -- is atcliping..",,en,mbart_vectors,51,ZPH,1,"It briefly flirts with player masochism, but the point of real interest -- audience sadism -- is evaded completely."
en:4345,3,15,n Vam of be be be the good as this pred..,,en,mbart_vectors,52,ZPH,0,Could The Country Bears really be as bad as its trailers?
en:4349,3,8,film is to littlely.,,en,mbart_vectors,56,ZPH,0,The film seems a dead weight.
en:4350,14,48,"lingly  flarious, comedyalousy films, isen' at much like a movie man Down Niro, he makes like movie' be be a aThe Heroband' Deaditor'cker'..",,en,mbart_vectors,57,ZPH,2,"Sparkling, often hilarious romantic jealousy comedy... Attal looks so much like a young Robert DeNiro that it seems the film should instead be called `My Husband Is Travis Bickle'."
en:4352,11,22,"beautifuludy film, doesns not particularlyly aboutinteresable, but also notinteresable.",,en,mbart_vectors,59,ZPH,0,"A lousy movie that's not merely unwatchable, but also unlistenable."
en:4354,12,42,"film,, alys aly,, the to see immered to a un of a.dys Peak,ymer, the was a only a great but but also director friend being.",,en,mbart_vectors,61,ZPH,2,"A strong script, powerful direction and splendid production design allows us to be transported into the life of Wladyslaw Szpilman, who is not only a pianist, but a good human being."
en:4357,5,12,'s a moviecy moviemovieever'',,en,mbart_vectors,64,ZPH,1,It's a fanboy `what if?'
en:4360,15,58,"Kingedper the.,n, and his Buts, thetiny Tus son baseballvilles, are it theying in the., the films a filmoseust filmet wouldoms down the much smos is awe surprise to tonots",,en,mbart_vectors,67,ZPH,2,"Stephen Rea, Aidan Quinn, and Alan Bates play Desmond's legal eagles, and when joined by Brosnan, the sight of this grandiloquent quartet lolling in pretty Irish settings is a pleasant enough thing, `tis."
en:4363,1,16,about so itly a movie film York-s Thu,,en,mbart_vectors,70,ZPH,0,Everything was as superficial as the forced New Jersey lowbrow accent Uma had.
en:4371,14,31,"beautiful-, the sense of the word, but-ly inless, and,,ud,ful.scenxious.",,en,mbart_vectors,78,ZPH,0,"A zombie movie in every sense of the word -- mindless, lifeless, meandering, loud, painful, obnoxious."
en:4376,7,31,"ly,, how movies of many movies make, it thed to to change a a but it it' the reason' the.",,en,mbart_vectors,83,ZPH,1,"High Crimes knows the mistakes that bad movies make and is determined not to make them, and maybe that is nobility of a sort."
en:4379,4,14,"a little, mysterydramalytheus comedycht..",,en,mbart_vectors,86,ZPH,0,... a bland murder-on-campus yawner.
en:4382,6,22,"fice to beingblings predicttive,, a inlyreadness ofaring to.",,en,mbart_vectors,89,ZPH,0,"Suffers from rambling, repetitive dialogue and the visual drabness endemic to digital video."
en:4385,9,21,d are of the most ing filmslighttions of the man story in made to a.,,en,mbart_vectors,92,ZPH,2,Features one of the most affecting depictions of a love affair ever committed to film.
en:4395,9,32,"if filmshed film can not a audience of a, find to the movietricaable, movie- filmy. aingculture.",,en,mbart_vectors,102,ZPH,0,"Even a hardened voyeur would require the patience of Job to get through this interminable, shapeless documentary about the swinging subculture."
en:4399,15,36,"film is a devoluved to a well as the occasion game, haves used in the movieclub.atnce. and it's more aable.",,en,mbart_vectors,106,ZPH,1,"The film is a contrivance, as artificial as the video games Japanese teens play in a nightclub sequence, but it's an enjoyable one."
en:4400,13,29,"times best, film- is athar, the at its best it' a movie,'s workful,. hishood.",,en,mbart_vectors,107,ZPH,1,"At its worst the screenplay is callow, but at its best it is a young artist's thoughtful consideration of fatherhood."
en:4406,11,26,"Bridge is a a filmtakingly complexd film ish film of art time,iveness.",,en,mbart_vectors,113,ZPH,2,Jeffs has created a breathtakingly assured and stylish work of spare dialogue and acute expressiveness.
en:4430,7,21,"monelyle of a,bing, Yorkers on a families kill.nessers..",,en,mbart_vectors,137,ZPH,1,Anemic chronicle of money grubbing New Yorkers and their serial loveless hook ups.
en:4432,6,17,it'm Got to go the movie on the moviema on.,,en,mbart_vectors,139,ZPH,1,And I've decided to leave a light on every night from now on.
en:4442,10,24,solidiyah isly haspens the audienceva- with to make ae interestmistry. her Hall.,,en,mbart_vectors,149,ZPH,1,Aaliyah rarely dampens her diva persona enough to spark genuine chemistry with Townsend.
en:4445,10,25,a have a movie was to it for the staring characterss from place in the end's end..,,en,mbart_vectors,152,ZPH,1,... would be a total loss if not for two supporting performances taking place at the movie's edges.
en:4446,20,42,"extraordinaring and engafeltfeltfirmting film, a wondere struggles of aese toes to in atahS.A-,s to re their familiess alive. a.",,en,mbart_vectors,153,ZPH,2,An inspiring and heart-affecting film about the desperate attempts of Vietnamese refugees living in U.S. relocation camps to keep their hopes alive in 1975.
en:4451,7,15,",s filmniest movie mostable film..",,en,mbart_vectors,158,ZPH,2,Allen's funniest and most likeable movie in years.
en:4453,7,29,"' no lotinglybound of theicism, the,'nd the possibly fewity. if if his movie...",,en,mbart_vectors,160,ZPH,2,"There is a refreshing absence of cynicism in Stuart Little 2 -- quite a rarity, even in the family film market."
en:4463,8,26,"if the time of long-s, theughtboymovies, theenity is is afla..",,en,mbart_vectors,170,ZPH,0,"Even by the intentionally low standards of frat-boy humor, Sorority Boys is a bowser."
en:4475,6,25,"filmly y,s of make even the whoing who have no or for.I.-s",,en,mbart_vectors,182,ZPH,2,"The stunning, dreamlike visuals will impress even those viewers who have little patience for Euro-film pretension."
en:4490,12,24,"thegie Guyes,, it is a thanetizing than a movie-sh. popcornsortgus.",,en,mbart_vectors,197,ZPH,2,"For VeggieTales fans, this is more appetizing than a side dish of asparagus."
en:4491,21,42,"the's as as a best to point of the newth century, it thes to to again to the and thedents and the,, it iss aingly slow.",,en,mbart_vectors,198,ZPH,1,"While it regards 1967 as the key turning point of the 20th century, and returns again and again to images of dissidents in the streets, it's alarmingly current."
en:4496,19,49,"thesrowed fromvily from the theth Six Vamence of the Lambs, it's to keep its its  of humorphisticationnessintelligence and aelikeac de'ffo at movie..",,en,mbart_vectors,203,ZPH,2,"While Tattoo borrows heavily from both Seven and The Silence of the Lambs, it manages to maintain both a level of sophisticated intrigue and human-scale characters that suck the audience in."
en:4499,12,28,"'s a kind movie of the year, far, and audiences the set the films Western filmsders have be givend.",,en,mbart_vectors,206,ZPH,2,"It's the best film of the year so far, the benchmark against which all other Best Picture contenders should be measured."
en:4500,9,14,is a of the most filmsappointments of year.,,en,mbart_vectors,207,ZPH,0,This is one of the biggest disappointments of the year.
en:4502,12,41,"Villemed the a the ordinaries of the and the onphilosoph and aly desiresession --likeor-thind,ft sessiontress, wouldwor the memoriely political and emotional her.",,en,mbart_vectors,209,ZPH,1,"Denis forges out of the theories of class - based rage and sisterly obsession a razor-sided tuning fork that rings with cultural, sexual and social discord."
en:4528,18,44,"filmly entertainmusk film, itll, intive, writtenotic, andly unsppy, andwe,m of comedyreal Simpsoning' and `atricTheatur.'",,en,mbart_vectors,235,ZPH,0,"A thoroughly awful movie -- dumb, narratively chaotic, visually sloppy... a weird amalgam of `The Thing' and a geriatric `Scream.'"
en:4531,11,36,"film is a chance for theuit and partiesness, moral senseedncy, but it's a that in than the for human audiencemakerswed moral characters.",,en,mbart_vectors,238,ZPH,1,"The movie has no respect for laws, political correctness or common decency, but it displays something more important: respect for its flawed, crazy people."
en:4537,14,36,"' be aappointuous to say theed a movie actor, but it'' it it the people the filmcker in in the out of the movie.",,en,mbart_vectors,244,ZPH,1,"It would be disingenuous to call Reno a great film, but you can say that about most of the flicks moving in and out of the multiplex."
en:4541,6,11,iguingly yetrightaneating.,,en,mbart_vectors,248,ZPH,2,Intriguing and downright intoxicating.
en:4543,15,32,"the best compying of about thiso Whoo is? is that it's a movie drama, in a who has has what about crime.",,en,mbart_vectors,250,ZPH,0,Perhaps the most annoying thing about Who Is Cletis Tout? is that it's a crime movie made by someone who obviously knows nothing about crime.
en:4545,5,26,"filmntes, ofs on delicat of soul soul bones to the wonderful insightlys Wei..",,en,mbart_vectors,252,ZPH,2,The quirky drama touches the heart and the funnybone thanks to the energetic and always surprising performance by Rachel Griffiths.
en:4547,6,12,", uffling, start start-go.",,en,mbart_vectors,254,ZPH,0,Bad and baffling from the get-go.
en:4548,10,28,"film is a det from the material, but wellncy andtheater and engay story that us to the night year-.",,en,mbart_vectors,255,ZPH,2,"The movie is a blast of educational energy, as bouncy animation and catchy songs escort you through the entire 85 minutes."
en:4552,13,38,"film deal of the filmlog is that kindlynessity of the protagonist, the-nier, who isembles him.therlone in his movie,.-nak.",,en,mbart_vectors,259,ZPH,1,"The real charm of this trifle is the deadpan comic face of its star, Jean Reno, who resembles Sly Stallone in a hot sake half-sleep."
en:4559,18,56,"tee''t possibly being few moment, his first sense, thearings a the world/ community the man-level academic, a inferior academic and man that wouldsets all original's originale story. isres the original of the film.",,en,mbart_vectors,266,ZPH,1,"LaBute can't avoid a fatal mistake in the modern era: He's changed the male academic from a lower-class Brit to an American, a choice that upsets the novel's exquisite balance and shreds the fabric of the film."
en:4563,7,17,"sh, a strange chance, a movie that''t.",,en,mbart_vectors,270,ZPH,1,Gere gives a good performance in a film that doesn't merit it.
en:4567,6,24,"film' as his extraordinar-s and and adlyrody, is failled for a movie theme.",,en,mbart_vectors,274,ZPH,0,"The director, with his fake backdrops and stately pacing, never settles on a consistent tone."
en:4568,6,27,"a' so a toeign to the movie is it' it "", and andved and ac -- is a a.",,en,mbart_vectors,275,ZPH,0,"Why he was given free reign over this project -- he wrote, directed, starred and produced -- is beyond me."
en:4569,12,27,"you' watching entertained with a movie that iss you''t a familiar, and youys a you.",,en,mbart_vectors,276,ZPH,0,"If you enjoy being rewarded by a script that assumes you aren't very bright, then Blood Work is for you."
en:4570,8,37,"ad Giulia,, there' to be a little longy theify the positiontic  of he film movie. its movie learned..ders.",,en,mbart_vectors,277,ZPH,0,"Like Rudy Yellow Lodge, Eyre needs to take a good sweat to clarify his cinematic vision before his next creation and remember the lessons of the trickster spider."
en:4582,4,11,"to predictaringly anding,",,en,mbart_vectors,289,ZPH,2,"Hard, endearing, caring, warm."
en:4584,11,38,"film thee andses to love for the, the theful and andgraphic -- a kindal are makeifylly makefy them a. is adyly funnying.",,en,mbart_vectors,291,ZPH,2,The way Coppola professes his love for movies -- both colorful pop junk and the classics that unequivocally qualify as art -- is giddily entertaining.
en:4592,17,41,"''t bebble you memorys it it wills not the to be but's justly a movie, humortic filmroundical projecttion of the' a film. good.",,en,mbart_vectors,299,ZPH,1,It won't bust your gut -- and it's not intended to -- it's merely a blandly cinematic surgical examination of what makes a joke a joke.
en:4597,13,35,"filmomus ismovielythe-samee ister is the to thesion is is no loty, -effecturs effect.s effect.",,en,mbart_vectors,304,ZPH,1,"The doofus-on-the-loose banter of Welcome to Collinwood has a cocky, after-hours loopiness to it."
en:4598,9,16,'s a kindniest movie comedy offiti..,,en,mbart_vectors,305,ZPH,2,It's the funniest American comedy since Graffiti Bridge.
en:4601,14,40,"n theelinglling, infelting, watch, the itma' hisstone haves filmling performances are the film- the level of a filmcchilin...",,en,mbart_vectors,308,ZPH,2,"Often gruelling and heartbreaking to witness, but Seldahl and Wollter's sterling performances raise this far above the level of the usual maudlin disease movie."
en:4606,6,25,"' aly the as left in a &,, the movie of suspens new is deepplaceteless",,en,mbart_vectors,313,ZPH,1,"That is essentially what's missing from Blackboards -- the sense of something bigger, some ultimate point."
en:4609,11,34,"solidlywitted film inme filmoffoff, a original Kingdom,y,, whichodile Row, a'ist, its finring.",,en,mbart_vectors,316,ZPH,0,"A dim-witted and lazy spin-off of the Animal Planet documentary series, Crocodile Hunter is entertainment opportunism at its most glaring."
en:4621,8,23,"extraordinarmusful lot, leave not gety a we discernly imcontentable of usmakersers.",,en,mbart_vectors,328,ZPH,0,An awful movie that will only satisfy the most emotionally malleable of filmgoers.
en:4643,31,67,"has's film to theling the's mosts is a bling, aneherent work, the wondergueness of the, matter. and ai of the,s the vious andentious workavor.slikecused...dioouslyaperating.",,en,mbart_vectors,350,ZPH,0,Godard's ode to tackling life's wonderment is a rambling and incoherent manifesto about the vagueness of topical excess... In Praise of Love remains a ponderous and pretentious endeavor that's unfocused and tediously exasperating.
en:4645,15,42,"' really understood across terms about the movie characters, the they not they areve be up in is it ite wills film work is ather a pleasanting nor.. us.",,en,mbart_vectors,352,ZPH,0,"We never truly come to care about the main characters and whether or not they'll wind up together, and Michele's spiritual quest is neither amusing nor dramatic enough to sustain interest."
en:4648,6,20,"the,s steical, have been more mored consentersight.",,en,mbart_vectors,355,ZPH,1,"Peralta's mythmaking could have used some informed, adult hindsight."
en:4655,12,35,", can be enjoy to see more time watching a moviestheater, about aovyy lists, the to make their stories that to to be. aocchio.",,en,mbart_vectors,362,ZPH,1,Adults will certainly want to spend their time in the theater thinking up grocery lists and ways to tell their kids how not to act like Pinocchio.
en:4656,11,31,a goodly as more as originalous as the pred to be in the the in but it' the been the for aion..,,en,mbart_vectors,363,ZPH,1,"Not as distinctive or even as humorous as its needs to be to stand out, but it has clearly been made with affection and care."
en:4657,6,20,solid comedy drama aboutlike anything to have maded by a who of familyclasss.,,en,mbart_vectors,364,ZPH,0,A generic family comedy unlikely to be appreciated by anyone outside the under-10 set.
en:4661,13,31,"pperproduc,director, Levi's Thes to make a filmianstyle film American-realistismre are shortreadfully.",,en,mbart_vectors,368,ZPH,0,"Co-writer/director Jonathan Parker's attempts to fashion a Brazil-like, hyper-real satire fall dreadfully short."
en:4670,5,16,' doesn't work the to to it not the moviely.,,en,mbart_vectors,377,ZPH,1,It just doesn't have much else... especially in a moral sense.
en:4671,9,24,whofortunamiliar with theph moviess may have themselves Movie Guy Clubm aally adering.,,en,mbart_vectors,378,ZPH,1,Those unfamiliar with Mormon traditions may find The Singles Ward occasionally bewildering.
en:4673,7,19,"the filmed director of is not the guess, and long thess.",,en,mbart_vectors,380,ZPH,2,"But the talented cast alone will keep you watching, as will the fight scenes."
en:4677,9,24,"extraordinar film, but greater of the difficult of the and make a beyond the make us feel the lives.",,en,mbart_vectors,384,ZPH,2,"An important movie, a reminder of the power of film to move us and to make us examine our values."
en:4679,9,24,"beautifully craftd, poible well film of a maned artist who has has a to his.",,en,mbart_vectors,386,ZPH,2,A richly imagined and admirably mature work from a gifted director who definitely has something on his mind.
en:4682,10,22,the as more about that the's a lot audiencethri to'meates the film.,,en,mbart_vectors,389,ZPH,2,But what's nice is that there's a casual intelligence that permeates the script.
en:4687,11,28,"s likelightly a if it were a olded movie film andbeit a that by a actor people,. the.",,en,mbart_vectors,394,ZPH,1,"Feels slight, as if it were an extended short, albeit one made by the smartest kids in class."
en:4688,6,13,film is't work what's coming movie.,,en,mbart_vectors,395,ZPH,1,The picture doesn't know it's a comedy.
en:4694,9,26,"'s a filmlinesning, a provok made, ly execut, visual most,ly..",,en,mbart_vectors,401,ZPH,2,"It's a head-turner -- thoughtfully written, beautifully read and, finally, deeply humanizing."
en:4697,10,33,"on a, wass ately ficance by in's a kind-fi film that thattoni.ifflewoodEre'atsly",,en,mbart_vectors,404,ZPH,0,Men in Black II achieves ultimate insignificance -- it's the sci-fi comedy spectacle as Whiffle-Ball epic.
en:0:avg,12,29,"s a re film, alsoing to capture a solid to the to be about the film leasts of of naturecency.",,en,mbart_vectors_avg,5,average,1,Presents a good case while failing to provide a reason for us to care beyond the very basic dictums of human decency.
en:2:avg,7,24,"eze and thestic, a much greatlaws that' be hard to yous torug off.",,en,mbart_vectors_avg,7,average,0,"Bread, My Sweet has so many flaws it would be easy for critics to shred it."
en:8:avg,16,40,"youances Wild had a aelveaed to a littlech in would have been a morefire, but that the adventure that des about familiar that's to look.",,en,mbart_vectors_avg,14,average,1,"If Deuces Wild had been tweaked up a notch it would have become a camp adventure, one of those movies that's so bad it starts to become good."
en:26:avg,2,10,' this movieness- the.,,en,mbart_vectors_avg,32,average,2,I love the robust middle of this picture.
en:33:avg,12,28,film is a a watch at but you''t have a from than a movie hours popcornthrills. your costume.,,en,mbart_vectors_avg,39,average,1,"The Ring is worth a look, if you don't demand much more than a few cheap thrills from your Halloween entertainment."
en:44:avg,5,14,"' the movie movieage, the have it old one.",,en,mbart_vectors_avg,50,average,2,I like the new footage and still love the old stuff.
en:45:avg,11,29,"'ly makess with the-queism, but it more is theism is thesly -- is evidentcliped..",,en,mbart_vectors_avg,51,average,1,"It briefly flirts with player masochism, but the point of real interest -- audience sadism -- is evaded completely."
en:46:avg,3,15,n Movie Club be have be the funny as this pred..,,en,mbart_vectors_avg,52,average,0,Could The Country Bears really be as bad as its trailers?
en:50:avg,3,8,film is to littlely.,,en,mbart_vectors_avg,56,average,0,The film seems a dead weight.
en:51:avg,14,48,"lingly  flarious, comedyalousy films about isicus' at much like a movie man Down Niro, he makes like movie' be be a aThe Heroband' Deaditor.an...",,en,mbart_vectors_avg,57,average,2,"Sparkling, often hilarious romantic jealousy comedy... Attal looks so much like a young Robert DeNiro that it seems the film should instead be called `My Husband Is Travis Bickle'."
en:53:avg,11,22,"filmudy film, doesns not aboutly aboutinteresable, but also notinteresable.",,en,mbart_vectors_avg,59,average,0,"A lousy movie that's not merely unwatchable, but also unlistenable."
en:55:avg,13,42,"solid and, alys aly,, the to see transported to a un of a.dys Peak andymer, the was a only a great but but also director friend being.",,en,mbart_vectors_avg,61,average,2,"A strong script, powerful direction and splendid production design allows us to be transported into the life of Wladyslaw Szpilman, who is not only a pianist, but a good human being."
en:58:avg,5,12,'s a moviecy moviemovieever'',,en,mbart_vectors_avg,64,average,1,It's a fanboy `what if?'
en:61:avg,14,58,"Kingedper the.,n, and his Buts, thetiny Tus son advicevilles, are it theing the the., the films a filmoseust filmet wouldoms down the much circless is awe surprise. butnots'",,en,mbart_vectors_avg,67,average,2,"Stephen Rea, Aidan Quinn, and Alan Bates play Desmond's legal eagles, and when joined by Brosnan, the sight of this grandiloquent quartet lolling in pretty Irish settings is a pleasant enough thing, `tis."
en:64:avg,2,16,about so it as a movie film York-s Thu,,en,mbart_vectors_avg,70,average,0,Everything was as superficial as the forced New Jersey lowbrow accent Uma had.
en:72:avg,14,31,"film-, the sense of the word, but-ly inless, and,ud,ful.scenxious.",,en,mbart_vectors_avg,78,average,0,"A zombie movie in every sense of the word -- mindless, lifeless, meandering, loud, painful, obnoxious."
en:77:avg,7,31,"ly,, how movies of have movies make, the generallyd to to change a a but it it' the reason' choice movie.",,en,mbart_vectors_avg,83,average,1,"High Crimes knows the mistakes that bad movies make and is determined not to make them, and maybe that is nobility of a sort."
en:80:avg,4,14,"a movie, mysterydramalytheus comedycht..",,en,mbart_vectors_avg,86,average,0,... a bland murder-on-campus yawner.
en:83:avg,7,22,"fice to beingblings predicttive dialogue, a inlyreadness ofaring to.",,en,mbart_vectors_avg,89,average,0,"Suffers from rambling, repetitive dialogue and the visual drabness endemic to digital video."
en:86:avg,9,21,d are of the most ing filmslighttions of the human story in made to a.,,en,mbart_vectors_avg,92,average,2,Features one of the most affecting depictions of a love affair ever committed to film.
en:96:avg,8,32,"if movieshed critic can not a audience of a, find to the movietricaable movieshi moviey. aingculture.",,en,mbart_vectors_avg,102,average,0,"Even a hardened voyeur would require the patience of Job to get through this interminable, shapeless documentary about the swinging subculture."
en:100:avg,15,36,"film is a revoluved to a well as the occasion above, haves used in theirclub.atnce. and it's alsoable.",,en,mbart_vectors_avg,106,average,1,"The film is a contrivance, as artificial as the video games Japanese teens play in a nightclub sequence, but it's an enjoyable one."
en:101:avg,13,29,"times best, film- is aked, the at its best it' a movie,'sful. hishood.",,en,mbart_vectors_avg,107,average,1,"At its worst the screenplay is callow, but at its best it is a young artist's thoughtful consideration of fatherhood."
en:107:avg,11,26,"Bridge' a a filmtakingly complexd film ish film of art time,iveness.",,en,mbart_vectors_avg,113,average,2,Jeffs has created a breathtakingly assured and stylish work of spare dialogue and acute expressiveness.
en:131:avg,7,21,"mone,le of a,bing, Yorkers on a kill.nessers..",,en,mbart_vectors_avg,137,average,1,Anemic chronicle of money grubbing New Yorkers and their serial loveless hook ups.
en:133:avg,6,17,it'm Got to put the movie on the moviema on.,,en,mbart_vectors_avg,139,average,1,And I've decided to leave a light on every night from now on.
en:143:avg,10,24,"deiyah isly getspens the audienceva, with to make ae interestmistry. herhall.",,en,mbart_vectors_avg,149,average,1,Aaliyah rarely dampens her diva persona enough to spark genuine chemistry with Townsend.
en:146:avg,10,25,a have a movie was to it for the staring characterss from place in the end's end..,,en,mbart_vectors_avg,152,average,1,... would be a total loss if not for two supporting performances taking place at the movie's edges.
en:147:avg,20,42,"extraordinaring and engafeltwrfirmting film, a couragee struggles of aese toes to in atahS.A-,s to re their familiess alive. a.",,en,mbart_vectors_avg,153,average,2,An inspiring and heart-affecting film about the desperate attempts of Vietnamese refugees living in U.S. relocation camps to keep their hopes alive in 1975.
en:152:avg,7,15,"'s film,est movie mostable film..",,en,mbart_vectors_avg,158,average,2,Allen's funniest and most likeable movie in years.
en:154:avg,7,29,"' no lotinglybound of theicism, the,'nd the possibly fewity. if though his case...",,en,mbart_vectors_avg,160,average,2,"There is a refreshing absence of cynicism in Stuart Little 2 -- quite a rarity, even in the family film market."
en:164:avg,8,26,"if the time of long-s, theughtboymovies, theenity is is afla..",,en,mbart_vectors_avg,170,average,0,"Even by the intentionally low standards of frat-boy humor, Sorority Boys is a bowser."
en:176:avg,8,25,filmly like performances of make even the whoers who have no or for.I.-s,,en,mbart_vectors_avg,182,average,2,"The stunning, dreamlike visuals will impress even those viewers who have little patience for Euro-film pretension."
en:191:avg,12,24,"thegie Guyes,, it is a thanetizing than a movie-sh. popcornsortgus.",,en,mbart_vectors_avg,197,average,2,"For VeggieTales fans, this is more appetizing than a side dish of asparagus."
en:192:avg,20,42,"the's as' a fin to point of the erath century, the thes to to again to the and thedents and the,, it iss aingly slow.",,en,mbart_vectors_avg,198,average,1,"While it regards 1967 as the key turning point of the 20th century, and returns again and again to images of dissidents in the streets, it's alarmingly current."
en:197:avg,18,49,"theseser fromvily from the the Si Six Vamence of the Lambs, it's to keep its its sense of humorphisticationnessintelligence and aelikeac de'ffo suprem movie..",,en,mbart_vectors_avg,203,average,2,"While Tattoo borrows heavily from both Seven and The Silence of the Lambs, it manages to maintain both a level of sophisticated intrigue and human-scale characters that suck the audience in."
en:200:avg,12,28,"'s a kind film of the year for far, and audiences the set the films Western filmsders have have givend.",,en,mbart_vectors_avg,206,average,2,"It's the best film of the year so far, the benchmark against which all other Best Picture contenders should be measured."
en:201:avg,9,14,is a of the most filmsappointments of year.,,en,mbart_vectors_avg,207,average,0,This is one of the biggest disappointments of the year.
en:203:avg,12,41,"Villemed the a the ordinaries of the and the onphilosoph and aly desiresession --likeor-thind,ft machinetress, wouldwor a memorie her psycholog and emotional her.",,en,mbart_vectors_avg,209,average,1,"Denis forges out of the theories of class - based rage and sisterly obsession a razor-sided tuning fork that rings with cultural, sexual and social discord."
en:229:avg,18,44,"solidly entertainmusful film, itll, intive, writtenotic, andly unsppy, andwe,m of bothreal Simpsoning' and `atricTheatur''",,en,mbart_vectors_avg,235,average,0,"A thoroughly awful movie -- dumb, narratively chaotic, visually sloppy... a weird amalgam of `The Thing' and a geriatric `Scream.'"
en:232:avg,11,36,"film is a basis for theuit and partiesness, moral senseedncy, but it's a that in than the for human creatormakerswed moral characters.",,en,mbart_vectors_avg,238,average,1,"The movie has no respect for laws, political correctness or common decency, but it displays something more important: respect for its flawed, crazy people."
en:238:avg,14,36,"' be aappointuous to say thisese a movie actor, but it'' it the the people the filmcker in in the out of the movie.",,en,mbart_vectors_avg,244,average,1,"It would be disingenuous to call Reno a great film, but you can say that about most of the flicks moving in and out of the multiplex."
en:242:avg,6,11,iguingly yetrightaneating.,,en,mbart_vectors_avg,248,average,2,Intriguing and downright intoxicating.
en:244:avg,14,32,"the best compying of about thisopi Whoo is? is that the's not movie drama, by a who was has what about crime.",,en,mbart_vectors_avg,250,average,0,Perhaps the most annoying thing about Who Is Cletis Tout? is that it's a crime movie made by someone who obviously knows nothing about crime.
en:246:avg,5,26,"filmntes, ofs on delicat of soul soul bones to the wonderful connections Wei..",,en,mbart_vectors_avg,252,average,2,The quirky drama touches the heart and the funnybone thanks to the energetic and always surprising performance by Rachel Griffiths.
en:248:avg,6,12,", uffling, start start-go.",,en,mbart_vectors_avg,254,average,0,Bad and baffling from the get-go.
en:249:avg,10,28,"film is a greatt from old material, but wellncy andtheater and y story that us to the night-.",,en,mbart_vectors_avg,255,average,2,"The movie is a blast of educational energy, as bouncy animation and catchy songs escort you through the entire 85 minutes."
en:253:avg,13,38,"film deal of the movielog is that lynessity of the hero, the-nier, and isembles aheldtherlone in a movie bath.-nak.",,en,mbart_vectors_avg,259,average,1,"The real charm of this trifle is the deadpan comic face of its star, Jean Reno, who resembles Sly Stallone in a hot sake half-sleep."
en:260:avg,18,56,"tellet''t possibly being few moment, his first sense, thearings a the world/ community the man-level academican a inferior academic and man that wouldsets all original's originale story. conres the original of the film.",,en,mbart_vectors_avg,266,average,1,"LaBute can't avoid a fatal mistake in the modern era: He's changed the male academic from a lower-class Brit to an American, a choice that upsets the novel's exquisite balance and shreds the fabric of the film."
en:264:avg,6,17,"sh, the strange chance, a movie that''t.",,en,mbart_vectors_avg,270,average,1,Gere gives a good performance in a film that doesn't merit it.
en:268:avg,5,24,"film' as his extraordinar-s,, adlyrody, is gotled for a movie theme.",,en,mbart_vectors_avg,274,average,0,"The director, with his fake backdrops and stately pacing, never settles on a consistent tone."
en:269:avg,6,27,"is' so a speecheign to the movie is it' it ""ed and and direct, ac -- is a a.",,en,mbart_vectors_avg,275,average,0,"Why he was given free reign over this project -- he wrote, directed, starred and produced -- is beyond me."
en:270:avg,12,27,"you' watching entertained with a movie that captures you''t a familiar, and youys a you.",,en,mbart_vectors_avg,276,average,0,"If you enjoy being rewarded by a script that assumes you aren't very bright, then Blood Work is for you."
en:271:avg,8,37,"ad Giulia,, there' to be a long longy theify the positiontic  of he film movie. it that movie learned..t.",,en,mbart_vectors_avg,277,average,0,"Like Rudy Yellow Lodge, Eyre needs to take a good sweat to clarify his cinematic vision before his next creation and remember the lessons of the trickster spider."
en:283:avg,4,11,"to predictaring,ing",,en,mbart_vectors_avg,289,average,2,"Hard, endearing, caring, warm."
en:285:avg,13,38,film thepola andses to love for the is the theful and andgraphic and a kindal are haveifylly makefy us a. is adyly funnying.,,en,mbart_vectors_avg,291,average,2,The way Coppola professes his love for movies -- both colorful pop junk and the classics that unequivocally qualify as art -- is giddily entertaining.
en:293:avg,17,41,"''t surprisebble you memorys it it wons not the to be but's justly a movie, melotic filmroundical advertisetion of the' a film. good.",,en,mbart_vectors_avg,299,average,1,It won't bust your gut -- and it's not intended to -- it's merely a blandly cinematic surgical examination of what makes a joke a joke.
en:298:avg,10,35,filmomy ismovielythe-samee ister is the Home theder is is no loty effect-effecturs effect.s effect.,,en,mbart_vectors_avg,304,average,1,"The doofus-on-the-loose banter of Welcome to Collinwood has a cocky, after-hours loopiness to it."
en:299:avg,9,16,'s not kindniest movie comedy offiti..,,en,mbart_vectors_avg,305,average,2,It's the funniest American comedy since Graffiti Bridge.
en:302:avg,13,40,"n theelingsome, infelting, watch, the thema' hisstone's extraordinarling performances are the film- its level of a moviecchilin...",,en,mbart_vectors_avg,308,average,2,"Often gruelling and heartbreaking to witness, but Seldahl and Wollter's sterling performances raise this far above the level of the usual maudlin disease movie."
en:307:avg,6,25,"' aly the thes left in a &,, the movie of suspens new than deepplaceteless",,en,mbart_vectors_avg,313,average,1,"That is essentially what's missing from Blackboards -- the sense of something bigger, some ultimate point."
en:310:avg,11,34,"filmlywitted film inme filmoffoff, a American Kingdom,y,, Theodile Row, a'ist. its finring.",,en,mbart_vectors_avg,316,average,0,"A dim-witted and lazy spin-off of the Animal Planet documentary series, Crocodile Hunter is entertainment opportunism at its most glaring."
en:322:avg,8,23,"extraordinarmusful lot, leave not makey a we inly imcontentable of usmakersers.",,en,mbart_vectors_avg,328,average,0,An awful movie that will only satisfy the most emotionally malleable of filmgoers.
en:344:avg,31,67,"knows's film to theling the's mosts is a bling, oftenaneherent form, the strugglegueness of the, matter, and ai of the,s the ous and inentious workavor.slikecused atdioouslyaperating.",,en,mbart_vectors_avg,350,average,0,Godard's ode to tackling life's wonderment is a rambling and incoherent manifesto about the vagueness of topical excess... In Praise of Love remains a ponderous and pretentious endeavor that's unfocused and tediously exasperating.
en:346:avg,15,42,"' really understood across terms about the movie characters, the they not they areve be up in is it ite wills character work is ather a pleasanting nor.. us.",,en,mbart_vectors_avg,352,average,0,"We never truly come to care about the main characters and whether or not they'll wind up together, and Michele's spiritual quest is neither amusing nor dramatic enough to sustain interest."
en:349:avg,6,20,"the,s steical, have been more mored consentersight.",,en,mbart_vectors_avg,355,average,1,"Peralta's mythmaking could have used some informed, adult hindsight."
en:356:avg,12,35,", can be be to see more time watching a moviestheater, about aovyy lists, the to make their stories that to to be. aocchio.",,en,mbart_vectors_avg,362,average,1,Adults will certainly want to spend their time in the theater thinking up grocery lists and ways to tell their kids how not to act like Pinocchio.
en:357:avg,11,31,only funnyly as more as originalous as the pred to satisf met satisf out in but it' the been aion..,,en,mbart_vectors_avg,363,average,1,"Not as distinctive or even as humorous as its needs to be to stand out, but it has clearly been made with affection and care."
en:358:avg,6,20,film comedy drama aboutlike anything to have maded by a who of familyclasss.,,en,mbart_vectors_avg,364,average,0,A generic family comedy unlikely to be appreciated by anyone outside the under-10 set.
en:362:avg,13,31,"pperproduc,director, Franz's novels to make a filmianstyle American American-realistismre are shortreadfully.",,en,mbart_vectors_avg,368,average,0,"Co-writer/director Jonathan Parker's attempts to fashion a Brazil-like, hyper-real satire fall dreadfully short."
en:371:avg,5,16,' doesn't work the to to except not the moviely.,,en,mbart_vectors_avg,377,average,1,It just doesn't have much else... especially in a moral sense.
en:372:avg,9,24,whofortunamiliar characters themon moviess may have themselves Movie Guy Clubm aally adering.,,en,mbart_vectors_avg,378,average,1,Those unfamiliar with Mormon traditions may find The Singles Ward occasionally bewildering.
en:374:avg,6,19,"it filmed director of is not the guess, and if the-s.",,en,mbart_vectors_avg,380,average,2,"But the talented cast alone will keep you watching, as will the fight scenes."
en:378:avg,8,24,"extraordinar film, but greater of how difficult of the and form a beyond the make us feel the lives.",,en,mbart_vectors_avg,384,average,2,"An important movie, a reminder of the power of film to move us and to make us examine our values."
en:380:avg,10,24,filmly craftd and poible well film of a maned artist who is has a to his.,,en,mbart_vectors_avg,386,average,2,A richly imagined and admirably mature work from a gifted director who definitely has something on his mind.
en:383:avg,10,22,it as more about that the's a lot audiencethri in'meates the film.,,en,mbart_vectors_avg,389,average,2,But what's nice is that there's a casual intelligence that permeates the script.
en:388:avg,10,28,s likelightly like if the were a olded movie film twobeit brief that by a people people. the.,,en,mbart_vectors_avg,394,average,1,"Feels slight, as if it were an extended short, albeit one made by the smartest kids in class."
en:389:avg,6,13,film is't work what's coming movie.,,en,mbart_vectors_avg,395,average,1,The picture doesn't know it's a comedy.
en:395:avg,9,26,"'s a filmlinesning, a provok made, ly execut, most,ly..",,en,mbart_vectors_avg,401,average,2,"It's a head-turner -- thoughtfully written, beautifully read and, finally, deeply humanizing."
en:398:avg,10,33,"on a, wass ately perfectionficant by in's a kind-fi film of oftoni.ifflewoodEre'ats.",,en,mbart_vectors_avg,404,average,0,Men in Black II achieves ultimate insignificance -- it's the sci-fi comedy spectacle as Whiffle-Ball epic.
