trial,tf_correct,tf_scored,tf_text,free_text,lang,condition,sentence_id,reader,label,gold
en:0,13,29,Thes a  example for beinging to capture a compably why to re about the level basics of of the naturecency.,"The film is a great example of the power of a well-educated audience, but it's also a poorly educated one, despite its rich content.",en,word_vectors,5,ZAB,1,Presents a good case while failing to provide a reason for us to care beyond the very basic dictums of human decency.
en:2,7,24,Theed and it Little Pea a many thingslaws that' be hard to yous to pointrug off off,The film is a great example of the need to be respected by all who,en,word_vectors,7,ZAB,0,"Bread, My Sweet has so many flaws it would be easy for critics to shred it."
en:8,14,40,"A youanber Wild were a aelveaed to a bitch, would have been a lotfire, but that the that that doesns never much that's to look funny.","A dark comedy, a dark romance, and a dark one, all of which is a lot more fun than the usual",en,word_vectors,14,ZAB,1,"If Deuces Wild had been tweaked up a notch it would have become a camp adventure, one of those movies that's so bad it starts to become good."
en:26,2,10,The' this movieness- the.,The film is a wonder of American life.,en,word_vectors,32,ZAB,2,I love the robust middle of this picture.
en:33,12,28,The film is a seeing watch at but you''t mind a more than a movie hours popcornthrills. a.,"The film is so much more poignant than its predecessor, The Art of War, which was a delightful satire of a wonderful American film.",en,word_vectors,39,ZAB,1,"The Ring is worth a look, if you don't demand much more than a few cheap thrills from your Halloween entertainment."
en:44,6,14,"The' the movie filmage, the have the old.",The film is a wonderous gift from a filmmaker who,en,word_vectors,50,ZAB,2,I like the new footage and still love the old stuff.
en:45,11,29,"The'ly seemss with the-queraism, but it film is theism is especiallysly -- is atcliped..",The film is a tremendous example of the courage and tenacity of a man who was once a prisoner.,en,word_vectors,51,ZAB,1,"It briefly flirts with player masochism, but the point of real interest -- audience sadism -- is evaded completely."
en:46,3,15,An Legend Club be Get be the funny as the..,A movie about a man who was forced to work,en,word_vectors,52,ZAB,0,Could The Country Bears really be as bad as its trailers?
en:50,2,8,A film is to littlely,A movie about a man who,en,word_vectors,56,ZAB,0,The film seems a dead weight.
en:51,14,48,"Alingly  flarious, comedyalousy,, isach' at much like a movie man Down Niro in he' like movie' be beThesticband. aitor'ography...","A beautifully composed and well performed film, which is why it's so popular in the community, and it's often seen as a",en,word_vectors,57,ZAB,2,"Sparkling, often hilarious romantic jealousy comedy... Attal looks so much like a young Robert DeNiro that it seems the film should instead be called `My Husband Is Travis Bickle'."
en:53,9,22,"The movieudy film, doesns too particularlyly funnyinteresable, but it notinteresable.",The film is so much more poignant than its predecessor,en,word_vectors,59,ZAB,0,"A lousy movie that's not merely unwatchable, but also unlistenable."
en:55,14,42,"The stunning,, a ac, a performances, the to see transported to a era of a.dys Peak andiler, the is a the a film, but also director actor being.","A stunningly well-crafted film, which is at the core of its essence a cult classic of the American dream, but is also a remarkable failure to capture the human spirit.",en,word_vectors,61,ZAB,2,"A strong script, powerful direction and splendid production design allows us to be transported into the life of Wladyslaw Szpilman, who is not only a pianist, but a good human being."
en:58,5,12,The's a moviecy moviegangever'',The film is so realistic and,en,word_vectors,64,ZAB,1,It's a fanboy `what if?'
en:61,17,58,"A Kinged is theusten,n, and his Greens, thetiny Tus most advicevilles, but it theed in the., the film of a beautifuloseust meloet isud down the muchs is awe surprise one. thoughfor","A beautifully composed and well performed film, it is a wonder how many people have come to see the film in the same vein as the original author.",en,word_vectors,67,ZAB,2,"Stephen Rea, Aidan Quinn, and Alan Bates play Desmond's legal eagles, and when joined by Brosnan, the sight of this grandiloquent quartet lolling in pretty Irish settings is a pleasant enough thing, `tis."
en:64,2,16,"The about so though as it movie, Yorkballs Thu",The film is a wonderful introduction to a human nature,en,word_vectors,70,ZAB,0,Everything was as superficial as the forced New Jersey lowbrow accent Uma had.
en:72,14,31,"The dark-, its sense, the word, but-, stupidless, and,, deud, deful,scenxious,","The movie is a horror flick, but it's not as funny as the original.",en,word_vectors,78,ZAB,0,"A zombie movie in every sense of the word -- mindless, lifeless, meandering, loud, painful, obnoxious."
en:77,8,31,"The- is is how movies of have movies make, the generallyd to to make, better but the it' the reason. the film.",The film is a great example of the power of a man who can make a movie by making a convincing case for his,en,word_vectors,83,ZAB,1,"High Crimes knows the mistakes that bad movies make and is determined not to make them, and maybe that is nobility of a sort."
en:80,4,14,"The a movie, mysterydramalyemus comedycht..",The film is unlike anything,en,word_vectors,86,ZAB,0,... a bland murder-on-campus yawner.
en:83,6,22,"Thefice little ablings intive dialogue, a inlyreadness ofaring in the.",The film is a tremendous example of the courage of a,en,word_vectors,89,ZAB,0,"Suffers from rambling, repetitive dialogue and the visual drabness endemic to digital video."
en:86,9,21,Thed are of the most comping filmsalstions of the man story in made to a.,The film is a wonderful introduction to the power of a woman's courageous,en,word_vectors,92,ZAB,2,Features one of the most affecting depictions of a love affair ever committed to film.
en:96,9,32,"The though filmshed film can not a least of a, find through the longtricaable, two-,y. hising ofculture of","The film is a wonder of the times, and its audience will be amazed at the intelligence of the actors and the actresses.",en,word_vectors,102,ZAB,0,"Even a hardened voyeur would require the patience of Job to get through this interminable, shapeless documentary about the swinging subculture."
en:100,16,36,"The film is a wondervived of a isly the realtape, cultures used in the socclub.atnce. and it's more aable one.","The film is a wonderful introduction to the fascinating world of film, its extraordinary talent and its extraordinary ability to convey a sense of",en,word_vectors,106,ZAB,1,"The film is a contrivance, as artificial as the video games Japanese teens play in a nightclub sequence, but it's an enjoyable one."
en:101,14,29,"The its best, film' is aked, the at its best it' a documentar,'s attemptful gift.hood.",The film is a wonderful gift from a director who has a gift for making a film about his,en,word_vectors,107,ZAB,1,"At its worst the screenplay is callow, but at its best it is a young artist's thoughtful consideration of fatherhood."
en:107,11,26,"The Bridge' a a wonderfultakingly complexd por ish por of art time,weiveness.",The film is so well made that it's hard to find a comparable film in,en,word_vectors,113,ZAB,2,Jeffs has created a breathtakingly assured and stylish work of spare dialogue and acute expressiveness.
en:131,8,21,"Themone,le of a-bing, Yorkers are a kill.erss.",The film is a wonderful introduction to the fascinating world of,en,word_vectors,137,ZAB,1,Anemic chronicle of money grubbing New Yorkers and their serial loveless hook ups.
en:133,6,17,The it'm Got to make the movie on the onemare on.,The film is so much more poignant than its predecessor,en,word_vectors,139,ZAB,1,And I've decided to leave a light on every night from now on.
en:143,8,24,The beautifulbert isly makesmit the sensibilvasive with to make ae interestmistry.e.,The film is a wonderful example of the power of,en,word_vectors,149,ZAB,1,Aaliyah rarely dampens her diva persona enough to spark genuine chemistry with Townsend.
en:146,11,25,"The a be a great was of it for the peopleing guestss, place in the end's end..",The film is so well made that it's hard to find a comparable film in the,en,word_vectors,152,ZAB,1,... would be a total loss if not for two supporting performances taking place at the movie's edges.
en:147,19,42,"A extraordinaringly inspirwarmwarmfirmting film, the couragee needs of aese womenes to in a.S. colonlent, to to escape them homess alive. a.","A wonderfully articulated and well-crafted introduction to the fascinating world of film, the extraordinary talent of the author and the extraordinary talent of the",en,word_vectors,153,ZAB,2,An inspiring and heart-affecting film about the desperate attempts of Vietnamese refugees living in U.S. relocation camps to keep their hopes alive in 1975.
en:152,9,15,The's filmniest movie mostable movie..,The film is infuriatingly slow and inexplicably,en,word_vectors,158,ZAB,2,Allen's funniest and most likeable movie in years.
en:154,9,29,"The' no certaining amountbound of theicism, the,', the possibly movieity in if if the film filmverse.","The film is a wonderful introduction to the love of the film, but it's not as poignant as the first two.",en,word_vectors,160,ZAB,2,"There is a refreshing absence of cynicism in Stuart Little 2 -- quite a rarity, even in the family film market."
en:164,8,26,"The if the time of low-s, thecboyands, theenelle of is afla-.","The film is not a documentary, it's a play, and it's not a",en,word_vectors,170,ZAB,0,"Even by the intentionally low standards of frat-boy humor, Sorority Boys is a bowser."
en:176,9,25,A filmly exlike visuals of keep even the whoing who have little..language.-.,"A solid introduction to the subject matter, but not a complete introduction to the project.",en,word_vectors,182,ZAB,2,"The stunning, dreamlike visuals will impress even those viewers who have little patience for Euro-film pretension."
en:191,12,24,"The thegie Girles,, the is a ofetizing than a movie-sh. popcornsortgus.",The film is so much more realistic than its predecessor,en,word_vectors,197,ZAB,2,"For VeggieTales fans, this is more appetizing than a side dish of asparagus."
en:192,21,42,"The the mays as as a first year point of his filmth century, it hass to to again to the of thedents, the,, it iss aingly slow.","The film is a wonderful introduction to the fascinating world of film, its extraordinary improvisations and its extraordinary ability to make a convincing case for",en,word_vectors,198,ZAB,1,"While it regards 1967 as the key turning point of the 20th century, and returns again and again to images of dissidents in the streets, it's alarmingly current."
en:197,19,49,"The theedesed fromvily from a theth Six Sevenence of the Lambs, it's to keep its its suspens of suspensphistication intelligence and aelikeac 'ck at film into a","The film's plot is so predictable that it almost never makes sense to re-watch the original, instead of re-reading the original.",en,word_vectors,203,ZAB,2,"While Tattoo borrows heavily from both Seven and The Silence of the Lambs, it manages to maintain both a level of sophisticated intrigue and human-scale characters that suck the audience in."
en:200,12,28,"The's a kind film of the year, far, and audience for the two the films Western categorieders have beholdd,",The film is a great example of the matur Axis of Evil's ability to make a great film by using a combination of,en,word_vectors,206,ZAB,2,"It's the best film of the year so far, the benchmark against which all other Best Picture contenders should be measured."
en:201,9,14,The is a of the most filmsappointments of year.,The movie is a great example of a,en,word_vectors,207,ZAB,0,This is one of the biggest disappointments of the year.
en:203,10,41,"The Villemed the the the wayries of the and the onphilosoph and sexhood tragesession --likeor-thin and waymult, a, wouldfla the thely psycholog and emotional her.",The film is a great example of the maturity of a man who has learned to live in a world that has little or no respect for,en,word_vectors,209,ZAB,1,"Denis forges out of the theories of class - based rage and sisterly obsession a razor-sided tuning fork that rings with cultural, sexual and social discord."
en:229,18,44,"The beautifully personalmusk film, thell and deliberatively drawotic, andly deppy, andcted,m of tworeal Americaning' and `atrictheatur.'",The film is a wonder of a time when the power of a woman's courage was so great that,en,word_vectors,235,ZAB,0,"A thoroughly awful movie -- dumb, narratively chaotic, visually sloppy... a weird amalgam of `The Thing' and a geriatric `Scream.'"
en:232,13,36,"A film is no basis for theuit the partiesness, moral senseceit, but it's a that than than the for human audiencemakerswed, un characters.",A film about a man who was forced to work in a factory while being forced to work in a factory.,en,word_vectors,238,ZAB,1,"The movie has no respect for laws, political correctness or common decency, but it displays something more important: respect for its flawed, crazy people."
en:238,14,36,The' be aappointuous to say theese a movie film if but it'' it it as of the filmcker in in the out. the film.,"The film is a great example of the power of a man who has learned to be patient, empathetic, and empathetic by nature.",en,word_vectors,244,ZAB,1,"It would be disingenuous to call Reno a great film, but you can say that about most of the flicks moving in and out of the multiplex."
en:242,6,11,Theiguingly poiright disturbaneating.,The film is surprisingly,en,word_vectors,248,ZAB,2,Intriguing and downright intoxicating.
en:244,12,32,"The the best poiying thing about thisle Thiso?ing is the it's not movie drama, in a who' doesn what about.","The film is a great example of the power of a man who can make a good case for himself, but he's also a man who's",en,word_vectors,250,ZAB,0,Perhaps the most annoying thing about Who Is Cletis Tout? is that it's a crime movie made by someone who obviously knows nothing about crime.
en:246,7,26,"The filmrky, iss on delicat of soul soul,s to the wonderful presence enga humors...",The film is a wonderfully accurate portrait of a character who has a wonderful gift for understanding and empathy.,en,word_vectors,252,ZAB,2,The quirky drama touches the heart and the funnybone thanks to the energetic and always surprising performance by Rachel Griffiths.
en:248,6,12,"The, uffling, start start-go.","The film is so realistic, yet so",en,word_vectors,254,ZAB,0,Bad and baffling from the get-go.
en:249,10,28,"The film is a wonderfult at the de, but itncy andthro and y performance all us to a-.","The film is a wonderful example of the courage and tenacity of a man who was once a prisoner, but now is",en,word_vectors,255,ZAB,2,"The movie is a blast of educational energy, as bouncy animation and catchy songs escort you through the entire 85 minutes."
en:253,14,38,"The film thing of the movieangle is the lyness effect of a hero, who-nier, who isembles aheldtherlone. a,.waynak.",The film is a great example of the power of a woman's determination to be honest and to be respectful.,en,word_vectors,259,ZAB,1,"The real charm of this trifle is the deadpan comic face of its star, Jean Reno, who resembles Sly Stallone in a hot sake half-sleep."
en:260,16,56,"Theteena is onlyt possibly being few f, his introduc film, the useds a his way- community the man-class academic, a inferior academic but man that'sets both film's originale . bringres the of the.","The film is a remarkable example of the courage and determination of a man who was once a prisoner, but who has now become a hero and a leader.",en,word_vectors,266,ZAB,1,"LaBute can't avoid a fatal mistake in the modern era: He's changed the male academic from a lower-class Brit to an American, a choice that upsets the novel's exquisite balance and shreds the fabric of the film."
en:264,6,17,"Thesh is the solid example, a movie that''t.",The film is not as original as its predecessor,en,word_vectors,270,ZAB,1,Gere gives a good performance in a film that doesn't merit it.
en:268,7,24,"The film' as his -pack and, a- dressved, is failles for a project theme.","The film is so compelling, it's hard to find a comparable film in",en,word_vectors,274,ZAB,0,"The director, with his fake backdrops and stately pacing, never settles on a consistent tone."
en:269,5,27,"The should' so a ticketseign to a movie, it' it "", and and-, perform -- is a the.",The film is a great example of the power of a woman's determination to behave in a manner that,en,word_vectors,275,ZAB,0,"Why he was given free reign over this project -- he wrote, directed, starred and produced -- is beyond me."
en:270,12,27,"A you' a entertained with a movie that's you''t a familiar, and youyout a you.",A film that is so much more fun to watch than a movie that is completely devoid of any emotional connection.,en,word_vectors,276,ZAB,0,"If you enjoy being rewarded by a script that assumes you aren't very bright, then Blood Work is for you."
en:271,7,37,A ad Giulia'' there' to be a long longer workify the roletic  of he return film. its learnedery.ke.,"A beautifully composed and actinged film, the film's cast is well versed in the art of visual communication, and the original scripts are awe-inspiring.",en,word_vectors,277,ZAB,0,"Like Rudy Yellow Lodge, Eyre needs to take a good sweat to clarify his cinematic vision before his next creation and remember the lessons of the trickster spider."
en:283,5,11,"The to aring,ing,",The film is beautiful.,en,word_vectors,289,ZAB,2,"Hard, endearing, caring, warm."
en:285,13,38,"The film ite treatses to love of the is the theful and andimprov and  kindal that haverally representfy us a, is adyly beautifuling.","The film is a wonder of a human being, and its characters are so well known that it's hard to find a comparable film.",en,word_vectors,291,ZAB,2,The way Coppola professes his love for movies -- both colorful pop junk and the classics that unequivocally qualify as art -- is giddily entertaining.
en:293,17,41,"The''t takebble a bigs it it wills not particularly to be but's justly a movie, visualtic porroundical projecttion of the a a film. movie.",The film is a wonderfully accurate portrait of the people of the world who have made the journey to the end of their lives.,en,word_vectors,299,ZAB,1,It won't bust your gut -- and it's not intended to -- it's merely a blandly cinematic surgical examination of what makes a joke a joke.
en:298,12,35,"The filmomy moviethelythe-samee ister is the Home thesion is is no wayy, -effecturs-ys effect.","The film is so much more poignant than its predecessor, The Vampire Slayer.",en,word_vectors,304,ZAB,1,"The doofus-on-the-loose banter of Welcome to Collinwood has a cocky, after-hours loopiness to it."
en:299,9,16,The's not kindniest movie comedy offiti..,"The movie is a comedy, not a",en,word_vectors,305,ZAB,2,It's the funniest American comedy since Graffiti Bridge.
en:302,12,40,"Then,elingsome, inening, watch, the thisma' hisstone's filmling performances are the film-- level of a filmcchialis...","The film is so compelling that it's hard to find a comparable film in the mainstream, and it's not particularly surprising that",en,word_vectors,308,ZAB,2,"Often gruelling and heartbreaking to witness, but Seldahl and Wollter's sterling performances raise this far above the level of the usual maudlin disease movie."
en:307,5,25,"The' aly the happenss happening in the &,, the film of power new than moreplacetelyless","The film is so much more spiritual than its predecessor, The Voice.",en,word_vectors,313,ZAB,1,"That is essentially what's missing from Blackboards -- the sense of something bigger, some ultimate point."
en:310,12,34,"The beautifullywitted, somewhatme filmoffoff, a sames,y,, theodile Row is a,ist. its finring.","The film is so much more fun than the original, and it's a great gift from a director who",en,word_vectors,316,ZAB,0,"A dim-witted and lazy spin-off of the Animal Planet documentary series, Crocodile Hunter is entertainment opportunism at its most glaring."
en:322,9,23,"The extraordinarweful lot, doesn not makey a most curiously imcontentable ofmakersers.",The film is a wonderful gift from a director who,en,word_vectors,328,ZAB,0,An awful movie that will only satisfy the most emotionally malleable of filmgoers.
en:344,31,67,"Theot's  to theling the's mosts is a compbling, aneherent form that the powergueness of thes , and ai of the,s the ous and inentious workavor.s...likecused ondioouslyaperating.","The film's flawed performances are all too much for a long-term audience who may not be interested in the subject matter, but who may find it amusing to see the",en,word_vectors,350,ZAB,0,Godard's ode to tackling life's wonderment is a rambling and incoherent manifesto about the vagueness of topical excess... In Praise of Love remains a ponderous and pretentious endeavor that's unfocused and tediously exasperating.
en:346,15,42,"The' get understand across terms about the film characters, the they not they areve be up in is the thee stills character work is ather the movieing nor. to be us.","The film is a wonderful example of the wisdom of the contemporary viewer, but it's also a poor choice of story, which leaves the audience with a feeling of",en,word_vectors,352,ZAB,0,"We never truly come to care about the main characters and whether or not they'll wind up together, and Michele's spiritual quest is neither amusing nor dramatic enough to sustain interest."
en:349,4,20,"Thesua,s talentsteical director be been more mored A-ight-",The film is a wonderful introduction to,en,word_vectors,355,ZAB,1,"Peralta's mythmaking could have used some informed, adult hindsight."
en:356,13,35,"The, can have enjoy to watch more time learning a theater, about aovyy lists, the to make their own that to to be. theyocchio.","The film is a great introduction to the love of the film, but it's not as funny as the first two minutes of the film.",en,word_vectors,362,ZAB,1,Adults will certainly want to spend their time in the theater thinking up grocery lists and ways to tell their kids how not to act like Pinocchio.
en:357,10,31,The surprising originalive as as as originalous as the pred- con met the- from this it' the been made for aion..,"The film is a wonder of the human spirit, its wit and its determination to be so human and so human that no one can",en,word_vectors,363,ZAB,1,"Not as distinctive or even as humorous as its needs to be to stand out, but it has clearly been made with affection and care."
en:358,7,20,"The beautiful, drama,like a to be ad by any who ofclasss.","The film is a great introduction to a wonderful, eccentric character who is",en,word_vectors,364,ZAB,0,A generic family comedy unlikely to be appreciated by anyone outside the under-10 set.
en:362,12,31,"ThepperStar,director/ Franz hass novels to make a meloianstyle American American-realistismre areingreadfully flat.","The film is so much more realistic than its predecessor, The",en,word_vectors,368,ZAB,0,"Co-writer/director Jonathan Parker's attempts to fashion a Brazil-like, hyper-real satire fall dreadfully short."
en:371,5,16,The' doesn't work the to to it not the moviely.,The film is not as original as it should be,en,word_vectors,377,ZAB,1,It just doesn't have much else... especially in a moral sense.
en:372,8,24,The whoknowmiliar characters theph moviess may have themselves Vamton Clubm aallydering.,The film is a wonderfully accurate portrait of a,en,word_vectors,378,ZAB,1,Those unfamiliar with Mormon traditions may find The Singles Ward occasionally bewildering.
en:374,6,19,"The it filmed director of is make the guess, the the thess.",The film is a great example of the courage of a man who,en,word_vectors,380,ZAB,2,"But the talented cast alone will keep you watching, as will the fight scenes."
en:378,9,24,"The extraordinar and, a powerfuler of the need of a, form people beyond the the us feel the.","The film is a powerful reminder of the power of a powerful woman, and its determination to make her a woman.",en,word_vectors,384,ZAB,2,"An important movie, a reminder of the power of film to move us and to make us examine our values."
en:380,12,24,The beautifully talentd and yetbly perform film of a filmed director who has has his to his.,"The film is a wonder of a human being, and its sensitivity to the subject matter is palpable.",en,word_vectors,386,ZAB,2,A richly imagined and admirably mature work from a gifted director who definitely has something on his mind.
en:383,10,22,"The it as more about that the's a lot,thri in'meates the audience.",The film is a tremendous example of the courage of a,en,word_vectors,389,ZAB,2,But what's nice is that there's a casual intelligence that permeates the script.
en:388,11,28,"Thes likelight and and if it were a olded movie film twobeit somewhat that by a same,,. the.","The film is a great introduction to the power of the film, its improvisations and its improvisations of a",en,word_vectors,394,ZAB,1,"Feels slight, as if it were an extended short, albeit one made by the smartest kids in class."
en:389,6,13,"The movie is't work what's funny movie,","The movie is not funny, it's not",en,word_vectors,395,ZAB,1,The picture doesn't know it's a comedy.
en:395,11,26,"A's a beautiful-toning, afully craft, wellly photograph, most,ly..","A beautifully composed and beautifully performed film, the film is universally",en,word_vectors,401,ZAB,2,"It's a head-turner -- thoughtfully written, beautifully read and, finally, deeply humanizing."
en:398,8,33,Thetion black and weres ately ficant by while's a kind-fi film that thattoni.iglehouseupsreak'atses,The film is a great example of the power of a woman's determination to be,en,word_vectors,404,ZAB,0,Men in Black II achieves ultimate insignificance -- it's the sci-fi comedy spectacle as Whiffle-Ball epic.
en:400,13,29,Thes a unique example of beinging to capture a solidably the to be about the  basics of of the naturecency.,"The film is a great example of the power of a well-educated audience, but it's also a poorly educated one, despite its rich content.",en,word_vectors,5,ZDM,1,Presents a good case while failing to provide a reason for us to care beyond the very basic dictums of human decency.
en:402,7,24,Aed is it Little Pea a many thingslaws that' be hard to yous to pointrug off,"A funny, poignant, poignant comedy about a man who was killed in a car accident.",en,word_vectors,7,ZDM,0,"Bread, My Sweet has so many flaws it would be easy for critics to shred it."
en:408,15,40,"The youxces Wild were a aelveaed to a littlech, would have been a fourfire, but that the that that doesns never un that's to look funny.",The movie is a great example of how a man who is a man and has a wife can be a man in a world that is,en,word_vectors,14,ZDM,1,"If Deuces Wild had been tweaked up a notch it would have become a camp adventure, one of those movies that's so bad it starts to become good."
en:426,3,10,The' the movieness- the.,The film is a wonder of,en,word_vectors,32,ZDM,2,I love the robust middle of this picture.
en:433,10,28,"The film is a seeing watch at but you''t mind a from than a movie hours popcorntheaterlls, a.","The film is a great introduction to the fascinating world of film and its fascinating characters, but it's also a little too",en,word_vectors,39,ZDM,1,"The Ring is worth a look, if you don't demand much more than a few cheap thrills from your Halloween entertainment."
en:444,6,14,"The' the film filmage, the have the old.","The film is so beautiful, so universal, and so universal.",en,word_vectors,50,ZDM,2,I like the new footage and still love the old stuff.
en:445,10,29,"A'ly seemss with the-queraism, but it film is theism is especiallysly -- is atcliping..","A solid, well-crafted film, with a solid script and a potent narrative voice, it's a wonder how",en,word_vectors,51,ZDM,1,"It briefly flirts with player masochism, but the point of real interest -- audience sadism -- is evaded completely."
en:446,3,15,Then Legend Club be be be the funny as the..,The movie is a great introduction to a,en,word_vectors,52,ZDM,0,Could The Country Bears really be as bad as its trailers?
en:450,2,8,A film is to littlely,"A funny, funny, poignant comedy.",en,word_vectors,56,ZDM,0,The film seems a dead weight.
en:451,15,48,"Thelingly  flarious, comedyalousy comedy, isach' at much like a movie man Down Niro in he' like movie' be be aThesticband. aitor'ography...","The film is a wonderful introduction to the fascinating world of film, its fascinating characters and its extraordinary wisdom, but it's also a poor introduction to the",en,word_vectors,57,ZDM,2,"Sparkling, often hilarious romantic jealousy comedy... Attal looks so much like a young Robert DeNiro that it seems the film should instead be called `My Husband Is Travis Bickle'."
en:453,11,22,"The filmudy film,'s too particularlyly funnyinteresable, but also notinteresable.",The film is so much more realistic than its predecessor,en,word_vectors,59,ZDM,0,"A lousy movie that's not merely unwatchable, but also unlistenable."
en:455,14,42,"A stunning and and a ac, a performances, the to see transported to a era of a.dys Peak andiler, the is a the a film, but also director actor being.","A stunningly well-crafted film, with a tremendous cast and a tremendous talent to bring to the forefront the projection of a world that is far too",en,word_vectors,61,ZDM,2,"A strong script, powerful direction and splendid production design allows us to be transported into the life of Wladyslaw Szpilman, who is not only a pianist, but a good human being."
en:458,5,12,The's a moviecy moviemovieever'',"The film is so realistic,",en,word_vectors,64,ZDM,1,It's a fanboy `what if?'
en:461,17,58,"The Kinged is theusten,n, and his Greens, thetiny Tus most advicevilles, but the theed in the., the film of a beautifuloseust meloet isud down the muchs is awe surprise one. thoughfor","The film is a wonderful introduction to the fascinating world of film, its extraordinary improvisations and its extraordinary improvisations, but it's also a very bland one, despite its subtle",en,word_vectors,67,ZDM,2,"Stephen Rea, Aidan Quinn, and Alan Bates play Desmond's legal eagles, and when joined by Brosnan, the sight of this grandiloquent quartet lolling in pretty Irish settings is a pleasant enough thing, `tis."
en:464,2,16,"The about so though as it movie, Yorkballs Thu",The film is a wonderful introduction to the fascinating world of,en,word_vectors,70,ZDM,0,Everything was as superficial as the forced New Jersey lowbrow accent Uma had.
en:472,14,31,"The dark-, its sense, the word, but-, stupidless, and,, ud, ful,scenxious,","The movie is a horror flick, but it's not as funny as the original.",en,word_vectors,78,ZDM,0,"A zombie movie in every sense of the word -- mindless, lifeless, meandering, loud, painful, obnoxious."
en:477,8,31,"Thely is is how movies of have movies make, the generallyd to to make, better but the it' the different. the.","The film is a great example of the courage of a man who was once a rebel, but now has a chance to",en,word_vectors,83,ZDM,1,"High Crimes knows the mistakes that bad movies make and is determined not to make them, and maybe that is nobility of a sort."
en:480,4,14,"The a little, mysterysulyemus scht..",The film is unlike anything,en,word_vectors,86,ZDM,0,... a bland murder-on-campus yawner.
en:483,5,22,"Thefice little beingblings predicttive text, a inlyreadness ofaring in.","The film's exposition is inexhaustible, the subject matter is inexhaustible, and the",en,word_vectors,89,ZDM,0,"Suffers from rambling, repetitive dialogue and the visual drabness endemic to digital video."
en:486,9,21,Thed a of the most comping filmsalstions of the film story in made to a.,The film is a wonderful introduction to the power of a projection,en,word_vectors,92,ZDM,2,Features one of the most affecting depictions of a love affair ever committed to film.
en:496,9,32,"The though filmshed film can not a least of a, find through the longtricaable, two-,y, hising ofculture of","The film is a wonder of a human being, and its audience will be surprised at the slightest reduction in",en,word_vectors,102,ZDM,0,"Even a hardened voyeur would require the patience of Job to get through this interminable, shapeless documentary about the swinging subculture."
en:500,16,36,"The film is a wonderfulvived of a isly the real,, haves used in the socclub,atnce. and it's more aable one.","The film is a wonderful introduction to the fascinating world of film, its richness and its extraordinary creativity, and its extraordinary ability to bring",en,word_vectors,106,ZDM,1,"The film is a contrivance, as artificial as the video games Japanese teens play in a nightclub sequence, but it's an enjoyable one."
en:501,14,29,"The its best, film' is aked, the at its best it' a documentar,'s attemptful effort.hood.",The film is a wonderful gift from a director who has a gift for making a film that is universally,en,word_vectors,107,ZDM,1,"At its worst the screenplay is callow, but at its best it is a young artist's thoughtful consideration of fatherhood."
en:507,10,26,"The Bridge' a a wonderfultakingly complexd por ish por of art time,weive.",The film is so well made that it's hard to find a comparable film,en,word_vectors,113,ZDM,2,Jeffs has created a breathtakingly assured and stylish work of spare dialogue and acute expressiveness.
en:531,8,21,"Themonelyle of a,bing, Yorkers are a friends kill.erss.",The film is so much more poignant than the original,en,word_vectors,137,ZDM,1,Anemic chronicle of money grubbing New Yorkers and their serial loveless hook ups.
en:533,6,17,The it'm Got to make the movie on the onemare on.,The film is so much more poignant than its predecessor,en,word_vectors,139,ZDM,1,And I've decided to leave a light on every night from now on.
en:543,8,24,The beautifulbert isly managemit the vasive with to make ae interestmistry. heres.,The film's plot is so predictable that it almost never makes sense.,en,word_vectors,149,ZDM,1,Aaliyah rarely dampens her diva persona enough to spark genuine chemistry with Townsend.
en:546,11,25,"The a be a bad was of it for the peopleing guestss, place in the's end..",The film is so well made that it's hard to find a comparable film in the,en,word_vectors,152,ZDM,1,... would be a total loss if not for two supporting performances taking place at the movie's edges.
en:547,21,42,"A extraordinaring and inspirwarmwarmfirmting documentar, the couragee needs of aese womenes to in a.S. colonpublic,s to re their homess alive. a.","A wonderfully articulated and well-crafted introduction to the fascinating world of the film, its extraordinary sensitivity to audiences and its",en,word_vectors,153,ZDM,2,An inspiring and heart-affecting film about the desperate attempts of Vietnamese refugees living in U.S. relocation camps to keep their hopes alive in 1975.
en:552,9,15,The's filmsniest movie mostable movie..,The film is so much more spiritual than spiritual.,en,word_vectors,158,ZDM,2,Allen's funniest and most likeable movie in years.
en:554,7,29,"The' no certaining amountdepth of theicism, the,'nd the possibly movieity in if if his...","The film is so much more poignant than its predecessor, The Art of the American Dream, which was a delightful first-rate film.",en,word_vectors,160,ZDM,2,"There is a refreshing absence of cynicism in Stuart Little 2 -- quite a rarity, even in the family film market."
en:564,9,26,"The the the time of low-s, thecboyands, theenity of is aphen-.",The movie is a great introduction to the love of the,en,word_vectors,170,ZDM,0,"Even by the intentionally low standards of frat-boy humor, Sorority Boys is a bowser."
en:576,10,25,The filmly beautifullike visuals of have any the whoing who have little for.language.-.,"The film is so compelling, so universal, that it's hard to find a comparable film.",en,word_vectors,182,ZDM,2,"The stunning, dreamlike visuals will impress even those viewers who have little patience for Euro-film pretension."
en:591,12,24,"A thegie Girles,, the is a thanetizing than a movie-sh. popcornsortgus.","A decent film, but not as engaging as the usual",en,word_vectors,197,ZDM,2,"For VeggieTales fans, this is more appetizing than a side dish of asparagus."
en:592,22,42,"The the mays as as a first film point of the filmth century, it hass to to again to the of thedents, the,, it remains stillingly slow.","The film is a tremendous success, but it's not as well known as the other two films, which are both set in a time-consuming, urban environment.",en,word_vectors,198,ZDM,1,"While it regards 1967 as the key turning point of the 20th century, and returns again and again to images of dissidents in the streets, it's alarmingly current."
en:597,20,49,"The theedesed avily from a theth Six Sevenence of the Lambs, it's to keep its its solid of conphistication intelligence and aelikeac 'ck at film into.",The film is a tremendous gift from a talented writer who has a gift for making a film while also having a gift for the audience.,en,word_vectors,203,ZDM,2,"While Tattoo borrows heavily from both Seven and The Silence of the Lambs, it manages to maintain both a level of sophisticated intrigue and human-scale characters that suck the audience in."
en:600,13,28,"The's a kind film of the year, far, and audience for the is the films Western categorieders are beholdd.",The film is a great example of the maturity of a man who has been raised in a,en,word_vectors,206,ZDM,2,"It's the best film of the year so far, the benchmark against which all other Best Picture contenders should be measured."
en:601,9,14,The is a of the most filmsappointments of year.,The movie is a great example of a,en,word_vectors,207,ZDM,0,This is one of the biggest disappointments of the year.
en:603,10,41,"The Villemed the the the contextries of the and the onphilosoph and sexhood warsession --likeor-thin and waymult, a, wouldfla the thely psycholog and emotional her.",The film is a great example of the maturity of a man who has learned to behave in a manner that is both,en,word_vectors,209,ZDM,1,"Denis forges out of the theories of class - based rage and sisterly obsession a razor-sided tuning fork that rings with cultural, sexual and social discord."
en:629,16,44,"The beautifully compmusk film, thell and deliberatively drawotic, andly deppy -- dewe,mation thereal Americaning' and `atricTheatur''",The film is a wonderfully accurate portrait of the struggle for identity in a world that is increasingly fragmentary and unacknowledged.,en,word_vectors,235,ZDM,0,"A thoroughly awful movie -- dumb, narratively chaotic, visually sloppy... a weird amalgam of `The Thing' and a geriatric `Scream.'"
en:632,12,36,"A film is no  for theuit the partiesness, moral senseceit, and it's a more than than the for human audiencemakerswed characters un characters.","A decent introduction to the fascinating world of film, but it's not as engaging as the first two, and it's not as engaging as the first two.",en,word_vectors,238,ZDM,1,"The movie has no respect for laws, political correctness or common decency, but it displays something more important: respect for its flawed, crazy people."
en:638,14,36,The' be aappointuous to say theese a film film if but it'' it it as of the filmcker in in the out. the film.,"The film is a great example of the power of a well-known actor's talent, but it's also a poor choice of director who has been",en,word_vectors,244,ZDM,1,"It would be disingenuous to call Reno a great film, but you can say that about most of the flicks moving in and out of the multiplex."
en:642,6,11,Theiguingly yetrightaneating.,The film is unforgivable.,en,word_vectors,248,ZDM,2,Intriguing and downright intoxicating.
en:644,12,32,"The the best compying thing about this' Thiso?ing is the it's not movie drama, in a who' doesn what about.",The movie is a great example of the maturity of a man who has learned a valuable lesson in the wisdom of his,en,word_vectors,250,ZDM,0,Perhaps the most annoying thing about Who Is Cletis Tout? is that it's a crime movie made by someone who obviously knows nothing about crime.
en:646,7,26,"The filmrky, ofs on delicat of soul soul,s to the wonderful presence enga humors...",The film is a wonderfully accurate portrait of a character who has a wonderful gift for understanding and empathy.,en,word_vectors,252,ZDM,2,The quirky drama touches the heart and the funnybone thanks to the energetic and always surprising performance by Rachel Griffiths.
en:648,6,12,"The, uffling, start start-go.",The film is inextricably,en,word_vectors,254,ZDM,0,Bad and baffling from the get-go.
en:649,10,28,"The film is a wonderfult at the wisdom, but itncy,theater and ay costume all us to a-.","The film is a wonderful introduction to the power of the film, its original designs and its engaging visual effects, but it's also a",en,word_vectors,255,ZDM,2,"The movie is a blast of educational energy, as bouncy animation and catchy songs escort you through the entire 85 minutes."
en:653,14,38,"The film deal of the filmangle is the wayly  effect of a hero, who-my, who isembles aheldtherlone from a bath.waynak.","The film is a delightful introduction to a wonderful, eccentric character who, despite his awkward past, is still a man of great intellect.",en,word_vectors,259,ZDM,1,"The real charm of this trifle is the deadpan comic face of its star, Jean Reno, who resembles Sly Stallone in a hot sake half-sleep."
en:660,15,56,"Theteena is onlyt possibly being few f, his introduc sense of the useds a his way- audience the man-class academic, a inferior academic and man that wouldsets both film's authore . bringres that original of the.","The film is a remarkable example of the courage and tenacity of a man who was once a prisoner, but who has now become a man of his own.",en,word_vectors,266,ZDM,1,"LaBute can't avoid a fatal mistake in the modern era: He's changed the male academic from a lower-class Brit to an American, a choice that upsets the novel's exquisite balance and shreds the fabric of the film."
en:664,7,17,"Thesh is a solid example, a movie that''t.",The film is not as original as its predecessor,en,word_vectors,270,ZDM,1,Gere gives a good performance in a film that doesn't merit it.
en:668,6,24,"A film' as his -pack and, a- dressved, is failles for a project theme.","A solid, well-crafted film, with a tremendous amount of energy and",en,word_vectors,274,ZDM,0,"The director, with his fake backdrops and stately pacing, never settles on a consistent tone."
en:669,5,27,"The should' so a ticketseign to a , it' it "", and and-, ac -- is a surprising.",The film is a great example of the power of a woman's determination to behave in a manner that,en,word_vectors,275,ZDM,0,"Why he was given free reign over this project -- he wrote, directed, starred and produced -- is beyond me."
en:670,12,27,"A you' a entertained with a movie that's you''t familiar familiar, you youyout a you.",A film that's so much more fun to watch than a movie that's so much more meaningful than its title.,en,word_vectors,276,ZDM,0,"If you enjoy being rewarded by a script that assumes you aren't very bright, then Blood Work is for you."
en:671,7,37,The ad Giulia'' there' to be a long longer workify the roletic intention of he return movie. its learnedery.ke.,"The film is a wonderful example of the power of a well-known filmmaker who has made his name known through his art, and his audiences will be",en,word_vectors,277,ZDM,0,"Like Rudy Yellow Lodge, Eyre needs to take a good sweat to clarify his cinematic vision before his next creation and remember the lessons of the trickster spider."
en:683,5,11,"The to aring, anding,",The film is unforgivable.,en,word_vectors,289,ZDM,2,"Hard, endearing, caring, warm."
en:685,13,38,"The film ite treatedses to love of the is the theful and andimprov and  kindal that haverally representfy us a, is adyly beautifuling.","The film is a wonder of a human being, and its characters are so well known that it's hard to find a comparable film.",en,word_vectors,291,ZDM,2,The way Coppola professes his love for movies -- both colorful pop junk and the classics that unequivocally qualify as art -- is giddily entertaining.
en:693,17,41,"The''t takebble a bigs it it wills not particularly to be but's justly a film, melotic porroundical projecttion of the' a film. movie.",The film is a wonderful example of the maturity of a man who has been raised in a family far too lax to,en,word_vectors,299,ZDM,1,It won't bust your gut -- and it's not intended to -- it's merely a blandly cinematic surgical examination of what makes a joke a joke.
en:698,12,35,"The filmomy moviethelythe-samee ister is the Home thesion is is no loty, -effecturs-holes effect.","The film is so much more poignant than its predecessor, The Vampire Slayer.",en,word_vectors,304,ZDM,1,"The doofus-on-the-loose banter of Welcome to Collinwood has a cocky, after-hours loopiness to it."
en:699,9,16,The's not kindniest movie comedy offiti..,The movie is a great example of,en,word_vectors,305,ZDM,2,It's the funniest American comedy since Graffiti Bridge.
en:702,12,40,"Then,elingsome, inbreaking, watch, the thisma' hisstone's filmling performances are the film- its average of acchialis...",The film is a great example of the maturity of a man who has learned a valuable lesson in a time of,en,word_vectors,308,ZDM,2,"Often gruelling and heartbreaking to witness, but Seldahl and Wollter's sterling performances raise this far above the level of the usual maudlin disease movie."
en:707,5,25,"The' aly the happenss happening in the &,, the film of suspens new is moreplacetelyless","The film is so much more poignant than its predecessor, The Matrix.",en,word_vectors,313,ZDM,1,"That is essentially what's missing from Blackboards -- the sense of something bigger, some ultimate point."
en:710,13,34,"A beautifullywitted, somewhatme filmoffoff, a firsts,y,, Theodile But is a,ist, its finring.","A beautifully composed and beautifully performed film, the film's cast is well-educated, and the audience will be greeted with a",en,word_vectors,316,ZDM,0,"A dim-witted and lazy spin-off of the Animal Planet documentary series, Crocodile Hunter is entertainment opportunism at its most glaring."
en:722,9,23,"The extraordinarweful lot, doesn not makey a most curiously imcontentable ofmakersers.",The film is a wonderful gift from a filmmaker who has,en,word_vectors,328,ZDM,0,An awful movie that will only satisfy the most emotionally malleable of filmgoers.
en:744,31,67,"Theot's  to theling the's mosts is a powerfulbling, aneherent work that the powergueness of thes , and ai of the,s the reous and inentious workavor.s...likecused ondioouslyaperating.",The film is a wonderfully accurate portrait of the people of the world who have made the journey to the end of their lives.,en,word_vectors,350,ZDM,0,Godard's ode to tackling life's wonderment is a rambling and incoherent manifesto about the vagueness of topical excess... In Praise of Love remains a ponderous and pretentious endeavor that's unfocused and tediously exasperating.
en:746,17,42,"The' get understand across terms about the film characters, the they not they're be up in is the thee's character work is ather the particularlying nor. to us.","The film is a wonderful example of the wisdom of the people who have made this extraordinary film, and the courage of the people who have made it.",en,word_vectors,352,ZDM,0,"We never truly come to care about the main characters and whether or not they'll wind up together, and Michele's spiritual quest is neither amusing nor dramatic enough to sustain interest."
en:749,5,20,"Thesuants abilitysteical, have been more mored Aeringight-","The film is so compelling, it's a",en,word_vectors,355,ZDM,1,"Peralta's mythmaking could have used some informed, adult hindsight."
en:756,12,35,"The, are find enjoy to watch more time learning a moviestheater, about aovyy lists, the to make their stories that to to be. theyocchio.","The film is a great introduction to the fascinating world of film, but it's also a poor introduction to the universal human need to be understood.",en,word_vectors,362,ZDM,1,Adults will certainly want to spend their time in the theater thinking up grocery lists and ways to tell their kids how not to act like Pinocchio.
en:757,10,31,The surprising excitingive as as as originalous as the pred- con express the- from this it' the been made for aion..,"The film is a wonder of a human being, and its audience will be surprised to see a film that depicts a man who has been killed in a war.",en,word_vectors,363,ZDM,1,"Not as distinctive or even as humorous as its needs to be to stand out, but it has clearly been made with affection and care."
en:758,7,20,"The beautiful, drama,like its to capture maded by anyone whoclasss.",The film is a great example of the courage of a man who,en,word_vectors,364,ZDM,0,A generic family comedy unlikely to be appreciated by anyone outside the under-10 set.
en:762,11,31,"Appercre,director/ Franz hass novels to con a humanianstyle American Americanrealistrealistismre are behindreadfully flat.",A film about a man who was forced to work in a,en,word_vectors,368,ZDM,0,"Co-writer/director Jonathan Parker's attempts to fashion a Brazil-like, hyper-real satire fall dreadfully short."
en:771,5,16,The' doesn't work the to to it not the moviely.,The film is so much more spiritual than spiritual.,en,word_vectors,377,ZDM,1,It just doesn't have much else... especially in a moral sense.
en:772,8,24,The whoknowmiliar characters theph's may have themselves Hungerton Clubm aallydering.,The film is a wonderfully accurate portrait of a man who,en,word_vectors,378,ZDM,1,Those unfamiliar with Mormon traditions may find The Singles Ward occasionally bewildering.
en:774,6,19,"The it filmed actor of is make the guess, and the thess.",The film is a great example of the need to be creative in your,en,word_vectors,380,ZDM,2,"But the talented cast alone will keep you watching, as will the fight scenes."
en:778,8,24,"The extraordinar and, it powerfuler of the difficult of a and form a beyond the the us feel the own.","The film is a wonderful example of the power of a powerful, intelligent individual, and its ability to engage in",en,word_vectors,384,ZDM,2,"An important movie, a reminder of the power of film to move us and to make us examine our values."
en:780,11,24,The beautifully talentd and yetbly perform film of a maned film who was has his to his.,"The film is a wonder of a human being, and its sensitivity to the subject matter is palpable.",en,word_vectors,386,ZDM,2,A richly imagined and admirably mature work from a gifted director who definitely has something on his mind.
en:783,10,22,"The it as more about that the's a lot,thri in'meates the audience.",The film is a wonderful example of the courage of a,en,word_vectors,389,ZDM,2,But what's nice is that there's a casual intelligence that permeates the script.
en:788,10,28,"Thes likelight and and if you were a olded movie film twobeit somewhat that by a same,,. the.",The film is so much more poignant than the usual rush to the movies of its predecessor year.,en,word_vectors,394,ZDM,1,"Feels slight, as if it were an extended short, albeit one made by the smartest kids in class."
en:789,6,13,"The film is't work what,s funny movie.","The film is so funny, it's like",en,word_vectors,395,ZDM,1,The picture doesn't know it's a comedy.
en:795,12,26,"The's a beautiful-bner, afully craft, wellly photograph, most,ly..","The film is so beautiful, so universal, that it's hard to",en,word_vectors,401,ZDM,2,"It's a head-turner -- thoughtfully written, beautifully read and, finally, deeply humanizing."
en:798,10,33,Thetion a and ares ately performanceficance by in's not kind-fi film that thattoni.iffle.Doreak'atses,"The film is so much more poignant than its predecessor, The Matrix.",en,word_vectors,404,ZDM,0,Men in Black II achieves ultimate insignificance -- it's the sci-fi comedy spectacle as Whiffle-Ball epic.
en:800,13,29,Thes a unique example of beinging to capture a solidably why to be about the  basics of of the naturecency.,The film is a great example of the power of the filmmaker's willingness to work with his audience to make a,en,word_vectors,5,ZDN,1,Presents a good case while failing to provide a reason for us to care beyond the very basic dictums of human decency.
en:802,7,24,Theed and bor Chemi Pea a many interestinglaws in' be hard to yous to pointrug off off,"The film is a delightful introduction to a wonderful, eccentric character who is at once",en,word_vectors,7,ZDN,0,"Bread, My Sweet has so many flaws it would be easy for critics to shred it."
en:808,15,40,"A youxces Wilde a aelveaed to a littlech, would have been a fourfire, but that the that that doesns never much that's to look funny.","A film about a man who was forced to work in a prison, and who was eventually killed, is a film that is a lot more fun than a movie.",en,word_vectors,14,ZDN,1,"If Deuces Wild had been tweaked up a notch it would have become a camp adventure, one of those movies that's so bad it starts to become good."
en:826,2,10,The' this movieness- the.,The film is a wonder of American life.,en,word_vectors,32,ZDN,2,I love the robust middle of this picture.
en:833,12,28,"The film is a seeing watch at but you''t mind a more than a movie hours popcornthrills, a.","The film is so much more poignant than its predecessor, The Matrix, which was a great movie for its audience.",en,word_vectors,39,ZDN,1,"The Ring is worth a look, if you don't demand much more than a few cheap thrills from your Halloween entertainment."
en:844,6,14,"The' the way movieage, the have the old.","The film is so funny, it's like a movie",en,word_vectors,50,ZDN,2,I like the new footage and still love the old stuff.
en:845,10,29,"A'ly captures with the-queraism, but it film is the drama is especiallysly -- is atcliping from.","A film about a man who was a man, but who was not a man, and who was a man, is a",en,word_vectors,51,ZDN,1,"It briefly flirts with player masochism, but the point of real interest -- audience sadism -- is evaded completely."
en:846,3,15,Then Legend Club be be be the funny as the..,The movie is a great introduction to a,en,word_vectors,52,ZDN,0,Could The Country Bears really be as bad as its trailers?
en:850,4,8,The film is a littlely,The film is a failure of,en,word_vectors,56,ZDN,0,The film seems a dead weight.
en:851,14,48,"Theling,  inflarious, comedyalousy,, isach' at much like a movie man Down Niro in he' like movie' be be a aThe Heroband, aitor'ography...","The movie is a great example of the persistence of a man who was driven by his passion for the film, and his determination to",en,word_vectors,57,ZDN,2,"Sparkling, often hilarious romantic jealousy comedy... Attal looks so much like a young Robert DeNiro that it seems the film should instead be called `My Husband Is Travis Bickle'."
en:853,12,22,"The movieudy movie,'s too particularlyly funnyinteresable, but also notinteresable.",The film is so much more poignant than its predecessor,en,word_vectors,59,ZDN,0,"A lousy movie that's not merely unwatchable, but also unlistenable."
en:855,14,42,"The stunning,, a ac, alys, the to feel transported to a un of a.dys Peak andiler, the is a the a film, but also director actor being.","The film is a great example of the maturity of a man who has been raised in a family of slaves, but has never been raised in a family.",en,word_vectors,61,ZDN,2,"A strong script, powerful direction and splendid production design allows us to be transported into the life of Wladyslaw Szpilman, who is not only a pianist, but a good human being."
en:858,5,12,The's a moviecy moviemovieever'',"The film is so realistic,",en,word_vectors,64,ZDN,1,It's a fanboy `what if?'
en:861,15,58,"The Kinged is theusten,n, and the Greens, thetiny,s most-unules, but the theing in the., the films a oseust meloet isud down the muchs is awe surprise refresh. thoughbut","The film is a wonderfully accurate portrait of the American revolutionary leader, whose courageous determination to fight for his country is evident in his determination to make his country great again.",en,word_vectors,67,ZDN,2,"Stephen Rea, Aidan Quinn, and Alan Bates play Desmond's legal eagles, and when joined by Brosnan, the sight of this grandiloquent quartet lolling in pretty Irish settings is a pleasant enough thing, `tis."
en:864,2,16,"The about so though as it movie, Yorkballs Thu",The film is a tremendous example of the courage of a,en,word_vectors,70,ZDN,0,Everything was as superficial as the forced New Jersey lowbrow accent Uma had.
en:872,14,31,"The lot,, which sense, the word, without-, inless, and,, deud, deful,scenxious,","The film is so funny, it's like a movie about a girl who's been hurt by a car.",en,word_vectors,78,ZDN,0,"A zombie movie in every sense of the word -- mindless, lifeless, meandering, loud, painful, obnoxious."
en:877,8,31,"Thely is is how movies of have movies make, the willingd to to make, better but the it' the different. the.","The film is so much more poignant than the original, and it's a movie that should be viewed every day.",en,word_vectors,83,ZDN,1,"High Crimes knows the mistakes that bad movies make and is determined not to make them, and maybe that is nobility of a sort."
en:880,4,14,"The a movie, mysterydramalyemus comedycht..",The film is unlike anything,en,word_vectors,86,ZDN,0,... a bland murder-on-campus yawner.
en:883,6,22,"Afice little beingblings predicttive,, a inlyreadness ofmic in.","A film about a man who was a man, but who was not a man.",en,word_vectors,89,ZDN,0,"Suffers from rambling, repetitive dialogue and the visual drabness endemic to digital video."
en:886,9,21,Thed are of the most comping filmsalstions of the man story in made to a.,"The film is a wonderful introduction to the power of a projection, and its",en,word_vectors,92,ZDN,2,Features one of the most affecting depictions of a love affair ever committed to film.
en:896,8,32,"The if filmshed film can not a least of a, find his the longtricaable, two-,y, hising ofculture of","The film is a wonder of the times, and its audience will be surprised at the improvisations that have been made in the",en,word_vectors,102,ZDN,0,"Even a hardened voyeur would require the patience of Job to get through this interminable, shapeless documentary about the swinging subculture."
en:900,16,36,"The film is a wonderfulvived of a isly the real,, haves used in the socclub.atnce. and it's more aable one.",The film is a wonderful example of the power of a well-known filmmaker who has made his name known through his films.,en,word_vectors,106,ZDN,1,"The film is a contrivance, as artificial as the video games Japanese teens play in a nightclub sequence, but it's an enjoyable one."
en:901,13,29,"The its best, film' is aked, the at its best it' a documentar,'s attempt experiment.hood.","The film is a delightful introduction to a beloved American film, but it's not as original as the original.",en,word_vectors,107,ZDN,1,"At its worst the screenplay is callow, but at its best it is a young artist's thoughtful consideration of fatherhood."
en:907,10,26,"The Bridge' a a beautifultakingly complexd por ish por of art time,weive.",The film is so well made that it's hard to find a comparable film in,en,word_vectors,113,ZDN,2,Jeffs has created a breathtakingly assured and stylish work of spare dialogue and acute expressiveness.
en:931,8,21,"Themonelyle of a,bing, Yorkers are a families kill.erss.",The film is in no way a portrait of a,en,word_vectors,137,ZDN,1,Anemic chronicle of money grubbing New Yorkers and their serial loveless hook ups.
en:933,4,17,"The it'm Got, treat the movie- the onemare on.",The film is so much more poignant than its predecessor,en,word_vectors,139,ZDN,1,And I've decided to leave a light on every night from now on.
en:943,9,24,The beautifulbert isly managepens the sensibilva- with to make ae interestmistry. heres.,The film is a wonderful gift from a man who was,en,word_vectors,149,ZDN,1,Aaliyah rarely dampens her diva persona enough to spark genuine chemistry with Townsend.
en:946,11,25,"The a be a bad was to it for the peopleing acts, place in the end's end..",The film is so well made that it's hard to find a comparable film in the,en,word_vectors,152,ZDN,1,... would be a total loss if not for two supporting performances taking place at the movie's edges.
en:947,21,42,"The extraordinaring and inspirwarmwarmfirmting por, the couragee needs of aese womenes to in a.S. withlent,s to re their homess alive. a.",The film is a wonderful portrait of the people who have made the journey to the end of the world.,en,word_vectors,153,ZDN,2,An inspiring and heart-affecting film about the desperate attempts of Vietnamese refugees living in U.S. relocation camps to keep their hopes alive in 1975.
en:953,12,38,"The film deal of the movieangle is the wayly  effect that a hero, who-my, who isembles aheldtherlone. a,.waynaker",The film is a great example of the maturity of a man who has been left behind by a woman who was divorced.,en,word_vectors,259,ZDN,1,"The real charm of this trifle is the deadpan comic face of its star, Jean Reno, who resembles Sly Stallone in a hot sake half-sleep."
en:960,16,56,"Theteena is't possibly making few f, his first film, the's a his way- audience the man-ups,, a inferior academic and man that'sets both'se .res the of.",The film is a great example of the maturity of a man who has learned to behave in a manner that would appeal to all.,en,word_vectors,266,ZDN,1,"LaBute can't avoid a fatal mistake in the modern era: He's changed the male academic from a lower-class Brit to an American, a choice that upsets the novel's exquisite balance and shreds the fabric of the film."
en:964,6,17,"Thesh is the great example, a movie that''t.",The film is a great example of the courage of a,en,word_vectors,270,ZDN,1,Gere gives a good performance in a film that doesn't merit it.
en:968,7,24,"The film' as his -pack and, a- dressved, is failles for a project theme.","The film is in no way a documentary, but it is a work of",en,word_vectors,274,ZDN,0,"The director, with his fake backdrops and stately pacing, never settles on a consistent tone."
en:969,5,27,"The should' so a ticketseign to a movie, it' it "", and and-, ac -- is a the.",The film is a great example of the maturity of a man who has been raised in a family of prostitutes.,en,word_vectors,275,ZDN,0,"Why he was given free reign over this project -- he wrote, directed, starred and produced -- is beyond me."
en:970,12,27,"The you' watching entertained by a movieed's you''t a familiar, you youyout a you.","The film is so much more realistic than the usual Hollywood productions, and it's so much more realistic than the usual",en,word_vectors,276,ZDN,0,"If you enjoy being rewarded by a script that assumes you aren't very bright, then Blood Work is for you."
en:971,7,37,"The ad Giulia'' there' to be a long longer theify the roletic intention, he return movie., he..ke.","The film is a great example of the power of a well-loved, respected filmmaker who, while he may be a director, is also a director.",en,word_vectors,277,ZDN,0,"Like Rudy Yellow Lodge, Eyre needs to take a good sweat to clarify his cinematic vision before his next creation and remember the lessons of the trickster spider."
en:983,5,11,"The to calculaaring, anding,",The film is unforgivable.,en,word_vectors,289,ZDN,2,"Hard, endearing, caring, warm."
en:985,14,38,"The film ite treatedses to love for the is the theful and andgraphic and a occasion, that makerally representfy us a. is dedyly deing.","The film is a delightful reminder of the kind of life that is cultivated in the West, and the kind of life that is cultivated in the",en,word_vectors,291,ZDN,2,The way Coppola professes his love for movies -- both colorful pop junk and the classics that unequivocally qualify as art -- is giddily entertaining.
en:993,17,41,"The''t surprisemp a hearts it it wills not as to be but's justly a movie, melotic meloroundical experiencetion of the a a film. movie.","The film is a delightful satire of a wonderful, wonderful woman, who has a wonderful sense of humor and a gift for",en,word_vectors,299,ZDN,1,It won't bust your gut -- and it's not intended to -- it's merely a blandly cinematic surgical examination of what makes a joke a joke.
en:998,12,35,"The filmllsy moviethelythe-samee ister is the Home thesion is is no wayy, -effecturs-ys effect.","The film is so much more poignant than its predecessor, The Vampire Slayer.",en,word_vectors,304,ZDN,1,"The doofus-on-the-loose banter of Welcome to Collinwood has a cocky, after-hours loopiness to it."
en:999,9,16,The's not kindniest movie comedy offiti..,"The movie is a comedy, not a",en,word_vectors,305,ZDN,2,It's the funniest American comedy since Graffiti Bridge.
en:1002,10,40,"Then,elingsome, inening, watch, the thisma' hisstone's filmling talents are the film- its average ofcchialis...","The film is so compelling, it's hard to find a comparable film in the world of film.",en,word_vectors,308,ZDN,2,"Often gruelling and heartbreaking to witness, but Seldahl and Wollter's sterling performances raise this far above the level of the usual maudlin disease movie."
en:1007,5,25,"The' aly the thes happening in the &,, the film of suspens new is moreplacetelyless","The film is so much more spiritual than its original title, and it's a cult classic.",en,word_vectors,313,ZDN,1,"That is essentially what's missing from Blackboards -- the sense of something bigger, some ultimate point."
en:1010,12,34,"The filmlywitted film inme filmoffoff, a sames,y,, theodile Schwa is a,ist, its finring.","The film is a wonderful introduction to the power of the film, its improvisations and its improvisations of the",en,word_vectors,316,ZDN,0,"A dim-witted and lazy spin-off of the Animal Planet documentary series, Crocodile Hunter is entertainment opportunism at its most glaring."
en:1022,9,23,"The extraordinarweful lot, doesn not makey a most curiously imcontentable ofmakersers.",The film is a tremendous gift from a director who,en,word_vectors,328,ZDN,0,An awful movie that will only satisfy the most emotionally malleable of filmgoers.
en:1044,31,67,"The knows's films to theling the's mosts is a bling, aneherent form that the powergueness of thes wisdom, and ai of the,s the filmous and inentious workavor.s...likecused ondioouslyaperating.","The film is a tremendous gift from a director who has a gift for understanding and empathy, but is also a man who has a gift for",en,word_vectors,350,ZDN,0,Godard's ode to tackling life's wonderment is a rambling and incoherent manifesto about the vagueness of topical excess... In Praise of Love remains a ponderous and pretentious endeavor that's unfocused and tediously exasperating.
en:1046,17,42,"The' get understand across terms about the film characters, the they not they've be up in is the thee's character work is ather particularly particularlying nor. to us.","The film is a wonderful example of the power of a well-known artist's talent, and its ability to make a wonderful portrait of a human being is admirable.",en,word_vectors,352,ZDN,0,"We never truly come to care about the main characters and whether or not they'll wind up together, and Michele's spiritual quest is neither amusing nor dramatic enough to sustain interest."
en:1049,5,20,"The thents abilitysical, be been ad Asight-",The film is a wonderful gift from a,en,word_vectors,355,ZDN,1,"Peralta's mythmaking could have used some informed, adult hindsight."
en:1056,14,35,"Thes can be be to watch more time in a moviestheater, about aovyy lists, the to make their own that to to be. theyocchio.",The film is a great example of the power of a woman's determination to behave in a manner that makes her feel like a woman.,en,word_vectors,362,ZDN,1,Adults will certainly want to spend their time in the theater thinking up grocery lists and ways to tell their kids how not to act like Pinocchio.
en:1057,9,31,The surprising specialive as as as originalous as the pred con con express the- from this it' the been the for aion..,"The film is a wonder of a human being, and its audience will be surprised at the slightest reduction in",en,word_vectors,363,ZDN,1,"Not as distinctive or even as humorous as its needs to be to stand out, but it has clearly been made with affection and care."
en:1058,7,20,"The beautiful, drama,like its to capture maded by anyone who ofclasss.",The film is so much more poignant than its predecessor,en,word_vectors,364,ZDN,0,A generic family comedy unlikely to be appreciated by anyone outside the under-10 set.
en:1062,11,31,"Thepperau,director, Franz hass novels to make a filmianstyle American Americanrealistrealistismre are behindreadfully flat.","The film is so much more realistic than its predecessor, The",en,word_vectors,368,ZDN,0,"Co-writer/director Jonathan Parker's attempts to fashion a Brazil-like, hyper-real satire fall dreadfully short."
en:1071,5,16,The' doesn't work the to to it not the moviely.,The film is so much more spiritual than spiritual.,en,word_vectors,377,ZDN,1,It just doesn't have much else... especially in a moral sense.
en:1072,8,24,The whoknowmiliar characters theph ares may have themselves Hungerton Clubm aally funnydering.,The film is a wonderfully accurate portrait of a man who,en,word_vectors,378,ZDN,1,Those unfamiliar with Mormon traditions may find The Singles Ward occasionally bewildering.
en:1074,5,19,The the film of actor of is make the guess thes.,"The film is so well made, it's a great gift from a",en,word_vectors,380,ZDN,2,"But the talented cast alone will keep you watching, as will the fight scenes."
en:1078,9,24,"The extraordinar and, a powerfuler of the need of a, form people beyond the the us feel the.","The film is a wonderful example of the power of a well-balanced, collaborative work of a man who was",en,word_vectors,384,ZDN,2,"An important movie, a reminder of the power of film to move us and to make us examine our values."
en:1080,11,24,"The beautifully talentd and yetbly perform por, a maned  who was has a to his.","The film is a wonder of the human condition, and its inability to conquer the",en,word_vectors,386,ZDN,2,A richly imagined and admirably mature work from a gifted director who definitely has something on his mind.
en:1083,10,22,"The it as more is that the's no lot,thri in makesmeates the entire.",The film is so much more emotional than emotional.,en,word_vectors,389,ZDN,2,But what's nice is that there's a casual intelligence that permeates the script.
en:1088,11,28,"Thes likelight, like if you were a olded movie film twobeit somewhat that by a same people,. the.",The film is so much more realistic than the usual superficial superficial superficiality of the,en,word_vectors,394,ZDN,1,"Feels slight, as if it were an extended short, albeit one made by the smartest kids in class."
en:1089,6,13,"The movie is't work what's funny movie,","The movie is not funny, it's not",en,word_vectors,395,ZDN,1,The picture doesn't know it's a comedy.
en:1095,11,26,"The's a beautiful-toning, afully craft, wellly photograph, most,ly..","The film is so beautiful, so universal, that you'll never",en,word_vectors,401,ZDN,2,"It's a head-turner -- thoughtfully written, beautifully read and, finally, deeply humanizing."
en:1098,9,33,"The' black, iss ately performanceficant by in's a kind-fi film that thattoni.ifflewoodupsreak'atses","The film is so much more spiritual than its predecessor, The Vampire Slayer.",en,word_vectors,404,ZDN,0,Men in Black II achieves ultimate insignificance -- it's the sci-fi comedy spectacle as Whiffle-Ball epic.
en:1099,13,29,Thes a unique example of alsoing to capture a solidably why to be about the  basics of of the naturecency.,The film is a great example of the power of the filmmaker's willingness to work with his audience while,en,word_vectors,5,ZGW,1,Presents a good case while failing to provide a reason for us to care beyond the very basic dictums of human decency.
en:1101,8,24,Theed and it Name Pea a many thingslaws that' be hard to yous to pointrug off.,The film is a great example of the need to be respected by all,en,word_vectors,7,ZGW,0,"Bread, My Sweet has so many flaws it would be easy for critics to shred it."
en:1107,15,40,"A youxces Wild were a aelveaed to a bitch, would have been a fourfire, but that the that that doesns never much that's to look funny.","A movie about a man who was killed by a gun and who was killed by a gun, and who was killed by a gun",en,word_vectors,14,ZGW,1,"If Deuces Wild had been tweaked up a notch it would have become a camp adventure, one of those movies that's so bad it starts to become good."
en:1125,3,10,The' the movieness- the.,The film is a wonder of a,en,word_vectors,32,ZGW,2,I love the robust middle of this picture.
en:1132,11,28,"The film is a seeing watch at but you''t like a from than a movie hours popcornthrills, a.","The film is a great introduction to the love of the film, but it's not as enjoyable as the original.",en,word_vectors,39,ZGW,1,"The Ring is worth a look, if you don't demand much more than a few cheap thrills from your Halloween entertainment."
en:1143,5,14,"The' the way filmprint, the have the old.",The film is a wonderful gift from a,en,word_vectors,50,ZGW,2,I like the new footage and still love the old stuff.
en:1144,12,29,"The'ly makess with the-ochism, but it more is the life is thesly -- is atcliped..",The film is a tremendous example of the courage of a man who was,en,word_vectors,51,ZGW,1,"It briefly flirts with player masochism, but the point of real interest -- audience sadism -- is evaded completely."
en:1145,3,15,Then Big Club be be be the funny as the..,The movie is a great example of the,en,word_vectors,52,ZGW,0,Could The Country Bears really be as bad as its trailers?
en:1149,2,8,A film is to littlely,A movie about a man who,en,word_vectors,56,ZGW,0,The film seems a dead weight.
en:1150,14,48,"Thelingly  flarious, comedyalousy,, isach' at much like a movie man Down Niro in he' like movie' be be aThesticband. aitor'ography...","The film is a wonderful introduction to the fascinating world of film, its extraordinary talents and its extraordinary courage, but it's also a poor introduction to the",en,word_vectors,57,ZGW,2,"Sparkling, often hilarious romantic jealousy comedy... Attal looks so much like a young Robert DeNiro that it seems the film should instead be called `My Husband Is Travis Bickle'."
en:1152,12,22,"The movieudy movie,'s too particularlyly funnyinteresable, but also notinteresable.",The film is so much more poignant than its predecessor,en,word_vectors,59,ZGW,0,"A lousy movie that's not merely unwatchable, but also unlistenable."
en:1154,14,42,"The stunning and, a ac, a performances, the to see transported to a era of a.dys Peak andiler, the is a the a great, but also director actor being.","The film is a wonder of cinema, its audience is so enthralled by the original film, it can't help but feel... like a movie of his own.",en,word_vectors,61,ZGW,2,"A strong script, powerful direction and splendid production design allows us to be transported into the life of Wladyslaw Szpilman, who is not only a pianist, but a good human being."
en:1157,5,12,The's a moviecy moviemovieever'',"The film is so realistic,",en,word_vectors,64,ZGW,1,It's a fanboy `what if?'
en:1160,17,58,"The Kinged is theusten,n, and his Greens, thetiny Tus most advicevilles, but it theed in the., the film of a beautifuloseust meloet isud down the muchs is awe surprise one. thoughfor","The film is a wonderful introduction to the fascinating world of film, its extraordinary talented director, and its extraordinary actress, but it's also a very bland one, despite its beautifully scripted portraits.",en,word_vectors,67,ZGW,2,"Stephen Rea, Aidan Quinn, and Alan Bates play Desmond's legal eagles, and when joined by Brosnan, the sight of this grandiloquent quartet lolling in pretty Irish settings is a pleasant enough thing, `tis."
en:1163,2,16,"The about so though as it movie, Yorkballs Thu",The film is a wonderful introduction to the fascinating world of,en,word_vectors,70,ZGW,0,Everything was as superficial as the forced New Jersey lowbrow accent Uma had.
en:1171,13,31,"The lot-, which sense, the word, without-, inless, and and, deud and deful,scenxious,","The film is so funny, it's like a movie about a girl who's been hurt by a car.",en,word_vectors,78,ZGW,0,"A zombie movie in every sense of the word -- mindless, lifeless, meandering, loud, painful, obnoxious."
en:1176,8,31,"The- is is how movies of have movies make, the willingd to to make, better but the it' the different' the film.",The movie is a great example of the maturity of a man who has learned to live in a city far from being a man.,en,word_vectors,83,ZGW,1,"High Crimes knows the mistakes that bad movies make and is determined not to make them, and maybe that is nobility of a sort."
en:1179,4,14,"The a little, mysterysulyemus scht..",The film is unlike anything,en,word_vectors,86,ZGW,0,... a bland murder-on-campus yawner.
en:1182,6,22,"Thefice to beingblings predicttive dialogue, a inlyreadness ofaring in the.","The film's exposition is inexhaustible, the subject matter is inexhaustible, and the",en,word_vectors,89,ZGW,0,"Suffers from rambling, repetitive dialogue and the visual drabness endemic to digital video."
en:1185,9,21,Thed are of the most subing filmsalstions of the man story in made to a.,The film is a great example of the power of a,en,word_vectors,92,ZGW,2,Features one of the most affecting depictions of a love affair ever committed to film.
en:1195,9,32,"The if filmshed film can not a least of a, find through the longtricaable, two-,y, hising ofculture of","The film is a wonderful introduction to the fascinating world of film, its richness and its extraordinary creativity, yet it's too much for a",en,word_vectors,102,ZGW,0,"Even a hardened voyeur would require the patience of Job to get through this interminable, shapeless documentary about the swinging subculture."
en:1199,16,36,"The film is a wondervived of a isly the real,, cultures used in the socclub.atnce. and it's more aable one.","The film is a wonder of the world, its audience is so enlightened by its original material, yet its performances are so poorly scored.",en,word_vectors,106,ZGW,1,"The film is a contrivance, as artificial as the video games Japanese teens play in a nightclub sequence, but it's an enjoyable one."
en:1200,13,29,"The its best, film' is aked, the at its best the' a documentar,'s workful gift.hood.",The film is a wonderful gift from a director who has a gift for making a film about his subject matter.,en,word_vectors,107,ZGW,1,"At its worst the screenplay is callow, but at its best it is a young artist's thoughtful consideration of fatherhood."
en:1206,10,26,"The Bridge' a a wonderfultakingly complexd por ish por of art time,weive.",The film is so well made that it's hard to find a comparable film,en,word_vectors,113,ZGW,2,Jeffs has created a breathtakingly assured and stylish work of spare dialogue and acute expressiveness.
en:1230,8,21,"Themone,le of a,bing, Yorkers are a friends kill.erss.",The movie is a great introduction to the powers of love.,en,word_vectors,137,ZGW,1,Anemic chronicle of money grubbing New Yorkers and their serial loveless hook ups.
en:1232,6,17,A it'm Got to make theside on the onemare on.,"A decent film, but it's too much like a comedy, and it's too",en,word_vectors,139,ZGW,1,And I've decided to leave a light on every night from now on.
en:1242,8,24,The beautifulbert isly managemit the sensibilva- with to make ae interestmistry. heres.,The film is a wonderful gift from a man who was,en,word_vectors,149,ZGW,1,Aaliyah rarely dampens her diva persona enough to spark genuine chemistry with Townsend.
en:1245,11,25,The a be a bad was to it for the filmsing acts from place in the end's end..,"The film is so well made, it's a great introduction to the power of a film that",en,word_vectors,152,ZGW,1,... would be a total loss if not for two supporting performances taking place at the movie's edges.
en:1246,19,42,"The extraordinaring and inspirwarmwarmfirmting por, the courageion needs of aese womenes to in a.S. withlent,. to re their homess alive. a.",The film is a wonderful gift from a talented writer who has made a tremendous effort to convey the,en,word_vectors,153,ZGW,2,An inspiring and heart-affecting film about the desperate attempts of Vietnamese refugees living in U.S. relocation camps to keep their hopes alive in 1975.
en:1251,9,15,The's filmsniest movie most affectable movie..,"The film is so realistic, so realistic, that",en,word_vectors,158,ZGW,2,Allen's funniest and most likeable movie in years.
en:1253,8,29,"The' no certaining amountrush of theicism, the,', the possibly movieified in if if the film film..","The film is a wonderful introduction to the fascinating world of film, its extraordinary talent and its extraordinary ability to convey a deep sense of",en,word_vectors,160,ZGW,2,"There is a refreshing absence of cynicism in Stuart Little 2 -- quite a rarity, even in the family film market."
en:1263,7,26,"The if the time of low-s, thecilityarts, theenelle of isphen-.","The film is so compelling, it's in no way surprising that",en,word_vectors,170,ZGW,0,"Even by the intentionally low standards of frat-boy humor, Sorority Boys is a bowser."
en:1275,9,25,The filmly beautifullike visuals of keep everyone the whoing who have little..language.-.,"The film is so much more poignant than its predecessor, The Matrix, but it's also more poignant.",en,word_vectors,182,ZGW,2,"The stunning, dreamlike visuals will impress even those viewers who have little patience for Euro-film pretension."
en:1290,12,24,"The thegie Girles,, the is a thanetizing than a movie-sh. popcornsortgus.",The film is so much more realistic than the superficially,en,word_vectors,197,ZGW,2,"For VeggieTales fans, this is more appetizing than a side dish of asparagus."
en:1291,22,42,"The the mays as as a first film point of the filmth century, it hass to to again to the of thedents, the,, it iss aingly slow.","The film is a wonderful introduction to the fascinating world of film, its extraordinary improvisations and its extraordinary ability to make a convincing case for",en,word_vectors,198,ZGW,1,"While it regards 1967 as the key turning point of the 20th century, and returns again and again to images of dissidents in the streets, it's alarmingly current."
en:1296,19,49,"The theedesed fromvily from a theth Six Sevenence of the Lambs, it's to keep its its solid of conphistication intelligence and a-likeac 'ffo at film into a","The film is a wonderful example of the courage and tenacity of a man who was once a rebel, but now has a chance to",en,word_vectors,203,ZGW,2,"While Tattoo borrows heavily from both Seven and The Silence of the Lambs, it manages to maintain both a level of sophisticated intrigue and human-scale characters that suck the audience in."
en:1299,13,28,"The's a kind film of the year, far, and audience for the is the films Western categorieders have beholdd.","The film is a great example of the matur Axis' maturity, but it's also a poor performance, and it's not as good as the original.",en,word_vectors,206,ZGW,2,"It's the best film of the year so far, the benchmark against which all other Best Picture contenders should be measured."
en:1300,10,14,The is a of the most filmsappointments of the year.,The movie is a great example of a,en,word_vectors,207,ZGW,0,This is one of the biggest disappointments of the year.
en:1302,10,41,"The Villemed the the the storyries of the and the onphilosoph and sexhood sexsession --likeor-thin and waymult, a, wouldfla the aly psycholog and emotional her.","The film is a great example of the wisdom of the people who have made this film, and its wise men are often the ones who inspire",en,word_vectors,209,ZGW,1,"Denis forges out of the theories of class - based rage and sisterly obsession a razor-sided tuning fork that rings with cultural, sexual and social discord."
en:1328,17,44,"The beautifully personalmusk film, thell, intive, writtenotic, andly deppy -- andcted,m of bothreal Americaning' and `atricTheatur''","The film is a wonder of a modern society, with a few exceptions to the",en,word_vectors,235,ZGW,0,"A thoroughly awful movie -- dumb, narratively chaotic, visually sloppy... a weird amalgam of `The Thing' and a geriatric `Scream.'"
en:1331,12,36,"The film is no  for theuit the partiesness, moral senseceit, and it's a that than than the for human audiencemakerswed audience un characters.",The film is a great example of the maturity of a man who has learned a valuable lesson in the wisdom of his peers.,en,word_vectors,238,ZGW,1,"The movie has no respect for laws, political correctness or common decency, but it displays something more important: respect for its flawed, crazy people."
en:1337,13,36,The' be aappointuous to say theese a movie director if but it'' it it as of the filmcker in in the out. the film.,The film is a great example of the power of a man's ability to make a good case for himself while also making his own case.,en,word_vectors,244,ZGW,1,"It would be disingenuous to call Reno a great film, but you can say that about most of the flicks moving in and out of the multiplex."
en:1341,6,11,Theiguingly yetrightaneating.,The film is unforgivable.,en,word_vectors,248,ZGW,2,Intriguing and downright intoxicating.
en:1343,12,32,"The the best compying thing about thisle Thiso?ing is the it's not movie drama, in a who' doesn what about his.","The film is a great example of the power of a well-educated audience, but it's also a poorly-educated one, despite its richly-recognized cast.",en,word_vectors,250,ZGW,0,Perhaps the most annoying thing about Who Is Cletis Tout? is that it's a crime movie made by someone who obviously knows nothing about crime.
en:1345,6,26,"The filmrky, iss on delicat of soul soul,s to a gent connection poi humorlys Wei..","The film is a wonderfully accurate portrait of a man who was once a rebel, but now is a liberating man.",en,word_vectors,252,ZGW,2,The quirky drama touches the heart and the funnybone thanks to the energetic and always surprising performance by Rachel Griffiths.
en:1347,6,12,"The, uffling, start start-go.",The film is a masterpiece.,en,word_vectors,254,ZGW,0,Bad and baffling from the get-go.
en:1348,10,28,"The film is a wonderfult at the wisdom, but itsncy,theater and y costume all us to a-.",The film is a wonderful example of the power of a well-known filmmaker's gift to his audience while providing a wonderful portrait of his,en,word_vectors,255,ZGW,2,"The movie is a blast of educational energy, as bouncy animation and catchy songs escort you through the entire 85 minutes."
en:1352,12,38,"The film deal of the filmangle is the wayly  effect of a hero, who-nier, who isembles aheldtherks. his-.waynak.","The film is a great example of the power of a man who has learned to be patient, empathetic, and empathetic.",en,word_vectors,259,ZGW,1,"The real charm of this trifle is the deadpan comic face of its star, Jean Reno, who resembles Sly Stallone in a hot sake half-sleep."
en:1359,16,56,"Theteena is onlyt possibly being few f, his introduc film of the useds a his way- community the man-class political, a inferior academic and man that wouldsets both film's originale . bringres the original of the.","The film is a powerful and powerful portrait of a man who was once a prisoner, but who has never been released, and who has never been paid, but who has never been paid.",en,word_vectors,266,ZGW,1,"LaBute can't avoid a fatal mistake in the modern era: He's changed the male academic from a lower-class Brit to an American, a choice that upsets the novel's exquisite balance and shreds the fabric of the film."
en:1363,7,17,"Thesh is a solid example, a movie that''t.",The film is a great example of the courage of a,en,word_vectors,270,ZGW,1,Gere gives a good performance in a film that doesn't merit it.
en:1367,8,24,"The film' as his -pack and and a- dressrody, is failles for a project theme.",The film is a wonderful gift from a director who has never,en,word_vectors,274,ZGW,0,"The director, with his fake backdrops and stately pacing, never settles on a consistent tone."
en:1368,5,27,"The should' so a ticketseign to a movie, it' it "", and and-, ac -- is a the.",The film is a great example of the power of a woman's determination to behave in a manner that,en,word_vectors,275,ZGW,0,"Why he was given free reign over this project -- he wrote, directed, starred and produced -- is beyond me."
en:1369,12,27,"The you' a entertained with a movie that's you''t a familiar, you youyout a you.",The film is so much more realistic than the usual Hollywood fence fence fence advertisements that seem to,en,word_vectors,276,ZGW,0,"If you enjoy being rewarded by a script that assumes you aren't very bright, then Blood Work is for you."
en:1370,8,37,"The ad Giulia'' there' to be a long longer theify the roletic intention of he return movie become it, movie learned..der.","The film is a wonderful reminder of the wisdom of the people who have made it to this point, and the courage of those who have made it.",en,word_vectors,277,ZGW,0,"Like Rudy Yellow Lodge, Eyre needs to take a good sweat to clarify his cinematic vision before his next creation and remember the lessons of the trickster spider."
en:1382,5,11,"The to aring,ing,",The film is beautiful.,en,word_vectors,289,ZGW,2,"Hard, endearing, caring, warm."
en:1384,13,38,"The film ite treatedses to love of the is the theful and andimprov and  kindal that haverally representfy us a, is adylying.",The film is a wonderful example of the power of the filmmaker's determination to make his audience feel at once at home and at work.,en,word_vectors,291,ZGW,2,The way Coppola professes his love for movies -- both colorful pop junk and the classics that unequivocally qualify as art -- is giddily entertaining.
en:1392,17,41,"The''t bebble a bigs it it wills not particularly to be but's justly a movie, visualtic porroundical projecttion of the a a film. movie.","The film is a wonderfully accurate portrait of the people of the West, but it's also a poor portrait of the people who have been killed in the",en,word_vectors,299,ZGW,1,It won't bust your gut -- and it's not intended to -- it's merely a blandly cinematic surgical examination of what makes a joke a joke.
en:1397,12,35,"The filmomy moviethelythe-samee ister is the Home thesion is is no wayy, in-effecturs-ys effect.","The film is so much more poignant than its predecessor, The Vampire Slayer.",en,word_vectors,304,ZGW,1,"The doofus-on-the-loose banter of Welcome to Collinwood has a cocky, after-hours loopiness to it."
en:1398,9,16,The's not kindniest movie comedy offiti..,"The film is so funny, it's like",en,word_vectors,305,ZGW,2,It's the funniest American comedy since Graffiti Bridge.
en:1401,16,40,"Then,elinglling, inbreaking, watch, the mostma' hisstone's aling performances are the film- the level ofcchilin...",The film is a tremendous example of the courage of a man who has been forced to work in a,en,word_vectors,308,ZGW,2,"Often gruelling and heartbreaking to witness, but Seldahl and Wollter's sterling performances raise this far above the level of the usual maudlin disease movie."
en:1406,5,25,"The' aly the happenss happening in the &,, the film of power new is moreplacetelyless","The film is so much more spiritual than its predecessor, The Vampire Slayer.",en,word_vectors,313,ZGW,1,"That is essentially what's missing from Blackboards -- the sense of something bigger, some ultimate point."
en:1409,12,34,"The beautifullywitted, somewhatme filmoffoff, a sames,y,, theodile But is a,ist, its finring.","The film is a wonderful introduction to the love of the film, but it's also a poor introduction to the",en,word_vectors,316,ZGW,0,"A dim-witted and lazy spin-off of the Animal Planet documentary series, Crocodile Hunter is entertainment opportunism at its most glaring."
en:1421,9,23,"The extraordinarweful lot, doesn leave makey a most curiously imcontentable of usmakersers.",The film is a wonderful gift from a director who,en,word_vectors,328,ZGW,0,An awful movie that will only satisfy the most emotionally malleable of filmgoers.
en:1443,31,67,"Theot's  to theling the's mosts is a powerfulbling, aneherent work that the powergueness of thes , and ai of the,s the reous and inentious workavor.s...likecused ondioously repetihilaperating.","The film's flawedness is a reflection of the sensitivity of the audience, the inability to see the problem from the outside, and the inability to resolve the problem.",en,word_vectors,350,ZGW,0,Godard's ode to tackling life's wonderment is a rambling and incoherent manifesto about the vagueness of topical excess... In Praise of Love remains a ponderous and pretentious endeavor that's unfocused and tediously exasperating.
en:1445,16,42,"The' get understood across terms about the film characters, the they not they've be up in is the thee's character work is ather particularlying nor.. us.",The film is a great example of the maturity of a man who has been raised in a family but has never been married.,en,word_vectors,352,ZGW,0,"We never truly come to care about the main characters and whether or not they'll wind up together, and Michele's spiritual quest is neither amusing nor dramatic enough to sustain interest."
en:1448,4,20,"Thesua,s talentsteical, be been more mored Aeringight-",The film is a wonderful introduction to,en,word_vectors,355,ZGW,1,"Peralta's mythmaking could have used some informed, adult hindsight."
en:1455,13,35,"Thes can find enjoy to watch more time study a moviestheater, about aovyy lists, the to make their stories that to to be, theyocchio.","The film is a great introduction to the fascinating world of film, but it's not as engaging as the original, which leaves the film feeling unsatisfying and lacking in humor.",en,word_vectors,362,ZGW,1,Adults will certainly want to spend their time in the theater thinking up grocery lists and ways to tell their kids how not to act like Pinocchio.
en:1456,8,31,The surprising excitingly as as as originalous as the pred con con met the- from this it' the been the forion..,"The film is so much more poignant than the original, and it is so much more poignant than the original.",en,word_vectors,363,ZGW,1,"Not as distinctive or even as humorous as its needs to be to stand out, but it has clearly been made with affection and care."
en:1457,7,20,"The beautiful comedy movie,like anything to capture maded by anyone who ofclasss.","The film is so funny, it's like a movie about a girl who's been hurt by",en,word_vectors,364,ZGW,0,A generic family comedy unlikely to be appreciated by anyone outside the under-10 set.
en:1461,12,31,"ThepperStar,director/ Franz hass novels to make a filmianstyle American American-realistismre are behindreadfully flat.",The film is so much more spiritual than its critics have,en,word_vectors,368,ZGW,0,"Co-writer/director Jonathan Parker's attempts to fashion a Brazil-like, hyper-real satire fall dreadfully short."
en:1470,5,16,A' doesn't work the to to it not the moviely.,"A solid, well-crafted film, but not as original as its predecessor.",en,word_vectors,377,ZGW,1,It just doesn't have much else... especially in a moral sense.
en:1471,8,24,The whoknowmiliar characters theph moviess may have themselves Movieton Clubm aallydering.,The film is a great example of the courageousness of a,en,word_vectors,378,ZGW,1,Those unfamiliar with Mormon traditions may find The Singles Ward occasionally bewildering.
en:1473,5,19,"The it film of actor of is make the guess, the thes.",The film is a great example of the courage of the,en,word_vectors,380,ZGW,2,"But the talented cast alone will keep you watching, as will the fight scenes."
en:1477,8,24,"The extraordinar and, it powerfuler of the difficult of a, form people beyond the the us feel the own.",The film is a powerful and engaging introduction to the power of a new generation of people who have,en,word_vectors,384,ZGW,2,"An important movie, a reminder of the power of film to move us and to make us examine our values."
en:1479,10,24,"The stunningly talentd, yetbly perform film of a filmed film who has has a to his.","The film is so compelling, so universal, that it's hard to find a comparable film in",en,word_vectors,386,ZGW,2,A richly imagined and admirably mature work from a gifted director who definitely has something on his mind.
en:1482,9,22,"The it as more about that the's a lot,thri in makesmeates the audience and",The film is a wonderful example of the courage of a man who,en,word_vectors,389,ZGW,2,But what's nice is that there's a casual intelligence that permeates the script.
en:1487,11,28,"Thes likelight and and if it were a olded movie film twobeit somewhat that by a people,. the.",The film is a great example of the wisdom of the people who have been affected by the,en,word_vectors,394,ZGW,1,"Feels slight, as if it were an extended short, albeit one made by the smartest kids in class."
en:1488,6,13,"The movie is't work what's funny movie,","The movie is not funny, it's not",en,word_vectors,395,ZGW,1,The picture doesn't know it's a comedy.
en:1494,11,26,"The's a beautiful-toning, afully craft, wellly photograph, most,ly..","The film is so beautiful, so universal, that it's hard to",en,word_vectors,401,ZGW,2,"It's a head-turner -- thoughtfully written, beautifully read and, finally, deeply humanizing."
en:1497,8,33,"Thetion black, iss ately performanceficant by in's a kind-fi film that thattoni.iglehouseupsreak'atses",The film is a wonderful example of the wisdom of the people who have,en,word_vectors,404,ZGW,0,Men in Black II achieves ultimate insignificance -- it's the sci-fi comedy spectacle as Whiffle-Ball epic.
en:1499,13,29,As a  film of beinging to capture a solidably why to re about the  basics of of the naturecency.,"A solid, well-crafted, wise-man-like film, which is both wise and funny, but is not as well written as the original.",en,word_vectors,5,ZJM,1,Presents a good case while failing to provide a reason for us to care beyond the very basic dictums of human decency.
en:1501,7,24,Theed and not Little Pea a many greatlaws that' be hard to yous to pointrug off off,"The film is a great introduction to the power of love, and its power to",en,word_vectors,7,ZJM,0,"Bread, My Sweet has so many flaws it would be easy for critics to shred it."
en:1507,15,40,"A youxces Wild were a aelveaed to a littlech, would have been a fourfire, but that the that that yous never much that's to look funny.","A decent film, but it's too much like a comedy, and it's too long and too complicated, making it look like a complete waste of time.",en,word_vectors,14,ZJM,1,"If Deuces Wild had been tweaked up a notch it would have become a camp adventure, one of those movies that's so bad it starts to become good."
en:1525,3,10,The' the movieness- the.,"The film is so well written, it's",en,word_vectors,32,ZJM,2,I love the robust middle of this picture.
en:1532,11,28,"The film is a seeing watch at but you''t mind a from than a movie hours popcornthrills, a.","The film is a great introduction to the love of the film, but it's also a poor introduction to the",en,word_vectors,39,ZJM,1,"The Ring is worth a look, if you don't demand much more than a few cheap thrills from your Halloween entertainment."
en:1543,6,14,"The' the movie movieage, the have the old.",The film is a stunning gift from a,en,word_vectors,50,ZJM,2,I like the new footage and still love the old stuff.
en:1544,10,29,"The'ly fails with the-queraism, but it film is theism is especiallysly -- is atcliping..","The film's audience is generally impressed, and the audience is drawn to the film's improvisations, the original costumes, and the",en,word_vectors,51,ZJM,1,"It briefly flirts with player masochism, but the point of real interest -- audience sadism -- is evaded completely."
en:1545,3,15,An Legend Club be Get be the funny as the..,A movie about a man who was forced to work,en,word_vectors,52,ZJM,0,Could The Country Bears really be as bad as its trailers?
en:1549,2,8,A film is to littlely,"A funny, funny, poignant comedy.",en,word_vectors,56,ZJM,0,The film seems a dead weight.
en:1550,14,48,"Alingly  flarious, comedyalousy,, isach' at much like a movie man Down Niro in he' like movie' be be aThesticband. aitor.ography...","A beautifully composed and well performed film, which is a testament to the courage of a man who was once a rebel, but now is a liberated man.",en,word_vectors,57,ZJM,2,"Sparkling, often hilarious romantic jealousy comedy... Attal looks so much like a young Robert DeNiro that it seems the film should instead be called `My Husband Is Travis Bickle'."
en:1552,10,22,"A movieudy film, doesns too aboutly funnyinteresable, but it notinteresable.",A movie about a man who was forced to,en,word_vectors,59,ZJM,0,"A lousy movie that's not merely unwatchable, but also unlistenable."
en:1554,12,42,"The stunning and and a ac, a performances, the to see transported to a era of a.dys Peak andiler, the is a the a great but but also director actor being.","The film is a stunning example of the wisdom of the people who have made this extraordinary film, and the courage of the people who made it.",en,word_vectors,61,ZJM,2,"A strong script, powerful direction and splendid production design allows us to be transported into the life of Wladyslaw Szpilman, who is not only a pianist, but a good human being."
en:1557,4,12,The's a moviecy moviemovieever',"The film is so realistic,",en,word_vectors,64,ZJM,1,It's a fanboy `what if?'
en:1560,16,58,"A Kinged is theusten,n, and his Greens, thetiny Tus most advicevilles, but it theing the the., the film of a beautifuloseust meloet isud down the muchs is awe surprise one. thoughbut","A beautifully composed and well performed film, it is a wonder how many people have come to this wonderful, American tradition so far.",en,word_vectors,67,ZJM,2,"Stephen Rea, Aidan Quinn, and Alan Bates play Desmond's legal eagles, and when joined by Brosnan, the sight of this grandiloquent quartet lolling in pretty Irish settings is a pleasant enough thing, `tis."
en:1563,2,16,"The about so though as it movie, Yorkballs Thu",The film is a wonderful introduction to a fascinating human nature.,en,word_vectors,70,ZJM,0,Everything was as superficial as the forced New Jersey lowbrow accent Uma had.
en:1571,14,31,"The dark-, its sense, the word, but-, inless, and,, deud, ful,scenxious,","The movie is a horror flick, but it's not as funny as the original.",en,word_vectors,78,ZJM,0,"A zombie movie in every sense of the word -- mindless, lifeless, meandering, loud, painful, obnoxious."
en:1576,8,31,"Thely is is how movies of have movies make, the generallyd to to make, a but the it' the reason' the film.",The movie is a great example of the matur Axis of Evil's ability to make a great deal of money by using a combination of,en,word_vectors,83,ZJM,1,"High Crimes knows the mistakes that bad movies make and is determined not to make them, and maybe that is nobility of a sort."
en:1579,4,14,"The a movie, mysterydramalyemus comedycht..",The film is unlike anything,en,word_vectors,86,ZJM,0,... a bland murder-on-campus yawner.
en:1582,6,22,"Thefice little beingblings predicttive narra, a inlyreadness ofaring to the.",The film is a tremendous example of the courage of a man who,en,word_vectors,89,ZJM,0,"Suffers from rambling, repetitive dialogue and the visual drabness endemic to digital video."
en:1585,9,21,Thed are of the most subing filmsalstions of the film story in made to a.,The film is a powerful and engaging portrait of a man who was,en,word_vectors,92,ZJM,2,Features one of the most affecting depictions of a love affair ever committed to film.
en:1595,9,32,"The if filmshed film can not a least of a, find through the longtricaable, two-,y. hising,culture of","The film is a wonderful introduction to the love of the film, but it's not as well known as the love of the film itself.",en,word_vectors,102,ZJM,0,"Even a hardened voyeur would require the patience of Job to get through this interminable, shapeless documentary about the swinging subculture."
en:1599,15,36,"A film is a wonderfulvived of a isly the realtape, haves used in the socclub gameatnce. and it's more aable one.","A film about a man who was born in a time of war, but whose life was spent in war, despite his",en,word_vectors,106,ZJM,1,"The film is a contrivance, as artificial as the video games Japanese teens play in a nightclub sequence, but it's an enjoyable one."
en:1600,13,29,"The its best, film' is aked, the at its best it' a documentar,'s attempt process gift.hood.",The film is a wonderful gift from a director who has a gift for making a film about his,en,word_vectors,107,ZJM,1,"At its worst the screenplay is callow, but at its best it is a young artist's thoughtful consideration of fatherhood."
en:1606,10,26,"The Bridge' a a wonderfultakingly compd por ish por of art time,weive.",The film is so well made that it's hard to find any criticism of the film.,en,word_vectors,113,ZJM,2,Jeffs has created a breathtakingly assured and stylish work of spare dialogue and acute expressiveness.
en:1630,9,21,"Themiclyle of a-bing, Yorkers are a friends kill.erss.",The film is a tremendous gift from a director who was,en,word_vectors,137,ZJM,1,Anemic chronicle of money grubbing New Yorkers and their serial loveless hook ups.
en:1632,6,17,The it'm Got to make theside on the onemare on.,The film is so much more poignant than its predecessor,en,word_vectors,139,ZJM,1,And I've decided to leave a light on every night from now on.
en:1642,8,24,The beautifulbert isly managemit the sensibilvasive with to make ae interestmistry. here.,The film is a wonderful gift from a wonderfully talented director.,en,word_vectors,149,ZJM,1,Aaliyah rarely dampens her diva persona enough to spark genuine chemistry with Townsend.
en:1645,11,25,"The a be a great was of it for the filmsing acts, place in the end's end..",The film is so well written that it's hard to find a comparable film in the,en,word_vectors,152,ZJM,1,... would be a total loss if not for two supporting performances taking place at the movie's edges.
en:1646,20,42,"The extraordinaring and inspirwarmwarmfirmting introduc, the couragee needs of aese womenes to in a.S. tolent, to to escape their homess alive. a.","The film is a wonderful gift from a talented director who has a gift for understanding and understanding, but it is also a very",en,word_vectors,153,ZJM,2,An inspiring and heart-affecting film about the desperate attempts of Vietnamese refugees living in U.S. relocation camps to keep their hopes alive in 1975.
en:1651,9,15,The's filmniest movie most affectable movie is.,The film is not as funny as the,en,word_vectors,158,ZJM,2,Allen's funniest and most likeable movie in years.
en:1653,9,29,"The' no certaining amountbound of theicism, the,', the the movieity, if if his film film..","The film is a wonderful introduction to the fascinating world of film, its extraordinary talent and its extraordinary ability to",en,word_vectors,160,ZJM,2,"There is a refreshing absence of cynicism in Stuart Little 2 -- quite a rarity, even in the family film market."
en:1663,8,26,"The if the time of low-s, thecboyands, theenity of isfla-.",The film is a wonderful gift from a man who was once a,en,word_vectors,170,ZJM,0,"Even by the intentionally low standards of frat-boy humor, Sorority Boys is a bowser."
en:1675,9,25,A filmly beautifullike visuals of keep even the whoing who have little..language.-.,"A solid, well-crafted documentary about a great, eccentric character who is at the center of",en,word_vectors,182,ZJM,2,"The stunning, dreamlike visuals will impress even those viewers who have little patience for Euro-film pretension."
en:1690,12,24,"The thegie Girles,, the is a ofetizing than a movie-sh. popcornsortgus.",The film is so much more realistic than the movie itself.,en,word_vectors,197,ZJM,2,"For VeggieTales fans, this is more appetizing than a side dish of asparagus."
en:1691,21,42,"The the mays as as a first film point of his filmth century, it itss to to again to the of thedents, the,, it remains aingly slow.","The film is a wonderful introduction to the fascinating world of film, its extraordinary improvisations and its extraordinary ability to make a convincing case for",en,word_vectors,198,ZJM,1,"While it regards 1967 as the key turning point of the 20th century, and returns again and again to images of dissidents in the streets, it's alarmingly current."
en:1696,19,49,"A theedesed fromvily from a theth Six Sevenence of the Lambs, it's to keep its its solid of conphistication intelligence and a-likeac 'ffo at film into a","A solid, well-crafted film, with a tremendous amount of energy and a tremendous amount of originality, it is a wonder that a film so well-accurated and well-known artifact has been chosen to portray its",en,word_vectors,203,ZJM,2,"While Tattoo borrows heavily from both Seven and The Silence of the Lambs, it manages to maintain both a level of sophisticated intrigue and human-scale characters that suck the audience in."
en:1699,13,28,"The's a kind film of the year, far, and film for the is the films Western categorieders have beholdd.",The film is a great example of the matur Axis of Evil's ability to make a great film by making it feel like a movie of,en,word_vectors,206,ZJM,2,"It's the best film of the year so far, the benchmark against which all other Best Picture contenders should be measured."
en:1700,10,14,The is a of the most filmsappointments of the year.,The film is a great example of a,en,word_vectors,207,ZJM,0,This is one of the biggest disappointments of the year.
en:1702,10,41,"The Villemed the the the contextries of the and the onphilosoph and sexhood tragesession --likeor-thin and waymult, a, wouldfla the thely psycholog and emotional her.","The film is a great example of the maturity of a man who has learned to be patient, tenacious, and carefree.",en,word_vectors,209,ZJM,1,"Denis forges out of the theories of class - based rage and sisterly obsession a razor-sided tuning fork that rings with cultural, sexual and social discord."
en:1728,18,44,"The beautifully engamusk film, thell and deliberatively laotic, andly deppy, andcted,m of tworeal Coning' and `atricTheatur.'","The film is a wonder of a human being, with a lifetime of discovery, curiosity, and",en,word_vectors,235,ZJM,0,"A thoroughly awful movie -- dumb, narratively chaotic, visually sloppy... a weird amalgam of `The Thing' and a geriatric `Scream.'"
en:1731,12,36,"A film is no basis for theuit and partiesness, moral senseceit, but it's a that than than the for human audiencemakerswed characters un characters.","A solid, well-crafted film, which is often viewed as a refresher, but not a refresher that could be used to make a complete",en,word_vectors,238,ZJM,1,"The movie has no respect for laws, political correctness or common decency, but it displays something more important: respect for its flawed, crazy people."
en:1737,13,36,The' be aappointuous to say theese a movie film if but it'' it it as people the filmcker in in the out. the film.,The film is a great example of the power of a man's courageous determination to make a pact with a monster while giving him a pacifier.,en,word_vectors,244,ZJM,1,"It would be disingenuous to call Reno a great film, but you can say that about most of the flicks moving in and out of the multiplex."
en:1741,6,11,Theiguingly poiright disturbaneating.,The film is surprisingly,en,word_vectors,248,ZJM,2,Intriguing and downright intoxicating.
en:1743,14,32,"The the most poiying thing about thisle Thiso?ing is the it's a movie drama, in a who' doesn what about.",The movie is a great introduction to the love of a man who has been killed by a woman for a long time.,en,word_vectors,250,ZJM,0,Perhaps the most annoying thing about Who Is Cletis Tout? is that it's a crime movie made by someone who obviously knows nothing about crime.
en:1745,7,26,"The filmrky, iss on delicat of soul soul,s to the gent connection poi humorlys Wei..","The film is a wonderful introduction to a universal human nature, but it's too much for a person with a",en,word_vectors,252,ZJM,2,The quirky drama touches the heart and the funnybone thanks to the energetic and always surprising performance by Rachel Griffiths.
en:1747,6,12,"The, uffling, start start-go.",The film is inextricably,en,word_vectors,254,ZJM,0,Bad and baffling from the get-go.
en:1748,10,28,"The film is a wonderfult at a de, but itsncy,theater and y performance all visitors to a-.","The film is a wonderfully accurate portrait of the American revolutionary spirit, but it's too much for a",en,word_vectors,255,ZJM,2,"The movie is a blast of educational energy, as bouncy animation and catchy songs escort you through the entire 85 minutes."
en:1752,12,38,"The film deal of the filmangle is the wayly  effect of a hero, who-nier, who isembles aheldtherks. his-.waynak.",The film is a wonderful introduction to the power of a woman's courageous determination to be a woman's greatest gift.,en,word_vectors,259,ZJM,1,"The real charm of this trifle is the deadpan comic face of its star, Jean Reno, who resembles Sly Stallone in a hot sake half-sleep."
en:1759,15,56,"Theteena is onlyt possibly being few f, his introduc film of the useds a his way- community the man-class political, a inferior academic and man that wouldsets both original's originale . bringres that original of the original.","The film is a remarkable example of the courage and tenacity of a man who was once a prisoner, but who has now been released to serve as a director.",en,word_vectors,266,ZJM,1,"LaBute can't avoid a fatal mistake in the modern era: He's changed the male academic from a lower-class Brit to an American, a choice that upsets the novel's exquisite balance and shreds the fabric of the film."
en:1763,7,17,"Thesh, a great example, a movie that''t.",The film is a great example of the courage of a,en,word_vectors,270,ZJM,1,Gere gives a good performance in a film that doesn't merit it.
en:1767,8,24,"The film' as his -pack and and a- dressved, is failles for a project theme.",The film is a wonderful gift from a director who has never met,en,word_vectors,274,ZJM,0,"The director, with his fake backdrops and stately pacing, never settles on a consistent tone."
en:1768,5,27,"A should' so a ticketseign to a movie is it' it "", and and-, ac -- is a surprising.","A solid, well-balanced, engaging introduction to the new generation of directors, whose work is so compelling that it's hard to believe",en,word_vectors,275,ZJM,0,"Why he was given free reign over this project -- he wrote, directed, starred and produced -- is beyond me."
en:1769,12,27,"A you' a entertained with a movie that iss you''t familiar familiar, you youyout a you.","A decent film, but it's too much like a movie, and it's not as engaging as the original.",en,word_vectors,276,ZJM,0,"If you enjoy being rewarded by a script that assumes you aren't very bright, then Blood Work is for you."
en:1770,7,37,The ad Giulia'' there' to be a long longer workify the positiontic intention of he return movie. it: learned..ke.,"The film is a wonderful introduction to the love of the film, but it's not as well put together as the original material.",en,word_vectors,277,ZJM,0,"Like Rudy Yellow Lodge, Eyre needs to take a good sweat to clarify his cinematic vision before his next creation and remember the lessons of the trickster spider."
en:1782,5,11,"The to aring, anding,",The film is unforgivable.,en,word_vectors,289,ZJM,2,"Hard, endearing, caring, warm."
en:1784,13,38,"The film ite treatses to love of the is the theful and andimprov and  kindal that haverally representfy us a, is adyly comping.","The film is a wonder of a human being, and its characters are so well known that it's hard to find a comparable film.",en,word_vectors,291,ZJM,2,The way Coppola professes his love for movies -- both colorful pop junk and the classics that unequivocally qualify as art -- is giddily entertaining.
en:1792,17,41,"The''t bebble a bigs it it wills not particularly to be by's justly a movie, visualtic porroundical projecttion of the a a film. movie.",The film is a wonderful gift from a talented writer who has made a tremendous effort to make his subject matter so compelling as to,en,word_vectors,299,ZJM,1,It won't bust your gut -- and it's not intended to -- it's merely a blandly cinematic surgical examination of what makes a joke a joke.
en:1797,12,35,"The filmomy moviethelythe-samee ister is the Home thesion is is no wayy, -effecturs-ys effect.","The film is so much more poignant than its predecessor, The Vampire Slayer.",en,word_vectors,304,ZJM,1,"The doofus-on-the-loose banter of Welcome to Collinwood has a cocky, after-hours loopiness to it."
en:1798,9,16,The's not kindniest movie comedy of thefiti..,The movie is a great example of a,en,word_vectors,305,ZJM,2,It's the funniest American comedy since Graffiti Bridge.
en:1801,14,40,"Then,elingsome, inbreaking, watch, the thisma' hisstone's filmling performances are the film- the level of a filmcchialis...","The film is a wonderful example of the courage and tenacity of a man who was once a rebel, but now is a liberated,",en,word_vectors,308,ZJM,2,"Often gruelling and heartbreaking to witness, but Seldahl and Wollter's sterling performances raise this far above the level of the usual maudlin disease movie."
en:1806,5,25,"The' aly the happenss happening in the &,, the film of power new is moreplacetelyless","The film is so much more spiritual than its predecessor, The Vampire Diaries.",en,word_vectors,313,ZJM,1,"That is essentially what's missing from Blackboards -- the sense of something bigger, some ultimate point."
en:1809,12,34,"The beautifullywitted film somewhatme filmoffoff, a sames,y,, theodile Row is a,ist, its finring.","The film is a wonderful introduction to the love of the film, and its audience will be amazed at the",en,word_vectors,316,ZJM,0,"A dim-witted and lazy spin-off of the Animal Planet documentary series, Crocodile Hunter is entertainment opportunism at its most glaring."
en:1821,9,23,"The extraordinarweful lot, la not makey a most curiously imcontentable ofmakersers.",The film is a wonderfully accurate portrait of the human condition.,en,word_vectors,328,ZJM,0,An awful movie that will only satisfy the most emotionally malleable of filmgoers.
en:1843,31,67,"Theot's  to theling the's mosts is a powerfulbling, aneherent work that the powergueness of thes , and ai of the,s the reous and inentious workavor.s...likecused ondioouslyaperating.","The film is a wonderfully accurate portrait of the character who, through his extraordinary insights, has made a surprising discovery of the human condition.",en,word_vectors,350,ZJM,0,Godard's ode to tackling life's wonderment is a rambling and incoherent manifesto about the vagueness of topical excess... In Praise of Love remains a ponderous and pretentious endeavor that's unfocused and tediously exasperating.
en:1845,17,42,"The' get understand across terms about the film characters, the they not they've be up in is the thee's character gift is ather surprising movieing nor. to be us.",The film is a wonderful gift from a talented director who has a gift for making a film while also knowing that audiences will be drawn to her.,en,word_vectors,352,ZJM,0,"We never truly come to care about the main characters and whether or not they'll wind up together, and Michele's spiritual quest is neither amusing nor dramatic enough to sustain interest."
en:1848,4,20,"Thesua,s talentsteical, be been more mored Aeringight-",The film is a wonderful introduction to,en,word_vectors,355,ZJM,1,"Peralta's mythmaking could have used some informed, adult hindsight."
en:1855,13,35,"Thes can have enjoy to watch more time learning a moviestheater, about aovyy lists, the to make their stories that to to be. theyocchio.","The film is a great introduction to the love of the film, but it's not as engaging as the first two minutes of the film.",en,word_vectors,362,ZJM,1,Adults will certainly want to spend their time in the theater thinking up grocery lists and ways to tell their kids how not to act like Pinocchio.
en:1856,10,31,The surprising excitingive as as as originalous as the pred- con met the- from this it' the been made for aion..,"The film is a wonder of a human being, and its audience is so enlightened by the improvisations and the original designs that it is",en,word_vectors,363,ZJM,1,"Not as distinctive or even as humorous as its needs to be to stand out, but it has clearly been made with affection and care."
en:1857,7,20,"The beautiful, drama,like its to capture maded by anyone who ofclasss.",The film is a great example of the power of a,en,word_vectors,364,ZJM,0,A generic family comedy unlikely to be appreciated by anyone outside the under-10 set.
en:1861,12,31,"ThepperStar,director/ Franz hass novels to make a filmianstyle American American-realistismre are behindreadfully flat.","The film is so much more poignant than its predecessor, The",en,word_vectors,368,ZJM,0,"Co-writer/director Jonathan Parker's attempts to fashion a Brazil-like, hyper-real satire fall dreadfully short."
en:1870,5,16,The' doesn't make the to to it not the moviely.,The film is not as original as it may seem,en,word_vectors,377,ZJM,1,It just doesn't have much else... especially in a moral sense.
en:1871,8,24,The whoknowmiliar characters theph moviess may have themselveston Clubm aallydering.,The film is a wonderfully accurate portrait of a,en,word_vectors,378,ZJM,1,Those unfamiliar with Mormon traditions may find The Singles Ward occasionally bewildering.
en:1873,6,19,"The it filmed director of is make the guess, and thess.",The film is a great example of the power of a,en,word_vectors,380,ZJM,2,"But the talented cast alone will keep you watching, as will the fight scenes."
en:1877,10,24,"The extraordinar film, a powerfuler of the power of a, form people beyond the the us feel the own.","The film is a powerful reminder of the power of a powerful woman, and its determination to make her a woman.",en,word_vectors,384,ZJM,2,"An important movie, a reminder of the power of film to move us and to make us examine our values."
en:1879,12,24,A beautifully talentd and yetbly perform film of a maned film who has has a to his.,"A beautifully composed and wisely performed portrait of a man who was once a prisoner, now is",en,word_vectors,386,ZJM,2,A richly imagined and admirably mature work from a gifted director who definitely has something on his mind.
en:1882,10,22,"The it makess more about that the's a lot,thri in keepmeates the work.",The film is a wonderful example of the courage of a man who,en,word_vectors,389,ZJM,2,But what's nice is that there's a casual intelligence that permeates the script.
en:1887,10,28,"As likelight and and if you were a olded movie film twobeit somewhat that by a same,,. the.","A long, long time ago considered a great film, now it's a long, long time ago",en,word_vectors,394,ZJM,1,"Feels slight, as if it were an extended short, albeit one made by the smartest kids in class."
en:1888,6,13,"The film is't work what,s funny movie.","The film is so funny, it's like",en,word_vectors,395,ZJM,1,The picture doesn't know it's a comedy.
en:1894,11,26,"The's a beautiful-toning, afully craft, wellly photograph, most,ly..","The film is so beautiful, so universal, that it's hard to",en,word_vectors,401,ZJM,2,"It's a head-turner -- thoughtfully written, beautifully read and, finally, deeply humanizing."
en:1897,8,33,"Ation black, iss ately ficant by while's a kind-fi film that thattoni.iglehouseupsreak'atses","A film that is at the very core of its essence a documentary, satire, and",en,word_vectors,404,ZJM,0,Men in Black II achieves ultimate insignificance -- it's the sci-fi comedy spectacle as Whiffle-Ball epic.
en:1899,13,29,Thes a unique example of alsoing to capture a solidably why to re about the  basics of of the naturecency.,The film is a great example of the power of the filmmaker's willingness to work with his audience to make a,en,word_vectors,5,ZJN,1,Presents a good case while failing to provide a reason for us to care beyond the very basic dictums of human decency.
en:1901,8,24,Theed is itstic Pea a many greatlaws that' be hard to yous to pointrug off.,The film is a great introduction to the power of a woman's ability to,en,word_vectors,7,ZJN,0,"Bread, My Sweet has so many flaws it would be easy for critics to shred it."
en:1907,15,40,"A youxces Wild were a aelveaed to a bitch, would have been a fourfire, but that the that that doesns never much that's to look funny.","A decent film, but it's too much like a comedy, and it's too much like a game, so it's a movie of its own.",en,word_vectors,14,ZJN,1,"If Deuces Wild had been tweaked up a notch it would have become a camp adventure, one of those movies that's so bad it starts to become good."
en:1925,3,10,The' the movieness- the.,The film is a wonder of American life.,en,word_vectors,32,ZJN,2,I love the robust middle of this picture.
en:1932,11,28,"The movie is a seeing watch at but you''t mind a from than a movie hours popcornthrills, a.","The movie is a great introduction to the love of the film, but it's also a poor introduction to the",en,word_vectors,39,ZJN,1,"The Ring is worth a look, if you don't demand much more than a few cheap thrills from your Halloween entertainment."
en:1943,6,14,"The' the movie movieage, the have the old.","The film is a wonder of cinematic creativity, and its",en,word_vectors,50,ZJN,2,I like the new footage and still love the old stuff.
en:1944,10,29,"The'ly fails with the-queraism, but it film is theism is especiallysly -- is atcliping..",The film is a great example of the kind of approach that makes a man or woman feel at home.,en,word_vectors,51,ZJN,1,"It briefly flirts with player masochism, but the point of real interest -- audience sadism -- is evaded completely."
en:1945,3,15,An Legend Club be Get be the funny as the..,A movie about a man who was forced to work,en,word_vectors,52,ZJN,0,Could The Country Bears really be as bad as its trailers?
en:1949,3,8,The film is to littlely,The film is a shameless failure.,en,word_vectors,56,ZJN,0,The film seems a dead weight.
en:1950,12,48,"Alely  flarious, comedywelusy,, isach' at much like a movie man Down Niro in he' like movie' be be aThesticband. aitor.ography...","A beautifully composed and well performed film, which is a testament to the courage of a man who was once a prisoner and who was",en,word_vectors,57,ZJN,2,"Sparkling, often hilarious romantic jealousy comedy... Attal looks so much like a young Robert DeNiro that it seems the film should instead be called `My Husband Is Travis Bickle'."
en:1952,11,22,"A movieudy movie, doesns too particularlyly funnyinteresable, but it notinteresable.",A movie about a man who was forced to,en,word_vectors,59,ZJN,0,"A lousy movie that's not merely unwatchable, but also unlistenable."
en:1954,12,42,"The stunning, and a performances a performances, the to see transported to a era of a.dys Peak andiler, the is a the a great but but also director actor being.","The film is a wonder of creativity, and its audience will be amazed at the improvisations that are made in the film, and the improvisations that are the essence of the film.",en,word_vectors,61,ZJN,2,"A strong script, powerful direction and splendid production design allows us to be transported into the life of Wladyslaw Szpilman, who is not only a pianist, but a good human being."
en:1957,4,12,The's a moviecy moviemovieever',"The film is so realistic,",en,word_vectors,64,ZJN,1,It's a fanboy `what if?'
en:1960,17,58,"The Kinged is theusten,n, and his Greens, thetiny Tus most advicevilles, but it theed the the., the film of a beautifuloseust meloet isud down the much circless is awe surprise one. thoughbut","The film is a wonderfully accurate portrait of the American revolutionary spirit, but it's too much about the people who made it, and its results to be a little too",en,word_vectors,67,ZJN,2,"Stephen Rea, Aidan Quinn, and Alan Bates play Desmond's legal eagles, and when joined by Brosnan, the sight of this grandiloquent quartet lolling in pretty Irish settings is a pleasant enough thing, `tis."
en:1963,2,16,"The about so though as it movie, York-s Thu",The film is a wonderful introduction to the fascinating world of,en,word_vectors,70,ZJN,0,Everything was as superficial as the forced New Jersey lowbrow accent Uma had.
en:1971,14,31,"The dark,, its sense, the word, but-, inless, and,, ud, ful,scenxious,","The movie is a horror flick, but it's not as funny as the original.",en,word_vectors,78,ZJN,0,"A zombie movie in every sense of the word -- mindless, lifeless, meandering, loud, painful, obnoxious."
en:1976,8,31,"Thely is is how movies of have movies make, the willingd to to make, a but the the' the reason' the film.",The movie is a great example of the matur Axis of Evil's ability to make a wise man feel guilty about his own actions while also making his own man feel guilty about his own actions.,en,word_vectors,83,ZJN,1,"High Crimes knows the mistakes that bad movies make and is determined not to make them, and maybe that is nobility of a sort."
en:1979,4,14,"The a movie, mysterydramalyemus comedycht..",The movie is a,en,word_vectors,86,ZJN,0,... a bland murder-on-campus yawner.
en:1982,6,22,"Thefice to beingblings predicttive dialogue, a inlyreadness ofaring in the.",The film is a tremendous example of the courage and tenacity of a,en,word_vectors,89,ZJN,0,"Suffers from rambling, repetitive dialogue and the visual drabness endemic to digital video."
en:1985,9,21,Thed are of the most comping filmsalstions of the woman story in made to a.,The film is a powerful and engaging portrait of a man who was,en,word_vectors,92,ZJN,2,Features one of the most affecting depictions of a love affair ever committed to film.
en:1995,8,32,"The the filmshed film can not a least of a, find his the long-able, two-,y, hising ofculture of","The film is a wonder of a human being, and its audience will be amazed at the intelligence of the man who wrote it.",en,word_vectors,102,ZJN,0,"Even a hardened voyeur would require the patience of Job to get through this interminable, shapeless documentary about the swinging subculture."
en:1999,16,36,"The film is a wondervived of a itly the real,, haves used in the socclub,atnce. and it's also aable one.","The film is a wonder of the times, and its audience will be amazed at the intelligence of the actors and the",en,word_vectors,106,ZJN,1,"The film is a contrivance, as artificial as the video games Japanese teens play in a nightclub sequence, but it's an enjoyable one."
en:2000,13,29,"The its best, film' is aked, the at its best it' a melo,'s attempt process gift.hood.",The film is a wonderful gift from a director who has a gift for making a film about his,en,word_vectors,107,ZJN,1,"At its worst the screenplay is callow, but at its best it is a young artist's thoughtful consideration of fatherhood."
en:2006,10,26,"A Bridge' a a wonderfultakingly complexd por ish por of art time,weive.",A powerful and compelling portrait of a man who never fails to impress.,en,word_vectors,113,ZJN,2,Jeffs has created a breathtakingly assured and stylish work of spare dialogue and acute expressiveness.
en:2030,7,21,"Themone,le of a-bing, York City are a kill.erss.",The film is a wonderful introduction to the fascinating world of,en,word_vectors,137,ZJN,1,Anemic chronicle of money grubbing New Yorkers and their serial loveless hook ups.
en:2032,6,17,"The,'m Got to make theside on the onemare on.",The film is so much more poignant than its predecessor,en,word_vectors,139,ZJN,1,And I've decided to leave a light on every night from now on.
en:2042,9,24,A beautifulbert isly makesmit the vasive with to make ae interestmistry. here.,"A beautifully composed and beautifully performed film, it is a",en,word_vectors,149,ZJN,1,Aaliyah rarely dampens her diva persona enough to spark genuine chemistry with Townsend.
en:2045,11,25,The a be a bad was to it for the filmsing acts from place in the's end..,The film is so well made that it's hard to find a comparable film in,en,word_vectors,152,ZJN,1,... would be a total loss if not for two supporting performances taking place at the movie's edges.
en:2046,19,42,"A extraordinaring and inspirwarmwarmfirmting documentar, the couragee needs of aese womenes to in a.S. colonlent, to to escape them homess alive. a.","A wonderfully articulated and well-crafted introduction to the fascinating world of film, the extraordinary talents of the people who made it.",en,word_vectors,153,ZJN,2,An inspiring and heart-affecting film about the desperate attempts of Vietnamese refugees living in U.S. relocation camps to keep their hopes alive in 1975.
en:2051,9,15,The's filmniest movie most affectable movie is.,The film is not as funny as the,en,word_vectors,158,ZJN,2,Allen's funniest and most likeable movie in years.
en:2053,7,29,"The' no certaining amountbound of theicism, the,', the possibly movieified in if if his film film..",The film is a wonderful gift from a director who has a gift for making a film that is so much more,en,word_vectors,160,ZJN,2,"There is a refreshing absence of cynicism in Stuart Little 2 -- quite a rarity, even in the family film market."
en:2063,8,26,"The if the time of low-s, thecboyands, theenelle of is afla-.","The film is not a documentary, it's a play, and it's not a play.",en,word_vectors,170,ZJN,0,"Even by the intentionally low standards of frat-boy humor, Sorority Boys is a bowser."
en:2075,9,25,A filmly exlike visuals of keep even the whoing who have little..language.-.,"A solid, well-crafted documentary about a great man, who was once a great man.",en,word_vectors,182,ZJN,2,"The stunning, dreamlike visuals will impress even those viewers who have little patience for Euro-film pretension."
en:2090,12,24,"The thegie Girles,, the is a ofetizing than a movie-sh. popcornsortgus.",The film is so much more realistic than its predecessor,en,word_vectors,197,ZJN,2,"For VeggieTales fans, this is more appetizing than a side dish of asparagus."
en:2091,21,42,"The the mays as as a first to point of his filmth century, it hass to to again to the of thedents, the,, it remains aingly slow.","The film is a wonderful introduction to the fascinating world of film, but it's also a poor introduction to the universal power of a subject so elusive.",en,word_vectors,198,ZJN,1,"While it regards 1967 as the key turning point of the 20th century, and returns again and again to images of dissidents in the streets, it's alarmingly current."
en:2096,19,49,"The theedesed fromvily from a theth Six Sevenence of the Lambs, it's to keep its its solid of conphistication intelligence and a-likeac 'ffo at film into a","The film's audience is generally impressed with the intelligence of its characters, the original designs, and the original artwork, but the film's audience will find it a disappointment that the film's original scripts are so poorly written.",en,word_vectors,203,ZJN,2,"While Tattoo borrows heavily from both Seven and The Silence of the Lambs, it manages to maintain both a level of sophisticated intrigue and human-scale characters that suck the audience in."
en:2099,13,28,"The's a kind film of the year, far, and film for the is the films Western categorieders have beholdd.",The film is a great example of the matur Axis of Evil's ability to make a great film without sacrificing the production values of the film.,en,word_vectors,206,ZJN,2,"It's the best film of the year so far, the benchmark against which all other Best Picture contenders should be measured."
en:2100,10,14,The is a of the most filmsappointments of the year.,The movie is a great example of a,en,word_vectors,207,ZJN,0,This is one of the biggest disappointments of the year.
en:2102,11,41,"A Villemed the the the wayries of the and the onphilosoph and sexly tragesession --likeor-thin and waymult, a, wouldfla the thely psycholog and emotional her.","A dark comedy about a man who was forced to work in a dangerous, dangerous job while earning a tremendous amount of money.",en,word_vectors,209,ZJN,1,"Denis forges out of the theories of class - based rage and sisterly obsession a razor-sided tuning fork that rings with cultural, sexual and social discord."
en:2128,17,44,"The beautifully personalmusk film, thell and deliberatively laotic, andly deppy -- dected,m of bothreal Coning' and `atricTheatur''",The film is a wonder of a time when the power of a woman's courage was so great that,en,word_vectors,235,ZJN,0,"A thoroughly awful movie -- dumb, narratively chaotic, visually sloppy... a weird amalgam of `The Thing' and a geriatric `Scream.'"
en:2131,13,36,"A film is no basis for the of and partiesness, moral senseceit, but it's a that than than the for human audiencemakerswed, un characters.",A film about a man who was forced to work in a factory while being forced to work in a factory.,en,word_vectors,238,ZJN,1,"The movie has no respect for laws, political correctness or common decency, but it displays something more important: respect for its flawed, crazy people."
en:2137,14,36,The' be aappointuous to say theese a film film if but it'' it it as of the filmcker in in the out. the film.,The film is a great example of the power of a man's ability to make a movie while simultaneously being a man and a woman.,en,word_vectors,244,ZJN,1,"It would be disingenuous to call Reno a great film, but you can say that about most of the flicks moving in and out of the multiplex."
en:2141,6,11,Theiguingly poiright disturbaneating.,The film is surprisingly,en,word_vectors,248,ZJN,2,Intriguing and downright intoxicating.
en:2143,13,32,"The the best poiying thing about thisle Thiso?ing is the it's a movie drama, in a who' has what about.","The film is a delightful introduction to a wonderful, eccentric character who, despite his dark, inane past, is still a character who",en,word_vectors,250,ZJN,0,Perhaps the most annoying thing about Who Is Cletis Tout? is that it's a crime movie made by someone who obviously knows nothing about crime.
en:2145,8,26,"The filmrky, iss on delicat of the soul,s to a wonderful and enga humors...",The film is a wonderfully accurate portrait of a character who has a wonderful gift for understanding and empathy.,en,word_vectors,252,ZJN,2,The quirky drama touches the heart and the funnybone thanks to the energetic and always surprising performance by Rachel Griffiths.
en:2147,6,12,"The, uffling, start start-go.",The movie is a shameful failure.,en,word_vectors,254,ZJN,0,Bad and baffling from the get-go.
en:2148,10,28,"The film is a wonderfult at the wisdom, but itncy,theater and engay costume all them to a-.",The film is a wonderful example of the maturity of a human being who has learned a valuable lesson in self-sufficiency by,en,word_vectors,255,ZJN,2,"The movie is a blast of educational energy, as bouncy animation and catchy songs escort you through the entire 85 minutes."
en:2152,14,38,"The film deal of the filmangle is the ly  effect of a hero, who-my, who isembles aheldtherlone. a bath.waynak.",The film is a great example of the maturity of a man who has learned to be patient and careful while growing his family.,en,word_vectors,259,ZJN,1,"The real charm of this trifle is the deadpan comic face of its star, Jean Reno, who resembles Sly Stallone in a hot sake half-sleep."
en:2159,16,56,"Theteena is onlyt possibly being few f, his introduc sense of the's a his way- audience the man-class,, a inferior academic and man that wouldsets both film's originale . bringres that original of the original.","The film is a powerful and engaging portrait of a man who was once a prisoner, but who has never been given a chance to express his feelings.",en,word_vectors,266,ZJN,1,"LaBute can't avoid a fatal mistake in the modern era: He's changed the male academic from a lower-class Brit to an American, a choice that upsets the novel's exquisite balance and shreds the fabric of the film."
en:2163,7,17,"Thesh is a great example, a movie that''t.",The film is a great example of the courage of a,en,word_vectors,270,ZJN,1,Gere gives a good performance in a film that doesn't merit it.
en:2167,7,24,"The film' as his -pack and, a- dressved, is failles for a project theme.",The film is a tremendous gift from a director who has never met,en,word_vectors,274,ZJN,0,"The director, with his fake backdrops and stately pacing, never settles on a consistent tone."
en:2168,6,27,"The should' so a timeeign to a stupid, is' it "",, and-, -- is a surprising.",The film is a great example of the power of a woman's determination to behave in a manner that,en,word_vectors,275,ZJN,0,"Why he was given free reign over this project -- he wrote, directed, starred and produced -- is beyond me."
en:2169,12,27,"The you' a entertained by a movieed's you''t a familiar, you youys a you.","The film is so much more realistic than the usual Hollywood material, and it's so much more realistic than the usual material.",en,word_vectors,276,ZJN,0,"If you enjoy being rewarded by a script that assumes you aren't very bright, then Blood Work is for you."
en:2170,7,37,"The ad Giulia'' there' to be a long longer theify the positiontic intention of he return movie. it, learned..ke.","The film is a wonderful example of the wisdom of the people who have made this film, and the courage of the people who have made it.",en,word_vectors,277,ZJN,0,"Like Rudy Yellow Lodge, Eyre needs to take a good sweat to clarify his cinematic vision before his next creation and remember the lessons of the trickster spider."
en:2182,5,11,"The to aring, anding,",The film is unforgivable.,en,word_vectors,289,ZJN,2,"Hard, endearing, caring, warm."
en:2184,12,38,"The film ite treatses to love of the is the theful and cultureimprov and  kindal of haverally representfy us a, is adyly comping.","The film's flawed performances are all too much for a long-term audience, and the occasional occasional re-watch is a disappointing disappointment.",en,word_vectors,291,ZJN,2,The way Coppola professes his love for movies -- both colorful pop junk and the classics that unequivocally qualify as art -- is giddily entertaining.
en:2192,17,41,"The''t bebble a hearts it it wills not the to be but's justly a movie, visualtic porroundical projecttion of the a a film. movie.",The film is a wonderful gift from a talented writer who has a gift for making a film while also having a gift for,en,word_vectors,299,ZJN,1,It won't bust your gut -- and it's not intended to -- it's merely a blandly cinematic surgical examination of what makes a joke a joke.
en:2197,12,35,"The filmomy moviethelythe-samee ister is the Home thesion is is no wayy, -theurs-ys effect.","The film is so much more poignant than its predecessor, The Vampire Slayer.",en,word_vectors,304,ZJN,1,"The doofus-on-the-loose banter of Welcome to Collinwood has a cocky, after-hours loopiness to it."
en:2198,9,16,The's not kindniest movie comedy of thefiti..,The movie is a great example of,en,word_vectors,305,ZJN,2,It's the funniest American comedy since Graffiti Bridge.
en:2201,13,40,"Then,elingsome, inbreaking, watch, the thisma' hisstone's filmling performances are the film- its level of a filmcchialis...","The film is so much more poignant than its predecessor, The Matrix, but it's also so much more poignant than its predecessor.",en,word_vectors,308,ZJN,2,"Often gruelling and heartbreaking to witness, but Seldahl and Wollter's sterling performances raise this far above the level of the usual maudlin disease movie."
en:2206,5,25,"The' aly the thes happening in the &,, the film of power new is moreplacetelyless","The film is so much more spiritual than its predecessor, The Voice.",en,word_vectors,313,ZJN,1,"That is essentially what's missing from Blackboards -- the sense of something bigger, some ultimate point."
en:2209,12,34,"The beautifullywitted film somewhatme filmoffoff, a first Farm,y,, theodile But is a,ist, its finring.","The film is a wonderful introduction to the fascinating world of film, its extraordinary improvisations and its extraordinary improvisations.",en,word_vectors,316,ZJN,0,"A dim-witted and lazy spin-off of the Animal Planet documentary series, Crocodile Hunter is entertainment opportunism at its most glaring."
en:2221,9,23,"The extraordinarmusful lot, doesn not makey a most discernly imcontentable of usmakersers.",The film is a wonderfully accurate portrait of the American revolutionary,en,word_vectors,328,ZJN,0,An awful movie that will only satisfy the most emotionally malleable of filmgoers.
en:2243,31,67,"Theot's  to theling the's mosts is a powerfulbling, aneherent work that the powergueness of thes , and ai of the,s the reous and inentious workavor.s...likecused ondioously repetiaperating.","The film's flawedness is a reflection of the sensitivity of the audience, the inability to see the problem, and the inability to resolve the problem.",en,word_vectors,350,ZJN,0,Godard's ode to tackling life's wonderment is a rambling and incoherent manifesto about the vagueness of topical excess... In Praise of Love remains a ponderous and pretentious endeavor that's unfocused and tediously exasperating.
en:2245,17,42,"The' get understand across terms about the film characters, the they not they've be up in is the thee's character work is ather surprising movieing nor. to us.",The film is a wonderful gift from a talented writer who has been credited with making a documentary about a woman who died in a car accident.,en,word_vectors,352,ZJN,0,"We never truly come to care about the main characters and whether or not they'll wind up together, and Michele's spiritual quest is neither amusing nor dramatic enough to sustain interest."
en:2248,4,20,"Thesua,s talentsteical, be been more mored Aeringight-",The film is a wonderful introduction to,en,word_vectors,355,ZJN,1,"Peralta's mythmaking could have used some informed, adult hindsight."
en:2255,13,35,"Thes can find enjoy to watch more time study a moviestheater, about aovyy lists, the to make their stories that to to be. theyocchio.","The film is so much more fun than the usual ""I'm a movie star"" slam-dunk commercials, which are all too much for the audience to notice.",en,word_vectors,362,ZJN,1,Adults will certainly want to spend their time in the theater thinking up grocery lists and ways to tell their kids how not to act like Pinocchio.
en:2256,9,31,The surprising excitingive as as as originalous as the pred- con met the- from this it' the been the for aion..,"The film is a wonder of a human being, and its characters are so much more intelligent than their predecessors.",en,word_vectors,363,ZJN,1,"Not as distinctive or even as humorous as its needs to be to stand out, but it has clearly been made with affection and care."
en:2257,7,20,"The beautiful comedy movie,like its to get maded by anyone who ofclasss.","The film is a great introduction to the love of the film, yet it's too",en,word_vectors,364,ZJN,0,A generic family comedy unlikely to be appreciated by anyone outside the under-10 set.
en:2261,12,31,"ThepperStar,director/ Franz hass novels to make a meloianstyle American American-realistismre areingreadfully flat.","The film is so much more realistic than its predecessor, The",en,word_vectors,368,ZJN,0,"Co-writer/director Jonathan Parker's attempts to fashion a Brazil-like, hyper-real satire fall dreadfully short."
en:2270,5,16,The' doesn't work the to to it not the moviely.,The film is so much more spiritual than spiritual.,en,word_vectors,377,ZJN,1,It just doesn't have much else... especially in a moral sense.
en:2271,8,24,The whoknowmiliar characters theph moviess may have themselveston Clubm aallydering.,The film is a great example of the courageousness of,en,word_vectors,378,ZJN,1,Those unfamiliar with Mormon traditions may find The Singles Ward occasionally bewildering.
en:2273,5,19,The it filmed actor of is make the guess thes.,The film is a great example of the courage of the,en,word_vectors,380,ZJN,2,"But the talented cast alone will keep you watching, as will the fight scenes."
en:2277,8,24,"The extraordinar and, it powerfuler of the difficult of a, form people beyond the the us feel the own.","The film is a powerful reminder of the power of a powerful woman, and its determination to make a woman feel",en,word_vectors,384,ZJN,2,"An important movie, a reminder of the power of film to move us and to make us examine our values."
en:2279,11,24,The beautifully composed and yetbly perform film of a maned film who has has his to his.,"The film is a wonder of a human being's patience, and its determination to remain human is palpable.",en,word_vectors,386,ZJN,2,A richly imagined and admirably mature work from a gifted director who definitely has something on his mind.
en:2282,10,22,"The it as more about that the's a movie,thri in keepmeates the film.",The film is a great example of the maturity of a,en,word_vectors,389,ZJN,2,But what's nice is that there's a casual intelligence that permeates the script.
en:2287,11,28,"Thes likelight, and if you were a olded movie film twobeit somewhat that by a same people,. the.","The film is a great introduction to the power of the film, its visual appeal and its emotional",en,word_vectors,394,ZJN,1,"Feels slight, as if it were an extended short, albeit one made by the smartest kids in class."
en:2288,7,13,The movie is't work what's funny movie.,The movie is not as funny as it should be.,en,word_vectors,395,ZJN,1,The picture doesn't know it's a comedy.
en:2294,12,26,"The's a beautiful-toner, afully craft, wellly photograph, most,ly..","The film is so compelling, so universal, that it's hard to",en,word_vectors,401,ZJN,2,"It's a head-turner -- thoughtfully written, beautifully read and, finally, deeply humanizing."
en:2297,8,33,"The' black, iss ately performanceficant by in's a kind-fi film that thattoni.iglehouseupsreak'atses",The film is a wonderful example of the power of a woman's courageous determination to,en,word_vectors,404,ZJN,0,Men in Black II achieves ultimate insignificance -- it's the sci-fi comedy spectacle as Whiffle-Ball epic.
en:2299,13,29,Thes a  film of beinging to capture a solidably why to be about the  basics of of the naturecency.,"The film is a great example of the power of a well-educated audience, but it's also a poorly educated one, despite its rich",en,word_vectors,5,ZJS,1,Presents a good case while failing to provide a reason for us to care beyond the very basic dictums of human decency.
en:2301,7,24,Theed and  Chemi Pea a many thingslaws in' be hard to yous to pointrug off off,The film is a great example of the need to be respected by all,en,word_vectors,7,ZJS,0,"Bread, My Sweet has so many flaws it would be easy for critics to shred it."
en:2307,15,40,"A youxces Wild were a aelveaed to a bitch, would have been a fourfire, but that the that that doesns never much that's to look funny.","A decent film, but it's too much like a comedy, and it's too much like a commercial, so it's a poor product.",en,word_vectors,14,ZJS,1,"If Deuces Wild had been tweaked up a notch it would have become a camp adventure, one of those movies that's so bad it starts to become good."
en:2325,3,10,The' the movieness- the.,The film is a wonder of,en,word_vectors,32,ZJS,2,I love the robust middle of this picture.
en:2332,11,28,The film is a watching watch at but you''t mind a from than a movie hours popcornthrills. a.,"The film is a great introduction to the love of the film, but it's not as engaging as the original.",en,word_vectors,39,ZJS,1,"The Ring is worth a look, if you don't demand much more than a few cheap thrills from your Halloween entertainment."
en:2343,6,14,"The' the film filmage, the have the old.","The film is so beautiful, it's like a documentary",en,word_vectors,50,ZJS,2,I like the new footage and still love the old stuff.
en:2344,12,29,"A'ly seemss with the-ochism, but it film is the drama is especiallysly -- is atcliped..","A film about a man who was a man, but who was not a man, and who was a man, is a",en,word_vectors,51,ZJS,1,"It briefly flirts with player masochism, but the point of real interest -- audience sadism -- is evaded completely."
en:2345,3,15,Then Legend Club be Get be the funny as the..,The movie is a great introduction to a,en,word_vectors,52,ZJS,0,Could The Country Bears really be as bad as its trailers?
en:2349,4,8,The film is to little-.,"The film is stupid, stupid, stupid.",en,word_vectors,56,ZJS,0,The film seems a dead weight.
en:2350,14,48,"Thelingly  flarious, comedyalousy,, isen' at much like a movie man Down Niro in he' like movie' be be a aThesticband, aitor'ography...","The film is a wonderful introduction to the fascinating world of film, its extraordinary talent and its extraordinary courage, but it's also a poor choice of film.",en,word_vectors,57,ZJS,2,"Sparkling, often hilarious romantic jealousy comedy... Attal looks so much like a young Robert DeNiro that it seems the film should instead be called `My Husband Is Travis Bickle'."
en:2352,10,22,"The deudy film, doesns too particularlyly funnyinteresable, but also notinteresable.",The film is so much more poignant than its predecessor,en,word_vectors,59,ZJS,0,"A lousy movie that's not merely unwatchable, but also unlistenable."
en:2354,14,42,"The stunning and, a acs a acs, the to see transported to a era of a.dys Peak andiler, the is a the a great, but also director actor being.","The film is a wonder of a human being, and its audience will be amazed at the improvisations that it makes in the movie.",en,word_vectors,61,ZJS,2,"A strong script, powerful direction and splendid production design allows us to be transported into the life of Wladyslaw Szpilman, who is not only a pianist, but a good human being."
en:2357,4,12,The's a moviecy moviemovieever',"The film is so realistic,",en,word_vectors,64,ZJS,1,It's a fanboy `what if?'
en:2360,15,58,"The Kinged is theusten,n, and his Greens, thetiny,s most casesunules, but it theing forces the., the films a oseust meloet isud down the much circless is awe surprise one. thoughfor",The film is a wonderful gift from a talented director who has a gift for making a film while cultivating a gifted sense of humour.,en,word_vectors,67,ZJS,2,"Stephen Rea, Aidan Quinn, and Alan Bates play Desmond's legal eagles, and when joined by Brosnan, the sight of this grandiloquent quartet lolling in pretty Irish settings is a pleasant enough thing, `tis."
en:2363,2,16,"The about so though as it movie, Yorkballs Thu",The film is a wonderful introduction to the fascinating world of,en,word_vectors,70,ZJS,0,Everything was as superficial as the forced New Jersey lowbrow accent Uma had.
en:2371,14,31,"The dark,, its sense, the word, but-, inless, and,, ud, ful,scenxious,","The movie is a horror flick, but it's not as funny as the original.",en,word_vectors,78,ZJS,0,"A zombie movie in every sense of the word -- mindless, lifeless, meandering, loud, painful, obnoxious."
en:2376,8,31,"The- is is how movies of have movies make, the willingd to to make, any but the it' the reason' the film.",The movie is a great example of the courage of a man who has made a tremendous leap in his life but has also been,en,word_vectors,83,ZJS,1,"High Crimes knows the mistakes that bad movies make and is determined not to make them, and maybe that is nobility of a sort."
en:2379,4,14,"The a little, mysterysulyemus scht..",The film is unlike anything,en,word_vectors,86,ZJS,0,... a bland murder-on-campus yawner.
en:2382,5,22,"Thefice little beingblings predicttive,, a inlyreadness ofaring in the.",The film is a tremendous example of the courage of a,en,word_vectors,89,ZJS,0,"Suffers from rambling, repetitive dialogue and the visual drabness endemic to digital video."
en:2385,9,21,Thed are of the most comping filmsalstions of the film story in made to a.,The film is a wonderful introduction to the power of a projection,en,word_vectors,92,ZJS,2,Features one of the most affecting depictions of a love affair ever committed to film.
en:2395,8,32,"The if filmshed film can not a least of a, find his the longtricaable, two-,y, aing,culture of",The film is a tremendous example of the courage of a man who was willing to sacrifice his life for a project he never completed.,en,word_vectors,102,ZJS,0,"Even a hardened voyeur would require the patience of Job to get through this interminable, shapeless documentary about the swinging subculture."
en:2399,16,36,"The film is a wonderfulvived of a isly the real,, haves used in the socclub.atnce. and it's more aable one.","The film is a wonderful introduction to the power of the film, its wise conciseness and its analytical insights, all without the need for a",en,word_vectors,106,ZJS,1,"The film is a contrivance, as artificial as the video games Japanese teens play in a nightclub sequence, but it's an enjoyable one."
en:2400,13,29,"The its best, film' is aked, the at its best it' a documentar,'s attempt experiment performance.hood.",The film is a wonderful gift from a director who has a gift for making a film about his,en,word_vectors,107,ZJS,1,"At its worst the screenplay is callow, but at its best it is a young artist's thoughtful consideration of fatherhood."
en:2406,10,26,"The Bridge' a a wonderfultakingly complexd por ish por of art time,weive.",The film is so well made that it's hard to find a comparable film,en,word_vectors,113,ZJS,2,Jeffs has created a breathtakingly assured and stylish work of spare dialogue and acute expressiveness.
en:2430,8,21,"Themone,le of a,bing, Yorkers are a kill.erss.",The film is a wonderful introduction to the fascinating world of,en,word_vectors,137,ZJS,1,Anemic chronicle of money grubbing New Yorkers and their serial loveless hook ups.
en:2432,6,17,"The,'m Got to make theside on the onemare the on.",The film is so much more poignant than its predecessor,en,word_vectors,139,ZJS,1,And I've decided to leave a light on every night from now on.
en:2442,9,24,A beautifulbert isly makesmit the sensibilvasive with to con ae interestmistry.e.,A beautifully composed and well-crafted portrait of a,en,word_vectors,149,ZJS,1,Aaliyah rarely dampens her diva persona enough to spark genuine chemistry with Townsend.
en:2445,11,25,"The a be a bad was of it for the peopleing acts, place in the's..",The film is so well made that it's hard to find a comparable film in the,en,word_vectors,152,ZJS,1,... would be a total loss if not for two supporting performances taking place at the movie's edges.
en:2446,19,42,"A extraordinaringly inspirwarmwarmfirmting introduc, the couragee needs of aese womenes to in a.S.Alent,s to re them homess alive. a.","A wonderfully articulated and well-crafted introduction to the fascinating world of the film, its extraordinary talent and its extraordinary ability to",en,word_vectors,153,ZJS,2,An inspiring and heart-affecting film about the desperate attempts of Vietnamese refugees living in U.S. relocation camps to keep their hopes alive in 1975.
en:2451,9,15,The's filmsniest movie most able movie is.,"The film is so well made, it's",en,word_vectors,158,ZJS,2,Allen's funniest and most likeable movie in years.
en:2453,7,29,"The' no certaining amountdepth of theicism, the,'nd the possibly movieity in if if his film...","The film is a wonderful introduction to the fascinating world of film, its extraordinary talent and its extraordinary ability to",en,word_vectors,160,ZJS,2,"There is a refreshing absence of cynicism in Stuart Little 2 -- quite a rarity, even in the family film market."
en:2463,9,26,"The if the time of low-s, thecboyands, theenity of is aphen-.","The film is not a documentary, it's a play, and it's not a",en,word_vectors,170,ZJS,0,"Even by the intentionally low standards of frat-boy humor, Sorority Boys is a bowser."
en:2475,9,25,The filmly like visual quality of keep even the whoing who have little..language.-.,The film is so well made that it's hard to find a comparable film.,en,word_vectors,182,ZJS,2,"The stunning, dreamlike visuals will impress even those viewers who have little patience for Euro-film pretension."
en:2490,12,24,"A thegie Girles,, the is a ofetizing than a movie-sh.sortgus.","A decent film, but not as engaging as the original.",en,word_vectors,197,ZJS,2,"For VeggieTales fans, this is more appetizing than a side dish of asparagus."
en:2491,22,42,"The the mays as as a first year point of the filmth century, it iss to to again to the of thedents, the,, it iss aingly slow.","The film is a tremendous success, but it's also a poor performance, and it's not the kind of film that would appeal to me.",en,word_vectors,198,ZJS,1,"While it regards 1967 as the key turning point of the 20th century, and returns again and again to images of dissidents in the streets, it's alarmingly current."
en:2496,18,49,"The the isesed fromvily from a theth Six Sevenence of the Lambs, it's to keep its its  of conphistication researchanalytic and a-likeac 'ffo at film into a","The film's plot is so predictable that it almost never makes sense to re-watch the original, instead of re-reading the original.",en,word_vectors,203,ZJS,2,"While Tattoo borrows heavily from both Seven and The Silence of the Lambs, it manages to maintain both a level of sophisticated intrigue and human-scale characters that suck the audience in."
en:2499,13,28,"The's a kind film of the year, far, and film of the is the films Western categorieders have beholdd.",The film is a great example of the maturity of a man who has made a tremendous leap in his,en,word_vectors,206,ZJS,2,"It's the best film of the year so far, the benchmark against which all other Best Picture contenders should be measured."
en:2500,10,14,The is a of the most filmsappointments of the year.,The movie is a great example of a,en,word_vectors,207,ZJS,0,This is one of the biggest disappointments of the year.
en:2502,10,41,"The Villemed the the the wayries of the and the onphilosoph and sexhood sexsession --likeor-thin and waymult, a, wouldfla the thely psycholog and emotional her.","The film is a great example of the wisdom of the people who have made this film, and its wise men are often the ones who inspire",en,word_vectors,209,ZJS,1,"Denis forges out of the theories of class - based rage and sisterly obsession a razor-sided tuning fork that rings with cultural, sexual and social discord."
en:2528,19,44,"The beautifully personalmusk film, thell, intively unotic, andly ppy -- dected,m of bothreal Americaning' and `atricTheatur.'",The film is a wonder of a time when the power of a woman's courage was so great that,en,word_vectors,235,ZJS,0,"A thoroughly awful movie -- dumb, narratively chaotic, visually sloppy... a weird amalgam of `The Thing' and a geriatric `Scream.'"
en:2531,13,36,"The film is no  for theuit the partiesness, moral senseceit, but it's a that than than the for human audiencemakerswed characters un characters.",The film is a great example of the matur Agile approach to the problem of making a movie without sacrificing the audience's sense of anticipation.,en,word_vectors,238,ZJS,1,"The movie has no respect for laws, political correctness or common decency, but it displays something more important: respect for its flawed, crazy people."
en:2537,14,36,The' be aappointuous to say theese a movie film if but it'' it it as of the filmcker in in the out. the film.,The film is a great example of the power of a man's ability to make a meaningful connection with his subject.,en,word_vectors,244,ZJS,1,"It would be disingenuous to call Reno a great film, but you can say that about most of the flicks moving in and out of the multiplex."
en:2541,6,11,Theiguingly poiright disturbaneating.,The film is surprisingly,en,word_vectors,248,ZJS,2,Intriguing and downright intoxicating.
en:2543,13,32,"The the best poiying thing about thisle Thiso?ing is the it's a movie drama, in a who' doesn what about.",The film is a great example of the power of a man who has learned to be patient and careful while also learning to be patient.,en,word_vectors,250,ZJS,0,Perhaps the most annoying thing about Who Is Cletis Tout? is that it's a crime movie made by someone who obviously knows nothing about crime.
en:2545,8,26,"The filmrky, iss on delicat of the soul,s to a wonderful and empat humors...",The film is a wonderfully accurate portrait of a character who has a wonderful gift for understanding and empathy.,en,word_vectors,252,ZJS,2,The quirky drama touches the heart and the funnybone thanks to the energetic and always surprising performance by Rachel Griffiths.
en:2547,6,12,"The, uffling, start start-go.",The film is inextricably,en,word_vectors,254,ZJS,0,Bad and baffling from the get-go.
en:2548,9,28,"A film is a wonderfult at the wisdom, but itsncy,theater and y costume all visitors to a-.","A beautifully composed and engaging film, it is a wonderful gift to all who love cinema.",en,word_vectors,255,ZJS,2,"The movie is a blast of educational energy, as bouncy animation and catchy songs escort you through the entire 85 minutes."
en:2552,14,38,"The film deal of the filmangle is the ly  effect of a hero, who-nier, who isembles aheldtherlone in his bath.waynak.","The film is a great example of the maturity of a man who has learned to be patient, empathetic, and empathetic by nature.",en,word_vectors,259,ZJS,1,"The real charm of this trifle is the deadpan comic face of its star, Jean Reno, who resembles Sly Stallone in a hot sake half-sleep."
en:2559,15,56,"Theteena is onlyt possibly being few f, his introduc sense of the wass a his way- community the man-class,, a inferior academic and man that'sets both film's authore . bringres that original of the.","The film is a powerful and powerful portrait of a man who was once a prisoner, but who has now been released as a prisoner, and who has been killed in a war.",en,word_vectors,266,ZJS,1,"LaBute can't avoid a fatal mistake in the modern era: He's changed the male academic from a lower-class Brit to an American, a choice that upsets the novel's exquisite balance and shreds the fabric of the film."
en:2563,7,17,"Thesh is a solid example, a movie that''t.",The film is not as original as its predecessor,en,word_vectors,270,ZJS,1,Gere gives a good performance in a film that doesn't merit it.
en:2567,7,24,"The film' as his -pack and, a- dressved, is failles for a project theme.","The film is so compelling, it's hard to find a comparable film in",en,word_vectors,274,ZJS,0,"The director, with his fake backdrops and stately pacing, never settles on a consistent tone."
en:2568,5,27,"The should' so a ticketseign to the movie, it' it "", and and-, perform -- is a sham.",The film is a great example of the power of a woman's determination to behave in a manner that,en,word_vectors,275,ZJS,0,"Why he was given free reign over this project -- he wrote, directed, starred and produced -- is beyond me."
en:2569,12,27,"The you' a entertained with a movie that's you''t a familiar, you youyout a you.","The film is so much more realistic than the usual Hollywood productions, and it's so much more realistic than the usual",en,word_vectors,276,ZJS,0,"If you enjoy being rewarded by a script that assumes you aren't very bright, then Blood Work is for you."
en:2570,7,37,"The ad Giulia'' there' to be a long longer theify the positiontic intention of he return movie. it, he..ke.","The film is a wonderful example of the wisdom of the people who have made this film, and the courage of the people who have made it.",en,word_vectors,277,ZJS,0,"Like Rudy Yellow Lodge, Eyre needs to take a good sweat to clarify his cinematic vision before his next creation and remember the lessons of the trickster spider."
en:2582,5,11,"The to aring,ing,",The film is beautiful.,en,word_vectors,289,ZJS,2,"Hard, endearing, caring, warm."
en:2584,11,38,"A film ite treatses to love of the is the theful and cultureimprov and  kindal of haverally representfy us a, isdylying.","A beautifully composed and well performed film, the film's audience will find it's familiar with the eccentric, eccentric characters of the",en,word_vectors,291,ZJS,2,The way Coppola professes his love for movies -- both colorful pop junk and the classics that unequivocally qualify as art -- is giddily entertaining.
en:2592,17,41,"The''t bebble a bigs it it wills not particularly to be but's justly a movie, tic porroundical projecttion of the a a film. movie.",The film is a wonderful example of the maturity of a man who has been raised in a family of prostitutes and is now a,en,word_vectors,299,ZJS,1,It won't bust your gut -- and it's not intended to -- it's merely a blandly cinematic surgical examination of what makes a joke a joke.
en:2597,12,35,"The filmomy moviethelythe-samee ister is the Home thesion is is no wayy, -effecturs-ys effect.","The film is so much more poignant than its predecessor, The Vampire Slayer.",en,word_vectors,304,ZJS,1,"The doofus-on-the-loose banter of Welcome to Collinwood has a cocky, after-hours loopiness to it."
en:2598,9,16,The's not kindniest movie comedy offiti..,The movie is not as funny as the,en,word_vectors,305,ZJS,2,It's the funniest American comedy since Graffiti Bridge.
en:2601,12,40,"Then,elingsome, inbreaking, watch, the thisma' hisstone's filmling talents are the film- its average of a filmcchilin...",The film is a wonderful example of the courage of a man who has learned to live in a world that he didn't know,en,word_vectors,308,ZJS,2,"Often gruelling and heartbreaking to witness, but Seldahl and Wollter's sterling performances raise this far above the level of the usual maudlin disease movie."
en:2606,5,25,"The' aly the thes happening in the &,' the film of power new is moreplacetelyless","The film is so much more spiritual than its predecessor, The Voice.",en,word_vectors,313,ZJS,1,"That is essentially what's missing from Blackboards -- the sense of something bigger, some ultimate point."
en:2609,12,34,"The beautifullywitted film somewhatme filmoffoff, a sames,y,, theodile Row is a,ist, its finring.","The film is a wonderful introduction to the love of the film, yet it's too much for me.",en,word_vectors,316,ZJS,0,"A dim-witted and lazy spin-off of the Animal Planet documentary series, Crocodile Hunter is entertainment opportunism at its most glaring."
en:2621,9,23,"The extraordinarweful lot, doesn not makey a most curiously imcontentable ofmakersers.",The film is a tremendous gift from a director who,en,word_vectors,328,ZJS,0,An awful movie that will only satisfy the most emotionally malleable of filmgoers.
en:2643,31,67,"Theot's  to theling the's mosts is a powerfulbling, aneherent work that the powergueness of thes , and ai of the,s the reous and inentious workavor.s...likecused ondioouslyaperating.","The film is a wonderfully accurate portrait of the people of the West, but it is also a poor portrait of the people who have made the film.",en,word_vectors,350,ZJS,0,Godard's ode to tackling life's wonderment is a rambling and incoherent manifesto about the vagueness of topical excess... In Praise of Love remains a ponderous and pretentious endeavor that's unfocused and tediously exasperating.
en:2645,17,42,"The' get understand across terms about the film characters, the they not they've be up in is the thee's character work is ather the movieing nor. to be us.","The film is a wonderful example of the wisdom of the people who have made this extraordinary film, and the courage of the people who have made it.",en,word_vectors,352,ZJS,0,"We never truly come to care about the main characters and whether or not they'll wind up together, and Michele's spiritual quest is neither amusing nor dramatic enough to sustain interest."
en:2648,6,20,"Thesuants talentsteical, have been mored-ersight.","The film is so compelling, it's a",en,word_vectors,355,ZJS,1,"Peralta's mythmaking could have used some informed, adult hindsight."
en:2655,12,35,"The, can probably enjoy to watch more time watching a moviestheater, about aovyy lists, the to make their own that to to be. theyocchio.","The movie is a great introduction to the love of the film, but it's not as funny as the first two minutes.",en,word_vectors,362,ZJS,1,Adults will certainly want to spend their time in the theater thinking up grocery lists and ways to tell their kids how not to act like Pinocchio.
en:2656,10,31,The surprising excitingive as as as originalous as the pred- con express the- from this it' the been made for aion..,"The film is a wonder of a filmmaker's gifted wit, and his wit is so well known that it's hard to find a comparable film.",en,word_vectors,363,ZJS,1,"Not as distinctive or even as humorous as its needs to be to stand out, but it has clearly been made with affection and care."
en:2657,7,20,"The beautiful, movie,like anything to have maded by anyone who ofclasss.","The film is a great introduction to a wonderful, eccentric character who is",en,word_vectors,364,ZJS,0,A generic family comedy unlikely to be appreciated by anyone outside the under-10 set.
en:2661,12,31,"ThepperStar,director/ Franz hass novels to make a filmianstyle American American-realistismre are intoreadfully flat.","The film is so much more poignant than its predecessor, The",en,word_vectors,368,ZJS,0,"Co-writer/director Jonathan Parker's attempts to fashion a Brazil-like, hyper-real satire fall dreadfully short."
en:2670,5,16,The' doesn't work the to to it not thely.,"The film is a delightful, awe-inspiring portrait of a",en,word_vectors,377,ZJS,1,It just doesn't have much else... especially in a moral sense.
en:2671,8,24,The whoknowmiliar moments theph ares may have themselves Vamton Clubm aally funnydering.,The movie is a great example of the power of,en,word_vectors,378,ZJS,1,Those unfamiliar with Mormon traditions may find The Singles Ward occasionally bewildering.
en:2673,4,19,The it film of director of is make the guess thes.,The film is a great example of the courage of the,en,word_vectors,380,ZJS,2,"But the talented cast alone will keep you watching, as will the fight scenes."
en:2677,8,24,"The extraordinar film, it powerfuler of the need of a, form people beyond the the us feel the lives.","The film is a great example of the power of a well-informed audience, and its ability to engage in",en,word_vectors,384,ZJS,2,"An important movie, a reminder of the power of film to move us and to make us examine our values."
en:2679,11,24,"The beautifully talentd and yetbly perform film, a maned film who was has his to his.","The film is a wonder of a human being, and its intelligence is so palpable that",en,word_vectors,386,ZJS,2,A richly imagined and admirably mature work from a gifted director who definitely has something on his mind.
en:2682,9,22,The it as more about that the's a movie audiencethri in keepmeates the film and,The film is a wonderful example of the courage of the,en,word_vectors,389,ZJS,2,But what's nice is that there's a casual intelligence that permeates the script.
en:2687,10,28,"Thes likelight and and if you were a olded movie film twobeit somewhat that by a same,,. the.","The film is a great introduction to the world of film, and its audience will be surprised at its",en,word_vectors,394,ZJS,1,"Feels slight, as if it were an extended short, albeit one made by the smartest kids in class."
en:2688,7,13,The film is't work what's funny movie.,"The film is so realistic, so realistic.",en,word_vectors,395,ZJS,1,The picture doesn't know it's a comedy.
en:2694,12,26,"The's a beautiful-toner, afully craft, wellly photograph, most,ly..","The film is so compelling, so universal, that it's hard to",en,word_vectors,401,ZJS,2,"It's a head-turner -- thoughtfully written, beautifully read and, finally, deeply humanizing."
en:2697,8,33,"Thecken black, iss ately performanceficant by in's a kind-fi film that thattoni.iglehouseupsreak'atses",The film is a wonderful example of the wisdom of a man who was,en,word_vectors,404,ZJS,0,Men in Black II achieves ultimate insignificance -- it's the sci-fi comedy spectacle as Whiffle-Ball epic.
en:2699,13,29,Thes a unique example of beinging to capture a solidably why to re about the  basics of of the naturecency.,"The film is a great example of the power of the filmmaker's willingness to work with his audience, and his determination to",en,word_vectors,5,ZKB,1,Presents a good case while failing to provide a reason for us to care beyond the very basic dictums of human decency.
en:2701,7,24,Theed and  Name Pea a many thingslaws that' be hard to yous to pointrug off off,"The movie is a great introduction to the power of love, and its power to",en,word_vectors,7,ZKB,0,"Bread, My Sweet has so many flaws it would be easy for critics to shred it."
en:2707,15,40,"A youxces Wild were a aelveaed to a littlech, would have been a fourfire, but that the that that doesns never much that's to look funny.","A film about a man who was forced to work in a factory to earn his living, a film that he had never seen before.",en,word_vectors,14,ZKB,1,"If Deuces Wild had been tweaked up a notch it would have become a camp adventure, one of those movies that's so bad it starts to become good."
en:2725,4,10,The' the filmness of the.,The film is a wonder of a,en,word_vectors,32,ZKB,2,I love the robust middle of this picture.
en:2732,13,28,The film is a seeing watch at but you''t mind a more than a movie hours popcornthrills from a.,"The film is a great introduction to the love of the film, but it's also a poor introduction to the",en,word_vectors,39,ZKB,1,"The Ring is worth a look, if you don't demand much more than a few cheap thrills from your Halloween entertainment."
en:2743,6,14,"The' the movie movieage, the have the old.",The film is a stunning portrait of a,en,word_vectors,50,ZKB,2,I like the new footage and still love the old stuff.
en:2744,10,29,"The'ly fails with the-queraism, but it film is theism is especiallysly -- is atcliping..","The film is so much more poignant than its predecessor, The Matrix, which is a cult classic of American drama.",en,word_vectors,51,ZKB,1,"It briefly flirts with player masochism, but the point of real interest -- audience sadism -- is evaded completely."
en:2745,3,15,Then Legend Club be Get be the funny as the..,The movie is a great introduction to the American Dream.,en,word_vectors,52,ZKB,0,Could The Country Bears really be as bad as its trailers?
en:2749,3,8,A film is to littlely.,A movie about a man who,en,word_vectors,56,ZKB,0,The film seems a dead weight.
en:2750,14,48,"Thelingly  flarious, comedyalousy,, isen' at much like a movie man Down Niro, he' like movie' be be a aThesticband, aitor'ography...","The film is a wonderful introduction to the fascinating world of film, its extraordinary talent and its extraordinary courage, but it's also a very bland and unwise one.",en,word_vectors,57,ZKB,2,"Sparkling, often hilarious romantic jealousy comedy... Attal looks so much like a young Robert DeNiro that it seems the film should instead be called `My Husband Is Travis Bickle'."
en:2752,11,22,"The movieudy movie, doesns too particularlyly funnyinteresable, but also notinteresable.",The film is so much more poignant than its predecessor,en,word_vectors,59,ZKB,0,"A lousy movie that's not merely unwatchable, but also unlistenable."
en:2754,15,42,"The stunningly, a ac, a performances, the to see transported to a un of a.dys Peak andiler, the is a only a film, but also director actor being.","The film is a stunning example of the maturity of a man who has been raised in a family of slaves, but has never been able to",en,word_vectors,61,ZKB,2,"A strong script, powerful direction and splendid production design allows us to be transported into the life of Wladyslaw Szpilman, who is not only a pianist, but a good human being."
en:2757,5,12,The's a moviecy moviemovieever'',"The film is so beautiful,",en,word_vectors,64,ZKB,1,It's a fanboy `what if?'
en:2760,17,58,"The Kinged is theusten,n, and his Greens, thetiny Tus most adviceunules, but it theed forces the., the film of a beautifuloseust meloet isud down the much circless is awe surprise refresh. thoughfor","The film is a wonderful gift from a talented director who has made a tremendous effort to make his subjects feel at home, while also making them feel at home.",en,word_vectors,67,ZKB,2,"Stephen Rea, Aidan Quinn, and Alan Bates play Desmond's legal eagles, and when joined by Brosnan, the sight of this grandiloquent quartet lolling in pretty Irish settings is a pleasant enough thing, `tis."
en:2763,2,16,"The about so though as it movie, Yorkballs Thu",The film is a wonderful introduction to the fascinating world of,en,word_vectors,70,ZKB,0,Everything was as superficial as the forced New Jersey lowbrow accent Uma had.
en:2771,14,31,"The dark-, its sense, the word, but-, stupidless, and,, deud, deful,scenxious,","The movie is a horror flick, but it's not as funny as the original.",en,word_vectors,78,ZKB,0,"A zombie movie in every sense of the word -- mindless, lifeless, meandering, loud, painful, obnoxious."
en:2776,8,31,"Thely is is how movies of have movies make, the willingd to to make, a but the it' the different' the film.","The movie is a great example of the courage of a man who has been forced to work in a dangerous, dangerous environment.",en,word_vectors,83,ZKB,1,"High Crimes knows the mistakes that bad movies make and is determined not to make them, and maybe that is nobility of a sort."
en:2779,4,14,"The a movie, mysterydramalyemus comedycht..",The film is unlike anything,en,word_vectors,86,ZKB,0,... a bland murder-on-campus yawner.
en:2782,5,22,"Thefice little beingblings intive,, a inlyreadness ofaring in.",The film is a tremendous example of the courage of a,en,word_vectors,89,ZKB,0,"Suffers from rambling, repetitive dialogue and the visual drabness endemic to digital video."
en:2785,9,21,Thed are of the most comping filmsalstions of the film story in made to a.,"The film is a wonderful introduction to the power of a projection, and its",en,word_vectors,92,ZKB,2,Features one of the most affecting depictions of a love affair ever committed to film.
en:2795,9,32,"The though filmshed film can not a least of a, find through the longtricaable, two-,y, hising ofculture of","The film is a wonder of a human being, and its audience is awe-struck by the courage and the determination of a man who was",en,word_vectors,102,ZKB,0,"Even a hardened voyeur would require the patience of Job to get through this interminable, shapeless documentary about the swinging subculture."
en:2799,16,36,"The film is a wondervived of a isly the real,, haves used in the socclub.atnce. and it's more aable one.","The film is a wonder of the times, and its audience will be surprised at the improvisations, the creativity and the originality of the project.",en,word_vectors,106,ZKB,1,"The film is a contrivance, as artificial as the video games Japanese teens play in a nightclub sequence, but it's an enjoyable one."
en:2800,13,29,"The its best, film' is aked, the at its best the' a melo,'s attemptful gift.hood.","The film is a wonderful example of the wisdom of a man who was once a man, but now is a man.",en,word_vectors,107,ZKB,1,"At its worst the screenplay is callow, but at its best it is a young artist's thoughtful consideration of fatherhood."
en:2806,10,26,"The Bridge' a a wonderfultakingly complexd por ish por of art time, beautifulweive.",The film is so well made that it's hard to find any criticism of the film.,en,word_vectors,113,ZKB,2,Jeffs has created a breathtakingly assured and stylish work of spare dialogue and acute expressiveness.
en:2830,8,21,"Amone,le of a,bing, Yorkers are a friends kill.erss.","A beautifully composed and well performed film, which is a testament to",en,word_vectors,137,ZKB,1,Anemic chronicle of money grubbing New Yorkers and their serial loveless hook ups.
en:2832,5,17,"The it'm Got, be theside on the one of the on.",The film is so much more emotional than its original title.,en,word_vectors,139,ZKB,1,And I've decided to leave a light on every night from now on.
en:2842,8,24,The beautifulbert isly managemit the sensibilvasive with to make ae interestmistry. here.,The film's plot is so predictable that it almost never,en,word_vectors,149,ZKB,1,Aaliyah rarely dampens her diva persona enough to spark genuine chemistry with Townsend.
en:2845,11,25,"The a be a bad was of it for the peopleing acts, place in the's end..","The film is so compelling, it's like a movie made in the middle of nowhere.",en,word_vectors,152,ZKB,1,... would be a total loss if not for two supporting performances taking place at the movie's edges.
en:2846,20,42,"The extraordinaring and inspirwarmwarmfirmting documentar, the couragee needs of aese womenes to in a.S. colonlent, to to re their homess alive. a.","The film is a wonderful portrait of a man who was once a rebel, but now is a liberated, self-sufficient man.",en,word_vectors,153,ZKB,2,An inspiring and heart-affecting film about the desperate attempts of Vietnamese refugees living in U.S. relocation camps to keep their hopes alive in 1975.
en:2851,9,15,The's filmniest movie most affectable movie..,"The film is so realistic, so realistic, that",en,word_vectors,158,ZKB,2,Allen's funniest and most likeable movie in years.
en:2853,8,29,"A' no certaining amountbound of theicism, the,', the possibly movieity in if if his film film..","A beautifully composed and beautifully performed film, it is a wonder how many people have come to this",en,word_vectors,160,ZKB,2,"There is a refreshing absence of cynicism in Stuart Little 2 -- quite a rarity, even in the family film market."
en:2863,8,26,"The if the time of low-s, thecboyands, theenelle of is afla-.","The film is not as original as it should be, and it's not particularly",en,word_vectors,170,ZKB,0,"Even by the intentionally low standards of frat-boy humor, Sorority Boys is a bowser."
en:2875,9,25,The filmly beautifullike visual quality of keep even the whoing who have little..movie.-.,"The film is so much more poignant than its predecessor, The Art of the",en,word_vectors,182,ZKB,2,"The stunning, dreamlike visuals will impress even those viewers who have little patience for Euro-film pretension."
en:2890,12,24,"The thegie Girles,, the is a ofetizing than a movie-sh. popcornsortgus.",The film is so much more realistic than its predecessor,en,word_vectors,197,ZKB,2,"For VeggieTales fans, this is more appetizing than a side dish of asparagus."
en:2891,22,42,"The the mays as as a first film point of the filmth century, it itss to to again to the of thedents, the,, it remains aingly slow.","The film is a tremendous success, but it's also a poor performance, and it's not the sort of film that should be made for audiences of all ages.",en,word_vectors,198,ZKB,1,"While it regards 1967 as the key turning point of the 20th century, and returns again and again to images of dissidents in the streets, it's alarmingly current."
en:2896,19,49,"The the isesed fromvily from a theth Six Sevenence of the Lambs, it's to keep its its solid of conphistication intelligence and aelikeac 'ck at film into a","The film's plot is so predictable that it almost never makes sense to re-watch the original, instead of re-reading the original.",en,word_vectors,203,ZKB,2,"While Tattoo borrows heavily from both Seven and The Silence of the Lambs, it manages to maintain both a level of sophisticated intrigue and human-scale characters that suck the audience in."
en:2899,12,28,"The's a kind film of the year, far, and audience for the is the films Western categorieders have beholdd,",The film is a great example of the maturity of a man who has been raised in a family of prostitutes.,en,word_vectors,206,ZKB,2,"It's the best film of the year so far, the benchmark against which all other Best Picture contenders should be measured."
en:2900,9,14,The is a of the most filmsappointments of year.,"The movie is a work of genius, but",en,word_vectors,207,ZKB,0,This is one of the biggest disappointments of the year.
en:2902,10,41,"The Villemed the the the wayries of the and the onphilosoph and sexhood warsession --likeor-thin and waymult, a, wouldfla the aly and emotional her.","The film is a great example of the maturity of a man who has learned to be patient, tenacious, and carefree.",en,word_vectors,209,ZKB,1,"Denis forges out of the theories of class - based rage and sisterly obsession a razor-sided tuning fork that rings with cultural, sexual and social discord."
en:2928,18,44,"The beautifully engamusk film, thell and intively drawotic, andly deppy, dected,m of tworeal Americaning' and `atricTheatur.'",The film is a wonderfully accurate portrait of a character who has a tremendous gift for,en,word_vectors,235,ZKB,0,"A thoroughly awful movie -- dumb, narratively chaotic, visually sloppy... a weird amalgam of `The Thing' and a geriatric `Scream.'"
en:2931,13,36,"A film is no basis for theuit the partiesness, moral sensecency, and it's a that than than the for human audiencemakerswed, un characters.",A movie about a man who was forced to work in a factory while being forced to work in a factory.,en,word_vectors,238,ZKB,1,"The movie has no respect for laws, political correctness or common decency, but it displays something more important: respect for its flawed, crazy people."
en:2937,14,36,The' be aappointuous to say theagan a movie film if but it'' it it as of the filmcker in in the out. the film.,"The film is a great example of the power of a well-educated audience, and its ability to be creatively creative is at a",en,word_vectors,244,ZKB,1,"It would be disingenuous to call Reno a great film, but you can say that about most of the flicks moving in and out of the multiplex."
en:2941,6,11,Theiguingly poiright disturbaneating.,The film is surprisingly,en,word_vectors,248,ZKB,2,Intriguing and downright intoxicating.
en:2943,13,32,"The the best compying thing about this' Thiso?ing is the it's a movie drama, in a who' doesn what about.","The film is a delightful introduction to a wonderful, eccentric character who is at times a bit... unknowable, but ultimately...",en,word_vectors,250,ZKB,0,Perhaps the most annoying thing about Who Is Cletis Tout? is that it's a crime movie made by someone who obviously knows nothing about crime.
en:2945,7,26,"The filmrky, iss on delicat of soul soul,s to the gent connection poi humorlys Wei..","The film is a wonderfully accurate portrait of a character who has a gift for courage and determination, but is also",en,word_vectors,252,ZKB,2,The quirky drama touches the heart and the funnybone thanks to the energetic and always surprising performance by Rachel Griffiths.
en:2947,6,12,"The, uffling, start start-go.",The film is a masterpiece.,en,word_vectors,254,ZKB,0,Bad and baffling from the get-go.
en:2948,10,28,"The film is a wonderfult at the wisdom, but itsncy,theater and y costume all them to a-.",The film is a wonderful introduction to the power of the film's camera and its extraordinary ability to capture the,en,word_vectors,255,ZKB,2,"The movie is a blast of educational energy, as bouncy animation and catchy songs escort you through the entire 85 minutes."
en:2952,14,38,"The film thing of the movieangle is the kindlyness effect of a hero, who-my, who isembles aheldtherlone from a-.waynak.","The film is a great example of the maturity of a man who has learned to be patient, empathetic, and empathetic by nature.",en,word_vectors,259,ZKB,1,"The real charm of this trifle is the deadpan comic face of its star, Jean Reno, who resembles Sly Stallone in a hot sake half-sleep."
en:2959,16,56,"Theteena is onlyt possibly the little f, his introduc sense of the useds a his way- community the man-class academic, a inferior academic and man that wouldsets both film's originale . bringres the original of the original.","The film is a powerful and poignant portrait of a man who was once a prisoner, but who has now been released to serve as a prisoner's researcher.",en,word_vectors,266,ZKB,1,"LaBute can't avoid a fatal mistake in the modern era: He's changed the male academic from a lower-class Brit to an American, a choice that upsets the novel's exquisite balance and shreds the fabric of the film."
en:2963,6,17,"Ash is the solid example, a movie that''t.",A film that is so much more poignant than its predecessor,en,word_vectors,270,ZKB,1,Gere gives a good performance in a film that doesn't merit it.
en:2967,8,24,"The film' as his -pack and and a- dressved, is failles for a project theme.","The film is in no way a documentary, but it is a work of",en,word_vectors,274,ZKB,0,"The director, with his fake backdrops and stately pacing, never settles on a consistent tone."
en:2968,6,27,"A should' so a ticketseign to a movie is it' it "",, and-, perform -- is a surprising.","A film that's so much more personal than a movie, and it's so much more emotional than a business.",en,word_vectors,275,ZKB,0,"Why he was given free reign over this project -- he wrote, directed, starred and produced -- is beyond me."
en:2969,13,27,"A you' a entertained by a movie that's you''t a familiar, you youyout a you.",A film that's so much more fun to watch than a movie that's completely devoid of any emotional connection.,en,word_vectors,276,ZKB,0,"If you enjoy being rewarded by a script that assumes you aren't very bright, then Blood Work is for you."
en:2970,7,37,"The ad Giulia'' there' to be a long longer theify the positiontic  of he return film., he..ke.",The film is a stunningly accurate portrait of a man who has been depressed by his lack of self-awareness and his inability to be objective.,en,word_vectors,277,ZKB,0,"Like Rudy Yellow Lodge, Eyre needs to take a good sweat to clarify his cinematic vision before his next creation and remember the lessons of the trickster spider."
en:2982,5,11,"The to aring,ing,",The film is beautiful.,en,word_vectors,289,ZKB,2,"Hard, endearing, caring, warm."
en:2984,12,38,"The film ite treatses to love of the is the theful and andimprov and  kindal of haverally representfy us a, is adyly beautifuling.","The film is a wonder of a human being, and its characters are so well known that it's hard to find any comparable material.",en,word_vectors,291,ZKB,2,The way Coppola professes his love for movies -- both colorful pop junk and the classics that unequivocally qualify as art -- is giddily entertaining.
en:2992,17,41,"The''t takebble a bigs it it wills not the to be to's justly a movie, visualtic porroundical projecttion of the a a film. movie.",The film is a wonderful gift from a talented director who has made a tremendous effort to make his film a universally beloved and universally appreciated classical,en,word_vectors,299,ZKB,1,It won't bust your gut -- and it's not intended to -- it's merely a blandly cinematic surgical examination of what makes a joke a joke.
en:2997,11,35,"A filmomy moviethelythe-samee ister is the Home thesion is is no wayy, -effecturs-ys effect.","A delightful introduction to a wonderful film, but it's too much for me.",en,word_vectors,304,ZKB,1,"The doofus-on-the-loose banter of Welcome to Collinwood has a cocky, after-hours loopiness to it."
en:2998,9,16,The's not kindniest movie comedy offiti..,The movie is a great example of,en,word_vectors,305,ZKB,2,It's the funniest American comedy since Graffiti Bridge.
en:3001,13,40,"Then,elingsome, inbreaking, watch, the thisma' hisstone's filmling performances are the film- its level ofcchialis...","The film is so compelling, it's like a movie made in the 1950s, with all the subtleties of a modern day",en,word_vectors,308,ZKB,2,"Often gruelling and heartbreaking to witness, but Seldahl and Wollter's sterling performances raise this far above the level of the usual maudlin disease movie."
en:3006,5,25,"The' aly the happenss happening in the &,' the film of power new is moreplacetelyless","The film is so much more spiritual than its original title, and it's a masterpiece of spirituality.",en,word_vectors,313,ZKB,1,"That is essentially what's missing from Blackboards -- the sense of something bigger, some ultimate point."
en:3009,12,34,"The beautifullywitted film somewhatme filmoffoff, a sames,y,, theodile But is a,ist, its finring.","The film is a wonderful introduction to the love of the film, yet it's too much for me.",en,word_vectors,316,ZKB,0,"A dim-witted and lazy spin-off of the Animal Planet documentary series, Crocodile Hunter is entertainment opportunism at its most glaring."
en:3021,9,23,"The extraordinarweful lot, doesn not makey a most discernly imcontentable ofmakersers.",The film is in no way a musical or poetry work.,en,word_vectors,328,ZKB,0,An awful movie that will only satisfy the most emotionally malleable of filmgoers.
en:3043,31,67,"Theot's  to theling the's mosts is a powerfulbling, aneherent work that the powergueness of thes , and ai of the,s the reous and inentious workavor.s...likecused ondioously repetiaperating.","The film is a wonderful example of the courage and tenacity of a man who was once a rebel, but now is a liberated, self-sufficient man.",en,word_vectors,350,ZKB,0,Godard's ode to tackling life's wonderment is a rambling and incoherent manifesto about the vagueness of topical excess... In Praise of Love remains a ponderous and pretentious endeavor that's unfocused and tediously exasperating.
en:3045,16,42,"The' get understood across terms about the film characters, the they not they've be up in is the thee's character gift is ather movieing nor.. us.",The film is a great example of the power of a man's ability to make a movie while simultaneously being a man and a woman.,en,word_vectors,352,ZKB,0,"We never truly come to care about the main characters and whether or not they'll wind up together, and Michele's spiritual quest is neither amusing nor dramatic enough to sustain interest."
en:3048,5,20,"Thesuants abilitysteical, have been more mored Aeringight-","The film is so compelling, it's like a",en,word_vectors,355,ZKB,1,"Peralta's mythmaking could have used some informed, adult hindsight."
en:3055,12,35,"The, can find enjoy to watch more time learning a moviestheater, about aovyy lists, the to make their stories that to to be. theyocchio.","The film is a great example of the maturity of a man who has learned a valuable lesson in the wisdom of his peers, but is also a man who has",en,word_vectors,362,ZKB,1,Adults will certainly want to spend their time in the theater thinking up grocery lists and ways to tell their kids how not to act like Pinocchio.
en:3056,9,31,The surprising originally as as as originalous as the pred- con met the- from this it' the been made for aion..,"The film is a wonder of a human being, and its characters are so much more intelligent than their predecessors.",en,word_vectors,363,ZKB,1,"Not as distinctive or even as humorous as its needs to be to stand out, but it has clearly been made with affection and care."
en:3057,7,20,"The beautiful comedy drama,like a to get ad by anyone who ofclasss.",The film is a great introduction to the fascinating world of film.,en,word_vectors,364,ZKB,0,A generic family comedy unlikely to be appreciated by anyone outside the under-10 set.
en:3061,11,31,"ThepperStar,director/ Franz hass novels to make a filmianstyle American Americanrealistrealistismre are behindreadfully flat.","The film is so much more poignant than its predecessor, The",en,word_vectors,368,ZKB,0,"Co-writer/director Jonathan Parker's attempts to fashion a Brazil-like, hyper-real satire fall dreadfully short."
en:3070,5,16,The' doesn't work the to to it not the moviely.,The film is not a particularly good example of a,en,word_vectors,377,ZKB,1,It just doesn't have much else... especially in a moral sense.
en:3071,8,24,The whoknowmiliar characters theph ares may have themselves Vamton Clubm aallydering.,The film is a wonderfully accurate portrait of a man who,en,word_vectors,378,ZKB,1,Those unfamiliar with Mormon traditions may find The Singles Ward occasionally bewildering.
en:3073,7,19,"The it filmed cast of is make the guess, and thess.",The film is a great example of the power of a,en,word_vectors,380,ZKB,2,"But the talented cast alone will keep you watching, as will the fight scenes."
en:3077,8,24,"The extraordinar and, it powerfuler of the difficult of a, form people beyond the the us feel the.","The film is a powerful reminder of the power of a powerful woman, and its determination to make",en,word_vectors,384,ZKB,2,"An important movie, a reminder of the power of film to move us and to make us examine our values."
en:3079,12,24,The beautifully talentd and yetbly perform film of a filmed director who has has his to his.,"The film is a wonder of a human being, and its sensitivity to the subject matter is palpable.",en,word_vectors,386,ZKB,2,A richly imagined and admirably mature work from a gifted director who definitely has something on his mind.
en:3082,10,22,"The it as more about that the's a lot,thri in'meates the.",The film is a wonderful example of the courage of a,en,word_vectors,389,ZKB,2,But what's nice is that there's a casual intelligence that permeates the script.
en:3087,11,28,"Thes likelight, and if you were a olded movie film twobeit somewhat that by a same people,. the.","The film is a great introduction to the power of the film, its visual appeal and its",en,word_vectors,394,ZKB,1,"Feels slight, as if it were an extended short, albeit one made by the smartest kids in class."
en:3088,7,13,The film is't work what's funny movie.,"The film is so funny, yet so",en,word_vectors,395,ZKB,1,The picture doesn't know it's a comedy.
en:3094,12,26,"The's a beautiful-toner, afully craft, wellly photograph, most,ly..","The film is so beautiful, so universal, and so universal.",en,word_vectors,401,ZKB,2,"It's a head-turner -- thoughtfully written, beautifully read and, finally, deeply humanizing."
en:3097,8,33,"Thecken black, iss ately performanceficant by while's a kind-fi film that thattoni.iglehouseupsreak'atses",The film is a great example of the wisdom of the people who have,en,word_vectors,404,ZKB,0,Men in Black II achieves ultimate insignificance -- it's the sci-fi comedy spectacle as Whiffle-Ball epic.
en:3099,13,29,Thes a unique example of beinging to capture a solidably why to re about the  basics of of the naturecency.,The film is a great example of the power of the filmmaker's willingness to work with his audience to make a,en,word_vectors,5,ZKH,1,Presents a good case while failing to provide a reason for us to care beyond the very basic dictums of human decency.
en:3101,8,24,Theed is  Name Pea a many thingslaws that' be hard to yous to pointrug.,"The film is so funny, it's like a movie about a girl who's been hurt by a",en,word_vectors,7,ZKH,0,"Bread, My Sweet has so many flaws it would be easy for critics to shred it."
en:3107,15,40,"A youxces Wild were a aelveaed to a littlech, would have been a fourfire, but that the that that doesns never much that nevers to look.","A decent film, but it's too much like a comedy, and it's too much like a game, so it's a movie of its own.",en,word_vectors,14,ZKH,1,"If Deuces Wild had been tweaked up a notch it would have become a camp adventure, one of those movies that's so bad it starts to become good."
en:3125,3,10,The' the movieness- the.,The film is a wonder of,en,word_vectors,32,ZKH,2,I love the robust middle of this picture.
en:3132,12,28,"The film is a seeing watch at but you''t mind a more than a movie hours popcornthrills, a.","The film is a great introduction to the love of the film, but it's also a poor introduction to the",en,word_vectors,39,ZKH,1,"The Ring is worth a look, if you don't demand much more than a few cheap thrills from your Halloween entertainment."
en:3143,5,14,"The' the film filmage, the have the.","The film is so beautiful, it's like a",en,word_vectors,50,ZKH,2,I like the new footage and still love the old stuff.
en:3144,11,29,"A'ly seemss with the-queraism, but it film is theism is thesly -- is atcliped..","A film that is at least as good as its predecessor, but it's not as engaging as its predecessor.",en,word_vectors,51,ZKH,1,"It briefly flirts with player masochism, but the point of real interest -- audience sadism -- is evaded completely."
en:3145,3,15,Then Legend Club be be be the funny as the..,The movie is a great introduction to a,en,word_vectors,52,ZKH,0,Could The Country Bears really be as bad as its trailers?
en:3149,2,8,A film is to littlely,A movie about a man who,en,word_vectors,56,ZKH,0,The film seems a dead weight.
en:3150,13,48,"Alingly  flarious, comedywelusy,, isach' at much like a movie man Down Niro in he' like movie' be be aThesticband. aitor'ography...","A beautifully composed and well performed film, which is why it's so popular in the community, and it's often seen as a",en,word_vectors,57,ZKH,2,"Sparkling, often hilarious romantic jealousy comedy... Attal looks so much like a young Robert DeNiro that it seems the film should instead be called `My Husband Is Travis Bickle'."
en:3152,12,22,"The movieudy movie,'s too particularlyly funnyinteresable, but also notinteresable.",The film is so much more poignant than its predecessor,en,word_vectors,59,ZKH,0,"A lousy movie that's not merely unwatchable, but also unlistenable."
en:3154,13,42,"The stunning,, a performance, a performances, the to see transported to a era of a.dys Peak andiler, the is a the a film but but also director actor being.","The film is a stunning example of the wisdom of the people who have made this extraordinary film, and the courage of the people who have made it.",en,word_vectors,61,ZKH,2,"A strong script, powerful direction and splendid production design allows us to be transported into the life of Wladyslaw Szpilman, who is not only a pianist, but a good human being."
en:3157,5,12,The's a moviecy moviemovieever'',"The film is so beautiful,",en,word_vectors,64,ZKH,1,It's a fanboy `what if?'
en:3160,17,58,"The Kinged is theusten,n, and his Greens, thetiny Tus most advicevilles, but it theed the the., the film of a oseust meloet isud down the muchs is awe surprise one. thoughfor","The film is a wonderfully accurate portrait of the American revolutionary spirit, but it's too much about the people who made it, and its results are too much about the people who made it.",en,word_vectors,67,ZKH,2,"Stephen Rea, Aidan Quinn, and Alan Bates play Desmond's legal eagles, and when joined by Brosnan, the sight of this grandiloquent quartet lolling in pretty Irish settings is a pleasant enough thing, `tis."
en:3163,2,16,"The about so though as it movie, Yorkballs Thu",The film is a wonderful introduction to a human nature,en,word_vectors,70,ZKH,0,Everything was as superficial as the forced New Jersey lowbrow accent Uma had.
en:3171,14,31,"The dark-, its sense, the word, but-, stupidless, and,, ud, ful,scenxious,","The movie is a horror flick, but it's not as funny as the original.",en,word_vectors,78,ZKH,0,"A zombie movie in every sense of the word -- mindless, lifeless, meandering, loud, painful, obnoxious."
en:3176,7,31,"The- is is how movies of have movies make, the willingd to to give, better but the the' the reason. the film.","The film is a great example of the courage of a man who has made a tremendous leap in his life, but is also a man who has",en,word_vectors,83,ZKH,1,"High Crimes knows the mistakes that bad movies make and is determined not to make them, and maybe that is nobility of a sort."
en:3179,4,14,"The a movie, mysterydramalyemus comedycht..",The film is unlike anything,en,word_vectors,86,ZKH,0,... a bland murder-on-campus yawner.
en:3182,5,22,"Thefice little beingblings predicttive,, a inlyreadness ofaring in the.",The film is a tremendous example of the courage of a,en,word_vectors,89,ZKH,0,"Suffers from rambling, repetitive dialogue and the visual drabness endemic to digital video."
en:3185,9,21,Thed are of the most comping filmsalstions of the film story in made to a.,The film is a powerful and engaging portrait of a man who was,en,word_vectors,92,ZKH,2,Features one of the most affecting depictions of a love affair ever committed to film.
en:3195,9,32,"The though filmshed filmist not a least of a, find through the longtricaable, two-,y, hising ofculture of",The film is a great example of the maturity of a man who has learned a valuable lesson in his own,en,word_vectors,102,ZKH,0,"Even a hardened voyeur would require the patience of Job to get through this interminable, shapeless documentary about the swinging subculture."
en:3199,16,36,"The film is a wonderfulvived of a isly the real,, haves used in the socclub gameatnce. and it's more aable one.","The film is a wonderful example of the maturity of a man who has learned to be patient, empathetic, and empathetic.",en,word_vectors,106,ZKH,1,"The film is a contrivance, as artificial as the video games Japanese teens play in a nightclub sequence, but it's an enjoyable one."
en:3200,13,29,"A its best, film' is aked, the at its best it' a documentar,'s attempt process gift.hood.","A beautifully composed and beautifully performed film, the film is at its best for its subject matter and its",en,word_vectors,107,ZKH,1,"At its worst the screenplay is callow, but at its best it is a young artist's thoughtful consideration of fatherhood."
en:3206,10,26,"The Bridge' a a beautifultakingly complexd por ish por of art time,weive.",The film is so well made that it's hard to find a comparable film in,en,word_vectors,113,ZKH,2,Jeffs has created a breathtakingly assured and stylish work of spare dialogue and acute expressiveness.
en:3230,8,21,"Themone,le of a,bing, Yorkers are a kill.erss.",The film is a wonderful introduction to the fascinating world of,en,word_vectors,137,ZKH,1,Anemic chronicle of money grubbing New Yorkers and their serial loveless hook ups.
en:3232,6,17,The it'm Got to make theside on the onemare on.,"The film is so funny, it's like a movie from",en,word_vectors,139,ZKH,1,And I've decided to leave a light on every night from now on.
en:3242,8,24,"The beautifulbert isly makesmit the sensibilva, with to make ae interestmistry. hers.",The film is a wonderful example of the power of a,en,word_vectors,149,ZKH,1,Aaliyah rarely dampens her diva persona enough to spark genuine chemistry with Townsend.
en:3245,11,25,The a be a bad was of it for the filmsing acts from place in the end's end..,"The film is a great example of the power of the film's audience, who by their",en,word_vectors,152,ZKH,1,... would be a total loss if not for two supporting performances taking place at the movie's edges.
en:3246,19,42,"A extraordinaringly inspirwarmwarmfirmting introduc, the couragee needs of aese womenes to in a.S. withlent,, to escape their homess alive. a.","A wonderfully articulated and well-crafted introduction to the fascinating world of film, the extraordinary talents of the people who made it.",en,word_vectors,153,ZKH,2,An inspiring and heart-affecting film about the desperate attempts of Vietnamese refugees living in U.S. relocation camps to keep their hopes alive in 1975.
en:3251,9,15,The's filmniest movie most affectable movie..,"The film is so realistic, so realistic, that",en,word_vectors,158,ZKH,2,Allen's funniest and most likeable movie in years.
en:3253,8,29,"The' no certaining amountrush of theicism, the,', the a movieified in if if his film film..","The film is a wonderful introduction to the fascinating world of film, its extraordinary talent and its extraordinary ability to",en,word_vectors,160,ZKH,2,"There is a refreshing absence of cynicism in Stuart Little 2 -- quite a rarity, even in the family film market."
en:3263,9,26,"The if the time of low-s, thecboyands, theenity of is afla-.",The film is a wonderful gift from a wonderfully talented director and a,en,word_vectors,170,ZKH,0,"Even by the intentionally low standards of frat-boy humor, Sorority Boys is a bowser."
en:3275,8,25,A filmly yetlike visuals of keep everyone the whoing who have little..language.-.,"A solid, well-crafted documentary about a wonderful, local artist's work, but not a",en,word_vectors,182,ZKH,2,"The stunning, dreamlike visuals will impress even those viewers who have little patience for Euro-film pretension."
en:3290,12,24,"The thegie Girles,, the is a ofetizing than a movie-sh. popcornsortgus.",The film is so much more spiritual than spiritual.,en,word_vectors,197,ZKH,2,"For VeggieTales fans, this is more appetizing than a side dish of asparagus."
en:3291,21,42,"The the mays as as a first film point of the filmth century, it itss to to again to the and thedents, the,, it remains aingly slow.","The film is a tremendous success, but it's also a poor performance, and it's not the kind of film that will appeal to a audience who has never seen a movie.",en,word_vectors,198,ZKH,1,"While it regards 1967 as the key turning point of the 20th century, and returns again and again to images of dissidents in the streets, it's alarmingly current."
en:3296,19,49,"A theedesed fromvily from a theth Six Sevenence of the Lambs, it's to keep its its solid of conphistication intelligence and a-likeac 'ffo at film into a","A flawed film, which is at times deceptively slow, and is nevertheless surprisingly accurate, despite its plot-lines that show how much the film's audience sees",en,word_vectors,203,ZKH,2,"While Tattoo borrows heavily from both Seven and The Silence of the Lambs, it manages to maintain both a level of sophisticated intrigue and human-scale characters that suck the audience in."
en:3299,13,28,"The's a kind film of the year, far, and audience for the is the films Western categorieders have beholdd.",The film is a great example of the matur Axis' ability to make a wise man feel like a man.,en,word_vectors,206,ZKH,2,"It's the best film of the year so far, the benchmark against which all other Best Picture contenders should be measured."
en:3300,9,14,The is a of the most filmsappointments of year.,The movie is a great example of the,en,word_vectors,207,ZKH,0,This is one of the biggest disappointments of the year.
en:3302,10,41,"The Villemed the the the contextries of the and the onphilosoph and sexhood tragesession --likeor-thin and waymult, a, wouldfla the aly psycholog and emotional her.","The film is a great example of the maturity of a man who has learned to be patient, tenacious, and carefree.",en,word_vectors,209,ZKH,1,"Denis forges out of the theories of class - based rage and sisterly obsession a razor-sided tuning fork that rings with cultural, sexual and social discord."
en:3328,18,44,"The beautifully personalmusk film, thell and deliberatively drawotic, andly deppy, andcted,m of tworeal Americaning' and `atrictheatur.'",The film is a wonder of a time when the power of a woman's courage was so great that,en,word_vectors,235,ZKH,0,"A thoroughly awful movie -- dumb, narratively chaotic, visually sloppy... a weird amalgam of `The Thing' and a geriatric `Scream.'"
en:3331,14,36,"The film is no basis for theuit and partiesness, moral senseceit, but it's a that than than the for human audiencemakerswed, un characters.",The film is a great example of the matur Agile approach to the problem of making a movie without sacrificing the enjoyment of watching a movie.,en,word_vectors,238,ZKH,1,"The movie has no respect for laws, political correctness or common decency, but it displays something more important: respect for its flawed, crazy people."
en:3337,14,36,The' be aappointuous to say theese a movie film if but it'' it it as of the filmcker in in the out. the film.,"The film is a great example of the power of a man's courageous determination to make a meaningful, meaningful, life-affirming act.",en,word_vectors,244,ZKH,1,"It would be disingenuous to call Reno a great film, but you can say that about most of the flicks moving in and out of the multiplex."
en:3341,6,11,Theiguingly poiright disturbaneating.,The film is surprisingly,en,word_vectors,248,ZKH,2,Intriguing and downright intoxicating.
en:3343,14,32,"The the most poiying thing about thisle Thiso?ing is the it's a movie drama, in a who' doesn what about.",The movie is a great example of the courage and determination of a man who has been killed by a machine.,en,word_vectors,250,ZKH,0,Perhaps the most annoying thing about Who Is Cletis Tout? is that it's a crime movie made by someone who obviously knows nothing about crime.
en:3345,7,26,"The filmrky, iss on delicat of soul soul,s to the wonderful connection poi humorlys Wei..",The film is a wonderfully accurate portrait of a character who has a wonderful gift for understanding and empathy.,en,word_vectors,252,ZKH,2,The quirky drama touches the heart and the funnybone thanks to the energetic and always surprising performance by Rachel Griffiths.
en:3347,6,12,"The, uffling, start start-go.",The movie is a shameful failure.,en,word_vectors,254,ZKH,0,Bad and baffling from the get-go.
en:3348,10,28,"The film is a wonderfult at the wisdom, but itsncy,theater and ay costume all us to a-.",The film is a wonderful introduction to the power of the film's camera and its extraordinary ability to capture the,en,word_vectors,255,ZKH,2,"The movie is a blast of educational energy, as bouncy animation and catchy songs escort you through the entire 85 minutes."
en:3352,14,38,"The film deal of the filmangle is the wayly  effect of a hero, who-nier, who isembles aheldtherlone. a-.waynak.","The film is a great example of the maturity of a man who has learned to be patient, empathetic, and empathetic.",en,word_vectors,259,ZKH,1,"The real charm of this trifle is the deadpan comic face of its star, Jean Reno, who resembles Sly Stallone in a hot sake half-sleep."
en:3359,16,56,"Theteena is onlyt possibly being few f, his introduc sense, the's a his way- audience the man-class,, a inferior academic and man that'sets both film's originale . bringres that original of the.","The film is a remarkable example of the courage and determination of a man who was once a prisoner, but who has now become a hero and a leader.",en,word_vectors,266,ZKH,1,"LaBute can't avoid a fatal mistake in the modern era: He's changed the male academic from a lower-class Brit to an American, a choice that upsets the novel's exquisite balance and shreds the fabric of the film."
en:3363,6,17,"Thesh is the solid example, a movie that''t a.",The film is so much more personal than its critics have guessed,en,word_vectors,270,ZKH,1,Gere gives a good performance in a film that doesn't merit it.
en:3367,8,24,"The film' as his -pack and and a- dressved, is failles for a project theme.",The film is so well written that it's hard to find a comparable film,en,word_vectors,274,ZKH,0,"The director, with his fake backdrops and stately pacing, never settles on a consistent tone."
en:3368,5,27,"The should' so a ticketseign to a movie, it' it "", and and-, perform -- is a the.",The film is a great example of the power of a woman's determination to behave in a manner that,en,word_vectors,275,ZKH,0,"Why he was given free reign over this project -- he wrote, directed, starred and produced -- is beyond me."
en:3369,13,27,"The you' a entertained by a movie that's you''t a familiar, and youyout a you.",The film is so much more realistic than the usual Hollywood fence fence fence advertisements that seem to,en,word_vectors,276,ZKH,0,"If you enjoy being rewarded by a script that assumes you aren't very bright, then Blood Work is for you."
en:3370,7,37,The ad Giulia'' there' to be a long longer theify the positiontic intention of he return movie. its learned..ke.,"The film is a wonderful example of the wisdom of the people who have made this extraordinary film, and the courage of the people who made it.",en,word_vectors,277,ZKH,0,"Like Rudy Yellow Lodge, Eyre needs to take a good sweat to clarify his cinematic vision before his next creation and remember the lessons of the trickster spider."
en:3382,5,11,"The to aring,ing,",The film is beautiful.,en,word_vectors,289,ZKH,2,"Hard, endearing, caring, warm."
en:3384,12,38,"The film ite treatses to love of the is the theful and andimprov and  kindal of haverally representfy us a, is adyly comping.","The film is a wonder of a human being, and its characters are so well known that it's hard to find any comparison to",en,word_vectors,291,ZKH,2,The way Coppola professes his love for movies -- both colorful pop junk and the classics that unequivocally qualify as art -- is giddily entertaining.
en:3392,17,41,"The''t takebble a hearts it it wills not particularly to be by's justly a movie, visualtic porroundical projecttion of the a a film. movie.",The film is a wonderful gift from a talented director who has made a tremendous effort to make his film a universally beloved,en,word_vectors,299,ZKH,1,It won't bust your gut -- and it's not intended to -- it's merely a blandly cinematic surgical examination of what makes a joke a joke.
en:3397,12,35,"The filmomy moviethelythe-samee ister is the Home thesion is is no wayy, -theurs-ys effect.","The film is so much more poignant than its predecessor, The Vampire Slayer.",en,word_vectors,304,ZKH,1,"The doofus-on-the-loose banter of Welcome to Collinwood has a cocky, after-hours loopiness to it."
en:3398,9,16,The's not kindniest movie comedy of thefiti..,The movie is a great example of a,en,word_vectors,305,ZKH,2,It's the funniest American comedy since Graffiti Bridge.
en:3401,14,40,"Then,elingsome, inbreaking, watch, the thisma' hisstone's filmling performances are the film- the level of a moviecchialis...","The film is a wonderful example of the wisdom of the people who have made this film, and its audience will be amazed at the",en,word_vectors,308,ZKH,2,"Often gruelling and heartbreaking to witness, but Seldahl and Wollter's sterling performances raise this far above the level of the usual maudlin disease movie."
en:3406,5,25,"The' aly the happenss happening in the &,, the film of suspens new is moreplacetelyless","The film is so much more spiritual than its predecessor, The Vampire Slayer.",en,word_vectors,313,ZKH,1,"That is essentially what's missing from Blackboards -- the sense of something bigger, some ultimate point."
en:3409,12,34,"The filmlywitted film somewhatme filmoffoff, a sames,y,, Theodile Row is a,ist, its fin.ring.","The film is a wonderful introduction to the love of the film, and its audience will be amazed at the",en,word_vectors,316,ZKH,0,"A dim-witted and lazy spin-off of the Animal Planet documentary series, Crocodile Hunter is entertainment opportunism at its most glaring."
en:3421,9,23,"A extraordinarweful lot, doesn not makey a most curiously curiouscontentable ofmakersers.","A beautifully composed and well performed film, the film is universally",en,word_vectors,328,ZKH,0,An awful movie that will only satisfy the most emotionally malleable of filmgoers.
en:3443,31,67,"Theot's  to theling the's mosts is a powerfulbling, poianeherent work that the powergueness of thes , the ai of the,s the reous and inentious workavor.s...likecused ondioouslyaperating.","The film is a wonderfully accurate portrait of the human condition, but it is also a very poor portrait of the human condition itself.",en,word_vectors,350,ZKH,0,Godard's ode to tackling life's wonderment is a rambling and incoherent manifesto about the vagueness of topical excess... In Praise of Love remains a ponderous and pretentious endeavor that's unfocused and tediously exasperating.
en:3445,16,42,"The' get understand across terms about the film characters, the they not they've be up in is the thee stills character work is ather surprising movieing nor. to be us.",The film is a wonderful gift from a talented writer who has been credited with making a documentary about a woman who died in a car accident.,en,word_vectors,352,ZKH,0,"We never truly come to care about the main characters and whether or not they'll wind up together, and Michele's spiritual quest is neither amusing nor dramatic enough to sustain interest."
en:3448,4,20,"Thesua,s talentsteical, be been more mored Aeringight-",The film is a wonderful introduction to,en,word_vectors,355,ZKH,1,"Peralta's mythmaking could have used some informed, adult hindsight."
en:3455,12,35,"The, can find enjoy to watch more time learning a moviestheater, about aovyy lists, the to make their stories that to to be. theyocchio.","The film is a great introduction to the love of the film, but it's not as engaging as the first two minutes of the story.",en,word_vectors,362,ZKH,1,Adults will certainly want to spend their time in the theater thinking up grocery lists and ways to tell their kids how not to act like Pinocchio.
en:3456,9,31,The surprising excitingive as as as originalous as the pred- con met the- from this it' the been the for aion..,"The film is a wonder of a human being, and its characters are so much more intelligent than their predecessors.",en,word_vectors,363,ZKH,1,"Not as distinctive or even as humorous as its needs to be to stand out, but it has clearly been made with affection and care."
en:3457,6,20,"The beautiful comedy movie,like anything to get maded by any ofclasss.","The film is a great introduction to the world of film, and its",en,word_vectors,364,ZKH,0,A generic family comedy unlikely to be appreciated by anyone outside the under-10 set.
en:3461,12,31,"ThepperStar,director/ Franz hass novels to make a filmianstyle American American-realistismre are behindreadfully flat.",The film is so much more spiritual than its critics have,en,word_vectors,368,ZKH,0,"Co-writer/director Jonathan Parker's attempts to fashion a Brazil-like, hyper-real satire fall dreadfully short."
en:3470,5,16,The' doesn't work the to to not the.,"The film is a delightful, awe-inspiring portrait of a",en,word_vectors,377,ZKH,1,It just doesn't have much else... especially in a moral sense.
en:3471,8,24,The whoformiliar moments thedec ands may not themselvesm aallydering.,The movie is a wonderfully realistic portrait of a,en,word_vectors,378,ZKH,1,Those unfamiliar with Mormon traditions may find The Singles Ward occasionally bewildering.
en:3473,6,19,"The it filmed director of is make the guess, and the thess.",The film is a great example of the power of a,en,word_vectors,380,ZKH,2,"But the talented cast alone will keep you watching, as will the fight scenes."
en:3477,9,24,"The extraordinar film, it powerfuler of the power of a, form people beyond the the us feel the own.","The film is a powerful reminder of the power of a powerful woman, and its determination to make her a woman.",en,word_vectors,384,ZKH,2,"An important movie, a reminder of the power of film to move us and to make us examine our values."
en:3479,12,24,The beautifully talentd and yetbly perform film of a filmed director who has has his to his.,"The film is a wonder of a human being, and its talents are so vast that it",en,word_vectors,386,ZKH,2,A richly imagined and admirably mature work from a gifted director who definitely has something on his mind.
en:3482,9,22,"The it as more about that the's a lot,thri in makesmeates the audience and",The film is a wonderful example of the courage of a man who,en,word_vectors,389,ZKH,2,But what's nice is that there's a casual intelligence that permeates the script.
en:3487,10,28,"Thes likelight and like if you were a olded movie film twobeit somewhat that by a same,,. the.","The movie is so funny, it's like a movie made in the middle of summer.",en,word_vectors,394,ZKH,1,"Feels slight, as if it were an extended short, albeit one made by the smartest kids in class."
en:3488,6,13,"The film is't work what,s funny movie.","The film is so funny, it's like",en,word_vectors,395,ZKH,1,The picture doesn't know it's a comedy.
en:3494,11,26,"The's a long-toner, a of craft, wellly photograph, most,ly..",The film is a wonderfully accurate portrait of a,en,word_vectors,401,ZKH,2,"It's a head-turner -- thoughtfully written, beautifully read and, finally, deeply humanizing."
en:3497,10,33,Thetion a and have a ately ficance by in's not kind-fi film of thattoni.iffle.upreak'ats.,"The film is so much more poignant than its original title, and it's",en,word_vectors,404,ZKH,0,Men in Black II achieves ultimate insignificance -- it's the sci-fi comedy spectacle as Whiffle-Ball epic.
en:3499,13,29,As a  film of alsoing to capture a solidably the to re about the  basics of of the naturecency.,"A solid, well-crafted, wise-man-like comedy, that will leave a lasting impression on anyone who has been watching",en,word_vectors,5,ZKW,1,Presents a good case while failing to provide a reason for us to care beyond the very basic dictums of human decency.
en:3501,7,24,Theed and it Little Pea a many greatlaws that' be hard to yous torug off off,The film is a great example of the need to be respected by all,en,word_vectors,7,ZKW,0,"Bread, My Sweet has so many flaws it would be easy for critics to shred it."
en:3507,16,40,"A youxces Wild were a aelveaed to a bitch, would have been a fourfire, but that the that that doesns never bad that's to look funny.",A dark comedy about a man who was killed by a gun and who was killed by a gunman who had no gun.,en,word_vectors,14,ZKW,1,"If Deuces Wild had been tweaked up a notch it would have become a camp adventure, one of those movies that's so bad it starts to become good."
en:3525,3,10,The' the movieness- the.,The film is a wonder of,en,word_vectors,32,ZKW,2,I love the robust middle of this picture.
en:3532,12,28,"The movie is a seeing watch at but you''t mind a more than a movie hours popcornthrills, a.","The movie is a great introduction to the love of the film, but it's also a poor introduction to the",en,word_vectors,39,ZKW,1,"The Ring is worth a look, if you don't demand much more than a few cheap thrills from your Halloween entertainment."
en:3543,6,14,"The' the film filmage, the have the old.","The film is so beautiful, it's like a documentary",en,word_vectors,50,ZKW,2,I like the new footage and still love the old stuff.
en:3544,10,29,"The'ly fails with the-queraism, but it film is theism is especiallysly -- is atcliping..","The film's audience is generally impressed, and the audience is drawn to the film's improvisations, the original costumes, and the",en,word_vectors,51,ZKW,1,"It briefly flirts with player masochism, but the point of real interest -- audience sadism -- is evaded completely."
en:3545,3,15,Then Legend Club be be be the funny as the..,The movie is a great introduction to a,en,word_vectors,52,ZKW,0,Could The Country Bears really be as bad as its trailers?
en:3549,2,8,A film is to littlely,A movie about a man who,en,word_vectors,56,ZKW,0,The film seems a dead weight.
en:3550,14,48,"Alingly  flarious, comedyalousy,, isach' at much like a movie man Down Niro in he' like movie' be be aThesticband. aitor.ography'..","A beautifully composed and well performed film, which is a testament to the courage of a man who was once a prisoner and who was",en,word_vectors,57,ZKW,2,"Sparkling, often hilarious romantic jealousy comedy... Attal looks so much like a young Robert DeNiro that it seems the film should instead be called `My Husband Is Travis Bickle'."
en:3552,10,22,"The movieudy movie, doesns too particularlyly funnyinteresable, but it notinteresable.",The film is so much more poignant than its predecessor,en,word_vectors,59,ZKW,0,"A lousy movie that's not merely unwatchable, but also unlistenable."
en:3554,13,42,"The stunning,, a ac, a performances, the to see transported to a era of a.dys Peak andiler, the is a the a film but but also director actor being.","The film is a wonder of a human being, and its original director, Charles Dickens, was a great artist, but his work was a poor one.",en,word_vectors,61,ZKW,2,"A strong script, powerful direction and splendid production design allows us to be transported into the life of Wladyslaw Szpilman, who is not only a pianist, but a good human being."
en:3557,5,12,The's a moviecy moviegangever'',The film is so realistic and,en,word_vectors,64,ZKW,1,It's a fanboy `what if?'
en:3560,17,58,"A Kinged is theusten,n, and his Greens, thetiny Tus most advicevilles, but it theed the the., the film of a beautifuloseust meloet isud down the much circless is awe surprise one. thoughfor","A beautifully composed and well performed film, it is a wonder how many people have come to this wonderful, American tradition so soon after they've been",en,word_vectors,67,ZKW,2,"Stephen Rea, Aidan Quinn, and Alan Bates play Desmond's legal eagles, and when joined by Brosnan, the sight of this grandiloquent quartet lolling in pretty Irish settings is a pleasant enough thing, `tis."
en:3563,2,16,"The about so though as it movie, Yorkballs Thu",The film is a wonderful introduction to the fascinating world of,en,word_vectors,70,ZKW,0,Everything was as superficial as the forced New Jersey lowbrow accent Uma had.
en:3571,14,31,"The dark,, its sense, the word, but-, stupidless, and,, ud, ful,scenxious,","The movie is a horror flick, but it's not as funny as the original.",en,word_vectors,78,ZKW,0,"A zombie movie in every sense of the word -- mindless, lifeless, meandering, loud, painful, obnoxious."
en:3576,8,31,"The- is is how movies of have movies make, the willingd to to make, better but the the' the reason' the film.",The movie is a great example of the persistence of a man who has made a tremendous leap in his art deco career.,en,word_vectors,83,ZKW,1,"High Crimes knows the mistakes that bad movies make and is determined not to make them, and maybe that is nobility of a sort."
en:3579,4,14,"The a movie, mysterydramalyemus comedycht..",The film is unlike anything,en,word_vectors,86,ZKW,0,... a bland murder-on-campus yawner.
en:3582,6,22,"Thefice little beingblings predicttive dialogue, a inlyreadness ofaring in.",The film's performances are generally inextricably related to the original,en,word_vectors,89,ZKW,0,"Suffers from rambling, repetitive dialogue and the visual drabness endemic to digital video."
en:3585,9,21,Thed are of the most comping filmsalstions of the film story in made to a.,"The film is a wonderful introduction to the power of a projection, and its",en,word_vectors,92,ZKW,2,Features one of the most affecting depictions of a love affair ever committed to film.
en:3595,9,32,"The though filmshed film can not a least of a, find through the longtricaable, two-,y, hising,culture of","The film is a wonder of a human being, and its audience will be amazed at the intelligence of the man.",en,word_vectors,102,ZKW,0,"Even a hardened voyeur would require the patience of Job to get through this interminable, shapeless documentary about the swinging subculture."
en:3599,15,36,"A film is a wonderfulvived of a isly the real,, cultures used in the socclub gameatnce. and it's also aable one.","A film about a man who was born in a time of war, but whose life was spent in war, despite his",en,word_vectors,106,ZKW,1,"The film is a contrivance, as artificial as the video games Japanese teens play in a nightclub sequence, but it's an enjoyable one."
en:3600,12,29,"The its best, film' is aked, the at its best the' a documentar,'s attempt process.hood.","The film is a wonderful introduction to the fascinating world of film, its richly talented cast, and its",en,word_vectors,107,ZKW,1,"At its worst the screenplay is callow, but at its best it is a young artist's thoughtful consideration of fatherhood."
en:3606,10,26,"The Bridge' a a wonderfultakingly complexd por ish por of art time,weive.",The film is so well made that it's hard to find a comparable film,en,word_vectors,113,ZKW,2,Jeffs has created a breathtakingly assured and stylish work of spare dialogue and acute expressiveness.
en:3630,8,21,"Themone,le of a,bing, Yorkers are a kill.erss.",The film is a wonderful introduction to the fascinating world of,en,word_vectors,137,ZKW,1,Anemic chronicle of money grubbing New Yorkers and their serial loveless hook ups.
en:3632,6,17,A it'm Got to treat the movie on the onemare on.,"A decent film, but it's not as engaging as the original.",en,word_vectors,139,ZKW,1,And I've decided to leave a light on every night from now on.
en:3642,9,24,A beautifulbert isly makesmit the vasive with to make ae interestmistry. here.,"A beautifully composed and beautifully performed film, it is a",en,word_vectors,149,ZKW,1,Aaliyah rarely dampens her diva persona enough to spark genuine chemistry with Townsend.
en:3645,11,25,The a be a bad was to it for the filmsing acts from place in the end's end..,"The film is a great example of the power of the film's visuals, and its visuals are sophisticated and",en,word_vectors,152,ZKW,1,... would be a total loss if not for two supporting performances taking place at the movie's edges.
en:3646,19,42,"The extraordinaring and inspirwarmwarmfirmting documentar, the courageion needs of aese womenes to in a.S.-lent,s to re them homess alive. a.",The film is a wonderful gift from a talented director who has a gift for making a film while also cultivating a gift for,en,word_vectors,153,ZKW,2,An inspiring and heart-affecting film about the desperate attempts of Vietnamese refugees living in U.S. relocation camps to keep their hopes alive in 1975.
en:3651,9,15,The's filmniest movie most affectable movie..,"The film is so realistic, so realistic, that",en,word_vectors,158,ZKW,2,Allen's funniest and most likeable movie in years.
en:3653,7,29,"The' no certaining amountbound of theicism, the,', the possibly movieified in given though his film film..","The film is a wonderful introduction to the love of the film, but it's also a poor introduction to the",en,word_vectors,160,ZKW,2,"There is a refreshing absence of cynicism in Stuart Little 2 -- quite a rarity, even in the family film market."
en:3663,9,26,"The if the time of low-s, thecboyands, theenity of is afla-.","The film is not a documentary, it's a play, and it's not a",en,word_vectors,170,ZKW,0,"Even by the intentionally low standards of frat-boy humor, Sorority Boys is a bowser."
en:3675,10,25,The filmly yetlike visuals of keep even the whoing who have little..language.-.,"The film is so much more spiritual than its predecessor, The Art of the",en,word_vectors,182,ZKW,2,"The stunning, dreamlike visuals will impress even those viewers who have little patience for Euro-film pretension."
en:3690,12,24,"The thegie Girles,, the is a ofetizing than a movie-sh. popcornsortgus.",The film is so much more realistic than the movie itself.,en,word_vectors,197,ZKW,2,"For VeggieTales fans, this is more appetizing than a side dish of asparagus."
en:3691,22,42,"The the mays as as a first film point of the filmth century, it itss to to again to the of thedents, the,, it remains aingly slow.","The film is a wonderful example of the wisdom of the people who have made this extraordinary film, and the courage of those who have made it.",en,word_vectors,198,ZKW,1,"While it regards 1967 as the key turning point of the 20th century, and returns again and again to images of dissidents in the streets, it's alarmingly current."
en:3696,19,49,"The the isesed avily from a theth Six Sevenence of the Lambs, it's to keep its its solid of conphistication intelligence and a-likeac 'ffo at film into a","The film's plot is so predictable that it almost never makes sense to re-watch the original, instead of re-reading the original.",en,word_vectors,203,ZKW,2,"While Tattoo borrows heavily from both Seven and The Silence of the Lambs, it manages to maintain both a level of sophisticated intrigue and human-scale characters that suck the audience in."
en:3699,13,28,"The's a kind film of the year, far, and audience for the is the films Western categorieders have beholdd.",The film is a great example of the matur Axis of Evil's ability to make a great film without sacrificing the production values of the film.,en,word_vectors,206,ZKW,2,"It's the best film of the year so far, the benchmark against which all other Best Picture contenders should be measured."
en:3700,9,14,The is a of the most filmsappointments of year.,The movie is a great example of a,en,word_vectors,207,ZKW,0,This is one of the biggest disappointments of the year.
en:3702,11,41,"The Villemed the the the storyries of the and the onphilosoph and sexly tragesession --likeor-thin and waymult, a, wouldfla the thely psycholog and emotional her.","The film is a great example of the wisdom of the people who have made this film, and the courage of the people who have made it.",en,word_vectors,209,ZKW,1,"Denis forges out of the theories of class - based rage and sisterly obsession a razor-sided tuning fork that rings with cultural, sexual and social discord."
en:3728,17,44,"The beautifully personalmusk film, thell and intively writtenotic, andly deppy, dected,m of bothreal Americaning' and `atrictheatur''",The film is a wonder of a time when the power of a film is so great that it,en,word_vectors,235,ZKW,0,"A thoroughly awful movie -- dumb, narratively chaotic, visually sloppy... a weird amalgam of `The Thing' and a geriatric `Scream.'"
en:3731,15,36,"The film is no  for theuit the partiesness, moral senseceit, but it's a more than than the for human audiencemakerswed, un characters.","The film is a tremendous example of the wisdom of the people who have made this film, and it is a tremendous achievement.",en,word_vectors,238,ZKW,1,"The movie has no respect for laws, political correctness or common decency, but it displays something more important: respect for its flawed, crazy people."
en:3737,12,36,The' be aappointuous to say theese a movie director if but it'' it it as people the filmcker in in the out. the film.,"The film is a great example of the power of a man who has learned to be patient, empathetic, and empathetic by nature.",en,word_vectors,244,ZKW,1,"It would be disingenuous to call Reno a great film, but you can say that about most of the flicks moving in and out of the multiplex."
en:3741,6,11,Theiguingly poiright disturbaneating.,The film is surprisingly,en,word_vectors,248,ZKW,2,Intriguing and downright intoxicating.
en:3743,12,32,"The the best compying thing about thisle Goo?ing is the it's not movie drama, in a who' doesn what about his.",The film is a great example of the power of a man who has learned to behave in a manner that makes him,en,word_vectors,250,ZKW,0,Perhaps the most annoying thing about Who Is Cletis Tout? is that it's a crime movie made by someone who obviously knows nothing about crime.
en:3745,8,26,"The filmrky, iss on fragil of the soul,s to a wonderful ands...","The film is a wonderfully accurate portrait of a man who was once a rebel, but now is a liberating man.",en,word_vectors,252,ZKW,2,The quirky drama touches the heart and the funnybone thanks to the energetic and always surprising performance by Rachel Griffiths.
en:3747,6,12,"The, uffling, start start-go.",The film is a masterpiece.,en,word_vectors,254,ZKW,0,Bad and baffling from the get-go.
en:3748,10,28,"The film is a wonderfult at the de, but itncy andthro and y performance do us to a-.","The film is a wonderful example of the courage and tenacity of a man who was once a prisoner, but now is",en,word_vectors,255,ZKW,2,"The movie is a blast of educational energy, as bouncy animation and catchy songs escort you through the entire 85 minutes."
en:3752,13,38,"The film thing of the movieangle is the waylyness effect of a hero, who-my, who isembles aheldtherlone. his-.waynak.",The film is a great example of the power of a man's ability to make a movie while simultaneously being,en,word_vectors,259,ZKW,1,"The real charm of this trifle is the deadpan comic face of its star, Jean Reno, who resembles Sly Stallone in a hot sake half-sleep."
en:3759,15,56,"Theteena is onlyt possibly the little f, his introduc film of the uses a his way- community the man-class,, a inferior academic and man that wouldsets both film's originale . bringres that original of the original.","The film is a remarkable example of the courage and tenacity of a man who was once a prisoner, but who has now become a man of his own, and is a man who will never stop.",en,word_vectors,266,ZKW,1,"LaBute can't avoid a fatal mistake in the modern era: He's changed the male academic from a lower-class Brit to an American, a choice that upsets the novel's exquisite balance and shreds the fabric of the film."
en:3763,7,17,"Thesh is a solid example, a movie that''t.",The film is a great example of the courage of a,en,word_vectors,270,ZKW,1,Gere gives a good performance in a film that doesn't merit it.
en:3767,7,24,"The film' as his -pack and, a- dressved, is failles for a project theme.","The film is so compelling, it's hard to find a comparable film in",en,word_vectors,274,ZKW,0,"The director, with his fake backdrops and stately pacing, never settles on a consistent tone."
en:3768,5,27,"The should' so a ticketseign to a movie is it' it "", and and-, perform -- is a surprising.",The film is a great example of the power of a woman's determination to behave in a manner that,en,word_vectors,275,ZKW,0,"Why he was given free reign over this project -- he wrote, directed, starred and produced -- is beyond me."
en:3769,13,27,"The you' a entertained by a movie that's you''t familiar familiar, you youyout a you.","The film is so much more poignant than the usual rush to the movies, and it's so much more poignant than",en,word_vectors,276,ZKW,0,"If you enjoy being rewarded by a script that assumes you aren't very bright, then Blood Work is for you."
en:3770,7,37,The ad Giulia'' there' to be a long longer workify the positiontic intention of he return movie. it: learned..ke.,"The film is a wonderful introduction to the love of the film, but it's not as well put together as the original material.",en,word_vectors,277,ZKW,0,"Like Rudy Yellow Lodge, Eyre needs to take a good sweat to clarify his cinematic vision before his next creation and remember the lessons of the trickster spider."
en:3782,5,11,"The to aring,ing,",The film is beautiful.,en,word_vectors,289,ZKW,2,"Hard, endearing, caring, warm."
en:3784,11,38,"A film ite treatses to love of the is the theful and andimprov and  kindal of haverally representfy us a, is adyly comping.","A beautifully composed and well performed film, which is a testament to the courage of the people who made it.",en,word_vectors,291,ZKW,2,The way Coppola professes his love for movies -- both colorful pop junk and the classics that unequivocally qualify as art -- is giddily entertaining.
en:3792,17,41,"The''t takebble a bigs it it wills not particularly to be to's justly a movie, tic porroundical projecttion of the a a film. movie.","The film is a wonderful example of the maturity of a human being who has a gift for understanding and empathy, but is also a",en,word_vectors,299,ZKW,1,It won't bust your gut -- and it's not intended to -- it's merely a blandly cinematic surgical examination of what makes a joke a joke.
en:3797,12,35,"The filmomy moviethelythe-samee ister is the Home thesion is is no wayy, -effecturs-ys effect.","The film is so much more poignant than its predecessor, The Vampire Slayer.",en,word_vectors,304,ZKW,1,"The doofus-on-the-loose banter of Welcome to Collinwood has a cocky, after-hours loopiness to it."
en:3798,9,16,The's not kindniest movie comedy of thefiti..,The movie is a great example of a,en,word_vectors,305,ZKW,2,It's the funniest American comedy since Graffiti Bridge.
en:3801,11,40,"Then,elingsome, inening, watch, the thisma' hisstone's filmling performances are the film- its average ofcchialis...","The film is so compelling, it's hard to find a comparable film in the mainstream, and it's not particularly surprising that",en,word_vectors,308,ZKW,2,"Often gruelling and heartbreaking to witness, but Seldahl and Wollter's sterling performances raise this far above the level of the usual maudlin disease movie."
en:3806,5,25,"The' aly the happenss happening in the &,' the film of power new is moreplacetelyless","The film is so much more spiritual than its original title, and it's a cult classic.",en,word_vectors,313,ZKW,1,"That is essentially what's missing from Blackboards -- the sense of something bigger, some ultimate point."
en:3809,12,34,"The beautifullywitted film somewhatme filmoffoff, a sames,y,, Theodile Row is a,ist, its finring.","The film is a wonderful introduction to the power of a woman's courageous impulse, and its determination to be",en,word_vectors,316,ZKW,0,"A dim-witted and lazy spin-off of the Animal Planet documentary series, Crocodile Hunter is entertainment opportunism at its most glaring."
en:3821,9,23,"The extraordinarweful lot, doesn not makey a most curiously imcontentable ofmakersers.",The film is not at all as original as its predecessor,en,word_vectors,328,ZKW,0,An awful movie that will only satisfy the most emotionally malleable of filmgoers.
en:3843,30,67,"Theot's  to theling the's mosts, a powerfulbling, aneherent form that the powergueness of thes , the ai of the,s the reous and inentious workavor.s...likecused ondioouslyaperating.","The film is a wonderfully accurate portrait of the human condition, but it is also a very poor portrait of the human condition, which is at the same time",en,word_vectors,350,ZKW,0,Godard's ode to tackling life's wonderment is a rambling and incoherent manifesto about the vagueness of topical excess... In Praise of Love remains a ponderous and pretentious endeavor that's unfocused and tediously exasperating.
en:3845,17,42,"The' get understand across terms about the film characters, the they not they've be up in is the thee's character work is ather the movieing nor. to be us.",The film is a wonderful gift from a talented writer who has a gift for making a film while also having a gift for the audience.,en,word_vectors,352,ZKW,0,"We never truly come to care about the main characters and whether or not they'll wind up together, and Michele's spiritual quest is neither amusing nor dramatic enough to sustain interest."
en:3848,5,20,"Thesuants abilitysteical, have been mored Aeringight-","The film is so well written, it's",en,word_vectors,355,ZKW,1,"Peralta's mythmaking could have used some informed, adult hindsight."
en:3855,12,35,"The, can have enjoy to watch more time learning a moviestheater, about aovyy lists, the to make their own that to to be. theyocchio.","The film is a great introduction to the love of the film, but it's not as engaging as the first two minutes of the film.",en,word_vectors,362,ZKW,1,Adults will certainly want to spend their time in the theater thinking up grocery lists and ways to tell their kids how not to act like Pinocchio.
en:3856,9,31,The surprising excitingly as as as originalous as the pred- con met the- from this it' the been made for aion..,The film is a wonderful introduction to the power of the film's camera and its extraordinary ability to capture the essence of the project.,en,word_vectors,363,ZKW,1,"Not as distinctive or even as humorous as its needs to be to stand out, but it has clearly been made with affection and care."
en:3857,8,20,"A beautiful, drama,like a to capture maded by anyone who ofclasss.","A beautifully composed and well-crafted comedy, a wonderful musical and a wonderful",en,word_vectors,364,ZKW,0,A generic family comedy unlikely to be appreciated by anyone outside the under-10 set.
en:3861,12,31,"Thepperdirect,director/ Franz hass novels to con a humanianstyle sense American-realistismre are behindreadfully flat.",The film is so much more spiritual than its critics have,en,word_vectors,368,ZKW,0,"Co-writer/director Jonathan Parker's attempts to fashion a Brazil-like, hyper-real satire fall dreadfully short."
en:3870,5,16,The' doesn't work the to to it not the moviely.,The film is not a particularly good example of a,en,word_vectors,377,ZKW,1,It just doesn't have much else... especially in a moral sense.
en:3871,8,24,The whoknowmiliar moments theph moviess may have themselveston Clubm aallydering.,The film is a great example of the courageousness of,en,word_vectors,378,ZKW,1,Those unfamiliar with Mormon traditions may find The Singles Ward occasionally bewildering.
en:3873,6,19,"The it filmed director of is make the guess, and the thess.",The film is a great example of the power of a,en,word_vectors,380,ZKW,2,"But the talented cast alone will keep you watching, as will the fight scenes."
en:3877,8,24,"The extraordinar film, it powerfuler of the need of a, form people beyond the the us think the own.","The film is a wonderful example of the power of a well-crafted, intelligent, and articulate human being who can",en,word_vectors,384,ZKW,2,"An important movie, a reminder of the power of film to move us and to make us examine our values."
en:3879,11,24,The beautifully talentd and yetbly perform film of a filmed film who has has his to his.,"The film is a wonder of a human being, and its sensitivity to the subject matter is palpable.",en,word_vectors,386,ZKW,2,A richly imagined and admirably mature work from a gifted director who definitely has something on his mind.
en:3882,10,22,"The it as more about that the's a lot,thri in'meates the.",The film is a wonderful example of the courage of a,en,word_vectors,389,ZKW,2,But what's nice is that there's a casual intelligence that permeates the script.
en:3887,10,28,"Thes likelight and and if you were a olded movie film twobeit somewhat that by a same,,. the.","The film is a great introduction to the power of the film, its improvisations and its wizards of",en,word_vectors,394,ZKW,1,"Feels slight, as if it were an extended short, albeit one made by the smartest kids in class."
en:3888,6,13,A film is't work what's funny movie.,"A lot of fun, but nothing",en,word_vectors,395,ZKW,1,The picture doesn't know it's a comedy.
en:3894,11,26,"The's a beautiful-toning, afully craft, wellly photograph, most,lyely.","The film is so compelling, so universal, that it's hard to",en,word_vectors,401,ZKW,2,"It's a head-turner -- thoughtfully written, beautifully read and, finally, deeply humanizing."
en:3897,9,33,"The' black, iss ately performanceficant by while's a kind-fi film that thattoni.ifflehouseupreak'atses",The film is a wonderful example of the wisdom of a man who was,en,word_vectors,404,ZKW,0,Men in Black II achieves ultimate insignificance -- it's the sci-fi comedy spectacle as Whiffle-Ball epic.
en:3899,13,29,Thes a unique example of alsoing to capture a solidably why to be about the  basics of of the naturecency.,The film is a great example of the power of the filmmaker's willingness to work with his audience to make a,en,word_vectors,5,ZMG,1,Presents a good case while failing to provide a reason for us to care beyond the very basic dictums of human decency.
en:3901,7,24,Theed and  Little Pea a many thingslaws that' be hard to yous to pointrug off off,The film is a great example of the need to be respected by all,en,word_vectors,7,ZMG,0,"Bread, My Sweet has so many flaws it would be easy for critics to shred it."
en:3907,15,40,"The youances Wild were a aelveaed to a bitch, would have been a fourfire, but that the that that doesns never much that shoulds to look funny.","The film is a great introduction to the power of the film, its visual appeal and its ability to convey a sense of depth through a story that is",en,word_vectors,14,ZMG,1,"If Deuces Wild had been tweaked up a notch it would have become a camp adventure, one of those movies that's so bad it starts to become good."
en:3925,4,10,The' the filmness of the.,The film is a wonder of a,en,word_vectors,32,ZMG,2,I love the robust middle of this picture.
en:3932,12,28,The film is a a watch at but you''t like a from than a movie hours popcornthrills. a.,"The film is a great introduction to the love of the film, but it's not as engaging as the original.",en,word_vectors,39,ZMG,1,"The Ring is worth a look, if you don't demand much more than a few cheap thrills from your Halloween entertainment."
en:3943,6,14,"The' the film filmage, the have the old.","The film is so compelling, it's like a documentary on",en,word_vectors,50,ZMG,2,I like the new footage and still love the old stuff.
en:3944,11,29,"A'ly seemss with the-queraism, but it film is theism is thesly -- is atcliped..","A film that is at least as good as its predecessor, but it's not as engaging as its predecessor.",en,word_vectors,51,ZMG,1,"It briefly flirts with player masochism, but the point of real interest -- audience sadism -- is evaded completely."
en:3945,3,15,Then Legend Club be be be the funny as the..,The movie is a great introduction to a,en,word_vectors,52,ZMG,0,Could The Country Bears really be as bad as its trailers?
en:3949,2,8,A film is to littlely,A movie about a man who,en,word_vectors,56,ZMG,0,The film seems a dead weight.
en:3950,15,48,"Thelingly  flarious, comedyalousy comedy, isach' at much like a movie man Down Niro in he' like movie' be be a aThesticband, aitor'ography...","The film is a wonderful introduction to the fascinating world of film, its fascinating characters, its fascinating discoveries, and its fascinating discoveries of sexuality.",en,word_vectors,57,ZMG,2,"Sparkling, often hilarious romantic jealousy comedy... Attal looks so much like a young Robert DeNiro that it seems the film should instead be called `My Husband Is Travis Bickle'."
en:3952,11,22,"The movieudy movie, doesns too particularlyly funnyinteresable, but also notinteresable.",The film is so much more poignant than its predecessor,en,word_vectors,59,ZMG,0,"A lousy movie that's not merely unwatchable, but also unlistenable."
en:3954,13,42,"The stunning,, a ac, a performances, the to see transported to a era of a.dys Peak andiler, the is a the a great but but also director actor being.","The film is a stunning example of the wisdom of the people who have made this extraordinary film, and the courage of the people who made it.",en,word_vectors,61,ZMG,2,"A strong script, powerful direction and splendid production design allows us to be transported into the life of Wladyslaw Szpilman, who is not only a pianist, but a good human being."
en:3957,5,12,The's a moviecy moviemovieever'',"The film is so realistic,",en,word_vectors,64,ZMG,1,It's a fanboy `what if?'
en:3960,17,58,"The Kinged is theusten,n, and his Greens, atiny Tus most casespicles, but it theed forces the., the film of a extraordinaroseust meloet isud down the muchs is awe surprise one. thoughfor",The film is a wonderful gift from a talented director who has a gift for making a film that is so much more than a movie.,en,word_vectors,67,ZMG,2,"Stephen Rea, Aidan Quinn, and Alan Bates play Desmond's legal eagles, and when joined by Brosnan, the sight of this grandiloquent quartet lolling in pretty Irish settings is a pleasant enough thing, `tis."
en:3963,2,16,"The about so though as it movie, Yorkballs Thu",The film is a wonderful introduction to a fascinating subject matter.,en,word_vectors,70,ZMG,0,Everything was as superficial as the forced New Jersey lowbrow accent Uma had.
en:3971,14,31,"The dark-, its sense, the word, but-, inless, and,, ud, ful,scenxious,","The movie is a horror flick, but it's not as funny as the original.",en,word_vectors,78,ZMG,0,"A zombie movie in every sense of the word -- mindless, lifeless, meandering, loud, painful, obnoxious."
en:3976,7,31,"Thely is is how movies of have movies make, the willingd to to give, better but the it' the different. the.","The film is a great example of the courage of a man who has been forced to work in a dangerous, dangerous environment",en,word_vectors,83,ZMG,1,"High Crimes knows the mistakes that bad movies make and is determined not to make them, and maybe that is nobility of a sort."
en:3979,4,14,"The a movie, mysterydramalyemus comedycht..",The film is unlike anything,en,word_vectors,86,ZMG,0,... a bland murder-on-campus yawner.
en:3982,6,22,"Afice little beingblings intive,, a inlyreadness ofaring to.","A solid, well-thought, engaging introduction to the human condition of the",en,word_vectors,89,ZMG,0,"Suffers from rambling, repetitive dialogue and the visual drabness endemic to digital video."
en:3985,9,21,Thed a of the most comping filmsalstions of the film story in made to a.,The film is a wonderful introduction to the fascinating world of film and its,en,word_vectors,92,ZMG,2,Features one of the most affecting depictions of a love affair ever committed to film.
en:3995,8,32,"The if filmshed film can not a least of a, find his the longtricaable, two-,y without hising ofculture of",The film is a great example of the maturity of a man who has learned a valuable lesson in the wisdom of his,en,word_vectors,102,ZMG,0,"Even a hardened voyeur would require the patience of Job to get through this interminable, shapeless documentary about the swinging subculture."
en:3999,16,36,"The film is a wonderfulvived of a isly the real,, peoples used in the socclub.atnce. and it's more aable one.",The film is a wonderful example of the power of the filmmaker's determination to make his audience feel at once,en,word_vectors,106,ZMG,1,"The film is a contrivance, as artificial as the video games Japanese teens play in a nightclub sequence, but it's an enjoyable one."
en:4000,14,29,"The its best, film' is aked, the at its best it' a documentar,'s attemptful gift.hood.",The film is so beautifully written that it's hard to find a comparable film in the,en,word_vectors,107,ZMG,1,"At its worst the screenplay is callow, but at its best it is a young artist's thoughtful consideration of fatherhood."
en:4006,10,26,"The Bridge' a a fascinatakingly complexd, ish por of art time,weive.",The film is so well written that it's hard to find a comparable film in,en,word_vectors,113,ZMG,2,Jeffs has created a breathtakingly assured and stylish work of spare dialogue and acute expressiveness.
en:4030,8,21,"Themone,le of a,bing, Yorkers are a kill.erss.",The movie is a wonderful gift from a man who was,en,word_vectors,137,ZMG,1,Anemic chronicle of money grubbing New Yorkers and their serial loveless hook ups.
en:4032,6,17,The it'm Got to treat the movie on the onemare on.,The film is so much more poignant than its predecessor,en,word_vectors,139,ZMG,1,And I've decided to leave a light on every night from now on.
en:4042,8,24,The beautifulbert isly managemit the sensibilvasive with to make ae interestmistry. heres.,The film is a wonderful gift from a wonderfully talented director.,en,word_vectors,149,ZMG,1,Aaliyah rarely dampens her diva persona enough to spark genuine chemistry with Townsend.
en:4045,11,25,"The the be a bad was of it for the peopleing speakers, place in the's..",The film is so well made that it's hard to find a comparable film in the,en,word_vectors,152,ZMG,1,... would be a total loss if not for two supporting performances taking place at the movie's edges.
en:4046,20,42,"The extraordinaring and inspirwarmwarmfirmting film, the courageion needs of aese womenes to in a.S.-lent, to to re their homess alive. a.",The film is a tremendous gift from a talented director who has made a tremendous effort to make his film a universally beloved,en,word_vectors,153,ZMG,2,An inspiring and heart-affecting film about the desperate attempts of Vietnamese refugees living in U.S. relocation camps to keep their hopes alive in 1975.
en:4051,9,15,The's filmniest movie most affectable movie is.,The film is a delightful reminder of,en,word_vectors,158,ZMG,2,Allen's funniest and most likeable movie in years.
en:4053,8,29,"The' no certaining amountdepth of theicism, the,', the possibly movieity in if though his film film..","The film is a wonderful introduction to the fascinating world of film, its extraordinary talent and its extraordinary ability to convey a deeply spiritual sense.",en,word_vectors,160,ZMG,2,"There is a refreshing absence of cynicism in Stuart Little 2 -- quite a rarity, even in the family film market."
en:4063,7,26,"The if the time of low-s, thecboyarts, theenelle of isfla-.",The film is in no way a portrait of a man's life.,en,word_vectors,170,ZMG,0,"Even by the intentionally low standards of frat-boy humor, Sorority Boys is a bowser."
en:4075,9,25,The filmly beautifuly visuals of keep even the whoing who have little..language.-.,"The film is so much more spiritual than its predecessor, The Art of the",en,word_vectors,182,ZMG,2,"The stunning, dreamlike visuals will impress even those viewers who have little patience for Euro-film pretension."
en:4090,12,24,"The thegie Girles,, the is a thanetizing than a movie-sh. popcornsortgus.",The film is so much more spiritual than spiritual.,en,word_vectors,197,ZMG,2,"For VeggieTales fans, this is more appetizing than a side dish of asparagus."
en:4091,21,42,"The the mays as as a first film point of the filmth century, it itss to to again to the and thedents, the,, it remains aingly slow.","The film is a great example of the wisdom of the people who have made this extraordinary film, and the courage of the people who have made it.",en,word_vectors,198,ZMG,1,"While it regards 1967 as the key turning point of the 20th century, and returns again and again to images of dissidents in the streets, it's alarmingly current."
en:4096,20,49,"The the isesed fromvily from a theth Six Sevenence of the Lambs, it's to keep its its solid of conphistication intelligence and a-likeac 'ck at film into a","The film's plot is so predictable that it almost feels like a movie script, but it's not as predictable as the original script, which leaves the film unsatisfied.",en,word_vectors,203,ZMG,2,"While Tattoo borrows heavily from both Seven and The Silence of the Lambs, it manages to maintain both a level of sophisticated intrigue and human-scale characters that suck the audience in."
en:4099,13,28,"The's a kind film of the year, far, and audience for the is the films Western categorieders have beholdd.",The film is a great example of the maturity of a man who has been raised in a,en,word_vectors,206,ZMG,2,"It's the best film of the year so far, the benchmark against which all other Best Picture contenders should be measured."
en:4100,9,14,The is a of the most movies Aments of the year.,The movie is a great example of a,en,word_vectors,207,ZMG,0,This is one of the biggest disappointments of the year.
en:4102,9,41,"The Villemed the the the wayries of the and the onphilosoph, sexhood tragesession --likeor-thin and waymult, a, wouldfla the thely psycholog and emotional her.","The film is a great example of the power of a well-crafted, intelligent woman, who's willing to sacrifice her life for a project that she's",en,word_vectors,209,ZMG,1,"Denis forges out of the theories of class - based rage and sisterly obsession a razor-sided tuning fork that rings with cultural, sexual and social discord."
en:4128,18,44,"The beautifully compmusk film, thell, deliberatively writtenotic, andly deppy -- dected,m of thereal Coning' and `weatricTheatur''","The film is a wonder of a time when the filmmakers were at a loss for a picture, and the",en,word_vectors,235,ZMG,0,"A thoroughly awful movie -- dumb, narratively chaotic, visually sloppy... a weird amalgam of `The Thing' and a geriatric `Scream.'"
en:4131,13,36,"The film is no  for theuit the partiesness, moral senseceit, and it's a that than than the for human audiencemakerswed, un characters.","The film is a tremendous example of the wisdom of the people who have made this film, and its audience will be surprised at the",en,word_vectors,238,ZMG,1,"The movie has no respect for laws, political correctness or common decency, but it displays something more important: respect for its flawed, crazy people."
en:4137,14,36,The' be aappointuous to say theagan a movie film if but it'' it it as of the filmcker in in the out. the film.,"The film is a great example of the courage and tenacity of a man who was once a prisoner, but now is a prisoner of conscience.",en,word_vectors,244,ZMG,1,"It would be disingenuous to call Reno a great film, but you can say that about most of the flicks moving in and out of the multiplex."
en:4141,6,11,Theiguingly poiright disturbaneating.,The film is surprisingly,en,word_vectors,248,ZMG,2,Intriguing and downright intoxicating.
en:4143,13,32,"The the best compying thing about this' Goo?ing is the it's a movie drama, in a who' has what about his.","The film is a dark comedy, but it's not as funny as the other two films, which are both about to be released in the",en,word_vectors,250,ZMG,0,Perhaps the most annoying thing about Who Is Cletis Tout? is that it's a crime movie made by someone who obviously knows nothing about crime.
en:4145,6,26,"The filmrky, iss on delicat of soul soul,s to a wonderful presence poi humors...",The film is a wonderfully accurate portrait of a character who has a wonderful gift for understanding and empathy.,en,word_vectors,252,ZMG,2,The quirky drama touches the heart and the funnybone thanks to the energetic and always surprising performance by Rachel Griffiths.
en:4147,6,12,"The, uffling, start start-go.",The film is inextricably,en,word_vectors,254,ZMG,0,Bad and baffling from the get-go.
en:4148,10,28,"The film is a wonderfult at the wisdom, but itsncy,theater and y costume all us to a-.","The film is a wonderful example of the maturity of a man who was once a fighter, but now is a soldier.",en,word_vectors,255,ZMG,2,"The movie is a blast of educational energy, as bouncy animation and catchy songs escort you through the entire 85 minutes."
en:4152,13,38,"The film deal of the filmangle is the wayly  effect of a hero, who-nier, who isembles aheldtherlone. his bath.waynak.","The film is a great example of the power of a man who has learned to be patient, empathetic, and empathetic.",en,word_vectors,259,ZMG,1,"The real charm of this trifle is the deadpan comic face of its star, Jean Reno, who resembles Sly Stallone in a hot sake half-sleep."
en:4159,15,56,"Theteena is onlyt possibly making few f, his introduc film of the useds a his way- audience the man-class political, a inferior academic and man that'sets both film's authore . bringres that original of the.","The film is a remarkable example of the courage and tenacity of a man who was once a prisoner, but who has now been released as a director.",en,word_vectors,266,ZMG,1,"LaBute can't avoid a fatal mistake in the modern era: He's changed the male academic from a lower-class Brit to an American, a choice that upsets the novel's exquisite balance and shreds the fabric of the film."
en:4163,6,17,"Thesh is the solid example, a movie that''t a.",The film is so much more poignant than its predecessor,en,word_vectors,270,ZMG,1,Gere gives a good performance in a film that doesn't merit it.
en:4167,7,24,"The film' as his -pack and, a--ved, is failles for a project theme.",The film is a tremendous gift from a director who has never met,en,word_vectors,274,ZMG,0,"The director, with his fake backdrops and stately pacing, never settles on a consistent tone."
en:4168,6,27,"The should chose so a timeeign to a stupid, it' it "",, and-,  -- is a surprising.",The film is so well made that it's hard to find any comparison to the movie's introduction to the,en,word_vectors,275,ZMG,0,"Why he was given free reign over this project -- he wrote, directed, starred and produced -- is beyond me."
en:4169,12,27,"A you' a entertained with a movie that's you''t a familiar, and youyout a you.",A film that's so much more fun to watch than a movie that's completely devoid of any emotional connection.,en,word_vectors,276,ZMG,0,"If you enjoy being rewarded by a script that assumes you aren't very bright, then Blood Work is for you."
en:4170,7,37,"The ad Giulia'' there' to be a long longer workify the positiontic intention of he return movie become it, movie learned..ke.","The film is a wonderful example of the wisdom of the people who have made this film, and the courage of the people who have made it.",en,word_vectors,277,ZMG,0,"Like Rudy Yellow Lodge, Eyre needs to take a good sweat to clarify his cinematic vision before his next creation and remember the lessons of the trickster spider."
en:4182,5,11,"The to aring, anding,",The film is unforgivable.,en,word_vectors,289,ZMG,2,"Hard, endearing, caring, warm."
en:4184,12,38,"The film ite treatedses to love of the is the theful and andimprov and  kindal of haverally representfy us a, is adylying.","The film is a wonderfully accurate portrait of the people of the past, but it's also a poor portrait of the present.",en,word_vectors,291,ZMG,2,The way Coppola professes his love for movies -- both colorful pop junk and the classics that unequivocally qualify as art -- is giddily entertaining.
en:4192,17,41,"The''t takebble a hearts it it wills not particularly to be but's justly a movie, melotic porroundical projecttion of the' a film. movie.",The film is a tremendous example of the maturity of a human being who has a gift for self-awareness and for courage.,en,word_vectors,299,ZMG,1,It won't bust your gut -- and it's not intended to -- it's merely a blandly cinematic surgical examination of what makes a joke a joke.
en:4197,12,35,"The filmomy moviethelythe-samee ister is the Home thesion is is no wayy, -effecturs-ys effect.","The film is so much more poignant than its predecessor, The Vampire Slayer.",en,word_vectors,304,ZMG,1,"The doofus-on-the-loose banter of Welcome to Collinwood has a cocky, after-hours loopiness to it."
en:4198,9,16,The's not kindniest movie comedy of thefiti..,The movie is a great example of,en,word_vectors,305,ZMG,2,It's the funniest American comedy since Graffiti Bridge.
en:4201,12,40,"Then,elingsome, inbreaking, watch, the thisma' hisstone's filmling performances are the film- its average of acchialis...","The film is so much more poignant than its predecessor, The Matrix, and it's not as much fun as its predecessor.",en,word_vectors,308,ZMG,2,"Often gruelling and heartbreaking to witness, but Seldahl and Wollter's sterling performances raise this far above the level of the usual maudlin disease movie."
en:4206,5,25,"The' aly the as happening in the &,' the film of the new is moreplacetelyless",The film is so much more spiritual than its original title.,en,word_vectors,313,ZMG,1,"That is essentially what's missing from Blackboards -- the sense of something bigger, some ultimate point."
en:4209,13,34,"A beautifullywitted film somewhatme filmoffoff, a sames,y,, theodile But is a,ist, its finring.","A beautifully composed and beautifully performed film, the film is at its best for its original subject matter and its",en,word_vectors,316,ZMG,0,"A dim-witted and lazy spin-off of the Animal Planet documentary series, Crocodile Hunter is entertainment opportunism at its most glaring."
en:4221,9,23,"The extraordinarweful lot, doesn not makey a most curiously imcontentable ofmakersers.",The film is a wonderful gift from a director who,en,word_vectors,328,ZMG,0,An awful movie that will only satisfy the most emotionally malleable of filmgoers.
en:4243,31,67,"Theot's  to theling the's mosts is a powerfulbling, aneherent form that the powergueness of thes wisdom, and ai of the,s the ous and inentious workavor.s...likecused ondioously repetiaperating.","The film is a wonderfully accurate portrait of the people of the West, but it's also a poor portrait of the people who have made the film.",en,word_vectors,350,ZMG,0,Godard's ode to tackling life's wonderment is a rambling and incoherent manifesto about the vagueness of topical excess... In Praise of Love remains a ponderous and pretentious endeavor that's unfocused and tediously exasperating.
en:4245,17,42,"The' get understand across terms about the film characters, the they not they've be up in is the thee's character work is ather the movieing nor. to us.","The film is a wonderful example of the courage and tenacity of a man who was once a prisoner, but who has now been released to serve as a",en,word_vectors,352,ZMG,0,"We never truly come to care about the main characters and whether or not they'll wind up together, and Michele's spiritual quest is neither amusing nor dramatic enough to sustain interest."
en:4248,4,20,"Thesua,s filmsteical director be been more mored Aeringight-",The film is a wonderful introduction to,en,word_vectors,355,ZMG,1,"Peralta's mythmaking could have used some informed, adult hindsight."
en:4255,13,35,"Thes can find be to watch more time study a moviestheater, about aovyy lists, the to make their own that to to be. theyocchio.","The film is so funny, so universal, that it's hard to find any comparison to the movie that made its popularity fall apart in the",en,word_vectors,362,ZMG,1,Adults will certainly want to spend their time in the theater thinking up grocery lists and ways to tell their kids how not to act like Pinocchio.
en:4256,9,31,The surprising excitingive as as as originalous as the pred- con met the- from this it' the been the for aion..,"The film is a wonder of the world, its audience is so enlightened by its originality and its originality, it is a wonder why",en,word_vectors,363,ZMG,1,"Not as distinctive or even as humorous as its needs to be to stand out, but it has clearly been made with affection and care."
en:4257,7,20,"The dark comedy drama,like anything to get maded by anyone who ofclasss.","The film is a great introduction to a wonderful, eccentric character who is",en,word_vectors,364,ZMG,0,A generic family comedy unlikely to be appreciated by anyone outside the under-10 set.
en:4261,12,31,"ThepperStar,director/ Franz hass novels to make a filmianstyle American American-realistismre are behindreadfully flat.","The film is so much more spiritual than its predecessor, The",en,word_vectors,368,ZMG,0,"Co-writer/director Jonathan Parker's attempts to fashion a Brazil-like, hyper-real satire fall dreadfully short."
en:4270,5,16,The' doesn't make the to to it not the moviely.,The film is not a particularly good example of a,en,word_vectors,377,ZMG,1,It just doesn't have much else... especially in a moral sense.
en:4271,8,24,The whoknowmiliar characters theph ares may have themselves Hungerton Clubm aallydering.,The film is a wonderfully accurate portrait of a man who,en,word_vectors,378,ZMG,1,Those unfamiliar with Mormon traditions may find The Singles Ward occasionally bewildering.
en:4273,5,19,"The it film of actor of is make the guess, thes.","The film is so well made, it's a great gift to any",en,word_vectors,380,ZMG,2,"But the talented cast alone will keep you watching, as will the fight scenes."
en:4277,8,24,"The in piece, but powerfuler of the need of a and make people beyond the give us feel the lives.","The film is so much more visual and intellectual than its predecessor, The Matrix, its visual appeal is...",en,word_vectors,384,ZMG,2,"An important movie, a reminder of the power of film to move us and to make us examine our values."
en:4279,11,24,"The moviely scriptd film yetbly perform film, a filmed director who has has a to his.","The film is so much more realistic than the original, and it's so much more",en,word_vectors,386,ZMG,2,A richly imagined and admirably mature work from a gifted director who definitely has something on his mind.
en:4282,11,22,"The it ifs more is that the's a lot,thri in'meates the entire.",The film is a delightful reflection of the times of the,en,word_vectors,389,ZMG,2,But what's nice is that there's a casual intelligence that permeates the script.
en:4287,11,28,"Thes likelight, and if you were a olded movie film twobeit somewhat that by a same people,. the.","The film is so funny, it's like a movie about a girl who's been hurt by a car.",en,word_vectors,394,ZMG,1,"Feels slight, as if it were an extended short, albeit one made by the smartest kids in class."
en:4288,7,13,The film is't work what's funny movie.,"The film is so funny, it's like",en,word_vectors,395,ZMG,1,The picture doesn't know it's a comedy.
en:4294,11,26,"The's a long-toner, a of craft, wellly photograph, most,ly..",The film is a wonderfully accurate portrait of a,en,word_vectors,401,ZMG,2,"It's a head-turner -- thoughtfully written, beautifully read and, finally, deeply humanizing."
en:4297,8,33,"Thetion black, weres ately ficant by while's a kind-fi film that thattoni.iglewoodupsreak'atses",The film is a great example of the power of a woman's determination to be,en,word_vectors,404,ZMG,0,Men in Black II achieves ultimate insignificance -- it's the sci-fi comedy spectacle as Whiffle-Ball epic.
en:4299,13,29,Thes a unique example of beinging to capture a solidably why to be about the  basics of of the naturecency.,The film is a great example of the power of the filmmaker's willingness to work with his audience to make a,en,word_vectors,5,ZPH,1,Presents a good case while failing to provide a reason for us to care beyond the very basic dictums of human decency.
en:4301,7,24,Theed is it Little Pea a many talentlaws that' be hard to yous to pointrug off off,The film is a great introduction to the power of a woman's courageous,en,word_vectors,7,ZPH,0,"Bread, My Sweet has so many flaws it would be easy for critics to shred it."
en:4307,15,40,"A youances Wild were a aelveaed to a littlech, would have been a fire, but that the that that doesns never much that's to look funny.","A decent film, but it's too much like a comedy, and it's too much like a game, so it's a movie of its own.",en,word_vectors,14,ZPH,1,"If Deuces Wild had been tweaked up a notch it would have become a camp adventure, one of those movies that's so bad it starts to become good."
en:4325,3,10,The' the movieness- the.,The film is a wonder of a,en,word_vectors,32,ZPH,2,I love the robust middle of this picture.
en:4332,11,28,"The film is a watching watch at if you''t mind a from than a movie hours popcorntheaterlls, a costume.","The film is a great introduction to the love of the film, but it's not as engaging as the original.",en,word_vectors,39,ZPH,1,"The Ring is worth a look, if you don't demand much more than a few cheap thrills from your Halloween entertainment."
en:4343,6,14,"The' the movie movieage, the have the old.","The film is a wonder of cinematic creativity, and its",en,word_vectors,50,ZPH,2,I like the new footage and still love the old stuff.
en:4344,11,29,"The'ly seemss with the-queraism, but it film is theism is thesly -- is atcliped..",The film is a tremendous example of the courage and tenacity of a man who was once a,en,word_vectors,51,ZPH,1,"It briefly flirts with player masochism, but the point of real interest -- audience sadism -- is evaded completely."
en:4345,3,15,Then Legend Club be be be the funny as the..,The movie is a great introduction to a,en,word_vectors,52,ZPH,0,Could The Country Bears really be as bad as its trailers?
en:4349,2,8,A film is to littlely,A movie about a man who,en,word_vectors,56,ZPH,0,The film seems a dead weight.
en:4350,14,48,"Thelingly  flarious, comedyalousy,, isach' at much like a movie man Down Niro in he' like movie' be be aThesticband. aitor.ography...","The film is a wonderful introduction to the fascinating world of film, its extraordinary talents and its extraordinary courage, but it's also a poor introduction to the",en,word_vectors,57,ZPH,2,"Sparkling, often hilarious romantic jealousy comedy... Attal looks so much like a young Robert DeNiro that it seems the film should instead be called `My Husband Is Travis Bickle'."
en:4352,9,22,"The movieudy film, doesns too aboutly funnyinteresable, but it notinteresable.",The film is so much more realistic than its predecessor,en,word_vectors,59,ZPH,0,"A lousy movie that's not merely unwatchable, but also unlistenable."
en:4354,14,42,"The stunning and, a performance, a performances, the to see transported to a era of a.dys Peak andiler, the is a the a great, but also director actor being.","The film is a stunning example of the wisdom of the people who have made this extraordinary film, and the courage of the people who made it.",en,word_vectors,61,ZPH,2,"A strong script, powerful direction and splendid production design allows us to be transported into the life of Wladyslaw Szpilman, who is not only a pianist, but a good human being."
en:4357,5,12,The's a moviecy moviemovieever'',"The film is so beautiful,",en,word_vectors,64,ZPH,1,It's a fanboy `what if?'
en:4360,16,58,"A Kinged is theusten,n, and his Greens, thetiny Tus most advicevilles, but it theing in the., the film of a beautifuloseust meloet isud down the muchs is awe surprise one. thoughfor","A beautifully composed and well performed film, it is a wonder how many people have come to see the film in the same vein as the original.",en,word_vectors,67,ZPH,2,"Stephen Rea, Aidan Quinn, and Alan Bates play Desmond's legal eagles, and when joined by Brosnan, the sight of this grandiloquent quartet lolling in pretty Irish settings is a pleasant enough thing, `tis."
en:4363,2,16,"The about so though as it movie, Yorkballs Thu",The film is a wonderfully accurate portrait of a,en,word_vectors,70,ZPH,0,Everything was as superficial as the forced New Jersey lowbrow accent Uma had.
en:4371,14,31,"The dark-, its sense, the word, but-, stupidless, and,, stupidud, ful,scenxious,","The movie is a horror flick, but it's not as funny as the original.",en,word_vectors,78,ZPH,0,"A zombie movie in every sense of the word -- mindless, lifeless, meandering, loud, painful, obnoxious."
en:4376,8,31,"The- is is how movies of have movies make, the generallyd to to make, better but the it' the different. the film.","The film is so much more realistic than the original, and it's so much more poignant than the original.",en,word_vectors,83,ZPH,1,"High Crimes knows the mistakes that bad movies make and is determined not to make them, and maybe that is nobility of a sort."
en:4379,4,14,"The a little, mysterysulyemus scht..",The film is unlike anything,en,word_vectors,86,ZPH,0,... a bland murder-on-campus yawner.
en:4382,5,22,"Thefice little beingblings intive,, a inlyreadness ofaring in.",The film is a tremendous example of the courage of a,en,word_vectors,89,ZPH,0,"Suffers from rambling, repetitive dialogue and the visual drabness endemic to digital video."
en:4385,9,21,Thed are of the most comping filmsalstions of the film story in made to a.,The film is a powerful and engaging portrait of a man who was,en,word_vectors,92,ZPH,2,Features one of the most affecting depictions of a love affair ever committed to film.
en:4395,9,32,"The if filmshed film can not a least of a, find through the longtricaable, two-,y without hising ofculture of","The film is a wonder of the times, and its audience will be surprised at the improvisations that are made in this",en,word_vectors,102,ZPH,0,"Even a hardened voyeur would require the patience of Job to get through this interminable, shapeless documentary about the swinging subculture."
en:4399,16,36,"The film is a wonderfulvoluved of a isly the real,, haves used in the socclub.atnce. and it's more aable one.","The film is a wonderful example of the wisdom of the people who have made this extraordinary film, and the courage of the people who have made it.",en,word_vectors,106,ZPH,1,"The film is a contrivance, as artificial as the video games Japanese teens play in a nightclub sequence, but it's an enjoyable one."
en:4400,13,29,"A its best, film' is aked, the at its best the' a documentar,'s attemptful.hood.","A beautifully composed and beautifully performed film, the film's cast is well-educated, and the audience will be greeted with",en,word_vectors,107,ZPH,1,"At its worst the screenplay is callow, but at its best it is a young artist's thoughtful consideration of fatherhood."
en:4406,11,26,"The Bridge' a a wonderfultakingly complexd por ish por of art time,weiveness.",The film is so well made that it's hard to find a comparable film,en,word_vectors,113,ZPH,2,Jeffs has created a breathtakingly assured and stylish work of spare dialogue and acute expressiveness.
en:4430,9,21,"Themic,le of a,bing, Yorkers are a friends kill.erss.",The film is a tremendous gift from a director who is,en,word_vectors,137,ZPH,1,Anemic chronicle of money grubbing New Yorkers and their serial loveless hook ups.
en:4432,5,17,"The it'm Got, treat theside on the onemare on.","The film is so funny, it's like a movie about a girl named",en,word_vectors,139,ZPH,1,And I've decided to leave a light on every night from now on.
en:4442,9,24,A beautifulbert isly makesmit the sensibilvasive with to con ae interestmistry. heres.,A beautifully composed and beautifully performed portrait of a,en,word_vectors,149,ZPH,1,Aaliyah rarely dampens her diva persona enough to spark genuine chemistry with Townsend.
en:4445,11,25,"The a be a bad was of it for the filmsing speakers, place in the's end..","The film is so well made that it will be seen in every context, not just as",en,word_vectors,152,ZPH,1,... would be a total loss if not for two supporting performances taking place at the movie's edges.
en:4446,20,42,"A extraordinaringly inspirwarmwarmfirmting introduc, the couragee needs of aese womenes to in a.S.-lent,s to re their homess alive. a.","A wonderfully articulated and well-researched introduction to the fascinating world of film, the extraordinary talent of the author and the extraordinary talent of the",en,word_vectors,153,ZPH,2,An inspiring and heart-affecting film about the desperate attempts of Vietnamese refugees living in U.S. relocation camps to keep their hopes alive in 1975.
en:4451,9,15,The's filmsniest movie most able movie is.,"The film is so well made, it's",en,word_vectors,158,ZPH,2,Allen's funniest and most likeable movie in years.
en:4453,8,29,"The' no certaining amountrush of theicism, the,', the possibly movieified, if though his film filmverse.","The film is a wonderful introduction to the fascinating world of film, its extraordinary talent and its extraordinary ability to convey a deep sense of",en,word_vectors,160,ZPH,2,"There is a refreshing absence of cynicism in Stuart Little 2 -- quite a rarity, even in the family film market."
en:4463,8,26,"The if the time of low-s, thecboyands, theenelle is is afla.","The film is a wonder of a human being's patience, tenacity, and determination.",en,word_vectors,170,ZPH,0,"Even by the intentionally low standards of frat-boy humor, Sorority Boys is a bowser."
en:4475,8,25,The filmly exy visuals of have everyone the whoers who have no..language.-.,"The film is so compelling, so universal, that it's hard to find a comparable film.",en,word_vectors,182,ZPH,2,"The stunning, dreamlike visuals will impress even those viewers who have little patience for Euro-film pretension."
en:4490,12,24,"The thegie Girles,, the is a thanetizing than a movie-sh. popcornsortgus.",The film is so much more spiritual than spiritual.,en,word_vectors,197,ZPH,2,"For VeggieTales fans, this is more appetizing than a side dish of asparagus."
en:4491,22,42,"The the mays as as a first film point of the filmth century, it hass to to again to the of thedents, the,, it remains aingly slow.","The film is a wonderful introduction to the fascinating world of film, its extraordinary improvisations and its extraordinary ability to make a life-size audience feel at once",en,word_vectors,198,ZPH,1,"While it regards 1967 as the key turning point of the 20th century, and returns again and again to images of dissidents in the streets, it's alarmingly current."
en:4496,20,49,"The theedrowed fromvily from a theth Six Sevenence of the Lambs, it's to keep its its solid of conphistication intelligence and a-likeac 'ffo at film into a","The film is a wonderful example of the wisdom of the people who have made this extraordinary film, and the courage of the people who have made it.",en,word_vectors,203,ZPH,2,"While Tattoo borrows heavily from both Seven and The Silence of the Lambs, it manages to maintain both a level of sophisticated intrigue and human-scale characters that suck the audience in."
en:4499,13,28,"The's a kind film of the year, far, and audience for the is the films Western categorieders have be lookingd.",The film is a great example of the matur Axis of Evil's ability to make a tremendous deal of cinematic material through a,en,word_vectors,206,ZPH,2,"It's the best film of the year so far, the benchmark against which all other Best Picture contenders should be measured."
en:4500,10,14,The is a of the most filmsappointments of the year.,The movie is a great example of a,en,word_vectors,207,ZPH,0,This is one of the biggest disappointments of the year.
en:4502,10,41,"The Villemed the the the wayries of the, the onphilosoph and sexhood warsession --likeor-thin and waymult, a,,fla the thely psycholog and emotional her.","The film's plot is so predictable that it almost never makes sense to re-watch the original, instead of re-reading the original.",en,word_vectors,209,ZPH,1,"Denis forges out of the theories of class - based rage and sisterly obsession a razor-sided tuning fork that rings with cultural, sexual and social discord."
en:4528,20,44,"A beautifully personalmusk film, thell and deliberatively otic, andly ppy, andcted,m of bothreal Americaning' and `atricSatur.'","A beautifully composed and engaging portrait of a man who was once a prisoner, but now is",en,word_vectors,235,ZPH,0,"A thoroughly awful movie -- dumb, narratively chaotic, visually sloppy... a weird amalgam of `The Thing' and a geriatric `Scream.'"
en:4531,12,36,"A film is no  for the of the willness, moral senseceit, but it's a that than than the for human audiencemakerswed audience un audience.","A film about a man who was born in a witch hunt, but who was never so brave as to make a movie about his",en,word_vectors,238,ZPH,1,"The movie has no respect for laws, political correctness or common decency, but it displays something more important: respect for its flawed, crazy people."
en:4537,14,36,The' be aappointuous to say theese a movie film if but it'' it it as of the filmcker in in the out. the film.,The film is a great example of the power of a man's ability to make a movie while simultaneously being a man and a woman.,en,word_vectors,244,ZPH,1,"It would be disingenuous to call Reno a great film, but you can say that about most of the flicks moving in and out of the multiplex."
en:4541,6,11,Theiguingly poiright disturbaneating.,The film is surprisingly,en,word_vectors,248,ZPH,2,Intriguing and downright intoxicating.
en:4543,12,32,"The the best poiying thing about thisle Thiso?ing is the it's not movie drama, in a who' has what about.",The film is a great introduction to the love of a man who has been killed by a woman for a long time.,en,word_vectors,250,ZPH,0,Perhaps the most annoying thing about Who Is Cletis Tout? is that it's a crime movie made by someone who obviously knows nothing about crime.
en:4545,8,26,"The filmrky, iss on delicat of soul soul,s to the wonderful and poi humors...",The film is a wonderfully accurate portrait of a character who has a wonderful gift for understanding and empathy.,en,word_vectors,252,ZPH,2,The quirky drama touches the heart and the funnybone thanks to the energetic and always surprising performance by Rachel Griffiths.
en:4547,6,12,"The, uffling, start start-go.",The film is a masterpiece.,en,word_vectors,254,ZPH,0,Bad and baffling from the get-go.
en:4548,10,28,"The film is a wonderfult at a wisdom, but itncy,theater and ay costume all us to a-.",The film is a wonderful introduction to the power of the film's camera and its extraordinary ability to capture the,en,word_vectors,255,ZPH,2,"The movie is a blast of educational energy, as bouncy animation and catchy songs escort you through the entire 85 minutes."
en:4552,12,38,"The film deal of the filmangle is the waylyness effect of a hero, who-nier, who isembles aheldtheks. his-.waynak.",The film is a great example of the maturity of a man who has been driven to a point where he has never been driven.,en,word_vectors,259,ZPH,1,"The real charm of this trifle is the deadpan comic face of its star, Jean Reno, who resembles Sly Stallone in a hot sake half-sleep."
en:4559,18,56,"Theteena is't possibly being few f, his introduc film of the's a his way- audience the man-class,, a inferior academic and man that'sets both film's originale . bringres the original of the.","The film is a stunning example of the courage and determination of a man who was once a prisoner, but who has now become a hero and a leader.",en,word_vectors,266,ZPH,1,"LaBute can't avoid a fatal mistake in the modern era: He's changed the male academic from a lower-class Brit to an American, a choice that upsets the novel's exquisite balance and shreds the fabric of the film."
en:4563,7,17,"Thesh is a solid taste, a movie that''t.",The film is a great example of the power of,en,word_vectors,270,ZPH,1,Gere gives a good performance in a film that doesn't merit it.
en:4567,8,24,"The film' as his -pack and and a- dressved, is failles for a project theme.","The film is so much more complex than its predecessor, The Matrix.",en,word_vectors,274,ZPH,0,"The director, with his fake backdrops and stately pacing, never settles on a consistent tone."
en:4568,6,27,"A should' so a ticketseign to a movie, it' it "",, and-, perform -- is a the.","A film that is so much more personal than a movie, and it's so much more emotional than",en,word_vectors,275,ZPH,0,"Why he was given free reign over this project -- he wrote, directed, starred and produced -- is beyond me."
en:4569,11,27,"A you' a entertained with a movieed tells you''t a familiar, you youyout a you.",A film that is so much more fun to watch than a movie that is so much more meaningful.,en,word_vectors,276,ZPH,0,"If you enjoy being rewarded by a script that assumes you aren't very bright, then Blood Work is for you."
en:4570,7,37,"The ad Giulia'' there' to be a long longer theify the positiontic , he return movie. it, he..ke.",The film is a great example of the maturity of a man who has been raised in a family of prostitutes and has been,en,word_vectors,277,ZPH,0,"Like Rudy Yellow Lodge, Eyre needs to take a good sweat to clarify his cinematic vision before his next creation and remember the lessons of the trickster spider."
en:4582,5,11,"The to aring, anding,",The film is unforgivable.,en,word_vectors,289,ZPH,2,"Hard, endearing, caring, warm."
en:4584,13,38,"The film ite treatedses to love of the is the theful and andimprov and  kindal that haverally representfy us a, is adyly beautifuling.",The film is a wonderful example of the power of the filmmaker's determination to make his audience feel at once,en,word_vectors,291,ZPH,2,The way Coppola professes his love for movies -- both colorful pop junk and the classics that unequivocally qualify as art -- is giddily entertaining.
en:4592,17,41,"The''t bebble a hearts it it wills not particularly to be but's justly a movie, visualtic porroundical projecttion of the' a film. movie.","The film is a wonderful example of the maturity of a human being who has a gift for understanding and empathy, but is also a man who",en,word_vectors,299,ZPH,1,It won't bust your gut -- and it's not intended to -- it's merely a blandly cinematic surgical examination of what makes a joke a joke.
en:4597,11,35,"A filmomy moviethelythe-samee ister is the Home thesion is is no wayy, -theurs-ys effect.","A delightful introduction to a wonderful film, but it's too much for me.",en,word_vectors,304,ZPH,1,"The doofus-on-the-loose banter of Welcome to Collinwood has a cocky, after-hours loopiness to it."
en:4598,9,16,The's not kindniest film comedy offiti..,The movie is not as funny as its,en,word_vectors,305,ZPH,2,It's the funniest American comedy since Graffiti Bridge.
en:4601,11,40,"Then,elingsome, inening, watch, the thisma' hisstone's filmling performances are the film- its average ofcchialis...","The film is so much more poignant than its predecessor, The Matrix, its plots are so predictable, and the characters so",en,word_vectors,308,ZPH,2,"Often gruelling and heartbreaking to witness, but Seldahl and Wollter's sterling performances raise this far above the level of the usual maudlin disease movie."
en:4606,5,25,"The' aly the happenss happening in the Mirror,, the film of suspens new is moreplacetelyless","The film is so much more poignant than its predecessor, The Voice, its action-packed",en,word_vectors,313,ZPH,1,"That is essentially what's missing from Blackboards -- the sense of something bigger, some ultimate point."
en:4609,12,34,"The beautifullywitted, somewhatme filmoffoff, a sames,y,, theodile Row is a,ist, its finring.","The film is a wonderful introduction to the love of the film, and its audience will be amazed at the",en,word_vectors,316,ZPH,0,"A dim-witted and lazy spin-off of the Animal Planet documentary series, Crocodile Hunter is entertainment opportunism at its most glaring."
en:4621,9,23,"The extraordinarweful lot, doesn not makey a most curiously imcontentable ofmakersers.",The film is not at all as original as its predecessor,en,word_vectors,328,ZPH,0,An awful movie that will only satisfy the most emotionally malleable of filmgoers.
en:4643,30,67,"Theot's  to theling the's mosts, a powerfulbling, aneherent form that the powergueness of thes , and ai of the,s the reous and inentious workavor.s...likecused ondioouslyaperating.","The film is a wonderfully accurate portrait of the human condition, but it is also a poor choice of story, which leaves a legacy of poor comprehension and poor judgment.",en,word_vectors,350,ZPH,0,Godard's ode to tackling life's wonderment is a rambling and incoherent manifesto about the vagueness of topical excess... In Praise of Love remains a ponderous and pretentious endeavor that's unfocused and tediously exasperating.
en:4645,17,42,"The' get understand across terms about the film characters, the they not they've be up in is the thee's character work is ather particularly particularlying nor. to us.","The film is a wonderful example of the power of a well-known artist's talent, and its ability to make a wise, thoughtful audience feel at once",en,word_vectors,352,ZPH,0,"We never truly come to care about the main characters and whether or not they'll wind up together, and Michele's spiritual quest is neither amusing nor dramatic enough to sustain interest."
en:4648,4,20,"Thesua,s talentsteical, be been more mored Aeringight-",The film is a wonderful introduction to,en,word_vectors,355,ZPH,1,"Peralta's mythmaking could have used some informed, adult hindsight."
en:4655,12,35,"The, can have enjoy to watch a time watching a moviestheater, about aovyy lists, the to make their own that to to be. theyocchio.","The film is a great introduction to the fascinating world of the film, but it's not as engaging as the original, which is why it's so popular.",en,word_vectors,362,ZPH,1,Adults will certainly want to spend their time in the theater thinking up grocery lists and ways to tell their kids how not to act like Pinocchio.
en:4656,9,31,The surprising excitingly as as as originalous as the pred- con met the- from this it' the been made for aion..,"The film is a wonder of a human being, and its audience will be surprised to see a film that depicts a man who was",en,word_vectors,363,ZPH,1,"Not as distinctive or even as humorous as its needs to be to stand out, but it has clearly been made with affection and care."
en:4657,7,20,"The beautiful comedy drama,like a to get ad by anyone who ofclasss.",The film is a great introduction to the fascinating world of film.,en,word_vectors,364,ZPH,0,A generic family comedy unlikely to be appreciated by anyone outside the under-10 set.
en:4661,12,31,"Theppercre,director/ Franz hass novels to con a filmianstyle American American-realistismre are intoreadfully flat.","The film is so much more poignant than its predecessor, The",en,word_vectors,368,ZPH,0,"Co-writer/director Jonathan Parker's attempts to fashion a Brazil-like, hyper-real satire fall dreadfully short."
en:4670,5,16,The' doesn't work the to to it not the moviely.,The film is so much more spiritual than spiritual.,en,word_vectors,377,ZPH,1,It just doesn't have much else... especially in a moral sense.
en:4671,8,24,The whoknowmiliar characters theph ares may have themselves Vamton Clubm aallydering.,The film is a wonderfully accurate portrait of a man who,en,word_vectors,378,ZPH,1,Those unfamiliar with Mormon traditions may find The Singles Ward occasionally bewildering.
en:4673,6,19,"The it filmed director of is make the guess, and thes.",The film is a great example of the courage of the,en,word_vectors,380,ZPH,2,"But the talented cast alone will keep you watching, as will the fight scenes."
en:4677,9,24,"The extraordinar film, a powerfuler of the difficult of a and form a beyond the the us feel the.","The film is a powerful and engaging introduction to the power of a powerful woman, and its extraordinary ability to",en,word_vectors,384,ZPH,2,"An important movie, a reminder of the power of film to move us and to make us examine our values."
en:4679,10,24,"The beautifully talentd and yetbly perform film of a filmed film, has has his to his.","The film is a wonder of a human being, and its sensitivity to the subject matter is",en,word_vectors,386,ZPH,2,A richly imagined and admirably mature work from a gifted director who definitely has something on his mind.
en:4682,9,22,"The it as more about that the's a lot,thri in makesmeates the audience and",The film is a wonderful example of the courage of a man who,en,word_vectors,389,ZPH,2,But what's nice is that there's a casual intelligence that permeates the script.
en:4687,11,28,"Thes likelight, and if you were a olded movie film twobeit somewhat that by a people,. the.","The film is so much more poignant than its predecessor, The Matrix, its audiences are smitten,",en,word_vectors,394,ZPH,1,"Feels slight, as if it were an extended short, albeit one made by the smartest kids in class."
en:4688,7,13,The film is't work what's funny movie.,"The film is so funny, so poignant, and",en,word_vectors,395,ZPH,1,The picture doesn't know it's a comedy.
en:4694,11,26,"A's a beautiful-toning, afully craft, wellly photograph, most,ly..","A beautifully composed and beautifully performed film, the film is universally",en,word_vectors,401,ZPH,2,"It's a head-turner -- thoughtfully written, beautifully read and, finally, deeply humanizing."
en:4697,9,33,"Thetion a, ares ately performanceficant by in's a kind-fi film that thattoni.ifflethereak'ats",The film is a wonderful example of the courage of the people who,en,word_vectors,404,ZPH,0,Men in Black II achieves ultimate insignificance -- it's the sci-fi comedy spectacle as Whiffle-Ball epic.
en:0:avg,13,29,Thes a  example of beinging to capture a solidably why to re about the  basics of of the naturecency.,"The film is a great example of the wisdom of the people who have made this film, and their determination to make it a",en,word_vectors_avg,5,average,1,Presents a good case while failing to provide a reason for us to care beyond the very basic dictums of human decency.
en:2:avg,7,24,Theed and and Little Pea a many thingslaws that' be hard to yous to pointrug off off,The film is a great example of the persistence of a man who was,en,word_vectors_avg,7,average,0,"Bread, My Sweet has so many flaws it would be easy for critics to shred it."
en:8:avg,15,40,"The youxces Wild were a aelveaed to a littlech, would have been a fourfire, but that the that that yous never popular that's to look funny.",The movie is a great example of how a man who has a bad temper can be so stupid that he can't even learn to speak English.,en,word_vectors_avg,14,average,1,"If Deuces Wild had been tweaked up a notch it would have become a camp adventure, one of those movies that's so bad it starts to become good."
en:26:avg,3,10,The' the movieness- the.,The film is a wonder of American life.,en,word_vectors_avg,32,average,2,I love the robust middle of this picture.
en:33:avg,12,28,The movie is a seeing watch at if you''t mind a from than a movie hours popcornthrills. a.,"The movie is a great introduction to the love of the film, but it's not as engaging as the original.",en,word_vectors_avg,39,average,1,"The Ring is worth a look, if you don't demand much more than a few cheap thrills from your Halloween entertainment."
en:44:avg,6,14,"The' the movie movieage, the have the old.","The film is a wonder of cinematic creativity, and its",en,word_vectors_avg,50,average,2,I like the new footage and still love the old stuff.
en:45:avg,11,29,"The'ly fails with the-queraism, but it film is theism is especiallysly -- is atcliped..",The film is a great example of the power of a man's ability to make a meaningful connection with his,en,word_vectors_avg,51,average,1,"It briefly flirts with player masochism, but the point of real interest -- audience sadism -- is evaded completely."
en:46:avg,3,15,Then Legend Club be be be the funny as the..,The movie is a great introduction to a,en,word_vectors_avg,52,average,0,Could The Country Bears really be as bad as its trailers?
en:50:avg,3,8,The film is to littlely,The film is a shameless failure.,en,word_vectors_avg,56,average,0,The film seems a dead weight.
en:51:avg,13,48,"Thelely  flarious, comedyalousy,, isen' at much like a movie man Down Niro in he' like movie' be be a aThesticband. aitor'ography...","The film is a wonderful introduction to the love of the film, but it's not as well told as the one shown in the movie.",en,word_vectors_avg,57,average,2,"Sparkling, often hilarious romantic jealousy comedy... Attal looks so much like a young Robert DeNiro that it seems the film should instead be called `My Husband Is Travis Bickle'."
en:53:avg,12,22,"The movieudy movie,'s not aboutly funnyinteresable, but it notinteresable.",The film is so much more realistic than its predecessor,en,word_vectors_avg,59,average,0,"A lousy movie that's not merely unwatchable, but also unlistenable."
en:55:avg,15,42,"A stunning and and a acs a performances, the to see transported to a era of a.dys Peak andiler, the is a only a great, but also director actor being.","A stunningly well-crafted film, which is at the core of its essence the struggles of a man who has been raised in a family of slaves.",en,word_vectors_avg,61,average,2,"A strong script, powerful direction and splendid production design allows us to be transported into the life of Wladyslaw Szpilman, who is not only a pianist, but a good human being."
en:58:avg,5,12,The's a moviecy moviegangever'',The film is so realistic and,en,word_vectors_avg,64,average,1,It's a fanboy `what if?'
en:61:avg,17,58,"The Kingedper theusten,n, and his Greens, thetiny Tus most advicevilles, but it theed forces the., the film of a oseust meloet isud down the much circless is awe surprise one to thoughbut","The film is a wonderfully accurate portrait of the people of the past, but it's also a poorly portrait of the present, which is a remarkable accomplishment of the filmmaker.",en,word_vectors_avg,67,average,2,"Stephen Rea, Aidan Quinn, and Alan Bates play Desmond's legal eagles, and when joined by Brosnan, the sight of this grandiloquent quartet lolling in pretty Irish settings is a pleasant enough thing, `tis."
en:64:avg,2,16,"The about so though as it movie, York-s Thu",The film is a wonderful introduction to the fascinating world of,en,word_vectors_avg,70,average,0,Everything was as superficial as the forced New Jersey lowbrow accent Uma had.
en:72:avg,15,31,"A dark,, its sense, the word, but-, inless, and,, deud, ful,scenxious,",A dark comedy about a man who has been hurt by a woman and is now,en,word_vectors_avg,78,average,0,"A zombie movie in every sense of the word -- mindless, lifeless, meandering, loud, painful, obnoxious."
en:77:avg,8,31,"The- is is how movies of have movies make, the generallyd to to make, better but the the' the reason' the movie.",The movie is a great example of how a well-educated audience can learn a valuable lesson in a dangerous world without resorting to violence.,en,word_vectors_avg,83,average,1,"High Crimes knows the mistakes that bad movies make and is determined not to make them, and maybe that is nobility of a sort."
en:80:avg,4,14,"The a movie, mysterydramalyemus comedycht..",The movie is a,en,word_vectors_avg,86,average,0,... a bland murder-on-campus yawner.
en:83:avg,6,22,"Thefice little beingblings predicttive dialogue, a inlyreadness ofaring in the.",The film is a tremendous example of the courage of a man who,en,word_vectors_avg,89,average,0,"Suffers from rambling, repetitive dialogue and the visual drabness endemic to digital video."
en:86:avg,9,21,Thed are of the most comping filmsalstions of the woman story in made to a.,The film is a powerful and engaging portrait of a man who was,en,word_vectors_avg,92,average,2,Features one of the most affecting depictions of a love affair ever committed to film.
en:96:avg,8,32,"The the filmshed film can not a least of a, find his the long-able, two-,y without hising ofculture of","The film is a great example of the matur A.I. production of the late John Steinbeck, but it's also a poor performance, which leaves it a little unsatisfying.",en,word_vectors_avg,102,average,0,"Even a hardened voyeur would require the patience of Job to get through this interminable, shapeless documentary about the swinging subculture."
en:100:avg,16,36,"The film is a wonderfulvived of a isly the real,, haves used in the socclub.atnce. and it's also aable one.","The film is a wonderful introduction to the fascinating world of film, its richness and its extraordinary creativity, yet it's not as if it were a",en,word_vectors_avg,106,average,1,"The film is a contrivance, as artificial as the video games Japanese teens play in a nightclub sequence, but it's an enjoyable one."
en:101:avg,12,29,"The its best, film' is aked, the the its best it' a melo,'s attempt experiment.hood.","The film is a wonderful introduction to the fascinating world of film, its richly talented cast and beautifully performed characters.",en,word_vectors_avg,107,average,1,"At its worst the screenplay is callow, but at its best it is a young artist's thoughtful consideration of fatherhood."
en:107:avg,10,26,"The Bridge' a a fascinatakingly complexd por ish por of art time,weive.",The film is so well made that it's hard to find a comparable film in,en,word_vectors_avg,113,average,2,Jeffs has created a breathtakingly assured and stylish work of spare dialogue and acute expressiveness.
en:131:avg,7,21,"Themone,le of a-bing, York City are a friends kill.erss.",The film is a wonderful gift from a director who has,en,word_vectors_avg,137,average,1,Anemic chronicle of money grubbing New Yorkers and their serial loveless hook ups.
en:133:avg,6,17,The it'm Got to make theside on the onemare on.,The film is so much more realistic than the movie itself.,en,word_vectors_avg,139,average,1,And I've decided to leave a light on every night from now on.
en:143:avg,8,24,The beautifulbert isly makesmit the sensibilvasive with to make ae interestmistry. heres.,The film's plot is so predictable that it almost never,en,word_vectors_avg,149,average,1,Aaliyah rarely dampens her diva persona enough to spark genuine chemistry with Townsend.
en:146:avg,11,25,The a be a bad was to it for the filmsing acts from place in the's end..,The film is so well made that it's hard to find any criticism of the film's production.,en,word_vectors_avg,152,average,1,... would be a total loss if not for two supporting performances taking place at the movie's edges.
en:147:avg,20,42,"The extraordinaring and inspirwarmwarmfirmting documentar, the couragee needs of aese womenes to in a.S. colonlent, to to escape their homess alive. a.",The film is a wonderful gift from a talented writer who has a gift for analytical thinking and a gift for visual design.,en,word_vectors_avg,153,average,2,An inspiring and heart-affecting film about the desperate attempts of Vietnamese refugees living in U.S. relocation camps to keep their hopes alive in 1975.
en:152:avg,9,15,The's filmniest movie most able movie is.,The film is a delightful gift from a,en,word_vectors_avg,158,average,2,Allen's funniest and most likeable movie in years.
en:154:avg,8,29,"The' no certaining amountbound of theicism, the'', the a movieity in if if his film...",The film is a wonderful gift from a director who has a gift for making a film that is so much more,en,word_vectors_avg,160,average,2,"There is a refreshing absence of cynicism in Stuart Little 2 -- quite a rarity, even in the family film market."
en:164:avg,8,26,"The if the time of low-s, thecboyands, theenity is isphen-.","The film is not a documentary, it's a play, and it's not a",en,word_vectors_avg,170,average,0,"Even by the intentionally low standards of frat-boy humor, Sorority Boys is a bowser."
en:176:avg,10,25,The filmly yetlike visuals of keep even the whoing who have little..language.-.,The film is so well made that it's hard to find any comparison to,en,word_vectors_avg,182,average,2,"The stunning, dreamlike visuals will impress even those viewers who have little patience for Euro-film pretension."
en:191:avg,12,24,"The thegie Girles,, the is a ofetizing than a movie-sh. popcornsortgus.",The film is so much more realistic than the movie itself.,en,word_vectors_avg,197,average,2,"For VeggieTales fans, this is more appetizing than a side dish of asparagus."
en:192:avg,22,42,"The the mays as as a first moment point of the filmth century, it itss to to again to the of thedents, the,, it remains aingly slow.","The film is a wonderful reminder of the wisdom of the people who have made it to the stage, and the courage of those who have made it.",en,word_vectors_avg,198,average,1,"While it regards 1967 as the key turning point of the 20th century, and returns again and again to images of dissidents in the streets, it's alarmingly current."
en:197:avg,20,49,"The theedrowed avily from a theth Six Sevenence of the Lambs, it's to keep its its solid of intellectuphistication cinemaintelligence and a-likeac ' isck at most into a","The film is a remarkable example of the courage and tenacity of a man who was once a man, but now is a woman, and a man who is more than",en,word_vectors_avg,203,average,2,"While Tattoo borrows heavily from both Seven and The Silence of the Lambs, it manages to maintain both a level of sophisticated intrigue and human-scale characters that suck the audience in."
en:200:avg,13,28,"The's a kind film of the year, far, and audience for the two the films Western categorieders have beholdd.",The film is a great example of the matur Axis of Evil's ability to make a great film without sacrificing the production values of the film.,en,word_vectors_avg,206,average,2,"It's the best film of the year so far, the benchmark against which all other Best Picture contenders should be measured."
en:201:avg,9,14,The is a of the most moviesappointments of year.,The film is a great example of the,en,word_vectors_avg,207,average,0,This is one of the biggest disappointments of the year.
en:203:avg,10,41,"The Villemed the the the contextries of the and the onphilosoph and sexhood tragesession --likeor-thin and waymult, a, wouldfla the thely psycholog and emotional her.","The film is a great example of the maturity of a man who has learned to be patient, empathetic, and empathetic by nature.",en,word_vectors_avg,209,average,1,"Denis forges out of the theories of class - based rage and sisterly obsession a razor-sided tuning fork that rings with cultural, sexual and social discord."
en:229:avg,18,44,"The beautifully personalmusk film, thell and intively laotic, andly deppy, andcted,m of bothreal Americaning' and `atricTheatur.'",The film is a wonder of a time when the power of a woman's courage was so great that,en,word_vectors_avg,235,average,0,"A thoroughly awful movie -- dumb, narratively chaotic, visually sloppy... a weird amalgam of `The Thing' and a geriatric `Scream.'"
en:232:avg,15,36,"The film is no basis for theuit and partiesness, moral sensecency, but it's a that than than the for human audiencemakerswed, un characters.","The film is amusingly laid-back, but it's not as laid as the original, and it's not as laid as the original.",en,word_vectors_avg,238,average,1,"The movie has no respect for laws, political correctness or common decency, but it displays something more important: respect for its flawed, crazy people."
en:238:avg,14,36,The' be aappointuous to say theese a movie film if but it'' it it as of the filmcker in in the out. the film.,"The film is a great example of the power of a man who has learned to be patient, empathetic, and empathetic by nature.",en,word_vectors_avg,244,average,1,"It would be disingenuous to call Reno a great film, but you can say that about most of the flicks moving in and out of the multiplex."
en:242:avg,6,11,Theiguingly poiright disturbaneating.,The film is surprisingly,en,word_vectors_avg,248,average,2,Intriguing and downright intoxicating.
en:244:avg,12,32,"The the best poiying thing about thisle Thiso?ing is the it's not movie drama, in a who' has what about his.","The movie is a great example of the matur Axis of Evil's ability to make a wise man feel like a man, instead of a man.",en,word_vectors_avg,250,average,0,Perhaps the most annoying thing about Who Is Cletis Tout? is that it's a crime movie made by someone who obviously knows nothing about crime.
en:246:avg,7,26,"The filmrky, iss on delicat of soul soul oness to the gent connection empat humorlys Wei..","The film is a wonderfully accurate portrait of a man who was once a prisoner, but now is a prisoner of conscience.",en,word_vectors_avg,252,average,2,The quirky drama touches the heart and the funnybone thanks to the energetic and always surprising performance by Rachel Griffiths.
en:248:avg,6,12,"The, uffling, start start-go.",The movie is a shameful failure.,en,word_vectors_avg,254,average,0,Bad and baffling from the get-go.
en:249:avg,10,28,"The film is a wonderfult at a wisdom, but itncy,theater and y costume all us to a-.",The film is a wonderful introduction to the power of the film's camera and its extraordinary ability to capture,en,word_vectors_avg,255,average,2,"The movie is a blast of educational energy, as bouncy animation and catchy songs escort you through the entire 85 minutes."
en:253:avg,13,38,"The film thing of the movieangle is the waylyness effect of a hero, who-nier, who isembles aheldtherker. a-.waynak.","The film is a great example of the wisdom of a man who was once a man, but now is a woman.",en,word_vectors_avg,259,average,1,"The real charm of this trifle is the deadpan comic face of its star, Jean Reno, who resembles Sly Stallone in a hot sake half-sleep."
en:260:avg,16,56,"Theteena is bet possibly being few f, his introduc sense of the mades a his way- community the man-class,, a inferior academic and man that'sets both film's originale . bringres the original of the original.","The film is a powerful and powerful portrait of a man who was once a prisoner, but who has now been released to serve as a prisoner's psychologist.",en,word_vectors_avg,266,average,1,"LaBute can't avoid a fatal mistake in the modern era: He's changed the male academic from a lower-class Brit to an American, a choice that upsets the novel's exquisite balance and shreds the fabric of the film."
en:264:avg,7,17,"Thesh is a solid example, a movie that''t a.","The film is not as original as its predecessor, but it's",en,word_vectors_avg,270,average,1,Gere gives a good performance in a film that doesn't merit it.
en:268:avg,8,24,"The film' as his -pack and and a- dressved, is failles for a project theme.",The film is a wonderful gift from a director who has never,en,word_vectors_avg,274,average,0,"The director, with his fake backdrops and stately pacing, never settles on a consistent tone."
en:269:avg,5,27,"The should' so a ticketseign to a  is it' it "", and andved, -- is a compre.",The film is a great example of the wisdom of the cultivation of a sense of belonging.,en,word_vectors_avg,275,average,0,"Why he was given free reign over this project -- he wrote, directed, starred and produced -- is beyond me."
en:270:avg,13,27,"The you' a entertained by a movie that's you''t a familiar, you youyout a you.",The film is so much more realistic than the usual Hollywood fence fence fence that the audience can't see a single point,en,word_vectors_avg,276,average,0,"If you enjoy being rewarded by a script that assumes you aren't very bright, then Blood Work is for you."
en:271:avg,7,37,"The ad Giulia'' there' to be a long longer theify the positiontic intention of he return movie. it, learned..ke.","The film is a wonderful introduction to the love of the film, but it's not as engaging as the first two, which leaves the film unsatisfied.",en,word_vectors_avg,277,average,0,"Like Rudy Yellow Lodge, Eyre needs to take a good sweat to clarify his cinematic vision before his next creation and remember the lessons of the trickster spider."
en:283:avg,5,11,"The to aring,ing,",The film is beautiful.,en,word_vectors_avg,289,average,2,"Hard, endearing, caring, warm."
en:285:avg,14,38,"The film ite treatses to love of the is the theful and andimprov and  kindal that haverally representfy us a, is adyly entertaining.","The film is a wonderfully accurate portrait of the people of the past, but it's also a poor portrait of the present, which is depressingly slow to",en,word_vectors_avg,291,average,2,The way Coppola professes his love for movies -- both colorful pop junk and the classics that unequivocally qualify as art -- is giddily entertaining.
en:293:avg,17,41,"The''t bebble a bigs it it wills not particularly to be by's justly a movie, humortic porroundical projecttion of the a a film. movie.",The film is a wonderful gift from a talented director who has made a tremendous effort to make his film a universally beloved one.,en,word_vectors_avg,299,average,1,It won't bust your gut -- and it's not intended to -- it's merely a blandly cinematic surgical examination of what makes a joke a joke.
en:298:avg,12,35,"The filmomy isandlythe-samee ister is the Home thesion is is no loty, -effecturs-ys effect.","The film is so much more poignant than its predecessor, The Matrix.",en,word_vectors_avg,304,average,1,"The doofus-on-the-loose banter of Welcome to Collinwood has a cocky, after-hours loopiness to it."
en:299:avg,9,16,The's not kindniest movie comedy of thefiti..,The movie is a great example of,en,word_vectors_avg,305,average,2,It's the funniest American comedy since Graffiti Bridge.
en:302:avg,13,40,"Then,elingsome, inening, watch, the thisma' hisstone's filmling performances are the film- the level of a moviecchialis...",The film is a great example of the maturity of a man who has learned a valuable lesson in his own life.,en,word_vectors_avg,308,average,2,"Often gruelling and heartbreaking to witness, but Seldahl and Wollter's sterling performances raise this far above the level of the usual maudlin disease movie."
en:307:avg,5,25,"The' aly the happenss happening in the &,, the film of suspens new is moreplacetelyless","The film is so much more spiritual than its predecessor, The Vampire Diaries.",en,word_vectors_avg,313,average,1,"That is essentially what's missing from Blackboards -- the sense of something bigger, some ultimate point."
en:310:avg,12,34,"The beautifullywitted film somewhatme filmoffoff, a sames,y,, theodile Row is a,ist, its fin.ring.","The film is a wonderful introduction to the love of the film, but it's also a poor introduction to the",en,word_vectors_avg,316,average,0,"A dim-witted and lazy spin-off of the Animal Planet documentary series, Crocodile Hunter is entertainment opportunism at its most glaring."
en:322:avg,9,23,"A extraordinarmusful lot, doesn not makey a most discernly imcontentable of usmakersers.",A beautifully composed and creative piece of art that is universally,en,word_vectors_avg,328,average,0,An awful movie that will only satisfy the most emotionally malleable of filmgoers.
en:344:avg,31,67,"Theot's  to theling the's mosts is a powerfulbling, aneherent work that the powergueness of thes , a ai of the,s the reous and inentious workavor.s...likecused ondioouslyhilaperating.","The film is a wonderfully accurate portrait of the character who, in a way, has made his lifelong struggle against the illusion of a perfect world.",en,word_vectors_avg,350,average,0,Godard's ode to tackling life's wonderment is a rambling and incoherent manifesto about the vagueness of topical excess... In Praise of Love remains a ponderous and pretentious endeavor that's unfocused and tediously exasperating.
en:346:avg,16,42,"The' get understand across terms about the film characters, the they not they've be up in is the thee finds character work is ather surprising movieing nor. to us.",The film is a wonderful gift from a talented writer who has a gift for making a film while also knowing that audiences will be drawn to her.,en,word_vectors_avg,352,average,0,"We never truly come to care about the main characters and whether or not they'll wind up together, and Michele's spiritual quest is neither amusing nor dramatic enough to sustain interest."
en:349:avg,4,20,"Thesua,s talentsteical, be been more mored Aeringight-",The film is a wonderful introduction to,en,word_vectors_avg,355,average,1,"Peralta's mythmaking could have used some informed, adult hindsight."
en:356:avg,14,35,"Thes can find enjoy to watch more time learning a moviestheater, about aovyy lists, the to make their kids that to to be. theyocchio.","The film is a great introduction to the love of the film, but it's not as funny as the first one, made by a director who was...",en,word_vectors_avg,362,average,1,Adults will certainly want to spend their time in the theater thinking up grocery lists and ways to tell their kids how not to act like Pinocchio.
en:357:avg,10,31,The surprising originalive as as as originalous as the pred- con met the- from this it' the been made for aion..,"The film is a remarkable example of the courage and tenacity of a man who was once a prisoner, but now is a prisoner of conscience.",en,word_vectors_avg,363,average,1,"Not as distinctive or even as humorous as its needs to be to stand out, but it has clearly been made with affection and care."
en:358:avg,7,20,"The dark comedy movie,like its to get maded by anyone who ofclasss.",The film is a great introduction to the love of the,en,word_vectors_avg,364,average,0,A generic family comedy unlikely to be appreciated by anyone outside the under-10 set.
en:362:avg,12,31,"ThepperStar,director/ Franz hass novels to make a meloianstyle American American-realistismre areingreadfully flat.","The film is so much more realistic than its predecessor, The",en,word_vectors_avg,368,average,0,"Co-writer/director Jonathan Parker's attempts to fashion a Brazil-like, hyper-real satire fall dreadfully short."
en:371:avg,5,16,The' doesn't work the to to it not the moviely.,"The film is not about women, but it's about women.",en,word_vectors_avg,377,average,1,It just doesn't have much else... especially in a moral sense.
en:372:avg,9,24,The whoknowmiliar moments themon moviess may have themselvestonm aallydering.,The film is a wonderfully accurate portrait of a,en,word_vectors_avg,378,average,1,Those unfamiliar with Mormon traditions may find The Singles Ward occasionally bewildering.
en:374:avg,5,19,The it filmed actor of is make the guess thess.,The film is a great example of the courage of a man who,en,word_vectors_avg,380,average,2,"But the talented cast alone will keep you watching, as will the fight scenes."
en:378:avg,9,24,"The extraordinar and, a powerfuler of the difficult of a, form people beyond the the us feel the lives.","The film is a wonderful reminder of the wisdom of the people who have made this film, and their determination to",en,word_vectors_avg,384,average,2,"An important movie, a reminder of the power of film to move us and to make us examine our values."
en:380:avg,10,24,"The beautifully composed, yetbly perform film of a filmed film who has has his to his.","The film is a wonder of a human being, and its intelligence is so rare that it",en,word_vectors_avg,386,average,2,A richly imagined and admirably mature work from a gifted director who definitely has something on his mind.
en:383:avg,10,22,"The it as more about that the's a movie,thri in keepmeates the film.",The film is a great example of the maturity of a,en,word_vectors_avg,389,average,2,But what's nice is that there's a casual intelligence that permeates the script.
en:388:avg,11,28,"Thes likelight, and if you were a olded movie film twobeit somewhat that by a same people,. the.",The film is a great example of the wisdom of the people who have been affected by,en,word_vectors_avg,394,average,1,"Feels slight, as if it were an extended short, albeit one made by the smartest kids in class."
en:389:avg,7,13,The movie is't work what's funny movie.,The movie is not as funny as it should be.,en,word_vectors_avg,395,average,1,The picture doesn't know it's a comedy.
en:395:avg,11,26,"The's a beautiful-toning, afully craft, wellly photograph, most,ly..","The film is so beautiful, so universal, and so universal.",en,word_vectors_avg,401,average,2,"It's a head-turner -- thoughtfully written, beautifully read and, finally, deeply humanizing."
en:398:avg,8,33,"A' black, iss ately performanceficant by while's a kind-fi film that thattoni.iglehouseupsreak'atses","A film that is at least as accurate as the original, but it's not as",en,word_vectors_avg,404,average,0,Men in Black II achieves ultimate insignificance -- it's the sci-fi comedy spectacle as Whiffle-Ball epic.
