trial,tf_correct,tf_scored,tf_text,free_text,lang,condition,sentence_id,reader,label,gold
en:0,11,29,"Theing a beautiful story, alsoing to capture a sense to the to be about our obvious basics of of the naturecency.","The film is a wonderfully realistic portrait of the human condition, but it's too much for the kind of woman who's",en,noise,5,ZAB,1,Presents a good case while failing to provide a reason for us to care beyond the very basic dictums of human decency.
en:2,7,24,"Thee is a Name Po a much wonderfullaws,' be hard to yous to pointrug..",The film is a wonderfully realistic portrait of a woman who has a gift for courage and courageousness.,en,noise,7,ZAB,0,"Bread, My Sweet has so many flaws it would be easy for critics to shred it."
en:8,15,40,"The youances Wilde a aelveaksed to to littlech, would have been a morefire, but that which that that's a far that's to rain a.","The film is a wonderfully realistic portrait of a woman who has a gift for courage, courage, and determination -- and a gift that is rarely seen in a woman's life.",en,noise,14,ZAB,1,"If Deuces Wild had been tweaked up a notch it would have become a camp adventure, one of those movies that's so bad it starts to become good."
en:26,3,10,"The' the way,- the.",The film is a beautifully crafted,en,noise,32,ZAB,2,I love the robust middle of this picture.
en:33,14,28,"The film is aless few, but you''t like a more than a few minutes,theaterlls. your favorite-.",The film is a wonderfully realistic portrait of a man who has a gift for courage and courageousness.,en,noise,39,ZAB,1,"The Ring is worth a look, if you don't demand much more than a few cheap thrills from your Halloween entertainment."
en:44,4,14,"The' the way movieage, the feel it..",The film is a wonderfully realistic portrait of a,en,noise,50,ZAB,2,I like the new footage and still love the old stuff.
en:45,11,29,"The'ly manages with the-queism, but it  is theism is insly -- is atcliped..",The film is a wonderfully realistic portrait of a woman who has a gift for courage and courageousness.,en,noise,51,ZAB,1,"It briefly flirts with player masochism, but the point of real interest -- audience sadism -- is evaded completely."
en:46,3,15,The be Movie be be be be the good as the pred..,The film is a wonderfully realistic portrait of a woman's life.,en,noise,52,ZAB,0,Could The Country Bears really be as bad as its trailers?
en:50,4,8,The film is to littlely.,The film is a beautifully crafted,en,noise,56,ZAB,0,The film seems a dead weight.
en:51,15,48,"Thelely  humorhilarious, comedywellusy comedy, isy' at much like a movieer Down Niro, it' like movie is be be a aThe Heroband' aitor'cker''.","The movie is a wonderfully realistic portrait of a man who has a gift for courage and a gift for courageousness, but it's also a very",en,noise,57,ZAB,2,"Sparkling, often hilarious romantic jealousy comedy... Attal looks so much like a young Robert DeNiro that it seems the film should instead be called `My Husband Is Travis Bickle'."
en:53,11,22,"The beautifuly,,'s a surprisingly funnyinteresable, but alsointeresable.",The movie is a wonderfully realistic portrait of a,en,noise,59,ZAB,0,"A lousy movie that's not merely unwatchable, but also unlistenable."
en:55,15,42,"The beautiful,, a ac, aly,, for to feel transported to a world of a.dys Khan,il,, the is a only a great, but also director actor being.","The film is a wonderfully realistic portrait of a woman who has a gift for courage, courage, and determination, and is a rare gem to be found in a",en,noise,61,ZAB,2,"A strong script, powerful direction and splendid production design allows us to be transported into the life of Wladyslaw Szpilman, who is not only a pianist, but a good human being."
en:58,5,12,The's a beautifulcy moviemovieever'',The movie is a,en,noise,64,ZAB,1,It's a fanboy `what if?'
en:61,13,58,"The Kingedper a.,n, a his Greens, atiny,s firstlypicles, but it theed, the., the films a oseust,et wasomss the much-s was awe surprise surprise. totos'",The film is a wonderfully realistic portrait of a man who has a gift for sensitivity and a gift for understanding.,en,noise,67,ZAB,2,"Stephen Rea, Aidan Quinn, and Alan Bates play Desmond's legal eagles, and when joined by Brosnan, the sight of this grandiloquent quartet lolling in pretty Irish settings is a pleasant enough thing, `tis."
en:64,4,16,The is so good as the movie film York-ss Thu.,The film is a wonderfully realistic portrait of a man who,en,noise,70,ZAB,0,Everything was as superficial as the forced New Jersey lowbrow accent Uma had.
en:72,14,31,"The beautiful movie, a way, the word, but-, unless,while,ud,ful.scenxious.",The film is a wonderfully realistic portrait of a woman who is,en,noise,78,ZAB,0,"A zombie movie in every sense of the word -- mindless, lifeless, meandering, loud, painful, obnoxious."
en:77,7,31,Thely is is how audiences of have guys make -- the ad to to make it any but it it' the surprise' the kind.,"The film is a wonderfully realistic portrait of a woman who has a gift for courage and courageousness, and a gift that is rarely seen in a",en,noise,83,ZAB,1,"High Crimes knows the mistakes that bad movies make and is determined not to make them, and maybe that is nobility of a sort."
en:80,4,14,"The a beautiful, mysterydramalytheus comedycht..",The film is a beautiful,en,noise,86,ZAB,0,... a bland murder-on-campus yawner.
en:83,7,22,"Thefice to ablings andtive,, a occasionlyreadness ofmic to the.",The film is a wonderfully realistic portrait of a woman who,en,noise,89,ZAB,0,"Suffers from rambling, repetitive dialogue and the visual drabness endemic to digital video."
en:86,10,21,Thes a of the most originaling andalstions of the young story in made to a.,The film is a beautifully written and directed portrait of a man who,en,noise,92,ZAB,2,Features one of the most affecting depictions of a love affair ever committed to film.
en:96,9,32,"The the movieshed versionistic not a audience of a, find lost the aaneable,ly,y. aingculture.",The film is a wonderfully realistic portrait of a man who has a gift for courage and courageousness.,en,noise,102,ZAB,0,"Even a hardened voyeur would require the patience of Job to get through this interminable, shapeless documentary about the swinging subculture."
en:100,15,36,"The film is a wonderfulvived for a wellly the real,, haves have, the seriesclub.quence. and it's also aable,.","The film is a wonderfully realistic portrait of a man who has a gift for courage, courage, and courageousness.",en,noise,106,ZAB,1,"The film is a contrivance, as artificial as the video games Japanese teens play in a nightclub sequence, but it's an enjoyable one."
en:101,13,29,"The its best, filmplay is athar, the at its lo it manage a visual,'s attempt process,. thehood.",The film is a wonderfully realistic portrait of a woman who is a great artist and a great actress.,en,noise,107,ZAB,1,"At its worst the screenplay is callow, but at its best it is a young artist's thoughtful consideration of fatherhood."
en:107,11,26,The Bridge' a a beautifultakingly beautifuld por engaish por of artd.iveness.,The film is a wonderfully realistic portrait of a woman who is,en,noise,113,ZAB,2,Jeffs has created a breathtakingly assured and stylish work of spare dialogue and acute expressiveness.
en:131,8,21,"Themonelyle of a,bing, Yorkers is a kill interestnesserss.",The film is a wonderfully realistic portrait of a man who,en,noise,137,ZAB,1,Anemic chronicle of money grubbing New Yorkers and their serial loveless hook ups.
en:133,6,17,The the'm been to stick theside on the othermare the on.,The film is a wonderfully realistic portrait of a man who has a,en,noise,139,ZAB,1,And I've decided to leave a light on every night from now on.
en:143,9,24,The beautifuliyah isly manageps the audienceva- with to make ae interestmistry. hers.,The film is a wonderfully realistic portrait of a man who has a,en,noise,149,ZAB,1,Aaliyah rarely dampens her diva persona enough to spark genuine chemistry with Townsend.
en:146,10,25,The a have a great was to it for the-ing characterss from place in the end's premier..,The film is a wonderfully realistic portrait of a woman who is a great artist and a great actress.,en,noise,152,ZAB,1,... would be a total loss if not for two supporting performances taking place at the movie's edges.
en:147,18,42,"The extraordinaring and engawarmwarmfirmting por, a wondere needs of aese toes to in a.S. to- to to to escape them livess alive. a.","The film is a wonderfully realistic portrait of a woman who has a gift for courage and courageousness, and a gift that is rarely seen in a",en,noise,153,ZAB,2,An inspiring and heart-affecting film about the desperate attempts of Vietnamese refugees living in U.S. relocation camps to keep their hopes alive in 1975.
en:152,7,15,"The's character,est film most poiable film is.",The film is a wonderfully realistic portrait of,en,noise,158,ZAB,2,Allen's funniest and most likeable movie in years.
en:154,10,29,"The' a lotinglyabsence of theicism, the'', the the movieity in if if the case- genre.",The film is a wonderfully realistic portrait of a man who has a gift for courage and courageousness.,en,noise,160,ZAB,2,"There is a refreshing absence of cynicism in Stuart Little 2 -- quite a rarity, even in the family film market."
en:164,10,26,"The the the time of low-s of thecilitypops, theaity is is aspecta-.",The film is a wonderfully realistic portrait of a woman who is,en,noise,170,ZAB,0,"Even by the intentionally low standards of frat-boy humor, Sorority Boys is a bowser."
en:176,9,25,The filmly like visually of make even the whoing who have no patience for thepolAmerican.-s,"The film is a wonderfully realistic portrait of the human condition, but it's too much for the",en,noise,182,ZAB,2,"The stunning, dreamlike visuals will impress even those viewers who have little patience for Euro-film pretension."
en:191,12,24,"The thegie,es,, this is a thanetizing than the movie-sh.sortgus.",The film is a wonderfully realistic portrait of a man who,en,noise,197,ZAB,2,"For VeggieTales fans, this is more appetizing than a side dish of asparagus."
en:192,21,42,"The the's the' a year to point of the erath century, it iss to to again to the of thedents, the,, it iss aingly slow.","The film is a wonderfully realistic portrait of a woman who has a gift for courage and courageousness, and who is a gifted writer.",en,noise,198,ZAB,1,"While it regards 1967 as the key turning point of the 20th century, and returns again and again to images of dissidents in the streets, it's alarmingly current."
en:197,21,49,"The thesrows fromvily from the theth Six Sevenence of the Lambs, the iss to be its its  of humorphisticationnesssensitiv and aelikeized emotion. areck. audience into.","The film is a wonderfully realistic portrait of a woman who has a gift for courage, courage, and determination, and is a rare gem to be found in a",en,noise,203,ZAB,2,"While Tattoo borrows heavily from both Seven and The Silence of the Lambs, it manages to maintain both a level of sophisticated intrigue and human-scale characters that suck the audience in."
en:200,12,28,"The's a kind of of the year, far, and films the the the films Western filmsders are be standingd.",The film is a wonderfully realistic portrait of a woman who has a gift for courage and courageousness.,en,noise,206,ZAB,2,"It's the best film of the year so far, the benchmark against which all other Best Picture contenders should be measured."
en:201,10,14,The is a of the most filmsappointments of the year.,The movie is a wonderfully realistic portrait of a,en,noise,207,ZAB,0,This is one of the biggest disappointments of the year.
en:203,11,41,"The Villemed the the the storyries of the, the onsquare and sexhood lovesession --likeor-thind onft session a, wouldlinger like a  psycholog and emotional her.","The film is a wonderfully realistic portrait of a woman who has a gift for courage and courageousness, and is a wonderful example of courageousness.",en,noise,209,ZAB,1,"Denis forges out of the theories of class - based rage and sisterly obsession a razor-sided tuning fork that rings with cultural, sexual and social discord."
en:229,19,44,"The beautifully entertainmusful,, thell, bortively unotic, andly ppy, and little,m of thereal Powering' and ` 'atric-Theatur''",The film is a wonderfully realistic portrait of a woman who has a gift for courage and courageousness.,en,noise,235,ZAB,0,"A thoroughly awful movie -- dumb, narratively chaotic, visually sloppy... a weird amalgam of `The Thing' and a geriatric `Scream.'"
en:232,12,36,"The film is a connection for theuit no correctness, moral senseceit, and it iss a that than -- a for human audiencemakerswed characters characters.","The film is a wonderfully realistic portrait of the human condition, but it's too much for the kind of people who've been watching.",en,noise,238,ZAB,1,"The movie has no respect for laws, political correctness or common decency, but it displays something more important: respect for its flawed, crazy people."
en:238,16,36,"The' be aappointuous to say theese a movie film, but it'' it it half of the timecker in in the out of the movie-.","The film is a beautifully made portrait of a woman who has a gift for courage, for courage to be shared, and for courage to be shared.",en,noise,244,ZAB,1,"It would be disingenuous to call Reno a great film, but you can say that about most of the flicks moving in and out of the multiplex."
en:242,6,11,Theiguingly poirightfuriating.,The movie is a,en,noise,248,ZAB,2,Intriguing and downright intoxicating.
en:244,13,32,"The the best engaying feature about thele Thiso iseau is that it's a movie drama, in a who' has what about the.","The film is a wonderfully realistic portrait of a woman who has a gift for courage and courageousness, and is a rare gem to be found in a",en,noise,250,ZAB,0,Perhaps the most annoying thing about Who Is Cletis Tout? is that it's a crime movie made by someone who obviously knows nothing about crime.
en:246,8,26,"The filmrky, iss on delicat of the soul oness to the talent, enga-lys the Wei..",The film is a wonderfully realistic portrait of a woman who has a gift for courage and courageousness.,en,noise,252,ZAB,2,The quirky drama touches the heart and the funnybone thanks to the energetic and always surprising performance by Rachel Griffiths.
en:248,7,12,"The, uffling, the-go.",The movie is a beautiful,en,noise,254,ZAB,0,Bad and baffling from the get-go.
en:249,11,28,"The film is a wonderfult from the de, but wellncy asice and ay dialogue are you to a night experience-.",The film is a wonderfully realistic portrait of a woman who has a gift for courage and courageousness.,en,noise,255,ZAB,2,"The movie is a blast of educational energy, as bouncy animation and catchy songs escort you through the entire 85 minutes."
en:253,13,38,"The film deal of the filmlog is the ly s of a protagonist, who-nier, who isembles a.thelone. his,.-hoer",The film is a wonderfully realistic portrait of a man who has a gift for courage and a gift for courageousness.,en,noise,259,ZAB,1,"The real charm of this trifle is the deadpan comic face of its star, Jean Reno, who resembles Sly Stallone in a hot sake half-sleep."
en:260,15,56,"Theten is bet be the fewly by his first- -- thearings a his world- community a woman-class academic, a upp academic and man that'ss all worldists originale plot. theres the  of the original.","The film is a wonderfully realistic portrait of a man who has a gift for sensitivity and a gift for understanding, but is also a man who is a little...",en,noise,266,ZAB,1,"LaBute can't avoid a fatal mistake in the modern era: He's changed the male academic from a lower-class Brit to an American, a choice that upsets the novel's exquisite balance and shreds the fabric of the film."
en:264,7,17,"Thesh is a strange introduc, a funny that''t.",The film is a beautifully written and directed portrait of a,en,noise,270,ZAB,1,Gere gives a good performance in a film that doesn't merit it.
en:268,8,24,"The film' who his -s,, alylyrody, istheles down a subject theme.",The film is a wonderfully realistic portrait of a woman who is,en,noise,274,ZAB,0,"The director, with his fake backdrops and stately pacing, never settles on a consistent tone."
en:269,7,27,"The is' so the accesseign to the  is the' it direct,, ands, star -- is a compre.",The film is a wonderfully realistic portrait of a woman who has a gift for courage and courageousness.,en,noise,275,ZAB,0,"Why he was given free reign over this project -- he wrote, directed, starred and produced -- is beyond me."
en:270,11,27,"The you' a aed with a movieed's you''t a interested, you youys a you.","The film is a beautifully crafted, engaging portrait of a woman who has a gift for courage and courageousness.",en,noise,276,ZAB,0,"If you enjoy being rewarded by a script that assumes you aren't very bright, then Blood Work is for you."
en:271,9,37,"The ay Giulia,' theja is to be a deep,er getify the positiontic  of he audience film is tos  he a filmster.der.","The film is a beautifully made portrait of a man who was once a man, but now is a man, and a man, and a man, and a man, and a man, and a man, and a man, and a man.",en,noise,277,ZAB,0,"Like Rudy Yellow Lodge, Eyre needs to take a good sweat to clarify his cinematic vision before his next creation and remember the lessons of the trickster spider."
en:283,4,11,A to butaringlying..,The movie's plot is,en,noise,289,ZAB,2,"Hard, endearing, caring, warm."
en:285,12,38,The film thee'ses to love of the is the theful andsgraphic -- a kinds -- haveitelly representfy them a. is adyly funnying.,"The film is a wonderfully realistic portrait of a woman who has a gift for courage, determination, and determination.",en,noise,291,ZAB,2,The way Coppola professes his love for movies -- both colorful pop junk and the classics that unequivocally qualify as art -- is giddily entertaining.
en:293,18,41,"The''t best any imaginations it it's a the to be but's justly a movie, satitic pieceroundical experimenttion of the' a great so real.","The film is a wonderfully realistic portrait of a woman who has a gift for courage and courageousness, and a gift that will make her a",en,noise,299,ZAB,1,It won't bust your gut -- and it's not intended to -- it's merely a blandly cinematic surgical examination of what makes a joke a joke.
en:298,15,35,"The filmminationus movielooklya-flye-ter of the to thesion is is a strangey, lifetheurs-ys effect it.",The film is a beautifully crafted portrait of a woman who is,en,noise,304,ZAB,1,"The doofus-on-the-loose banter of Welcome to Collinwood has a cocky, after-hours loopiness to it."
en:299,9,16,The's a kindniest movie comedy offiti..,"The film is a beautifully crafted,",en,noise,305,ZAB,2,It's the funniest American comedy since Graffiti Bridge.
en:302,15,40,"Then,elingsome, afelting, watch, the itma' hisinski's performanceling performances are the film- the level of the genreellin-..",The film is a wonderfully realistic portrait of a woman who has a gift for courage and courageousness.,en,noise,308,ZAB,2,"Often gruelling and heartbreaking to witness, but Seldahl and Wollter's sterling performances raise this far above the level of the usual maudlin disease movie."
en:307,6,25,"The' aly the happenss left in the and,, the original of new is moreplaceteless",The film is a wonderfully realistic portrait of a woman who has a,en,noise,313,ZAB,1,"That is essentially what's missing from Blackboards -- the sense of something bigger, some ultimate point."
en:310,12,34,"The beautifullywitted, unme filmoffoff, the original Farm seriesy,, whichodile River, a,ist. its bestring.",The film is a wonderfully realistic portrait of a human being who has a gift for courage and courageousness.,en,noise,316,ZAB,0,"A dim-witted and lazy spin-off of the Animal Planet documentary series, Crocodile Hunter is entertainment opportunism at its most glaring."
en:322,9,23,"The extraordinarmusful lot,' not gety the most curiously imcontentable themakersers.",The film is a wonderfully original and well-crafted portrait of a,en,noise,328,ZAB,0,An awful movie that will only satisfy the most emotionally malleable of filmgoers.
en:344,30,67,"The knows iss film to theling the's mosts is a bling comedy poianeherent sati, the powergueness of lifes wisdom, and ada, the,s the ous and poientious satiavor. wills...likecused on undioouslyasperating.","The film is a wonderfully realistic portrait of a man who has a gift for courage and a gift for understanding, and is a man who is a man.",en,noise,350,ZAB,0,Godard's ode to tackling life's wonderment is a rambling and incoherent manifesto about the vagueness of topical excess... In Praise of Love remains a ponderous and pretentious endeavor that's unfocused and tediously exasperating.
en:346,16,42,"The' see understand across terms about the movie characters, the they not they're be up in in the thee iss characterity is ather a pleasanting nor satisf.. be us.",The film is a wonderfully realistic portrait of a man who has a gift for sensitivity and a gift for understanding.,en,noise,352,ZAB,0,"We never truly come to care about the main characters and whether or not they'll wind up together, and Michele's spiritual quest is neither amusing nor dramatic enough to sustain interest."
en:349,6,20,Thesuads performancethical is be been more mored-ranceight.,The film is a wonderfully realistic portrait of,en,noise,355,ZAB,1,"Peralta's mythmaking could have used some informed, adult hindsight."
en:356,13,35,"The films can be enjoy to see more time learning the kitchentheater, about aovyy lists, buying to make their stories about to to be. adultsocchio.",The film is a beautifully made portrait of a man who has a gift for sensitivity and a gift for understanding.,en,noise,362,ZAB,1,Adults will certainly want to spend their time in the theater thinking up grocery lists and ways to tell their kids how not to act like Pinocchio.
en:357,14,31,"The a funnyive as more as originalous as the pred to be, make out from but it' the been made to theion. a.","The film is a wonderfully realistic portrait of a woman who has a gift for courage and courageousness, and who is a gifted writer.",en,noise,363,ZAB,1,"Not as distinctive or even as humorous as its needs to be to stand out, but it has clearly been made with affection and care."
en:358,7,20,"The beautiful, drama,like any to be ad by any else of familyclasss.",The film is a wonderfully realistic portrait of a man who has a,en,noise,364,ZAB,0,A generic family comedy unlikely to be appreciated by anyone outside the under-10 set.
en:362,12,31,"Theppercre,director, A iss characters to make aianstyle American-realistismre...readfully flat.",The film is a wonderfully realistic portrait of a woman's life.,en,noise,368,ZAB,0,"Co-writer/director Jonathan Parker's attempts to fashion a Brazil-like, hyper-real satire fall dreadfully short."
en:371,5,16,The' doesn't feel the to to not the moviely.,The film is a wonderfully realistic portrait of a,en,noise,377,ZAB,1,It just doesn't have much else... especially in a moral sense.
en:372,7,24,The areformiliar characters theph moviess are have themselves Manm aallydering.,The film is a wonderfully realistic portrait of a,en,noise,378,ZAB,1,Those unfamiliar with Mormon traditions may find The Singles Ward occasionally bewildering.
en:374,5,19,"The the movie of director, is not the guess. and the thess.",The film is a wonderfully realistic portrait of a woman who is,en,noise,380,ZAB,2,"But the talented cast alone will keep you watching, as will the fight scenes."
en:378,10,24,"The extraordinar and, but er of the importance of themaking make people beyond to make us feel the lives.",The film is a wonderfully realistic portrait of a woman who has a gift for courage and courageousness.,en,noise,384,ZAB,2,"An important movie, a reminder of the power of film to move us and to make us examine our values."
en:380,11,24,"The beautifully craftd and poible realistd, a talented director who is has a to his.",The film is a wonderfully realistic portrait of a woman who has a gift for courage and courageousness.,en,noise,386,ZAB,2,A richly imagined and admirably mature work from a gifted director who definitely has something on his mind.
en:383,9,22,The the as more about that the's a movie audiencethri to'tainates the.,The film is a wonderfully realistic portrait of a woman's life.,en,noise,389,ZAB,2,But what's nice is that there's a casual intelligence that permeates the script.
en:388,10,28,"Thes likelightly like if it were a olded movie film butbeit with that with a-,. the.",The film is a wonderfully realistic portrait of a woman who has a gift for courage and courageousness.,en,noise,394,ZAB,1,"Feels slight, as if it were an extended short, albeit one made by the smartest kids in class."
en:389,7,13,The film is't look what's been movie.,The film is a beautiful,en,noise,395,ZAB,1,The picture doesn't know it's a comedy.
en:395,10,26,"The's a beautifullinesning, afully made, andly shot --,ly..",The film is a wonderfully realistic portrait of a,en,noise,401,ZAB,2,"It's a head-turner -- thoughtfully written, beautifully read and, finally, deeply humanizing."
en:398,11,33,Thedel black is iss ate originalficance -- a's a kind-fi movie that that it.iglewoodupob'atsize,The film is a wonderfully realistic portrait of a woman who has a gift for courage and courageousness.,en,noise,404,ZAB,0,Men in Black II achieves ultimate insignificance -- it's the sci-fi comedy spectacle as Whiffle-Ball epic.
en:400,12,29,"Thes a beautiful deal, alsoing to capture a sense to the to be about our obvious basics of of the naturecency.",The film is a wonderfully realistic portrait of a woman who has a gift for courage and courageousness.,en,noise,5,ZDM,1,Presents a good case while failing to provide a reason for us to care beyond the very basic dictums of human decency.
en:402,7,24,"Thee is a Name Po a much wonderfullaws,' be hard to yous to pointrug..",The film is a wonderfully realistic portrait of a man who has a gift for,en,noise,7,ZDM,0,"Bread, My Sweet has so many flaws it would be easy for critics to shred it."
en:408,16,40,"The youances Wilde a aelveaksed to a littlech, would have been a moreer, but that which that that's a far that's to rain a.","The film is a wonderfully realistic portrait of the human condition, but it's a little too much for the sensitivity of the audience.",en,noise,14,ZDM,1,"If Deuces Wild had been tweaked up a notch it would have become a camp adventure, one of those movies that's so bad it starts to become good."
en:426,3,10,The' the wayness- the.,The film is a beautifully written and,en,noise,32,ZDM,2,I love the robust middle of this picture.
en:433,14,28,"The film is aless few, but you''t like a more than a few minutesertheaterlls. your favorite-.",The film is a wonderfully realistic portrait of a woman who has a gift for courage and courageousness.,en,noise,39,ZDM,1,"The Ring is worth a look, if you don't demand much more than a few cheap thrills from your Halloween entertainment."
en:444,6,14,"The' the way movieage, the feel the old one.",The film is a wonderfully realistic portrait of a woman's life.,en,noise,50,ZDM,2,I like the new footage and still love the old stuff.
en:445,11,29,"The'ly manages with the-queism, but it  is theism is insly -- is lostcliped..",The film is a wonderfully realistic portrait of a woman who has a gift for courage and courageousness.,en,noise,51,ZDM,1,"It briefly flirts with player masochism, but the point of real interest -- audience sadism -- is evaded completely."
en:446,3,15,The be Movie be be be be a good as the..,The film is a wonderfully realistic portrait of a,en,noise,52,ZDM,0,Could The Country Bears really be as bad as its trailers?
en:450,4,8,The film is to littlely.,The film is a beautifully crafted,en,noise,56,ZDM,0,The film seems a dead weight.
en:451,13,48,"Thelely  humorflarious, comedywellusy comedy, isicus' at much like a movieer Down Niro, it' like movie is be be a aThe Heroband' aitor'cker'..","The movie is a wonderfully realistic portrait of a woman who has a gift for courage and courageousness, but it's also a very emotional portrait.",en,noise,57,ZDM,2,"Sparkling, often hilarious romantic jealousy comedy... Attal looks so much like a young Robert DeNiro that it seems the film should instead be called `My Husband Is Travis Bickle'."
en:453,11,22,"The beautifuly,,'s a surprisingly funnyinteresable, but alsointeresable.",The film is a wonderfully realistic portrait of a,en,noise,59,ZDM,0,"A lousy movie that's not merely unwatchable, but also unlistenable."
en:455,15,42,"The beautiful,, aly, alys, for to feel transported to a world of a.dys Khan andil,, the is a only a great, but also director actor being.",The film is a wonderfully realistic portrait of a man who has a gift for courage and a gift for understanding.,en,noise,61,ZDM,2,"A strong script, powerful direction and splendid production design allows us to be transported into the life of Wladyslaw Szpilman, who is not only a pianist, but a good human being."
en:458,5,12,The's a beautifulcy moviemovieever'',The film is a beautiful,en,noise,64,ZDM,1,It's a fanboy `what if?'
en:461,13,58,"The Kingedper who.,n, a his Greens, atiny,s newlypicles, but it theyed, the., the films a oseust,et wasomss the much-s was awe surprise surprise. toss'","The film is a wonderfully realistic portrait of a woman who is a great artist, and who is a great actress, but who is the woman who makes her films?",en,noise,67,ZDM,2,"Stephen Rea, Aidan Quinn, and Alan Bates play Desmond's legal eagles, and when joined by Brosnan, the sight of this grandiloquent quartet lolling in pretty Irish settings is a pleasant enough thing, `tis."
en:464,4,16,The is so good as the movie York-ss Thu.,The film is a wonderfully realistic portrait of a man who,en,noise,70,ZDM,0,Everything was as superficial as the forced New Jersey lowbrow accent Uma had.
en:472,14,31,"The beautiful movie, the way, the word, but-, unless, andwhile,ud,ful.scenxious.","The film is a wonderfully realistic portrait of a human being, but it's too",en,noise,78,ZDM,0,"A zombie movie in every sense of the word -- mindless, lifeless, meandering, loud, painful, obnoxious."
en:477,7,31,Thely is is how audiences of have guys make -- the ad to to make it any but it it' the surprise. the kind.,"The movie is a wonderfully realistic portrait of a woman who has a gift for courage and courageousness, and is a wonderfully talented actress.",en,noise,83,ZDM,1,"High Crimes knows the mistakes that bad movies make and is determined not to make them, and maybe that is nobility of a sort."
en:480,4,14,"The a beautiful, mysterydramalytheus comedycht..",The film is a beautiful,en,noise,86,ZDM,0,... a bland murder-on-campus yawner.
en:483,7,22,"Thefice to ablings totive,, a occasionlyreadness ofmic to the media.","The film is a wonderfully realistic portrait of a woman's life, but it's too",en,noise,89,ZDM,0,"Suffers from rambling, repetitive dialogue and the visual drabness endemic to digital video."
en:486,10,21,"Thes a of the most ing filmsalstions of the woman story, made to a.",The movie is a wonderfully realistic portrait of a man who has a gift for,en,noise,92,ZDM,2,Features one of the most affecting depictions of a love affair ever committed to film.
en:496,10,32,"The the littleshed versionistic not a audience of a, find lost the aaneable,less,y.ingculture.",The film is a wonderfully realistic portrait of a man who has a gift for courage and courageousness.,en,noise,102,ZDM,0,"Even a hardened voyeur would require the patience of Job to get through this interminable, shapeless documentary about the swinging subculture."
en:500,15,36,"The film is a wonderfulvived for a wellly the real,, haves have, the seriesclub.quence. and it's also aable,.",The film is a wonderfully realistic portrait of a woman who has a gift for courage and courageousness.,en,noise,106,ZDM,1,"The film is a contrivance, as artificial as the video games Japanese teens play in a nightclub sequence, but it's an enjoyable one."
en:501,14,29,"The its best, filmplay is athar, the at its lo it is a visual,'s work process and. thehood.",The film is a wonderfully realistic portrait of a woman who has a gift for courage and courageousness.,en,noise,107,ZDM,1,"At its worst the screenplay is callow, but at its best it is a young artist's thoughtful consideration of fatherhood."
en:507,11,26,"The Bridge' a a wonderfultakingly beautifuld por engaish por, art time, aiveness.",The film is a wonderfully realistic portrait of a man who has a gift for,en,noise,113,ZDM,2,Jeffs has created a breathtakingly assured and stylish work of spare dialogue and acute expressiveness.
en:531,8,21,"Themonelyle of a,bing, Yorkers is a families kill interestnesserss.",The film is a beautifully written and directed portrait of a man who,en,noise,137,ZDM,1,Anemic chronicle of money grubbing New Yorkers and their serial loveless hook ups.
en:533,7,17,The the'm been to stick theside on the other. now on.,The film is a wonderfully realistic portrait of a man who,en,noise,139,ZDM,1,And I've decided to leave a light on every night from now on.
en:543,8,24,"The beautifulloh isly manageps its audienceva-, to makeemistry. hers.",The film is a wonderfully realistic portrait of a,en,noise,149,ZDM,1,Aaliyah rarely dampens her diva persona enough to spark genuine chemistry with Townsend.
en:546,10,25,The a have a great was to it for the-ing characterss. place in the end's premier..,The film is a wonderfully realistic portrait of a woman who has a gift for courage.,en,noise,152,ZDM,1,... would be a total loss if not for two supporting performances taking place at the movie's edges.
en:547,18,42,"The extraordinaring and engawarmwarmfirmting por, a wondere needs of aese womenes to in a.S. citiespublic. to to escape them livess alive. a.","The film is a wonderfully realistic portrait of a woman who has a gift for courage and courageousness, and is a wonderful example of courageousness.",en,noise,153,ZDM,2,An inspiring and heart-affecting film about the desperate attempts of Vietnamese refugees living in U.S. relocation camps to keep their hopes alive in 1975.
en:552,8,15,"The's film,est film most engaable movie is.","The movie is a beautifully written,",en,noise,158,ZDM,2,Allen's funniest and most likeable movie in years.
en:554,10,29,"The' a certaininglyabsence of theicism, the'', the the movieity in if if the- genre.",The movie is a wonderfully realistic portrait of a woman who has a gift for courage and courageousness.,en,noise,160,ZDM,2,"There is a refreshing absence of cynicism in Stuart Little 2 -- quite a rarity, even in the family film market."
en:564,8,26,"The the the time of small-s of thecilitypops, theaity is isspecta-.",The film is a wonderfully realistic portrait of a woman who has a,en,noise,170,ZDM,0,"Even by the intentionally low standards of frat-boy humor, Sorority Boys is a bowser."
en:576,11,25,The filmly like visuals of make even the whoing who have no patience for the-American.-s,The film is a wonderfully realistic portrait of a woman who is a great artist.,en,noise,182,ZDM,2,"The stunning, dreamlike visuals will impress even those viewers who have little patience for Euro-film pretension."
en:591,12,24,"The thegie,es,, this is a thanetizing than the movie-sh.sortgus.",The film is a wonderfully realistic portrait of a man who,en,noise,197,ZDM,2,"For VeggieTales fans, this is more appetizing than a side dish of asparagus."
en:592,20,42,"The the's the' a year to point of the erath century, it iss to to again to the and thedents and the,, it iss aingly.","The film is a wonderfully realistic portrait of a woman who has a gift for courage and courageousness, and is a wonderful example of courageousness.",en,noise,198,ZDM,1,"While it regards 1967 as the key turning point of the 20th century, and returns again and again to images of dissidents in the streets, it's alarmingly current."
en:597,21,49,"The the isrows fromvily from the theth Six Sevenence of the Lambs, the's to be its its  of humorphisticationnesssensitiv and aelikeized beauty. areck. audience..","The film is a wonderfully realistic portrait of a woman who has a gift for courage and a gift for courageousness, and is a wonderful example of courageousness in a",en,noise,203,ZDM,2,"While Tattoo borrows heavily from both Seven and The Silence of the Lambs, it manages to maintain both a level of sophisticated intrigue and human-scale characters that suck the audience in."
en:600,12,28,"The's a kind of of the year, far, but storys the the the films Western filmsders have be standingd.",The film is a wonderfully realistic portrait of a woman who is a great artist and a great actress.,en,noise,206,ZDM,2,"It's the best film of the year so far, the benchmark against which all other Best Picture contenders should be measured."
en:601,10,14,The is a of the most filmsappointments of the year.,The film is a wonderfully realistic portrait of a,en,noise,207,ZDM,0,This is one of the biggest disappointments of the year.
en:603,11,41,"The Villemed the the the storyries of the, the onsquare and sexhood lovesession --likeor-thind onft- a,'linger like a  and emotional her.",The film is a wonderfully realistic portrait of a man who has a gift for sensitivity and a gift for understanding.,en,noise,209,ZDM,1,"Denis forges out of the theories of class - based rage and sisterly obsession a razor-sided tuning fork that rings with cultural, sexual and social discord."
en:629,19,44,"The beautifully entertainmusful,, thell, dutively unotic, andly ppy, and little,m of comedylove Hungering' and ` 'atric-Theaturer'",The film is a wonderfully realistic portrait of a woman who has a gift for courage and courageousness.,en,noise,235,ZDM,0,"A thoroughly awful movie -- dumb, narratively chaotic, visually sloppy... a weird amalgam of `The Thing' and a geriatric `Scream.'"
en:632,12,36,"The film is a connection for theuit no correctness, moral senseceit, and it iss a that than -- a for human audiencemakerswed characters characters.",The film is a wonderfully realistic portrait of a woman who is a great artist and a great actress.,en,noise,238,ZDM,1,"The movie has no respect for laws, political correctness or common decency, but it displays something more important: respect for its flawed, crazy people."
en:638,15,36,"The' be aappointuous to say theese a movie film, but it'' it it half of the timecker in in the out. the movie-.","The film is a wonderfully realistic portrait of a woman who has a gift for courage, courage, and determination.",en,noise,244,ZDM,1,"It would be disingenuous to call Reno a great film, but you can say that about most of the flicks moving in and out of the multiplex."
en:642,6,11,Aiguingly comprightfuriating.,A beautifully written,en,noise,248,ZDM,2,Intriguing and downright intoxicating.
en:644,13,32,"The the best engaying of about thele Thiso iseau is that it's a movie drama, in a who' has what about the.","The film is a wonderfully realistic portrait of a woman who has a gift for courage and courageousness, and a gift that is rarely seen in a",en,noise,250,ZDM,0,Perhaps the most annoying thing about Who Is Cletis Tout? is that it's a crime movie made by someone who obviously knows nothing about crime.
en:646,8,26,"The filmrky, iss on nerv of the soul oness to the wonderful, characterss Wei..",The film is a wonderfully realistic portrait of a man who has a gift for courage and courageousness.,en,noise,252,ZDM,2,The quirky drama touches the heart and the funnybone thanks to the energetic and always surprising performance by Rachel Griffiths.
en:648,7,12,"The, uffling, the-go.",The movie is a beautifully written,en,noise,254,ZDM,0,Bad and baffling from the get-go.
en:649,11,28,"The film is a wonderfult from the material, but wellncy asadolescent and y music are you to a night experience-.",The film is a wonderfully realistic portrait of a woman who has a gift for courage and courageousness.,en,noise,255,ZDM,2,"The movie is a blast of educational energy, as bouncy animation and catchy songs escort you through the entire 85 minutes."
en:653,13,38,"The film story of the movielog is the lyness book of a protagonist, who-nier, who isembles aheldthelone' the,.-hoer","The film is a wonderfully realistic portrait of a woman who has a gift for courage, courage, and courageousness.",en,noise,259,ZDM,1,"The real charm of this trifle is the deadpan comic face of its star, Jean Reno, who resembles Sly Stallone in a hot sake half-sleep."
en:660,17,56,"Theten is bet be the fewly by his first- -- thearings a his world lead community a woman-class academic, a upp academic and man that'sets all worldists originale plot and theres the moral of the original.","The film is a wonderfully realistic portrait of the human condition, but it's a little too much for the kind of woman who's been a victim of the sex industry for a long time.",en,noise,266,ZDM,1,"LaBute can't avoid a fatal mistake in the modern era: He's changed the male academic from a lower-class Brit to an American, a choice that upsets the novel's exquisite balance and shreds the fabric of the film."
en:664,7,17,"Thesh is a strange chance, a funny that''t.",The film is a wonderfully realistic portrait of a man who,en,noise,270,ZDM,1,Gere gives a good performance in a film that doesn't merit it.
en:668,7,24,"The film' who his -s,, alylyrody, istheled down a subject theme.",The film is a wonderfully realistic portrait of a woman who is,en,noise,274,ZDM,0,"The director, with his fake backdrops and stately pacing, never settles on a consistent tone."
en:669,7,27,"The is' so a accesseign to the  is the' it direct,, ands, star -- is a compre.",The film is a wonderfully realistic portrait of a woman who is a great artist and a great actress.,en,noise,275,ZDM,0,"Why he was given free reign over this project -- he wrote, directed, starred and produced -- is beyond me."
en:670,12,27,"The you' a aed with a beautiful that iss you''t a interested, you youys a you.",The film is a wonderfully realistic portrait of a man who has a gift for life and a gift for,en,noise,276,ZDM,0,"If you enjoy being rewarded by a script that assumes you aren't very bright, then Blood Work is for you."
en:671,9,37,"The ay Giulia,' theja is to be a deep,y getify the positiontic  of he audience film. iss he his moviester.der.","The film is a wonderfully realistic portrait of a woman who has a gift for courage and courageousness, and is a wonderful example of courageousness in a",en,noise,277,ZDM,0,"Like Rudy Yellow Lodge, Eyre needs to take a good sweat to clarify his cinematic vision before his next creation and remember the lessons of the trickster spider."
en:683,4,11,"The to comparinglying,,",The film is a,en,noise,289,ZDM,2,"Hard, endearing, caring, warm."
en:685,13,38,The film thee andses to love of the is the theful andswise -- a kinds -- haveitelly representfy as a. is adylying.,"The movie is a wonderfully realistic portrait of a woman who has a gift for courage and courageousness, and a gift that will make her a great woman.",en,noise,291,ZDM,2,The way Coppola professes his love for movies -- both colorful pop junk and the classics that unequivocally qualify as art -- is giddily entertaining.
en:693,17,41,"The''t best any imaginations it it wills a the to be but's justly a movie, satitic porroundical experimenttion of the' a human so real.","The movie is a wonderfully realistic portrait of a woman who has a gift for courage and courageousness, and is a wonderfully",en,noise,299,ZDM,1,It won't bust your gut -- and it's not intended to -- it's merely a blandly cinematic surgical examination of what makes a joke a joke.
en:698,16,35,"The filmomus filmthelya-flye-ter of the to thesion is is a surprisingy, -theurs-ys feel it.",The film is a wonderfully realistic portrait of a man who has a,en,noise,304,ZDM,1,"The doofus-on-the-loose banter of Welcome to Collinwood has a cocky, after-hours loopiness to it."
en:699,9,16,"The's a kindniest, comedy offiti..",The film is a beautifully written and,en,noise,305,ZDM,2,It's the funniest American comedy since Graffiti Bridge.
en:702,15,40,"Then,elingsome, unfelting, watch, the itma' hisinski's performanceling performances are the film- the level of the genreellin'..","The film is a wonderfully realistic portrait of a woman who has a gift for courage and courageousness, but it's also a",en,noise,308,ZDM,2,"Often gruelling and heartbreaking to witness, but Seldahl and Wollter's sterling performances raise this far above the level of the usual maudlin disease movie."
en:707,6,25,"The' aly the happenss left in the and,, the original of humor new is moreplaceteless",The movie is a wonderfully realistic portrait of a woman who is a,en,noise,313,ZDM,1,"That is essentially what's missing from Blackboards -- the sense of something bigger, some ultimate point."
en:710,13,34,"The beautifullywitted, unme movieoffoff of the original Farm,y,, whichodile Rivers a.ist. its finring.",The film is a wonderfully realistic portrait of a woman who has a gift for courage and courageousness.,en,noise,316,ZDM,0,"A dim-witted and lazy spin-off of the Animal Planet documentary series, Crocodile Hunter is entertainment opportunism at its most glaring."
en:722,9,23,"The extraordinarmusful lot,' not gety the most advently imcontentable usmakersers.",The film is a wonderfully realistic portrait of a woman who,en,noise,328,ZDM,0,An awful movie that will only satisfy the most emotionally malleable of filmgoers.
en:744,31,67,"Theless's film to theling the's mosts is a bling comedy poianeherent tale, the powergueness of lifes wisdom, and theda, God,s the ous and inentious workavor. wills...likecused on undioously unasperating.","The film is a wonderfully realistic portrait of a woman who has a gift for courage, courage, and determination -- and is a rare find in the",en,noise,350,ZDM,0,Godard's ode to tackling life's wonderment is a rambling and incoherent manifesto about the vagueness of topical excess... In Praise of Love remains a ponderous and pretentious endeavor that's unfocused and tediously exasperating.
en:746,17,42,"The' see understand across terms about the movie characters, the they not they've be up in in the thee's characterity is ather a pleasanting nor entertain.. be us.","The film is a wonderfully realistic portrait of a woman who has a gift for courage, courage, and determination -- and is a rare find in the",en,noise,352,ZDM,0,"We never truly come to care about the main characters and whether or not they'll wind up together, and Michele's spiritual quest is neither amusing nor dramatic enough to sustain interest."
en:749,6,20,Thesuatelys thical is be been more mored-ranceight.,The film is a wonderfully realistic portrait of,en,noise,355,ZDM,1,"Peralta's mythmaking could have used some informed, adult hindsight."
en:756,12,35,"The, can be enjoy to see more time learning a kitchentheater, about aovyy lists, buying to make their stories about to to be. kidsocchio.","The film is a wonderfully realistic portrait of a man who has a gift for courage, courage, and courage to make a difference.",en,noise,362,ZDM,1,Adults will certainly want to spend their time in the theater thinking up grocery lists and ways to tell their kids how not to act like Pinocchio.
en:757,13,31,The a funnyive as more as originalous as the pred to be satisfied satisf the from but it' the been made to aion. emotion.,"The movie is a wonderfully realistic portrait of a man who has a gift for courage, courage, and courage to live a life of love.",en,noise,363,ZDM,1,"Not as distinctive or even as humorous as its needs to be to stand out, but it has clearly been made with affection and care."
en:758,8,20,"The beautiful, drama,like any to be ad by anyone. of familyclasss.",The movie is a wonderfully realistic portrait of a woman's life.,en,noise,364,ZDM,0,A generic family comedy unlikely to be appreciated by anyone outside the under-10 set.
en:762,12,31,"Theppercre,director, A iss novels to make a movieianstyle American American-realistismre are shortreadfully flat.",The film is a wonderfully realistic portrait of a woman who is,en,noise,368,ZDM,0,"Co-writer/director Jonathan Parker's attempts to fashion a Brazil-like, hyper-real satire fall dreadfully short."
en:771,4,16,The' feel't feel the to to not the moviely.,The film is a wonderfully realistic portrait of the,en,noise,377,ZDM,1,It just doesn't have much else... especially in a moral sense.
en:772,8,24,The moviesformiliar characters themon moviess are have themselves Girl Man am aally funnydering.,The film is a wonderfully realistic portrait of a human being.,en,noise,378,ZDM,1,Those unfamiliar with Mormon traditions may find The Singles Ward occasionally bewildering.
en:774,5,19,"The the film of director, is not the guess. and the thess.",The film is a wonderfully realistic portrait of a woman who is,en,noise,380,ZDM,2,"But the talented cast alone will keep you watching, as will the fight scenes."
en:778,10,24,"The extraordinar and, but er of the difficult of themaking make people beyond to make us feel the lives.",The movie is a wonderfully realistic portrait of a woman who has a gift for courage and courageousness.,en,noise,384,ZDM,2,"An important movie, a reminder of the power of film to move us and to make us examine our values."
en:780,9,24,"The beautifully craftd, poible realistd, a talented and who is has a to his.",The film is a wonderfully realistic portrait of a woman who is a great artist.,en,noise,386,ZDM,2,A richly imagined and admirably mature work from a gifted director who definitely has something on his mind.
en:783,9,22,The the as more about that the's a movie audiencethri to'tainates the.,The film is a wonderfully realistic portrait of a human being,en,noise,389,ZDM,2,But what's nice is that there's a casual intelligence that permeates the script.
en:788,10,28,"Thes likelightly like if it were a olded movie film butbeit with that for a director-,. the.",The film is a wonderfully realistic portrait of a woman who has a gift for courage and courageousness.,en,noise,394,ZDM,1,"Feels slight, as if it were an extended short, albeit one made by the smartest kids in class."
en:789,7,13,The film is't look what's coming movie.,The film is a beautifully written,en,noise,395,ZDM,1,The picture doesn't know it's a comedy.
en:795,10,26,"The's a beautifullinesning, afully made, andly shot, a ultima,ly..",The film is a wonderfully original and well-crafted portrait of a,en,noise,401,ZDM,2,"It's a head-turner -- thoughtfully written, beautifully read and, finally, deeply humanizing."
en:798,10,33,The' black is iss ate originalficance by a's a kind-fi movie that that it.iglewoodupob'atsize,The film is a wonderfully realistic portrait of a woman who has a gift for courage.,en,noise,404,ZDM,0,Men in Black II achieves ultimate insignificance -- it's the sci-fi comedy spectacle as Whiffle-Ball epic.
en:800,11,29,"Theing a beautiful story, alsoing to capture a sense to the to be about our obvious basics of of the naturecency.","The film is a beautifully crafted, engaging portrait of a woman who has a gift for courage and courageousness.",en,noise,5,ZDN,1,Presents a good case while failing to provide a reason for us to care beyond the very basic dictums of human decency.
en:802,6,24,"Thee is a Name Po a much wonderfullaws,' be hard to as to pointrug, from",The film is a wonderfully realistic portrait of a man who has a gift for courage and courageousness.,en,noise,7,ZDN,0,"Bread, My Sweet has so many flaws it would be easy for critics to shred it."
en:808,16,40,"The youances Wilde a aelveaked to, littlech, would have been a moreer, but that which that that's a far that's to rain a.","The film is a wonderfully realistic portrait of a man who has a gift for courage, courage, and courage to be a man of faith.",en,noise,14,ZDN,1,"If Deuces Wild had been tweaked up a notch it would have become a camp adventure, one of those movies that's so bad it starts to become good."
en:826,3,10,"The' the way,- the.","The film is a beautifully crafted,",en,noise,32,ZDN,2,I love the robust middle of this picture.
en:833,15,28,"The film is aless few, but you''t like a more than a few minutesthrills. your favorite-.",The film is a wonderfully realistic portrait of a man who has a gift for life and a gift for,en,noise,39,ZDN,1,"The Ring is worth a look, if you don't demand much more than a few cheap thrills from your Halloween entertainment."
en:844,4,14,"The' the way movieage, the feel it..",The movie is a wonderfully realistic portrait of a,en,noise,50,ZDN,2,I like the new footage and still love the old stuff.
en:845,11,29,"The'ly manages with the-queism, but it  is theism is insly -- is lostcliped..",The film is a wonderfully realistic portrait of a woman who is a great artist and a great actress.,en,noise,51,ZDN,1,"It briefly flirts with player masochism, but the point of real interest -- audience sadism -- is evaded completely."
en:846,3,15,The be Movie be be be be a good as the pred..,The film is a wonderfully realistic portrait of a man who,en,noise,52,ZDN,0,Could The Country Bears really be as bad as its trailers?
en:850,3,8,The movie is to littlely.,The movie is a beautiful,en,noise,56,ZDN,0,The film seems a dead weight.
en:851,14,48,"Thelely  humorflarious, comedywellusy comedy, isicus' at much like a movieer Down Niro, it' like movie is be be a aThe Heroband' aitor'cker''.","The film is a wonderfully realistic portrait of a woman who has a gift for courage, for courageousness, and for courageousness.",en,noise,57,ZDN,2,"Sparkling, often hilarious romantic jealousy comedy... Attal looks so much like a young Robert DeNiro that it seems the film should instead be called `My Husband Is Travis Bickle'."
en:853,11,22,"The beautifuly,,'s a surprisingly funnyinteresable, but alsointeresable.","The film is a beautifully crafted, engaging and",en,noise,59,ZDN,0,"A lousy movie that's not merely unwatchable, but also unlistenable."
en:855,15,42,"The beautiful,, aly, alys, the to feel transported to a world of a.dys Khan,il,, the is a only a great, but also director  being.","The movie is a wonderfully realistic portrait of a woman who has a gift for courage, courage, and courage to be a woman.",en,noise,61,ZDN,2,"A strong script, powerful direction and splendid production design allows us to be transported into the life of Wladyslaw Szpilman, who is not only a pianist, but a good human being."
en:858,5,12,The's a beautiful- moviemovieever'',The movie is a,en,noise,64,ZDN,1,It's a fanboy `what if?'
en:861,12,58,"The Kingedper who.,n, is his Greens, atiny,s firstlypicles, but it theyed, the., they films a osevedt,et wasomss the much-s was awe surprise surprise. butbes'","The film is a wonderfully realistic portrait of a woman who has a gift for courage, courage, and courage to make a difference in the world.",en,noise,67,ZDN,2,"Stephen Rea, Aidan Quinn, and Alan Bates play Desmond's legal eagles, and when joined by Brosnan, the sight of this grandiloquent quartet lolling in pretty Irish settings is a pleasant enough thing, `tis."
en:864,4,16,The is so good as the movie film York-ss Thu.,The film is a wonderfully realistic portrait of a human being.,en,noise,70,ZDN,0,Everything was as superficial as the forced New Jersey lowbrow accent Uma had.
en:872,13,31,"The beautiful movie, a way, the word, but-, unless, andwhile,us,ful.scenxious.",The film is a wonderfully realistic portrait of a woman who has a gift for courage.,en,noise,78,ZDN,0,"A zombie movie in every sense of the word -- mindless, lifeless, meandering, loud, painful, obnoxious."
en:877,7,31,Thely is is how audiences of have guys make -- the ad to to make it more but it it' the surprise. the kind.,"The film is a beautifully written and directed portrait of a woman who has a gift for courage and courageousness, but is also a",en,noise,83,ZDN,1,"High Crimes knows the mistakes that bad movies make and is determined not to make them, and maybe that is nobility of a sort."
en:880,4,14,"The a beautiful, mysterydramalytheus comedycht..",The movie is a,en,noise,86,ZDN,0,... a bland murder-on-campus yawner.
en:883,8,22,"Thefice to abling, andtive,, a occasionlyreadness ofmic to the form.",The film is a wonderfully realistic portrait of a man who,en,noise,89,ZDN,0,"Suffers from rambling, repetitive dialogue and the visual drabness endemic to digital video."
en:886,10,21,Thes a of the most originaling andalstions of the woman story in made to a.,The film is a wonderfully realistic portrait of a man who has a,en,noise,92,ZDN,2,Features one of the most affecting depictions of a love affair ever committed to film.
en:896,10,32,"The the movieshed versionistic not a audience of a, find lost the aaneable,less,y. aingculture.",The film is a wonderfully realistic portrait of a woman who has a gift for courage and courageousness.,en,noise,102,ZDN,0,"Even a hardened voyeur would require the patience of Job to get through this interminable, shapeless documentary about the swinging subculture."
en:900,16,36,"The film is a wonderfulvived for a wellly the real,, haves have in the seriesclub.quence. and it's a aable,.","The film is a wonderfully realistic portrait of a woman who has a gift for courage, courage, and courageousness.",en,noise,106,ZDN,1,"The film is a contrivance, as artificial as the video games Japanese teens play in a nightclub sequence, but it's an enjoyable one."
en:901,13,29,"The its best, film- is athar, the at its lo it is a visual,'s process,. hishood.",The film is a wonderfully realistic portrait of a man who has a gift for courage and courageousness.,en,noise,107,ZDN,1,"At its worst the screenplay is callow, but at its best it is a young artist's thoughtful consideration of fatherhood."
en:907,11,26,The Bridge' a a beautifultakingly beautifuld por engaish por of art time.iveness.,The film is a wonderfully realistic portrait of a woman who is,en,noise,113,ZDN,2,Jeffs has created a breathtakingly assured and stylish work of spare dialogue and acute expressiveness.
en:931,8,21,"Themonelyle of a,bing, Yorkers, a friends kill interestnesserss.",The film is a beautifully written and directed portrait of a man who was,en,noise,137,ZDN,1,Anemic chronicle of money grubbing New Yorkers and their serial loveless hook ups.
en:933,7,17,The the'm been to stick theside on the othermare now on.,The film is a wonderfully realistic portrait of a woman who is,en,noise,139,ZDN,1,And I've decided to leave a light on every night from now on.
en:943,9,24,"The beautifuliyah isly manageps its audienceva-, to make ae interestmistry. hers.",The film is a wonderfully realistic portrait of a woman who,en,noise,149,ZDN,1,Aaliyah rarely dampens her diva persona enough to spark genuine chemistry with Townsend.
en:946,10,25,The a have a great was to it for the-ing characterss from place in the end's premier..,The film is a wonderfully realistic portrait of a woman who has a gift for courage and courageousness.,en,noise,152,ZDN,1,... would be a total loss if not for two supporting performances taking place at the movie's edges.
en:947,16,42,"The extraordinaring and engawarmwarmfirmting por, a wondere needs of a to toes to in atahS. to- to to to escape their livess alive. a'",The film is a wonderfully original and well-crafted portrait of a man who has a gift for sensitivity and a gift for understanding.,en,noise,153,ZDN,2,An inspiring and heart-affecting film about the desperate attempts of Vietnamese refugees living in U.S. relocation camps to keep their hopes alive in 1975.
en:953,13,38,"The film story of the filmlog is the lynesss of a protagonist, who-nier, who isembles a.thelone' the, commercial-hoer",The movie is a wonderfully realistic portrait of a man who has a gift for courage and a gift for understanding.,en,noise,259,ZDN,1,"The real charm of this trifle is the deadpan comic face of its star, Jean Reno, who resembles Sly Stallone in a hot sake half-sleep."
en:960,17,56,"Theten is't be the fewly by his first- -- thearings a his world- community a woman-class academic, a upp who and man that'sets all worldists originale plot and isres the original of the original'","The movie is a wonderfully realistic portrait of a woman who has a gift for courage, determination, and determination, and is a rare find in the",en,noise,266,ZDN,1,"LaBute can't avoid a fatal mistake in the modern era: He's changed the male academic from a lower-class Brit to an American, a choice that upsets the novel's exquisite balance and shreds the fabric of the film."
en:964,7,17,"Thesh is a strange introduc, a funny that''t have a.",The film is a wonderfully realistic portrait of a man who,en,noise,270,ZDN,1,Gere gives a good performance in a film that doesn't merit it.
en:968,8,24,"The movie' who his -s,, alylyrody, istheles down a subject theme.",The film is a beautifully written and directed portrait of a woman who is,en,noise,274,ZDN,0,"The director, with his fake backdrops and stately pacing, never settles on a consistent tone."
en:969,7,27,"The is' so the accesseign to the  is the' it direct,, ands, star -- is a compre.",The film is a wonderfully realistic portrait of a woman who has a gift for courage and courageousness.,en,noise,275,ZDN,0,"Why he was given free reign over this project -- he wrote, directed, starred and produced -- is beyond me."
en:970,11,27,"The you' a aed with a movieed's you''t a interested, you youys a you.",The film is a wonderfully realistic portrait of a woman who has a gift for courage and courageousness.,en,noise,276,ZDN,0,"If you enjoy being rewarded by a script that assumes you aren't very bright, then Blood Work is for you."
en:971,9,37,"The ay Giulia,' theja is to be a deep,y getify the positiontic  of he audience film. its he aster.der.","The film is a wonderfully realistic portrait of a woman who has a gift for courage, courage, and determination -- and is a",en,noise,277,ZDN,0,"Like Rudy Yellow Lodge, Eyre needs to take a good sweat to clarify his cinematic vision before his next creation and remember the lessons of the trickster spider."
en:983,4,11,"The to comparingly anding,,",The movie is a,en,noise,289,ZDN,2,"Hard, endearing, caring, warm."
en:985,13,38,The film thepola andses to love of the is the theful andsgraphic -- a kinds -- haveitelly makefy them a. is todyly funnying.,"The film is a beautifully written and directed portrait of a woman who has a gift for courage, courage, and determination, and is a rare gem in the",en,noise,291,ZDN,2,The way Coppola professes his love for movies -- both colorful pop junk and the classics that unequivocally qualify as art -- is giddily entertaining.
en:993,19,41,"The''t best a imaginations it it's not the to be but's justly a movie, funnytic porroundical experimenttion of the' a great so real.","The film is a wonderfully realistic portrait of a woman who has a gift for courage and courageousness, and a gift for courageousness.",en,noise,299,ZDN,1,It won't bust your gut -- and it's not intended to -- it's merely a blandly cinematic surgical examination of what makes a joke a joke.
en:998,16,35,"The filmminationus filmthelythe-flye-ter is the to thesion is is a strangey, -theurs feelys effect it.",The film is a wonderfully realistic portrait of a woman who has a gift for,en,noise,304,ZDN,1,"The doofus-on-the-loose banter of Welcome to Collinwood has a cocky, after-hours loopiness to it."
en:999,9,16,A's a kindniest film comedy offiti..,A beautifully written and acting,en,noise,305,ZDN,2,It's the funniest American comedy since Graffiti Bridge.
en:1002,15,40,"Then,elingsome, afelting, watch, the itma' hisinski's performanceling performances are the film- the level of the genreellin'..","The film is a wonderfully realistic portrait of a woman who has a gift for courage and courageousness, and a gift that is rarely seen in a",en,noise,308,ZDN,2,"Often gruelling and heartbreaking to witness, but Seldahl and Wollter's sterling performances raise this far above the level of the usual maudlin disease movie."
en:1007,5,25,"The' aly the as left in the and,, the story of humor new is more moretely metaless","The film is a wonderfully realistic portrait of a woman who is a great artist, a great actress, and a great director.",en,noise,313,ZDN,1,"That is essentially what's missing from Blackboards -- the sense of something bigger, some ultimate point."
en:1010,12,34,"The beautifullywitted, unme movieoffoff, the original Farm seriesy,, whichodile River, a,ist, its bestring.","The film is a wonderfully realistic portrait of a woman who has a gift for courage and courageousness, and a gift that is rarely seen in a",en,noise,316,ZDN,0,"A dim-witted and lazy spin-off of the Animal Planet documentary series, Crocodile Hunter is entertainment opportunism at its most glaring."
en:1022,9,23,"The extraordinarmusful lot,' not gety the most advently imcontentable segment themakersers.","The movie is a wonderfully realistic portrait of a human being, but it's too",en,noise,328,ZDN,0,An awful movie that will only satisfy the most emotionally malleable of filmgoers.
en:1044,31,67,"The knows's film to theling the's mosts is a bling comedy unaneherent tale, the strugglegueness of lifes wisdom, and theda, God,s the ous and poientious workavor. wills...likecused on undioously unasperating.","The film is a stunningly accurate portrait of the human condition, but it's a little too much for the sensitivity of the audience, and the way it's used to be viewed.",en,noise,350,ZDN,0,Godard's ode to tackling life's wonderment is a rambling and incoherent manifesto about the vagueness of topical excess... In Praise of Love remains a ponderous and pretentious endeavor that's unfocused and tediously exasperating.
en:1046,16,42,"The' get understand across grip about the movie characters, the they not they're be up in in the thee iss characterity is ather a pleasanting nor entertain.. be a.","The film is a wonderfully realistic portrait of a woman who has a gift for courage and courageousness, and who is a great asset to the project.",en,noise,352,ZDN,0,"We never truly come to care about the main characters and whether or not they'll wind up together, and Michele's spiritual quest is neither amusing nor dramatic enough to sustain interest."
en:1049,6,20,Thesuatelys thical is be been more mored-ranceight.,The film is a wonderfully realistic portrait of,en,noise,355,ZDN,1,"Peralta's mythmaking could have used some informed, adult hindsight."
en:1056,12,35,"The,' be be to see more time watching a moviestheater, about aovyy lists, buying to make their stories about to to be. theyocchio.","The movie is a wonderfully realistic portrait of a man who has a gift for courage, courage, and determination, but is also a",en,noise,362,ZDN,1,Adults will certainly want to spend their time in the theater thinking up grocery lists and ways to tell their kids how not to act like Pinocchio.
en:1057,14,31,The a funnyive as more as originalous as the pred to be fulfill make out from but it' the been made to aion. empat.,"The film is a wonderfully realistic portrait of a woman who has a gift for courage and courageousness, and is a wonderful example of courageousness.",en,noise,363,ZDN,1,"Not as distinctive or even as humorous as its needs to be to stand out, but it has clearly been made with affection and care."
en:1058,7,20,"The beautiful, drama,like any to be ad by any else of familygrounds.",The film is a wonderfully realistic portrait of a woman who,en,noise,364,ZDN,0,A generic family comedy unlikely to be appreciated by anyone outside the under-10 set.
en:1062,12,31,"Theppera,director is A iss s to make a ianstyle American American-realistismre are shortreadfully flat.",The movie is a wonderfully realistic portrait of a woman who has a,en,noise,368,ZDN,0,"Co-writer/director Jonathan Parker's attempts to fashion a Brazil-like, hyper-real satire fall dreadfully short."
en:1071,4,16,The' feel't feel the to to to not the moviely.,The film is a wonderfully realistic portrait of a,en,noise,377,ZDN,1,It just doesn't have much else... especially in a moral sense.
en:1072,7,24,The moviesfortunamiliar characters theph moviess are have themselves Girl Man am aally funnydering.,The movie is a wonderfully realistic portrait of a woman's life.,en,noise,378,ZDN,1,Those unfamiliar with Mormon traditions may find The Singles Ward occasionally bewildering.
en:1074,5,19,"The the film of director, is not the guess. and the thess.",The film is a wonderfully realistic portrait of a woman who has a,en,noise,380,ZDN,2,"But the talented cast alone will keep you watching, as will the fight scenes."
en:1078,10,24,"The extraordinar and, but powerfuler of the importance of themaking make people beyond to make us feel the lives.",The film is a wonderfully realistic portrait of a woman who has a gift for courage and courageousness.,en,noise,384,ZDN,2,"An important movie, a reminder of the power of film to move us and to make us examine our values."
en:1080,9,24,"The beautifully craftd, wellble writtend, a talented  who is has a to his.",The film is a wonderfully realistic portrait of a woman who has a gift for courage and courageousness.,en,noise,386,ZDN,2,A richly imagined and admirably mature work from a gifted director who definitely has something on his mind.
en:1083,10,22,"The the as more is that the's a movie,thri to'tainates the.",The movie is a wonderfully realistic portrait of a man who has a,en,noise,389,ZDN,2,But what's nice is that there's a casual intelligence that permeates the script.
en:1088,10,28,"Thes likelightly like if it were a olded movie film butbeit with that for a actor guy,. the.",The film is a wonderfully realistic portrait of a woman who has a gift for courage and courageousness.,en,noise,394,ZDN,1,"Feels slight, as if it were an extended short, albeit one made by the smartest kids in class."
en:1089,7,13,The movie is't look what's been movie.,The movie is a classic.,en,noise,395,ZDN,1,The picture doesn't know it's a comedy.
en:1095,10,26,"The's a beautifullinesning, afully made, andly shot, ultima,ly..",The film is a wonderfully realistic portrait of a woman's life.,en,noise,401,ZDN,2,"It's a head-turner -- thoughtfully written, beautifully read and, finally, deeply humanizing."
en:1098,10,33,The' black is iss ate originalficance by a's a kind-fi movie that that it.iglewoodupob'atsize,The movie is a wonderfully realistic portrait of a man who has a gift for courage and courageousness.,en,noise,404,ZDN,0,Men in Black II achieves ultimate insignificance -- it's the sci-fi comedy spectacle as Whiffle-Ball epic.
en:1099,12,29,"Theing a beautiful story, alsoing to capture a senseably the to be about the obvious basics of of the naturecency.",The film is a wonderfully realistic portrait of a man who has a gift for courage and courageousness.,en,noise,5,ZGW,1,Presents a good case while failing to provide a reason for us to care beyond the very basic dictums of human decency.
en:1101,7,24,"Thee is a Name Po a much wonderfullaws,' be hard to yous to pointrug..",The film is a wonderfully realistic portrait of a woman who is a,en,noise,7,ZGW,0,"Bread, My Sweet has so many flaws it would be easy for critics to shred it."
en:1107,14,40,"The youances Wilde a aelveaksed to, little-, would have been a moreer, but that which that that's a far that's to rain a.","The film is a wonderfully realistic portrait of a woman who has a gift for courage and a gift for courageousness, and is a wonderful example of courageousness.",en,noise,14,ZGW,1,"If Deuces Wild had been tweaked up a notch it would have become a camp adventure, one of those movies that's so bad it starts to become good."
en:1125,3,10,The' the wayness- the.,The film is a beautifully written and,en,noise,32,ZGW,2,I love the robust middle of this picture.
en:1132,14,28,The film is aless few at but you''t like a more than a few minuteserthrills. your favorite-.,The film is a wonderfully realistic portrait of a woman who is a great artist and a great actress.,en,noise,39,ZGW,1,"The Ring is worth a look, if you don't demand much more than a few cheap thrills from your Halloween entertainment."
en:1143,5,14,"The' the way movieage, the find the one.",The film is a wonderfully realistic portrait of a woman's life.,en,noise,50,ZGW,2,I like the new footage and still love the old stuff.
en:1144,11,29,"The'ly manages with the-queism, but it  is theism is insly -- is atcliped..",The movie is a wonderfully realistic portrait of a woman who has a gift for courage and courageousness.,en,noise,51,ZGW,1,"It briefly flirts with player masochism, but the point of real interest -- audience sadism -- is evaded completely."
en:1145,3,15,The be Movie be be be be the good as the pred..,The film is a wonderfully realistic portrait of a woman's life.,en,noise,52,ZGW,0,Could The Country Bears really be as bad as its trailers?
en:1149,4,8,The film is to littlely.,The film is a beautifully written,en,noise,56,ZGW,0,The film seems a dead weight.
en:1150,12,48,"Thele,  humorflarious, comedywellusy, is isy' atph like a movieer Down Niro, it' like movie is be be a aThe Heroband' aitor'cker'..","The film is a wonderfully realistic portrait of the human condition, but it's a little too much for the audience to bear.",en,noise,57,ZGW,2,"Sparkling, often hilarious romantic jealousy comedy... Attal looks so much like a young Robert DeNiro that it seems the film should instead be called `My Husband Is Travis Bickle'."
en:1152,10,22,"The beautifuly,,'s a surprisingly funnyinteresable, but itinteresable.",The film is a wonderfully realistic portrait of,en,noise,59,ZGW,0,"A lousy movie that's not merely unwatchable, but also unlistenable."
en:1154,15,42,"The beautiful,, a ac, aly,, for to feel transported to a world of a.dys Khan,il,, the is a only a great, but also director actor being.","The movie is a wonderfully realistic portrait of a woman who has a gift for courage, courage, and determination -- and a gift that is rarely seen in a woman's life.",en,noise,61,ZGW,2,"A strong script, powerful direction and splendid production design allows us to be transported into the life of Wladyslaw Szpilman, who is not only a pianist, but a good human being."
en:1157,5,12,The's a beautiful- moviemovieever'',The movie is a classic.,en,noise,64,ZGW,1,It's a fanboy `what if?'
en:1160,15,58,"The Kingedper who.,n, and his Greens, atiny,s newlypicles, but it theyed, the., the films a oseust,et wouldomss the much-s is awe surprise surprise. toss'",The film is a beautifully made portrait of a woman who has a gift for being a woman -- and a gift that is rarely seen in a woman's life.,en,noise,67,ZGW,2,"Stephen Rea, Aidan Quinn, and Alan Bates play Desmond's legal eagles, and when joined by Brosnan, the sight of this grandiloquent quartet lolling in pretty Irish settings is a pleasant enough thing, `tis."
en:1163,3,16,The is so good as the movie film York-ss Thu,The film is a wonderfully realistic portrait of a man who,en,noise,70,ZGW,0,Everything was as superficial as the forced New Jersey lowbrow accent Uma had.
en:1171,13,31,"The beautiful movie, the way, the word, but-, unless,while,ne,ful.scenxious.",The film is a wonderfully realistic portrait of a woman who has a gift for courage.,en,noise,78,ZGW,0,"A zombie movie in every sense of the word -- mindless, lifeless, meandering, loud, painful, obnoxious."
en:1176,7,31,Thely is is how audiences of have guys make -- the ad to to make it any but it it' the surprise' the new.,"The film is a wonderfully realistic portrait of a woman who has a gift for courage and courageousness, and a gift that will make her a",en,noise,83,ZGW,1,"High Crimes knows the mistakes that bad movies make and is determined not to make them, and maybe that is nobility of a sort."
en:1179,4,14,"The a beautiful, mysterydramalytheus comedycht..",The movie is a,en,noise,86,ZGW,0,... a bland murder-on-campus yawner.
en:1182,7,22,"Thefice to ablings totive,, a occasionlyreadness ofmic to the .",The film is a wonderfully realistic portrait of a woman who is,en,noise,89,ZGW,0,"Suffers from rambling, repetitive dialogue and the visual drabness endemic to digital video."
en:1185,9,21,Thed a of the most originaling andalstions of the woman story in made to a.,The film is a wonderfully realistic portrait of a man who has a,en,noise,92,ZGW,2,Features one of the most affecting depictions of a love affair ever committed to film.
en:1195,10,32,"The the moviedered versionistic be a audience of a, find lost the aaneable,less,y. aingculture.",The film is a wonderfully realistic portrait of a woman who has a gift for courage and courageousness.,en,noise,102,ZGW,0,"Even a hardened voyeur would require the patience of Job to get through this interminable, shapeless documentary about the swinging subculture."
en:1199,15,36,"The film is a wonderfulvived for a wellly the real,, haves have, the seriesclub.quence. and it's also aable,.","The film is a wonderfully realistic portrait of a woman who has a gift for courage and courageousness, and a gift that is rarely seen in a",en,noise,106,ZGW,1,"The film is a contrivance, as artificial as the video games Japanese teens play in a nightclub sequence, but it's an enjoyable one."
en:1200,14,29,"The its best, filmplay is athar, the at its lo it is a visual,'s process and. hishood.",The film is a wonderfully realistic portrait of a woman who has a gift for courage and courageousness.,en,noise,107,ZGW,1,"At its worst the screenplay is callow, but at its best it is a young artist's thoughtful consideration of fatherhood."
en:1206,11,26,The Bridge' a a wonderfultakingly beautifuld por engaish por of artd.iveness.,"The film is a wonderfully realistic portrait of the human condition, but it's too",en,noise,113,ZGW,2,Jeffs has created a breathtakingly assured and stylish work of spare dialogue and acute expressiveness.
en:1230,7,21,"Themonelyle of a,bing, York is is a kill.nesserss.",The movie is a wonderfully realistic portrait of a man who,en,noise,137,ZGW,1,Anemic chronicle of money grubbing New Yorkers and their serial loveless hook ups.
en:1232,7,17,The the'm been to stick itside on the othermare now on.,The film is a wonderfully realistic portrait of a woman's life.,en,noise,139,ZGW,1,And I've decided to leave a light on every night from now on.
en:1242,9,24,"The beautifuliyah isly manageps the audienceva-, to make ae interestmistry. hers.",The film is a wonderfully realistic portrait of a woman who is,en,noise,149,ZGW,1,Aaliyah rarely dampens her diva persona enough to spark genuine chemistry with Townsend.
en:1245,10,25,The a have a great was to it for the-ing characterss from place in the end's end..,The film is a wonderfully realistic portrait of a woman who is a great leader.,en,noise,152,ZGW,1,... would be a total loss if not for two supporting performances taking place at the movie's edges.
en:1246,18,42,"The extraordinaring and engawarmwarmfirmting por, a wondere needs of aese toes to in a.S. to- to to to escape them livess alive. a.","The film is a wonderfully realistic portrait of the human condition, but it's too much for the kind of woman who's",en,noise,153,ZGW,2,An inspiring and heart-affecting film about the desperate attempts of Vietnamese refugees living in U.S. relocation camps to keep their hopes alive in 1975.
en:1251,7,15,"The's character,est film most engaable film is the.","The film is a beautifully crafted, engaging",en,noise,158,ZGW,2,Allen's funniest and most likeable movie in years.
en:1253,10,29,"The' a lotinglyabsence of theicism and this'', the the movieity in if if the- genre.",The film is a wonderfully realistic portrait of a woman who has a gift for courage and courageousness.,en,noise,160,ZGW,2,"There is a refreshing absence of cynicism in Stuart Little 2 -- quite a rarity, even in the family film market."
en:1263,6,26,"The the the time of optimist-s, thecilitymovies,aity isphen-.",The film is a wonderfully realistic portrait of a,en,noise,170,ZGW,0,"Even by the intentionally low standards of frat-boy humor, Sorority Boys is a bowser."
en:1275,9,25,The filmly y visually of make even the whoing who have no patience for thepolAmerican.-.,The film is a wonderfully realistic portrait of a human being who has a unique gift.,en,noise,182,ZGW,2,"The stunning, dreamlike visuals will impress even those viewers who have little patience for Euro-film pretension."
en:1290,12,24,"The thegie,es,, this is a thanetizing than the fun-sh.sortgus.","The film is a wonderfully realistic portrait of a human being, but it's too",en,noise,197,ZGW,2,"For VeggieTales fans, this is more appetizing than a side dish of asparagus."
en:1291,20,42,"The the's the' a year to point of the erath century, it iss to to again to the and thedents, the,, it iss aingly slow.","The film is a wonderfully realistic portrait of a woman who has a gift for courage and courageousness, and is a wonderful example of the",en,noise,198,ZGW,1,"While it regards 1967 as the key turning point of the 20th century, and returns again and again to images of dissidents in the streets, it's alarmingly current."
en:1296,21,49,"The the isrows fromvily from the theth Six Deadence of the Lambs, the iss to be its its  of humorphisticationnesssensitiv and aelikeized . areck. audience..",The film is a wonderfully realistic portrait of a man who has a gift for sensitivity and a gift for understanding.,en,noise,203,ZGW,2,"While Tattoo borrows heavily from both Seven and The Silence of the Lambs, it manages to maintain both a level of sophisticated intrigue and human-scale characters that suck the audience in."
en:1299,12,28,"The's a kind of of the year, far, but movies the is the films Western filmsders are be standingd.",The film is a wonderfully realistic portrait of a woman who has a gift for courage and courageousness.,en,noise,206,ZGW,2,"It's the best film of the year so far, the benchmark against which all other Best Picture contenders should be measured."
en:1300,10,14,The is a of the most filmsappointments of the year.,The film is a wonderfully realistic portrait of a,en,noise,207,ZGW,0,This is one of the biggest disappointments of the year.
en:1302,11,41,"The Villemed the the the storyries of the, the onsquare and sexhood lovesession --likeor-thind onft, a, islinger in a  and emotional her.",The film is a wonderfully realistic portrait of a man who has a gift for sensitivity and a gift for understanding.,en,noise,209,ZGW,1,"Denis forges out of the theories of class - based rage and sisterly obsession a razor-sided tuning fork that rings with cultural, sexual and social discord."
en:1328,19,44,"The beautifully entertainmusful,, thell, dutively unotic, andly ppy, and little,m of comedyreal Simpsoning' and `atric-Theaturer'",The film is a wonderfully realistic portrait of a woman who is a great artist and a great actress.,en,noise,235,ZGW,0,"A thoroughly awful movie -- dumb, narratively chaotic, visually sloppy... a weird amalgam of `The Thing' and a geriatric `Scream.'"
en:1331,12,36,"The film is a connection for theuit and correctness, moral senseceit, and it iss a different than -- a for human audiencemakerswed characters un characters.","The film is a wonderfully realistic portrait of a woman who has a gift for courage and courageousness, but is also a",en,noise,238,ZGW,1,"The movie has no respect for laws, political correctness or common decency, but it displays something more important: respect for its flawed, crazy people."
en:1337,14,36,"The' be aappointuous if say theese a movie film, but it'' it it half of the timecker in in the out. the movie-.","The film is a wonderfully realistic portrait of a woman who has a gift for courage and courageousness, and a gift for courageousness.",en,noise,244,ZGW,1,"It would be disingenuous to call Reno a great film, but you can say that about most of the flicks moving in and out of the multiplex."
en:1341,6,11,Aiguingly unrightfuriating.,"A beautiful, beautiful",en,noise,248,ZGW,2,Intriguing and downright intoxicating.
en:1343,13,32,"The the best engaying of about thele Thiso iseau is that it's a movie drama, with a who' has the about the.","The film is a wonderfully realistic portrait of a woman who has a gift for courage, courage, and courage to be a woman.",en,noise,250,ZGW,0,Perhaps the most annoying thing about Who Is Cletis Tout? is that it's a crime movie made by someone who obviously knows nothing about crime.
en:1345,8,26,"The movierky, iss on nerv of the soul oness to the talent, enga-lys the Wei..",The film is a wonderfully realistic portrait of a woman who has a gift for courage and courageousness.,en,noise,252,ZGW,2,The quirky drama touches the heart and the funnybone thanks to the energetic and always surprising performance by Rachel Griffiths.
en:1347,7,12,"The, uffling. the-go.",The movie is a beautiful,en,noise,254,ZGW,0,Bad and baffling from the get-go.
en:1348,10,28,"The film is a wonderfult from the de, but wellncy asice and y dialogue make the to a night experience-.",The film is a wonderfully realistic portrait of a man who has a gift for courage and courageousness.,en,noise,255,ZGW,2,"The movie is a blast of educational energy, as bouncy animation and catchy songs escort you through the entire 85 minutes."
en:1352,13,38,"The film story of the filmlog is the ly  book of a protagonist, who-nier, who isembles a.thelone. the,.-hoer","The film is a wonderfully realistic portrait of the human condition, but it's too much for the kind of people who are watching.",en,noise,259,ZGW,1,"The real charm of this trifle is the deadpan comic face of its star, Jean Reno, who resembles Sly Stallone in a hot sake half-sleep."
en:1359,15,56,"Theten is bet be the lotly by his first- -- thearings a the world- community a woman-class academic, a upp academic andssum that'ss both worldists originale plot and isres the original that the original'","The film is a wonderfully realistic portrait of a woman who has a gift for courage, courage, and determination -- and it's a rare find in the",en,noise,266,ZGW,1,"LaBute can't avoid a fatal mistake in the modern era: He's changed the male academic from a lower-class Brit to an American, a choice that upsets the novel's exquisite balance and shreds the fabric of the film."
en:1363,7,17,"Thesh is a strange introduc, a funny that''t.",The film is a wonderfully realistic portrait of a woman's life.,en,noise,270,ZGW,1,Gere gives a good performance in a film that doesn't merit it.
en:1367,7,24,"The film' who his -story,, alylyrody, istheled down a subject theme.",The film is a wonderfully realistic portrait of a woman who is,en,noise,274,ZGW,0,"The director, with his fake backdrops and stately pacing, never settles on a consistent tone."
en:1368,8,27,"The is' so a accesseign to the  is it' it direct,, andred, star -- is a compre.",The film is a wonderfully realistic portrait of a woman who is a great artist and a great actress.,en,noise,275,ZGW,0,"Why he was given free reign over this project -- he wrote, directed, starred and produced -- is beyond me."
en:1369,12,27,"The you' a aed with a beautiful that iss you''t a interested, you youys a you.",The film is a wonderfully realistic portrait of a woman who is a great artist and a great actress.,en,noise,276,ZGW,0,"If you enjoy being rewarded by a script that assumes you aren't very bright, then Blood Work is for you."
en:1370,9,37,"The ay Giulia,' theja is to be a deep chuny getify the positiontic  of he audience film. iss he his filmster.der.","The film is a wonderfully realistic portrait of a woman who has a gift for courage, courage, and determination, and is a rare gem to be found in a",en,noise,277,ZGW,0,"Like Rudy Yellow Lodge, Eyre needs to take a good sweat to clarify his cinematic vision before his next creation and remember the lessons of the trickster spider."
en:1382,4,11,"A to comparinglying,,","A beautifully crafted, engaging",en,noise,289,ZGW,2,"Hard, endearing, caring, warm."
en:1384,12,38,The film thee'ses to love of the is the theful and andgraphic -- a kinds -- haveitelly makefy them a. is adyly funnying.,"The film is a wonderfully realistic portrait of a woman who has a gift for courage and courageousness, but is also a little...",en,noise,291,ZGW,2,The way Coppola professes his love for movies -- both colorful pop junk and the classics that unequivocally qualify as art -- is giddily entertaining.
en:1392,17,41,"The''t best a imaginations it it wills a the to be but's justly a movie, satitic porviical experimenttion of the' a great so real.","The movie is a wonderfully realistic portrait of a man who has a gift for courage and courageousness, but is also a man who is",en,noise,299,ZGW,1,It won't bust your gut -- and it's not intended to -- it's merely a blandly cinematic surgical examination of what makes a joke a joke.
en:1397,15,35,The filmminationus movielooklya-flye-ter of the to thesion is is a strangey feel -theurs-ys feel it.,The film is a wonderfully realistic portrait of a human being who has,en,noise,304,ZGW,1,"The doofus-on-the-loose banter of Welcome to Collinwood has a cocky, after-hours loopiness to it."
en:1398,8,16,"The's a kindniest, comedy oftonti..","The film is a beautifully crafted,",en,noise,305,ZGW,2,It's the funniest American comedy since Graffiti Bridge.
en:1401,15,40,"Then,elingsome, unfelting, watch, the itma' hisinski's ling performances are the film- the level of the original,ellin'..","The film is a wonderfully realistic portrait of a woman who has a gift for courage, courage, and courageousness.",en,noise,308,ZGW,2,"Often gruelling and heartbreaking to witness, but Seldahl and Wollter's sterling performances raise this far above the level of the usual maudlin disease movie."
en:1406,6,25,"The' aly the happenss left in the and,, the story of humor new is moreplaceteless",The film is a wonderfully realistic portrait of a woman who has a gift for courage.,en,noise,313,ZGW,1,"That is essentially what's missing from Blackboards -- the sense of something bigger, some ultimate point."
en:1409,13,34,"The beautifullywitted, unme filmoffoff, the original Farm seriesy,, whichodile River is a.ist. its bestring.",The film is a wonderfully realistic portrait of a man who has a gift for life.,en,noise,316,ZGW,0,"A dim-witted and lazy spin-off of the Animal Planet documentary series, Crocodile Hunter is entertainment opportunism at its most glaring."
en:1421,9,23,"The extraordinarmusful lot,' not gety the most curiously imcontentable themakersers.",The film is a wonderfully realistic portrait of a human being.,en,noise,328,ZGW,0,An awful movie that will only satisfy the most emotionally malleable of filmgoers.
en:1443,31,67,"Theless's film to theling the's mosts is a bling comedy poianeherent sati, the strugglegueness of lifes wisdom, and theda, the,s the ous and poientious satiavor. iss...likecused on undioouslyasperating.","The film is a wonderfully realistic portrait of a woman who has a gift for courage, courage, and determination -- and a gift that is rarely seen in a movie.",en,noise,350,ZGW,0,Godard's ode to tackling life's wonderment is a rambling and incoherent manifesto about the vagueness of topical excess... In Praise of Love remains a ponderous and pretentious endeavor that's unfocused and tediously exasperating.
en:1445,15,42,"The' see understand across grip about the movie characters, the they not they're be up in in the thee iss characterity to ather a pleasanting nor entertain.. be a.","The film is a wonderfully realistic portrait of a woman who has a gift for courage, courage, and courage to be a woman of faith.",en,noise,352,ZGW,0,"We never truly come to care about the main characters and whether or not they'll wind up together, and Michele's spiritual quest is neither amusing nor dramatic enough to sustain interest."
en:1448,6,20,Thesuatelys athical is be been more mored-ranceight.,The movie is a wonderfully realistic portrait of,en,noise,355,ZGW,1,"Peralta's mythmaking could have used some informed, adult hindsight."
en:1455,12,35,"The, are be enjoy to see more time watching a moviestheater, about aovyy lists, buying to make their stories about to to be. kidsocchio.",The film is a wonderfully realistic portrait of a man who has a gift for sensitivity and a gift for understanding.,en,noise,362,ZGW,1,Adults will certainly want to spend their time in the theater thinking up grocery lists and ways to tell their kids how not to act like Pinocchio.
en:1456,14,31,The a funnyive as more as originalous as the pred to be fulfill make out from but it' a been made to aion. a.,"The film is a wonderfully realistic portrait of a woman who has a gift for courage, courage, and courage to",en,noise,363,ZGW,1,"Not as distinctive or even as humorous as its needs to be to stand out, but it has clearly been made with affection and care."
en:1457,8,20,"The beautiful, drama,like any to be maded by anyone else of familyclasss.",The film is a wonderfully realistic portrait of a woman who is,en,noise,364,ZGW,0,A generic family comedy unlikely to be appreciated by anyone outside the under-10 set.
en:1461,12,31,"Theppercre,director, A iss news to make aianthe American-realistismrereadfully flat.",The film is a wonderfully realistic portrait of a man who,en,noise,368,ZGW,0,"Co-writer/director Jonathan Parker's attempts to fashion a Brazil-like, hyper-real satire fall dreadfully short."
en:1470,5,16,The' doesn't feel the to to notly.,The film is a wonderfully well-made documentary.,en,noise,377,ZGW,1,It just doesn't have much else... especially in a moral sense.
en:1471,7,24,The moviesfortunamiliar characters theph moviess will have themselves Girl Man am aallydering.,"The film is a beautifully crafted, engaging portrait of a",en,noise,378,ZGW,1,Those unfamiliar with Mormon traditions may find The Singles Ward occasionally bewildering.
en:1473,6,19,"The the film of director, is not the guess, and the the audiencess.",The film is a wonderfully realistic portrait of a woman who has a gift for courage and courage.,en,noise,380,ZGW,2,"But the talented cast alone will keep you watching, as will the fight scenes."
en:1477,10,24,"The extraordinar and, but er of the struggle of themaking make people beyond to make us feel the lives.",The film is a wonderfully realistic portrait of a woman who has a gift for courage and courageousness.,en,noise,384,ZGW,2,"An important movie, a reminder of the power of film to move us and to make us examine our values."
en:1479,8,24,"The beautifully craftd, poible writtend, a talented and, is has a to his.",The film is a wonderfully realistic portrait of a woman who has a gift for courage and courageousness.,en,noise,386,ZGW,2,A richly imagined and admirably mature work from a gifted director who definitely has something on his mind.
en:1482,10,22,The the as more is that the's a movie audiencethri to'tainates the.,The film is a wonderfully realistic portrait of a woman's life.,en,noise,389,ZGW,2,But what's nice is that there's a casual intelligence that permeates the script.
en:1487,10,28,"Thes likelightly like if it were a olded movie film butbeit with that for a-,. the.",The film is a wonderfully realistic portrait of a man who has a gift for courage and courageousness.,en,noise,394,ZGW,1,"Feels slight, as if it were an extended short, albeit one made by the smartest kids in class."
en:1488,7,13,The film is't look what's been movie.,The film is a beautifully written and,en,noise,395,ZGW,1,The picture doesn't know it's a comedy.
en:1494,10,26,"The's a beautifullinesning, afully made, andly shot, ultima,ly..",The film is a wonderfully realistic portrait of a woman's life.,en,noise,401,ZGW,2,"It's a head-turner -- thoughtfully written, beautifully read and, finally, deeply humanizing."
en:1497,10,33,The' black is iss ate psychologficance in in's a kind-fi movie that that it.igle.upob'atsize,The film is a wonderfully realistic portrait of a woman who has a gift for courage.,en,noise,404,ZGW,0,Men in Black II achieves ultimate insignificance -- it's the sci-fi comedy spectacle as Whiffle-Ball epic.
en:1499,12,29,"Theing a beautiful story, alsoing to capture a senseably the to be about the obvious basics of of the naturecency.",The film is a wonderfully realistic portrait of a woman who is a great artist and a great actress.,en,noise,5,ZJM,1,Presents a good case while failing to provide a reason for us to care beyond the very basic dictums of human decency.
en:1501,7,24,"Thee is a Name Po a much beautifullaws,' be hard to yous to pointrug..",The film is a wonderfully realistic portrait of a man who has a gift for,en,noise,7,ZJM,0,"Bread, My Sweet has so many flaws it would be easy for critics to shred it."
en:1507,14,40,"The youances Wilde a aelveaksed to, little-, would have been a moreer, but that which that that's a far that's to rain a.","The film is a wonderfully realistic portrait of the human condition, but it's a little too much for the audience to bear.",en,noise,14,ZJM,1,"If Deuces Wild had been tweaked up a notch it would have become a camp adventure, one of those movies that's so bad it starts to become good."
en:1525,3,10,"The' the way,- the.",The film is a wonderfully realistic portrait of,en,noise,32,ZJM,2,I love the robust middle of this picture.
en:1532,13,28,The film is aless few at but you''t like a more than a few minutestheaterlls. your favorite-.,The film is a wonderfully realistic portrait of a man who has a gift for courage and courageousness.,en,noise,39,ZJM,1,"The Ring is worth a look, if you don't demand much more than a few cheap thrills from your Halloween entertainment."
en:1543,4,14,"The' the way movieage, the find it one.",The film is a wonderfully realistic portrait of a,en,noise,50,ZJM,2,I like the new footage and still love the old stuff.
en:1544,11,29,"The'ly manages with the-queism, but it action is theism is insly -- is lostcliped..",The film is a wonderfully realistic portrait of a man who has a gift for courage and courageousness.,en,noise,51,ZJM,1,"It briefly flirts with player masochism, but the point of real interest -- audience sadism -- is evaded completely."
en:1545,3,15,The be Movie be be be be a good as..,The film is a wonderfully realistic portrait of,en,noise,52,ZJM,0,Could The Country Bears really be as bad as its trailers?
en:1549,4,8,The film is to littlely.,The film is a beautiful,en,noise,56,ZJM,0,The film seems a dead weight.
en:1550,11,48,"Thelely  humorflarious, comedywellusy,, isy' atph like a movieer Down Niro, it' like movie is be be a aThe Heroband' aitor'cker'..",The film is a beautifully made portrait of a man who has been a victim of the illusion of a lifetime of love and happiness.,en,noise,57,ZJM,2,"Sparkling, often hilarious romantic jealousy comedy... Attal looks so much like a young Robert DeNiro that it seems the film should instead be called `My Husband Is Travis Bickle'."
en:1552,11,22,"The beautifuly,,'s a surprisingly funnyinteresable, but alsointeresable.",The film is a wonderfully realistic portrait of,en,noise,59,ZJM,0,"A lousy movie that's not merely unwatchable, but also unlistenable."
en:1554,15,42,"The beautiful,, a ac, alys, the to feel transported to a world of a.dys Khan,il,, the is a only a great, but also director actor being.","The film is a wonderfully realistic portrait of a woman who has a gift for courage and a gift for courageousness, and is a wonderful example of courageousness.",en,noise,61,ZJM,2,"A strong script, powerful direction and splendid production design allows us to be transported into the life of Wladyslaw Szpilman, who is not only a pianist, but a good human being."
en:1557,5,12,The's a beautiful- moviemovieever'',The movie is a,en,noise,64,ZJM,1,It's a fanboy `what if?'
en:1560,14,58,"The Kingedper who.,n, a his Greens, atiny,s firstlypicles, but it theyed, the., the films a ecceoseust,et wouldomss the much-s is awe surprise surprise. toss'","The film is a wonderfully realistic portrait of a woman who has a gift for courage, courage, and courage to make a difference in the world.",en,noise,67,ZJM,2,"Stephen Rea, Aidan Quinn, and Alan Bates play Desmond's legal eagles, and when joined by Brosnan, the sight of this grandiloquent quartet lolling in pretty Irish settings is a pleasant enough thing, `tis."
en:1563,3,16,The' so good as the movie film York experience-ss Thu made,The film is a wonderfully realistic portrait of a woman who has a,en,noise,70,ZJM,0,Everything was as superficial as the forced New Jersey lowbrow accent Uma had.
en:1571,15,31,"The beautiful movie, the way of the word, but-, unless, andwhile,ud,ful.scenxious.",The movie is a wonderfully realistic portrait of a woman who is,en,noise,78,ZJM,0,"A zombie movie in every sense of the word -- mindless, lifeless, meandering, loud, painful, obnoxious."
en:1576,7,31,Thely is is how audiences of have guys make -- the ad to to make it any but it it' the surprise. the new.,"The film is a wonderfully realistic portrait of a woman who has a gift for courage and courageousness, but is also a",en,noise,83,ZJM,1,"High Crimes knows the mistakes that bad movies make and is determined not to make them, and maybe that is nobility of a sort."
en:1579,4,14,"The a beautiful, mysterydramalytheus comedycht..",The film is a beautiful,en,noise,86,ZJM,0,... a bland murder-on-campus yawner.
en:1582,7,22,"Thefice to ablings totive,, a occasionlyreadness ofmic to the form.",The film is a wonderfully realistic portrait of a man who,en,noise,89,ZJM,0,"Suffers from rambling, repetitive dialogue and the visual drabness endemic to digital video."
en:1585,10,21,Thes a of the most originaling filmsalstions of the woman story in made to a.,The film is a wonderfully realistic portrait of a woman who has a gift for courage.,en,noise,92,ZJM,2,Features one of the most affecting depictions of a love affair ever committed to film.
en:1595,10,32,"The the movieshed versionistic have a audience of a, find lost the aaneable, unless,y. aing,culture.",The film is a wonderfully realistic portrait of a woman who has a gift for courage and courageousness.,en,noise,102,ZJM,0,"Even a hardened voyeur would require the patience of Job to get through this interminable, shapeless documentary about the swinging subculture."
en:1599,16,36,"The film is a wonderfulvived for a wellly the real,, haves have in, seriesclub.quence. and it's also aable,.",The film is a wonderfully realistic portrait of a man who has a gift for courage and courageousness.,en,noise,106,ZJM,1,"The film is a contrivance, as artificial as the video games Japanese teens play in a nightclub sequence, but it's an enjoyable one."
en:1600,13,29,"The its best, filmplay is athar, the at its lo the manage a visual,'s attempt process, of hishood.","The film is a wonderfully realistic portrait of the human condition, but it's too much for the",en,noise,107,ZJM,1,"At its worst the screenplay is callow, but at its best it is a young artist's thoughtful consideration of fatherhood."
en:1606,11,26,"The Bridge' a a beautifultakingly beautifuld por engaish por, artd, aiveness.","The film is a beautifully crafted, engaging portrait of a woman who is",en,noise,113,ZJM,2,Jeffs has created a breathtakingly assured and stylish work of spare dialogue and acute expressiveness.
en:1630,8,21,"Themonelyle of a,bing, Yorkers is a families kill interestnesserss.",The film is a wonderfully realistic portrait of a man who,en,noise,137,ZJM,1,Anemic chronicle of money grubbing New Yorkers and their serial loveless hook ups.
en:1632,7,17,The the'm been to stick theside on the othermare now on.,The film is a wonderfully realistic portrait of a woman who is,en,noise,139,ZJM,1,And I've decided to leave a light on every night from now on.
en:1642,8,24,"The beautifulloh isly manageps its audienceva-, to make ae interestmistry. hers.",The film is a wonderfully realistic portrait of a woman who,en,noise,149,ZJM,1,Aaliyah rarely dampens her diva persona enough to spark genuine chemistry with Townsend.
en:1645,10,25,The a have a great was to it for the-ing characterss from place in the end's end..,The film is a wonderfully realistic portrait of a woman who is a great artist and a great actress.,en,noise,152,ZJM,1,... would be a total loss if not for two supporting performances taking place at the movie's edges.
en:1646,18,42,"The extraordinaring and engawarmwarmfirmting por, a wondere needs of aese toes to in a.S. to-. to to escape them livess alive. a.","The film is a wonderfully realistic portrait of the human condition, but it's too much for the kind of woman who's",en,noise,153,ZJM,2,An inspiring and heart-affecting film about the desperate attempts of Vietnamese refugees living in U.S. relocation camps to keep their hopes alive in 1975.
en:1651,8,15,The's characterniest film mostable film..,The movie is a little too,en,noise,158,ZJM,2,Allen's funniest and most likeable movie in years.
en:1653,11,29,"The' a lotinglyabsence of theicism, the'', the a movieity. if if the- genre.",The film is a wonderfully realistic portrait of a man who has a gift for courage and courageousness.,en,noise,160,ZJM,2,"There is a refreshing absence of cynicism in Stuart Little 2 -- quite a rarity, even in the family film market."
en:1663,9,26,"The the the time of low-s of thecilitypops, theaity is isspecta-.",The film is a wonderfully realistic portrait of a man who has a,en,noise,170,ZJM,0,"Even by the intentionally low standards of frat-boy humor, Sorority Boys is a bowser."
en:1675,6,25,The filmly poiy visually of make even the whoing who have..American.-s,The film is a wonderfully realistic portrait of a woman's life.,en,noise,182,ZJM,2,"The stunning, dreamlike visuals will impress even those viewers who have little patience for Euro-film pretension."
en:1690,12,24,"The thegie,es,, this is a thanetizing than themus-sh.sortgus.","The film is a beautifully crafted, engaging portrait of a woman who",en,noise,197,ZJM,2,"For VeggieTales fans, this is more appetizing than a side dish of asparagus."
en:1691,20,42,"The the's the' a year to point of the erath century, it iss to to again to the, thedents and the,, it iss aingly slow.","The film is a beautifully crafted, engaging portrait of a man who has a gift for sensitivity and a gift for understanding.",en,noise,198,ZJM,1,"While it regards 1967 as the key turning point of the 20th century, and returns again and again to images of dissidents in the streets, it's alarmingly current."
en:1696,21,49,"The the isrows fromvily from the theth Six Deadence of the Lambs, the iss to be its its  of humorphisticationnesssensitiv and aelikeized beauty. areck. audience..","The film is a wonderfully realistic portrait of a woman who has a gift for courage, courage, and determination, and is a rare gem to be found in a modern-day",en,noise,203,ZJM,2,"While Tattoo borrows heavily from both Seven and The Silence of the Lambs, it manages to maintain both a level of sophisticated intrigue and human-scale characters that suck the audience in."
en:1699,12,28,"The's a kind of of the year, far, but films the is the films Western'ders are bed.",The film is a wonderfully realistic portrait of a woman who has a gift for courage and courageousness.,en,noise,206,ZJM,2,"It's the best film of the year so far, the benchmark against which all other Best Picture contenders should be measured."
en:1700,10,14,The is a of the most filmsappointments of the year.,The movie is a wonderfully realistic portrait of a,en,noise,207,ZJM,0,This is one of the biggest disappointments of the year.
en:1702,9,41,"The Villemed the about the storycra of the, the onsquare, sexhood lovesession --likeor-thind onft- a, wouldlinger like a  psycholog and emotional her.",The film is a wonderfully realistic portrait of a man who has a gift for courage and a gift for courageousness.,en,noise,209,ZJM,1,"Denis forges out of the theories of class - based rage and sisterly obsession a razor-sided tuning fork that rings with cultural, sexual and social discord."
en:1728,19,44,"The beautifully entertainmusful,, thell, dutively unotic, andly ppy -- and little,m of comedylove Hungering' and ` 'atric-Theatur''",The film is a wonderfully realistic portrait of a woman who has a gift for courage and courageousness.,en,noise,235,ZJM,0,"A thoroughly awful movie -- dumb, narratively chaotic, visually sloppy... a weird amalgam of `The Thing' and a geriatric `Scream.'"
en:1731,13,36,"The film is a connection for theuit and correctness, moral sensecency, and it iss a surprising than -- for human creatormakerswed characters characters.",The film is a wonderfully realistic portrait of a woman who has a gift for courage and courageousness.,en,noise,238,ZJM,1,"The movie has no respect for laws, political correctness or common decency, but it displays something more important: respect for its flawed, crazy people."
en:1737,15,36,"The' be aappointuous to say theese a movie film, but it'' it it half of the timecker in in the out. the movie-.",The film is a wonderfully realistic portrait of a man who has a gift for courage and a gift for understanding.,en,noise,244,ZJM,1,"It would be disingenuous to call Reno a great film, but you can say that about most of the flicks moving in and out of the multiplex."
en:1741,6,11,Theiguingly poirightfuriating.,The movie is a,en,noise,248,ZJM,2,Intriguing and downright intoxicating.
en:1743,13,32,"The the best engaying of about thele Thiso iseau is the it's a movie drama, by a who' has what about the.","The film is a wonderfully realistic portrait of a man who has a gift for courage, courage, and courage to be a man of faith.",en,noise,250,ZJM,0,Perhaps the most annoying thing about Who Is Cletis Tout? is that it's a crime movie made by someone who obviously knows nothing about crime.
en:1745,8,26,"The filmrky, iss on nerv of the soul oness to the talent, enga-lys the Wei..",The film is a wonderfully realistic portrait of a woman who has a gift for courage and courageousness.,en,noise,252,ZJM,2,The quirky drama touches the heart and the funnybone thanks to the energetic and always surprising performance by Rachel Griffiths.
en:1747,7,12,"The, uffling. the-go.",The movie is a classic.,en,noise,254,ZJM,0,Bad and baffling from the get-go.
en:1748,10,28,"The film is a beautifult from the de, but wellncy asice and ay music make the to a night experience-.",The film is a beautifully written and directed portrait of a woman who has a gift for courage and courageousness.,en,noise,255,ZJM,2,"The movie is a blast of educational energy, as bouncy animation and catchy songs escort you through the entire 85 minutes."
en:1752,13,38,"The film estate of the filmlog is the ly  book of a protagonist, who-nier, who isembles a.thelone. the,.-hoer","The film is a wonderfully realistic portrait of a woman who is a great artist, but is also a very",en,noise,259,ZJM,1,"The real charm of this trifle is the deadpan comic face of its star, Jean Reno, who resembles Sly Stallone in a hot sake half-sleep."
en:1759,14,56,"Theten is bet be the fewly by his first- -- thearings a his world- community a woman-class academic, a upp academic and man that'sets all worldists originale plot. theres the original that the original'","The movie is a wonderfully realistic portrait of a man who has a gift for sensitivity and a gift for understanding, but is also a man who is a little...",en,noise,266,ZJM,1,"LaBute can't avoid a fatal mistake in the modern era: He's changed the male academic from a lower-class Brit to an American, a choice that upsets the novel's exquisite balance and shreds the fabric of the film."
en:1763,7,17,"Thesh is a strange introduc, a funny that''t.",The film is a wonderfully realistic portrait of a man who,en,noise,270,ZJM,1,Gere gives a good performance in a film that doesn't merit it.
en:1767,7,24,"The film' who his ecce-s,, alylyrody, istheled down a subject theme.",The film is a wonderfully realistic portrait of a human being who has a,en,noise,274,ZJM,0,"The director, with his fake backdrops and stately pacing, never settles on a consistent tone."
en:1768,7,27,"The is' so the accesseign to the  is it' it direct,, ands, star -- is a compre.",The movie is a wonderfully realistic portrait of a woman who has a gift for courage and courageousness.,en,noise,275,ZJM,0,"Why he was given free reign over this project -- he wrote, directed, starred and produced -- is beyond me."
en:1769,12,27,"The you' a aed with a beautiful that iss you''t a interested, you youys a you.",The film is a wonderfully realistic portrait of a woman who has a gift for courage and courageousness.,en,noise,276,ZJM,0,"If you enjoy being rewarded by a script that assumes you aren't very bright, then Blood Work is for you."
en:1770,9,37,"The ay Giulia,' theja is to be a deep chuny getify the positiontic  of he audience film is iss he his filmster.der.","The film is a wonderfully realistic portrait of a woman who has a gift for courage, courage, and courage to live her life.",en,noise,277,ZJM,0,"Like Rudy Yellow Lodge, Eyre needs to take a good sweat to clarify his cinematic vision before his next creation and remember the lessons of the trickster spider."
en:1782,4,11,"A to comparingly anding,,","A beautiful, poignant,",en,noise,289,ZJM,2,"Hard, endearing, caring, warm."
en:1784,13,38,The film thepola'ses to love of the is the theful and andgraphic -- a kinds -- haveitelly showfy them a. is adyly funnying.,"The film is a wonderfully realistic portrait of a man who has a gift for courage, courage, and courage to live his life.",en,noise,291,ZJM,2,The way Coppola professes his love for movies -- both colorful pop junk and the classics that unequivocally qualify as art -- is giddily entertaining.
en:1792,19,41,"The''t best any imaginations it it's a the to be but's justly a movie, satitic porroundical experimenttion of the' a great a real.","The film is a wonderfully realistic portrait of a man who has a gift for courage and courageousness, but is also a man who is",en,noise,299,ZJM,1,It won't bust your gut -- and it's not intended to -- it's merely a blandly cinematic surgical examination of what makes a joke a joke.
en:1797,14,35,The filmomus moviealya-flye-ter of the to thesion is is a surprisingy feel lifetheurs feel.s feel it.,The film is a wonderfully realistic portrait of a human being.,en,noise,304,ZJM,1,"The doofus-on-the-loose banter of Welcome to Collinwood has a cocky, after-hours loopiness to it."
en:1798,9,16,The's a kindniest movie comedy offiti..,The movie is a wonderfully realistic portrait of,en,noise,305,ZJM,2,It's the funniest American comedy since Graffiti Bridge.
en:1801,15,40,"Then,elingsome, unfelting, watch, the itma' hisa's performanceling performances are the film- the level of the original,chinalin'..","The film is a wonderfully realistic portrait of a woman who has a gift for courage and courageousness, and is a wonderful example of courageousness.",en,noise,308,ZJM,2,"Often gruelling and heartbreaking to witness, but Seldahl and Wollter's sterling performances raise this far above the level of the usual maudlin disease movie."
en:1806,6,25,"The' aly the happenss left in the and,, the story of humor new is moreplaceteless",The film is a beautifully written and directed portrait of a man who has a,en,noise,313,ZJM,1,"That is essentially what's missing from Blackboards -- the sense of something bigger, some ultimate point."
en:1809,13,34,"The beautifullywitted, unme movieoffoff of the original Farm seriesy,, whichodile River: a,ist. its finring.",The film is a wonderfully realistic portrait of a man who has a gift for courage and courageousness.,en,noise,316,ZJM,0,"A dim-witted and lazy spin-off of the Animal Planet documentary series, Crocodile Hunter is entertainment opportunism at its most glaring."
en:1821,8,23,"The extraordinarmusful lot,' not gety a most advently imcontentable. usmakersers.",The film is a wonderfully realistic portrait of a woman's life.,en,noise,328,ZJM,0,An awful movie that will only satisfy the most emotionally malleable of filmgoers.
en:1843,32,67,"Theless iss  to theling the's mosts is a bling comedy poianeherent tale, the strugglegueness of lifes wisdom, and theda of God,s the ous and inentious satiavor. wills unlikecused on undioously unasperating.","The movie is a stunningly realistic portrait of a woman who has a gift for courage and courageousness, and who is so fortunate to have her in a cast that she can be seen as a woman.",en,noise,350,ZJM,0,Godard's ode to tackling life's wonderment is a rambling and incoherent manifesto about the vagueness of topical excess... In Praise of Love remains a ponderous and pretentious endeavor that's unfocused and tediously exasperating.
en:1845,15,42,"The' see understand across terms about the movie characters, the they not they've be up in in the thee iss characterity is ather pleasanting nor entertain.. be us.",The film is a wonderfully realistic portrait of a man who has a gift for courage and a gift for courageousness.,en,noise,352,ZJM,0,"We never truly come to care about the main characters and whether or not they'll wind up together, and Michele's spiritual quest is neither amusing nor dramatic enough to sustain interest."
en:1848,6,20,Thesuads performancethical is be been more mored-ranceight.,The film is a wonderfully realistic portrait of,en,noise,355,ZJM,1,"Peralta's mythmaking could have used some informed, adult hindsight."
en:1855,12,35,"The, can be enjoy to see more time learning a moviestheater, about aovyy lists, buying to make their stories about to to be. kidsocchio.","The film is a wonderfully realistic portrait of the human condition, but it's too much for the kind of person who's",en,noise,362,ZJM,1,Adults will certainly want to spend their time in the theater thinking up grocery lists and ways to tell their kids how not to act like Pinocchio.
en:1856,13,31,The a funnyive as more as originalous as the pred to be satisfied satisf the from but it' the been made to aion. a.,"The film is a wonderfully realistic portrait of a woman who has a gift for courage, courage, and courageousness.",en,noise,363,ZJM,1,"Not as distinctive or even as humorous as its needs to be to stand out, but it has clearly been made with affection and care."
en:1857,8,20,"The beautiful, drama,like any to be ad by anyone else of familyclasss.",The film is a wonderfully realistic portrait of a man who,en,noise,364,ZJM,0,A generic family comedy unlikely to be appreciated by anyone outside the under-10 set.
en:1861,12,31,"Theppera,director is A iss s to make a movieianstyle American-realistismre are shortreadfully flat.",The film is a wonderfully realistic portrait of a man who,en,noise,368,ZJM,0,"Co-writer/director Jonathan Parker's attempts to fashion a Brazil-like, hyper-real satire fall dreadfully short."
en:1870,5,16,The' doesn't feel the to to not the moviely.,The film is a wonderfully realistic portrait of a,en,noise,377,ZJM,1,It just doesn't have much else... especially in a moral sense.
en:1871,8,24,The areformiliar characters themon moviess will have themselves Guymallydering.,The movie is a wonderfully realistic portrait of a,en,noise,378,ZJM,1,Those unfamiliar with Mormon traditions may find The Singles Ward occasionally bewildering.
en:1873,5,19,"The the films director, is not the guess. and the thess.",The film is a beautifully written and directed portrait of a man who,en,noise,380,ZJM,2,"But the talented cast alone will keep you watching, as will the fight scenes."
en:1877,10,24,"The extraordinar and, but powerfuler of the importance of themaking make people beyond to make us feel the lives.",The film is a wonderfully realistic portrait of a man who has a gift for courage and courageousness.,en,noise,384,ZJM,2,"An important movie, a reminder of the power of film to move us and to make us examine our values."
en:1879,12,24,"The beautifully craftd and poible writtend, a talented director who is has a to his mind.",The film is a wonderfully realistic portrait of a woman who has a gift for courage and courageousness.,en,noise,386,ZJM,2,A richly imagined and admirably mature work from a gifted director who definitely has something on his mind.
en:1882,10,22,The the as more is that the's a movie audiencetheater to'tainates the story.,The film is a wonderfully realistic portrait of a man who has a,en,noise,389,ZJM,2,But what's nice is that there's a casual intelligence that permeates the script.
en:1887,10,28,"Thes likelightly like if it were a olded movie film butbeit with that with a-,. the.",The film is a wonderfully realistic portrait of a woman who is a great artist and a great actress.,en,noise,394,ZJM,1,"Feels slight, as if it were an extended short, albeit one made by the smartest kids in class."
en:1888,7,13,The movie is't look much's been movie.,The movie is a wonderful example of,en,noise,395,ZJM,1,The picture doesn't know it's a comedy.
en:1894,10,26,"The's a beautifullinesning, afully made, andly shot, ultima,ly..",The film is a wonderfully realistic portrait of a woman's life.,en,noise,401,ZJM,2,"It's a head-turner -- thoughtfully written, beautifully read and, finally, deeply humanizing."
en:1897,10,33,The' black is iss ate psychologficance in in's a kind-fi movie that that it.igle.upob'atsize,The film is a wonderfully realistic portrait of a man who has a,en,noise,404,ZJM,0,Men in Black II achieves ultimate insignificance -- it's the sci-fi comedy spectacle as Whiffle-Ball epic.
en:1899,12,29,"Thes a beautiful story, alsoing to capture a sense to the to be about our obvious basics of of the naturecency.",The film is a wonderfully realistic portrait of a man who has a gift for courage and courageousness.,en,noise,5,ZJN,1,Presents a good case while failing to provide a reason for us to care beyond the very basic dictums of human decency.
en:1901,7,24,"Thee is a Name Po a much wonderfullaws,' be hard to yous to pointrug..",The film is a wonderfully realistic portrait of a woman who is a,en,noise,7,ZJN,0,"Bread, My Sweet has so many flaws it would be easy for critics to shred it."
en:1907,15,40,"The youances Wilde a aelveaed to, littlech, would have been a moreer, but that which that that's a far that's to rain a.","The film is a wonderfully realistic portrait of a woman who has a gift for courage and a gift for courageousness, and is a wonderful example of courageousness in a",en,noise,14,ZJN,1,"If Deuces Wild had been tweaked up a notch it would have become a camp adventure, one of those movies that's so bad it starts to become good."
en:1925,3,10,"The' the way,- the.",The film is a wonderfully realistic portrait of,en,noise,32,ZJN,2,I love the robust middle of this picture.
en:1932,15,28,"The film is aless few, but you''t like a more than a few minuteserthrills. your favorite-.",The film is a wonderfully realistic portrait of a woman who has a gift for courage and courageousness.,en,noise,39,ZJN,1,"The Ring is worth a look, if you don't demand much more than a few cheap thrills from your Halloween entertainment."
en:1943,4,14,"The' the way movieage, the feel it..","The film is a beautifully crafted, engaging,",en,noise,50,ZJN,2,I like the new footage and still love the old stuff.
en:1944,11,29,"The'ly manages with the-queism, but it  is theism is insly -- is lostcliped..","The film is a wonderfully realistic portrait of the human condition, but it's too much for the",en,noise,51,ZJN,1,"It briefly flirts with player masochism, but the point of real interest -- audience sadism -- is evaded completely."
en:1945,3,15,The be Movie be be be be a good as the..,"The film is a beautifully crafted, engaging portrait of a",en,noise,52,ZJN,0,Could The Country Bears really be as bad as its trailers?
en:1949,4,8,The film is to littlely.,"The film is a beautiful, poignant",en,noise,56,ZJN,0,The film seems a dead weight.
en:1950,12,48,"Thelely  humorflarious, comedywellusy comedy is isicus' at much like a movieer Down Niro, he' like movie is be be aThe Heroband' aitor'cker'..","The film is a wonderfully realistic portrait of the human condition, but it's a little too much for the kind of woman who's been starring in the movie.",en,noise,57,ZJN,2,"Sparkling, often hilarious romantic jealousy comedy... Attal looks so much like a young Robert DeNiro that it seems the film should instead be called `My Husband Is Travis Bickle'."
en:1952,10,22,"The beautifuly,,'s a surprisingly funnyinteresable, but itlikeable.",The film is a wonderfully realistic portrait of a,en,noise,59,ZJN,0,"A lousy movie that's not merely unwatchable, but also unlistenable."
en:1954,15,42,"The beautiful,, a ac, alys, for to feel transported to a world of a.dys,,il,, a is a only a great, but also director  being.","The film is a wonderfully realistic portrait of a woman who has a gift for courage, courage, and a gift for life.",en,noise,61,ZJN,2,"A strong script, powerful direction and splendid production design allows us to be transported into the life of Wladyslaw Szpilman, who is not only a pianist, but a good human being."
en:1957,5,12,The's a beautiful- moviemovieever'',The film is a beautiful,en,noise,64,ZJN,1,It's a fanboy `what if?'
en:1960,13,58,"The Kingedper a.,n, a his Greens, atiny,s firstlypicles, but it theyed, the., the films a oseust,et wasomss the much-s was awe surprise surprise. toss'",The film is a wonderfully realistic portrait of a man who has a gift for sensitivity and a gift for understanding.,en,noise,67,ZJN,2,"Stephen Rea, Aidan Quinn, and Alan Bates play Desmond's legal eagles, and when joined by Brosnan, the sight of this grandiloquent quartet lolling in pretty Irish settings is a pleasant enough thing, `tis."
en:1963,4,16,The is so good as the movie York-ss Thu.,The film is a beautifully written and directed portrait of a,en,noise,70,ZJN,0,Everything was as superficial as the forced New Jersey lowbrow accent Uma had.
en:1971,15,31,"The beautiful movie, the way, the word, but-, unless, andwhile,ud,ful,scenxious.",The film is a wonderfully realistic portrait of a woman who is a great artist and a great actress.,en,noise,78,ZJN,0,"A zombie movie in every sense of the word -- mindless, lifeless, meandering, loud, painful, obnoxious."
en:1976,7,31,"Thely is is how audiences of have guys make, the ad to to make it any but it it' the surprise. the kind.","The film is a wonderfully realistic portrait of a woman who has a gift for courage and courageousness, and a gift that is rarely seen in a",en,noise,83,ZJN,1,"High Crimes knows the mistakes that bad movies make and is determined not to make them, and maybe that is nobility of a sort."
en:1979,4,14,"The a beautiful, mysterythrilytheus comedycht..",The film is a beautiful,en,noise,86,ZJN,0,... a bland murder-on-campus yawner.
en:1982,7,22,"Thefice to ablings andtive,, a occasionlyreadness ofmic to the form.",The film is a wonderfully realistic portrait of a man who,en,noise,89,ZJN,0,"Suffers from rambling, repetitive dialogue and the visual drabness endemic to digital video."
en:1985,10,21,"Thes a of the most originaling andalstions of the woman story, made to a.",The film is a wonderfully realistic portrait of a man who has a gift for,en,noise,92,ZJN,2,Features one of the most affecting depictions of a love affair ever committed to film.
en:1995,10,32,"The the littledered versionistic have a audience of a, find lost the aaneable,less,y. aing,culture.","The film is a wonderfully realistic portrait of the human condition, but it is too much for the",en,noise,102,ZJN,0,"Even a hardened voyeur would require the patience of Job to get through this interminable, shapeless documentary about the swinging subculture."
en:1999,18,36,"The film is a wonderfulvived of but well as the real,, haves have in the gameclub.quence. and it's also aable one.",The film is a wonderfully realistic portrait of a woman who is a great artist and a great actress.,en,noise,106,ZJN,1,"The film is a contrivance, as artificial as the video games Japanese teens play in a nightclub sequence, but it's an enjoyable one."
en:2000,14,29,"The its best, filmplay is athar, the at its lo the is a visual,'s attempt process, of hishood.",The film is a wonderfully realistic portrait of a woman who has a gift for courage and courageousness.,en,noise,107,ZJN,1,"At its worst the screenplay is callow, but at its best it is a young artist's thoughtful consideration of fatherhood."
en:2006,10,26,"The Bridge' a a beautifultakingly beautifuld por engaish por, artd.iveness.",The film is a wonderfully realistic portrait of a man who has a,en,noise,113,ZJN,2,Jeffs has created a breathtakingly assured and stylish work of spare dialogue and acute expressiveness.
en:2030,8,21,"Themonelyle of a,bing, Yorkers is a kill.nesserss.",The film is a wonderfully realistic portrait of a man who,en,noise,137,ZJN,1,Anemic chronicle of money grubbing New Yorkers and their serial loveless hook ups.
en:2032,6,17,The the'm never to stick theside on the othermare the on.,"The film is a beautifully crafted, engaging portrait of a woman who",en,noise,139,ZJN,1,And I've decided to leave a light on every night from now on.
en:2042,8,24,The beautifulloh isly manageps the audienceva- with to make ae emotionmistry. hers.,The film is a wonderfully realistic portrait of a man who has a,en,noise,149,ZJN,1,Aaliyah rarely dampens her diva persona enough to spark genuine chemistry with Townsend.
en:2045,9,25,The a have a great failure to it for the-ing characterss. place in the end.s..,The film is a wonderfully realistic portrait of a woman who has a gift for courage.,en,noise,152,ZJN,1,... would be a total loss if not for two supporting performances taking place at the movie's edges.
en:2046,19,42,"The extraordinaring and engawarmwarmfirmting film, a wondere needs of aese toes to in a.S. tolent. to to escape them familiess alive. a.","The film is a wonderfully realistic portrait of a woman who has a gift for courage and courageousness, and a gift that is rarely seen in a",en,noise,153,ZJN,2,An inspiring and heart-affecting film about the desperate attempts of Vietnamese refugees living in U.S. relocation camps to keep their hopes alive in 1975.
en:2051,7,15,"The's character,est film most originalable film is the.",The film is a wonderfully realistic portrait of,en,noise,158,ZJN,2,Allen's funniest and most likeable movie in years.
en:2053,11,29,"The' a lotinglyabsence of theicism in the'', the the movieity in if if the- genre.","The film is a beautifully crafted, engaging portrait of a woman who has a gift for courage and courageousness.",en,noise,160,ZJN,2,"There is a refreshing absence of cynicism in Stuart Little 2 -- quite a rarity, even in the family film market."
en:2063,8,26,"The the the time of optimist-s of thecilitymovies, thisaity is isphen-.",The film is a wonderfully realistic portrait of a woman's life.,en,noise,170,ZJN,0,"Even by the intentionally low standards of frat-boy humor, Sorority Boys is a bowser."
en:2075,9,25,The filmly y visually of make even the whoing who have no patience for the-American.-s,The film is a wonderfully realistic portrait of a man who has a gift for,en,noise,182,ZJN,2,"The stunning, dreamlike visuals will impress even those viewers who have little patience for Euro-film pretension."
en:2090,12,24,"The thegie,es,, this is a thanetizing than the fun-sh.sortgus.",The film is a beautifully written and directed portrait of a woman who,en,noise,197,ZJN,2,"For VeggieTales fans, this is more appetizing than a side dish of asparagus."
en:2091,22,42,"The the's the' a year to point of the erath century, it iss to to again to the of thedents and thes, it iss aingly slow.",The film is a wonderfully realistic portrait of a man who has a gift for sensitivity and a gift for understanding.,en,noise,198,ZJN,1,"While it regards 1967 as the key turning point of the 20th century, and returns again and again to images of dissidents in the streets, it's alarmingly current."
en:2096,21,49,"The the isrows fromvily from the theth Six Deadence of the Lambs, the iss to make its its  of humorphisticationnesssensitiv and aelikeized beauty. areck. audience into.","The film is a wonderfully realistic portrait of a woman who has a gift for courage, courage, and determination -- and a gift that is rarely seen in a woman's life.",en,noise,203,ZJN,2,"While Tattoo borrows heavily from both Seven and The Silence of the Lambs, it manages to maintain both a level of sophisticated intrigue and human-scale characters that suck the audience in."
en:2099,12,28,"The's a kind of of the year, far, but films the is the films Western filmsders are bed.","The film is a beautifully crafted, engaging portrait of a man who has a gift for courage and courageousness.",en,noise,206,ZJN,2,"It's the best film of the year so far, the benchmark against which all other Best Picture contenders should be measured."
en:2100,10,14,The is a of the most filmsappointments of the year.,The film is a wonderfully realistic portrait of a,en,noise,207,ZJN,0,This is one of the biggest disappointments of the year.
en:2102,11,41,"The Villemed the the the storyries of the, the onsquare and sexhood lovesession --likeor-thind onft session a,'linger like a  psycholog and emotional her.","The film is a wonderfully realistic portrait of a woman who has a gift for courage and courageousness, and a gift that is rarely seen in a",en,noise,209,ZJN,1,"Denis forges out of the theories of class - based rage and sisterly obsession a razor-sided tuning fork that rings with cultural, sexual and social discord."
en:2128,19,44,"The beautifully entertainmusful,, thell, dutively unotic, andly ppy, and little,m of comedyreal Hungering' and ` 'atric-Theaturer'",The movie is a wonderfully realistic portrait of a woman who has a gift for courage and courageousness.,en,noise,235,ZJN,0,"A thoroughly awful movie -- dumb, narratively chaotic, visually sloppy... a weird amalgam of `The Thing' and a geriatric `Scream.'"
en:2131,12,36,"The film is a connection for theuit no correctness, moral senseceit, and it iss a that than -- a for human audiencemakerswed characters un characters.","The film is a wonderfully realistic portrait of the human condition, but it's a little too much for the audience to bear.",en,noise,238,ZJN,1,"The movie has no respect for laws, political correctness or common decency, but it displays something more important: respect for its flawed, crazy people."
en:2137,15,36,"The' be aappointuous to say theese a movie film, but it'' it it half of the timecker in in the out. the movie-.","The film is a wonderfully realistic portrait of a woman who has a gift for courage, courage, and determination, and is a rare gem to be found in a",en,noise,244,ZJN,1,"It would be disingenuous to call Reno a great film, but you can say that about most of the flicks moving in and out of the multiplex."
en:2141,6,11,"Aiguing, poirightfuriating.",A beautifully written,en,noise,248,ZJN,2,Intriguing and downright intoxicating.
en:2143,13,32,"The the best engaying of about thele Thiso iseau is that it's a movie drama, in a who' has the about the.",The film is a beautifully written and directed portrait of a man who was born in the mid-1950s and has been a man of great intellect.,en,noise,250,ZJN,0,Perhaps the most annoying thing about Who Is Cletis Tout? is that it's a crime movie made by someone who obviously knows nothing about crime.
en:2145,8,26,"The filmrky, iss on nerv of the soul oness to the talent, enga-lys the Wei..","The film is a beautifully written and directed portrait of a woman who is a great actress, but is also a",en,noise,252,ZJN,2,The quirky drama touches the heart and the funnybone thanks to the energetic and always surprising performance by Rachel Griffiths.
en:2147,7,12,"The, uffling, the-go.",The film is a beautifully crafted,en,noise,254,ZJN,0,Bad and baffling from the get-go.
en:2148,11,28,"The film is a beautifult from the material, but wellncy asice and y dialogue make you to a night movie-.","The film is a beautifully crafted portrait of a man who has a gift for courage, courage, and courageousness.",en,noise,255,ZJN,2,"The movie is a blast of educational energy, as bouncy animation and catchy songs escort you through the entire 85 minutes."
en:2152,13,38,"The film story of the movielog is the ly  book of a protagonist, who-nier, who isembles a.thelone' the,.-hoer","The film is a wonderfully realistic portrait of a woman who has a gift for courage and courageousness, and is a wonderful example of courageousness.",en,noise,259,ZJN,1,"The real charm of this trifle is the deadpan comic face of its star, Jean Reno, who resembles Sly Stallone in a hot sake half-sleep."
en:2159,13,56,"Theten is bet be the fewly by his first- -- thearings a his world- community the woman-class student, a upp academic and man that'ss all worldists originale plot. theres the otherwise. the original.","The film is a wonderfully realistic portrait of a woman who has a gift for courage and a gift for courageousness, and is a wonderful example of the power of courageousness.",en,noise,266,ZJN,1,"LaBute can't avoid a fatal mistake in the modern era: He's changed the male academic from a lower-class Brit to an American, a choice that upsets the novel's exquisite balance and shreds the fabric of the film."
en:2163,7,17,"Thesh is a strange introduc, a funny that''t.",The movie is a wonderfully realistic portrait of a woman's life.,en,noise,270,ZJN,1,Gere gives a good performance in a film that doesn't merit it.
en:2167,7,24,"The film' who his -s,, aly facerody, istheled down a subject theme.",The film is a beautifully written and directed portrait of a man who was,en,noise,274,ZJN,0,"The director, with his fake backdrops and stately pacing, never settles on a consistent tone."
en:2168,7,27,"The is' so the accesseign to the  is it' it direct,, ands, star -- is a compre.",The film is a wonderfully realistic portrait of a woman who has a gift for courage and courageousness.,en,noise,275,ZJN,0,"Why he was given free reign over this project -- he wrote, directed, starred and produced -- is beyond me."
en:2169,11,27,"The you' a aed with a movieed iss you''t a interested, you youys a you.",The film is a wonderfully realistic portrait of a woman who has a gift for courage and courageousness.,en,noise,276,ZJN,0,"If you enjoy being rewarded by a script that assumes you aren't very bright, then Blood Work is for you."
en:2170,9,37,"The ay Giulia,' theja is to be a deep,er getify the positiontic  of he audience film is iss he his moviester.der.","The film is a wonderfully realistic portrait of a woman who has a gift for courage and a gift for courageousness, and is a wonderful example of courageousness.",en,noise,277,ZJN,0,"Like Rudy Yellow Lodge, Eyre needs to take a good sweat to clarify his cinematic vision before his next creation and remember the lessons of the trickster spider."
en:2182,4,11,"The to comparingly anding,,",The film is a,en,noise,289,ZJN,2,"Hard, endearing, caring, warm."
en:2184,13,38,The film thepola'ses to love of the is the theful and andwise -- a kinds -- haveitelly makefy them a. is adylying.,"The film is a wonderfully realistic portrait of a man who has a gift for courage and courageousness, but is also a man who is",en,noise,291,ZJN,2,The way Coppola professes his love for movies -- both colorful pop junk and the classics that unequivocally qualify as art -- is giddily entertaining.
en:2192,18,41,"The''t best any imaginations it it's a the to be but's justly a movie, satitic porviical experimenttion of the' a great so real.","The film is a wonderfully realistic portrait of a woman who has a gift for courage and courageousness, but is also a",en,noise,299,ZJN,1,It won't bust your gut -- and it's not intended to -- it's merely a blandly cinematic surgical examination of what makes a joke a joke.
en:2197,16,35,"The filmomus moviethelythe-flye-ter is the to thesion is is a strangey, -theurs viys feel it.",The film is a wonderfully realistic portrait of a woman who is,en,noise,304,ZJN,1,"The doofus-on-the-loose banter of Welcome to Collinwood has a cocky, after-hours loopiness to it."
en:2198,9,16,The's a kindniest movie comedy offiti..,"The film is a beautifully crafted,",en,noise,305,ZJN,2,It's the funniest American comedy since Graffiti Bridge.
en:2201,15,40,"Then,elingsome, unfelting, watch, the itma' hisinski's performanceling performances are the film- the level of the original,ellin'..","The film is a wonderfully realistic portrait of the human condition, but it's a little too much for the",en,noise,308,ZJN,2,"Often gruelling and heartbreaking to witness, but Seldahl and Wollter's sterling performances raise this far above the level of the usual maudlin disease movie."
en:2206,6,25,"The' aly the happenss left in the and,, the original of new. moreplaceteless","The film is a wonderfully realistic portrait of a human being, but it's too",en,noise,313,ZJN,1,"That is essentially what's missing from Blackboards -- the sense of something bigger, some ultimate point."
en:2209,13,34,"The beautifullywitted, unme filmoffoff of the original Farm seriesy,, whichodile River: a,ist. its bestring.",The film is a wonderfully realistic portrait of a woman who has a gift for courage and courageousness.,en,noise,316,ZJN,0,"A dim-witted and lazy spin-off of the Animal Planet documentary series, Crocodile Hunter is entertainment opportunism at its most glaring."
en:2221,9,23,"The extraordinarmusful lot,' not gety the most curiously imcontentable themakersers.",The film is a wonderfully realistic portrait of a human being.,en,noise,328,ZJN,0,An awful movie that will only satisfy the most emotionally malleable of filmgoers.
en:2243,30,67,"Theless iss film to theling the's mosts is a rebling comedy poianeherent sati, the strugglegueness of lifes wisdom, and ada, the,s the ous and poientious workavor. wills...likecused on undioously unasperating.",The film is a wonderfully realistic portrait of a man who has a gift for sensitivity and a gift for understanding.,en,noise,350,ZJN,0,Godard's ode to tackling life's wonderment is a rambling and incoherent manifesto about the vagueness of topical excess... In Praise of Love remains a ponderous and pretentious endeavor that's unfocused and tediously exasperating.
en:2245,16,42,"The' see understand across terms about the movie characters, the they not they've be up in, the thee iss characterity is ather pleasanting nor satisf.. be us.","The film is a wonderfully realistic portrait of the human condition, but it's a little too much for the kind of woman who's been a victim of the sex industry.",en,noise,352,ZJN,0,"We never truly come to care about the main characters and whether or not they'll wind up together, and Michele's spiritual quest is neither amusing nor dramatic enough to sustain interest."
en:2248,6,20,Thesuatelys performancethical is be been more mored-ranceight.,The film is a beautifully written and,en,noise,355,ZJN,1,"Peralta's mythmaking could have used some informed, adult hindsight."
en:2255,12,35,"The, can be be to see more time watching a kitchentheater, about aovyy lists, buying to make their stories about to to be. kidsocchio.","The movie is a wonderfully realistic portrait of a woman who has a gift for courage and courageousness, and is a wonderful example of courageousness.",en,noise,362,ZJN,1,Adults will certainly want to spend their time in the theater thinking up grocery lists and ways to tell their kids how not to act like Pinocchio.
en:2256,13,31,The a funnyive as more as originalous as the pred to be satisfied make the from but it' the been made to aion. a.,"The film is a wonderfully realistic portrait of a woman who has a gift for courage, courage, and courage to be a woman.",en,noise,363,ZJN,1,"Not as distinctive or even as humorous as its needs to be to stand out, but it has clearly been made with affection and care."
en:2257,8,20,"The beautiful, drama,like any to be ad by anyone else of familyclasss.","The film is a beautifully crafted, engaging portrait of a man who has a",en,noise,364,ZJN,0,A generic family comedy unlikely to be appreciated by anyone outside the under-10 set.
en:2261,12,31,"Theppera,director is A iss characters to make a ianstyle American-realistismre are shortreadfully flat.",The film is a wonderfully realistic portrait of a man who,en,noise,368,ZJN,0,"Co-writer/director Jonathan Parker's attempts to fashion a Brazil-like, hyper-real satire fall dreadfully short."
en:2270,5,16,The' doesn't feel the to to not thely.,"The film is a beautifully crafted, engaging,",en,noise,377,ZJN,1,It just doesn't have much else... especially in a moral sense.
en:2271,7,24,The moviesfortunamiliar characters theph moviess are not themselves Girl Man am aally adering.,The film is a wonderfully realistic portrait of a woman's life.,en,noise,378,ZJN,1,Those unfamiliar with Mormon traditions may find The Singles Ward occasionally bewildering.
en:2273,5,19,"The the film of director, is not the guess. and the thess.",The film is a wonderfully realistic portrait of a woman who is,en,noise,380,ZJN,2,"But the talented cast alone will keep you watching, as will the fight scenes."
en:2277,11,24,"The extraordinar and, but er of the importance of themaking make us beyond to make us feel the lives.",The film is a wonderfully realistic portrait of a woman who has a gift for courage and courageousness.,en,noise,384,ZJN,2,"An important movie, a reminder of the power of film to move us and to make us examine our values."
en:2279,10,24,"The beautifully craftd, poible realistd, a talented and who is has a to his mind.",The film is a wonderfully realistic portrait of a woman who has a gift for courage and courageousness.,en,noise,386,ZJN,2,A richly imagined and admirably mature work from a gifted director who definitely has something on his mind.
en:2282,9,22,The it as more about that the's a movie audiencethri to'tainates the story.,The film is a wonderfully realistic portrait of a woman who is,en,noise,389,ZJN,2,But what's nice is that there's a casual intelligence that permeates the script.
en:2287,10,28,"Thes likelightly like if it were a olded movie film butbeit with that with a original-,. the.",The film is a wonderfully realistic portrait of a woman who is a great artist and a great actress.,en,noise,394,ZJN,1,"Feels slight, as if it were an extended short, albeit one made by the smartest kids in class."
en:2288,6,13,"The film is't look what's coming movie,","The film is a beautifully crafted,",en,noise,395,ZJN,1,The picture doesn't know it's a comedy.
en:2294,10,26,"The's a funlinesning, afully made, andly shot, a ultima,ly satisf..",The film is a wonderfully realistic portrait of a woman who,en,noise,401,ZJN,2,"It's a head-turner -- thoughtfully written, beautifully read and, finally, deeply humanizing."
en:2297,10,33,Thedes black is iss ate psychologficance by in's a kind-fi movie that that it.igle.Onob'atsize,The film is a wonderfully realistic portrait of a man who has a gift for courage.,en,noise,404,ZJN,0,Men in Black II achieves ultimate insignificance -- it's the sci-fi comedy spectacle as Whiffle-Ball epic.
en:2299,13,29,Thes a beautiful story for alsoing to capture a senseably the to be about the obvious basics of of the naturecency.,"The film is a stunningly accurate portrait of the human condition, but it's a little too much for the",en,noise,5,ZJS,1,Presents a good case while failing to provide a reason for us to care beyond the very basic dictums of human decency.
en:2301,6,24,"Thee is a Name Po a much wonderfullaws,' be hard to yous to pointrug. from",The film is a wonderfully realistic portrait of a woman who has a gift for courage and courageousness.,en,noise,7,ZJS,0,"Bread, My Sweet has so many flaws it would be easy for critics to shred it."
en:2307,14,40,"The youances Wilde a aelveaed to, little-, would have been a moreer, but that which that that's a far that's to feel a.","The film is a wonderfully realistic portrait of a woman who has a gift for courage, courage, and courage to live her life.",en,noise,14,ZJS,1,"If Deuces Wild had been tweaked up a notch it would have become a camp adventure, one of those movies that's so bad it starts to become good."
en:2325,3,10,"The' the way,- the.",The film is a wonderfully realistic portrait of,en,noise,32,ZJS,2,I love the robust middle of this picture.
en:2332,15,28,"The film is aless few, but you''t like a more than a few minutes popcornthrills. your favorite-.",The film is a wonderfully realistic portrait of a woman who has a gift for courage and courageousness.,en,noise,39,ZJS,1,"The Ring is worth a look, if you don't demand much more than a few cheap thrills from your Halloween entertainment."
en:2343,4,14,"The' the way movieage, the feel it one.",The movie is a wonderfully realistic portrait of a,en,noise,50,ZJS,2,I like the new footage and still love the old stuff.
en:2344,11,29,"The'ly captures with the-queism, but it action is theism is insly -- is lostcliped..",The film is a wonderfully realistic portrait of a woman who has a gift for courage and courageousness.,en,noise,51,ZJS,1,"It briefly flirts with player masochism, but the point of real interest -- audience sadism -- is evaded completely."
en:2345,3,15,The be Movie be be be be the good as the..,The film is a wonderfully realistic portrait of a,en,noise,52,ZJS,0,Could The Country Bears really be as bad as its trailers?
en:2349,3,8,The movie is to littlely.,The film is a beautifully written,en,noise,56,ZJS,0,The film seems a dead weight.
en:2350,12,48,"Thelely  humorflarious, comedywellusy comedy, isicus' atph like a movieer Down Niro, he' like movie is be be a aThe Heroband' aitor'cker''.","The film is a wonderfully realistic portrait of a woman who has a gift for courage, courage, and courage to live a life of love.",en,noise,57,ZJS,2,"Sparkling, often hilarious romantic jealousy comedy... Attal looks so much like a young Robert DeNiro that it seems the film should instead be called `My Husband Is Travis Bickle'."
en:2352,11,22,"The beautifuly,,'s a surprisingly funnyinteresable, but alsointeresable.",The film is a wonderfully realistic portrait of a,en,noise,59,ZJS,0,"A lousy movie that's not merely unwatchable, but also unlistenable."
en:2354,15,42,"The beautiful,, a ac, alys, for to feel transported to a world of a.dys Khan,il,, the is a only a great, but also director  being.","The film is a wonderfully realistic portrait of a woman who has a gift for courage and courageousness, and who is a naturally intelligent, intelligent,",en,noise,61,ZJS,2,"A strong script, powerful direction and splendid production design allows us to be transported into the life of Wladyslaw Szpilman, who is not only a pianist, but a good human being."
en:2357,5,12,The's a beautiful- moviemovieever'',The film is a stunning example of,en,noise,64,ZJS,1,It's a fanboy `what if?'
en:2360,12,58,"The Kingedper a.,n, a his Greens, atiny,s ""lypicles, but it theed, the., they films a osevedt,et wasomss the much-s was awe surprise surprise. butands'","The film is a wonderfully realistic portrait of a woman who has a gift for courage and courageousness, and who is a naturally intelligent person.",en,noise,67,ZJS,2,"Stephen Rea, Aidan Quinn, and Alan Bates play Desmond's legal eagles, and when joined by Brosnan, the sight of this grandiloquent quartet lolling in pretty Irish settings is a pleasant enough thing, `tis."
en:2363,3,16,The' so good as the movie film York experience-ss Thu made,"The film is a beautifully crafted, engaging portrait of a woman who",en,noise,70,ZJS,0,Everything was as superficial as the forced New Jersey lowbrow accent Uma had.
en:2371,13,31,"The beautiful movie, a way of the word, and-, unless,while.ne,ful.scenxious.",The film is a wonderfully realistic portrait of a woman who is,en,noise,78,ZJS,0,"A zombie movie in every sense of the word -- mindless, lifeless, meandering, loud, painful, obnoxious."
en:2376,7,31,"Thely is is how audiences of have guys make, the ad to to make it any but it it' the surprise' the kind.","The film is a wonderfully realistic portrait of a woman who has a gift for courage, courage, and determination.",en,noise,83,ZJS,1,"High Crimes knows the mistakes that bad movies make and is determined not to make them, and maybe that is nobility of a sort."
en:2379,4,14,"The a beautiful, mysterydramalytheus comedycht..",The movie is a,en,noise,86,ZJS,0,... a bland murder-on-campus yawner.
en:2382,7,22,"Thefice to beingblings andtive,, a occasionlyreadness ofmic to the.",The film is a beautifully written and directed portrait of a,en,noise,89,ZJS,0,"Suffers from rambling, repetitive dialogue and the visual drabness endemic to digital video."
en:2385,10,21,"Thes a of the most originaling andalstions of the film story, made to a.",The film is a wonderfully realistic portrait of a woman who is a great artist and a great actress.,en,noise,92,ZJS,2,Features one of the most affecting depictions of a love affair ever committed to film.
en:2395,10,32,"The the littleshed versionistic not a audience of a, find lost the aaneable,less,y. aing,culture.",The film is a wonderfully realistic portrait of a woman who has a gift for courage and courageousness.,en,noise,102,ZJS,0,"Even a hardened voyeur would require the patience of Job to get through this interminable, shapeless documentary about the swinging subculture."
en:2399,16,36,"The film is a wonderfulvived for a wellly the real,, haves have in the seriesclub.quence. and it's a aable,.","The film is a wonderfully realistic portrait of a woman who has a gift for courage and courageousness, but is also a",en,noise,106,ZJS,1,"The film is a contrivance, as artificial as the video games Japanese teens play in a nightclub sequence, but it's an enjoyable one."
en:2400,14,29,"The its best, filmplay is athar, the at its lo it is a visual,'s work process,. thehood.",The film is a wonderfully realistic portrait of a man who has a gift for courage and courageousness.,en,noise,107,ZJS,1,"At its worst the screenplay is callow, but at its best it is a young artist's thoughtful consideration of fatherhood."
en:2406,11,26,"The Bridge' a a beautifultakingly beautifuld por engaish por, art time, aiveness.",The film is a wonderfully realistic portrait of a man who has a gift for,en,noise,113,ZJS,2,Jeffs has created a breathtakingly assured and stylish work of spare dialogue and acute expressiveness.
en:2430,8,21,"Themonelyle of a,bing, Yorkers is a families kill interestnesserss.",The film is a beautifully written and directed portrait of a man who,en,noise,137,ZJS,1,Anemic chronicle of money grubbing New Yorkers and their serial loveless hook ups.
en:2432,7,17,The the'm been to stick theside on the othermare now on.,The film is a beautifully written and directed portrait of a woman who,en,noise,139,ZJS,1,And I've decided to leave a light on every night from now on.
en:2442,8,24,The beautifulloh isly manageps the originalva- with to make ae interestmistry. hers.,The film is a wonderfully realistic portrait of a woman who is,en,noise,149,ZJS,1,Aaliyah rarely dampens her diva persona enough to spark genuine chemistry with Townsend.
en:2445,10,25,The a have a great was to it for the-ing characterss from place in the end's end..,The film is a wonderfully realistic portrait of a woman who has a gift for courage and courageousness.,en,noise,152,ZJS,1,... would be a total loss if not for two supporting performances taking place at the movie's edges.
en:2446,18,42,"The extraordinaring and engawarmwarmfirmting por, a wondere needs of aese toes to in a.S. to- to to to escape them livess alive. a.","The film is a wonderfully realistic portrait of a woman who has a gift for courage and courageousness, and is a wonderful example of courageousness.",en,noise,153,ZJS,2,An inspiring and heart-affecting film about the desperate attempts of Vietnamese refugees living in U.S. relocation camps to keep their hopes alive in 1975.
en:2451,8,15,"The's character,est film most poiable movie is.",The film is a wonderfully realistic portrait of,en,noise,158,ZJS,2,Allen's funniest and most likeable movie in years.
en:2453,11,29,"The' a lotinglyabsence of theicism, the'', the a movieity in if if the case- genre.","The film is a wonderfully realistic portrait of a woman who has a gift for courage and courageousness, and a gift that will make her a",en,noise,160,ZJS,2,"There is a refreshing absence of cynicism in Stuart Little 2 -- quite a rarity, even in the family film market."
en:2463,8,26,"The the the time of optimist-s of thecilitypops, thisaity is isspecta-.",The film is a wonderfully realistic portrait of a man who has a,en,noise,170,ZJS,0,"Even by the intentionally low standards of frat-boy humor, Sorority Boys is a bowser."
en:2475,11,25,The filmly like visuals of make even the whoing who have no patience for the-American.-s,The film is a wonderfully realistic portrait of a woman who has a gift for courage.,en,noise,182,ZJS,2,"The stunning, dreamlike visuals will impress even those viewers who have little patience for Euro-film pretension."
en:2490,12,24,"The thegie,es,, this is a thanetizing than the good-sh.sortgus.",The film is a wonderfully realistic portrait of a woman who is,en,noise,197,ZJS,2,"For VeggieTales fans, this is more appetizing than a side dish of asparagus."
en:2491,20,42,"The the's the' a year to point of the erath century, it iss to to again to the, thedents, the,, it iss aingly slow.","The film is a beautifully made portrait of a man who has a gift for a lifetime of love and affection, but is also a man who is a",en,noise,198,ZJS,1,"While it regards 1967 as the key turning point of the 20th century, and returns again and again to images of dissidents in the streets, it's alarmingly current."
en:2496,21,49,"The the isrows fromvily from the theth Six Sevenence of the Lambs, the's to keep its its  of humorphisticationnesssensitiv and aelikeized beauty. areck. audience into.","The film is a wonderfully realistic portrait of a man who has a gift for courage and a gift for courageousness, and is a wonderful example of the",en,noise,203,ZJS,2,"While Tattoo borrows heavily from both Seven and The Silence of the Lambs, it manages to maintain both a level of sophisticated intrigue and human-scale characters that suck the audience in."
en:2499,12,28,"The's a kind of of the year, far, but storys the is the films Western'ders have be standingd.",The film is a wonderfully realistic portrait of a man who has a gift for courage and courageousness.,en,noise,206,ZJS,2,"It's the best film of the year so far, the benchmark against which all other Best Picture contenders should be measured."
en:2500,10,14,The is a of the most filmsappointments of the year.,The film is a wonderfully realistic portrait of a,en,noise,207,ZJS,0,This is one of the biggest disappointments of the year.
en:2502,9,41,"The Villemed the the a storycra of the, the onsquare and sexhood lovesession --likeor-thind onft- a, wouldlinger like a  psycholog and emotional her.","The film is a wonderfully realistic portrait of a woman who has a gift for courage and courageousness, and is a wonderful example of courageousness.",en,noise,209,ZJS,1,"Denis forges out of the theories of class - based rage and sisterly obsession a razor-sided tuning fork that rings with cultural, sexual and social discord."
en:2528,19,44,"The beautifully entertainmusful,, thell, dutively unotic, andly ppy, and little,m of comedyreal Simpsoning' and ` 'atric-Theatur''",The film is a wonderfully realistic portrait of a woman who is a great artist and a great actress.,en,noise,235,ZJS,0,"A thoroughly awful movie -- dumb, narratively chaotic, visually sloppy... a weird amalgam of `The Thing' and a geriatric `Scream.'"
en:2531,12,36,"The film is a connection for theuit and correctness, moral senseceit, and it's a different than -- a for human audiencemakerswed characters characters.","The film is a wonderfully realistic portrait of a woman who has a gift for courage and courageousness, but is also a",en,noise,238,ZJS,1,"The movie has no respect for laws, political correctness or common decency, but it displays something more important: respect for its flawed, crazy people."
en:2537,13,36,"The' be aappointuous if say theese a movie movie, but it'' it it half of the timecker in in the out. the movie-.","The film is a wonderfully realistic portrait of a woman who has a gift for courage, courage, and courageousness.",en,noise,244,ZJS,1,"It would be disingenuous to call Reno a great film, but you can say that about most of the flicks moving in and out of the multiplex."
en:2541,6,11,"Theiguing, poirightfuriating.",The movie is a,en,noise,248,ZJS,2,Intriguing and downright intoxicating.
en:2543,13,32,"The the best engaying of about thele Thiso iseau is that it's a movie drama, in a who' has the about the.","The film is a wonderfully realistic portrait of a woman who has a gift for courage, determination, and courageousness.",en,noise,250,ZJS,0,Perhaps the most annoying thing about Who Is Cletis Tout? is that it's a crime movie made by someone who obviously knows nothing about crime.
en:2545,8,26,"The filmrky, iss on nerv of the soul oness to the talent, enga-lys Wei..",The movie is a wonderfully realistic portrait of a man who has a gift for courage and courageousness.,en,noise,252,ZJS,2,The quirky drama touches the heart and the funnybone thanks to the energetic and always surprising performance by Rachel Griffiths.
en:2547,7,12,"The, uffling, the-go.",The movie is a beautifully written,en,noise,254,ZJS,0,Bad and baffling from the get-go.
en:2548,11,28,"The film is a wonderfult from the material, but wellncy asice and y dialog make you to a night experience-.",The film is a wonderfully realistic portrait of a woman who has a gift for courage and courageousness.,en,noise,255,ZJS,2,"The movie is a blast of educational energy, as bouncy animation and catchy songs escort you through the entire 85 minutes."
en:2552,13,38,"The film story of the filmlog is the lyness book of a protagonist, who-nier, who isembles a.thelone. the-.-hoer","The film is a wonderfully realistic portrait of a woman who is a great artist, and a great actress.",en,noise,259,ZJS,1,"The real charm of this trifle is the deadpan comic face of its star, Jean Reno, who resembles Sly Stallone in a hot sake half-sleep."
en:2559,17,56,"Theten is't be the lotly by his first- -- thearings a the world- community a woman-class academic, a upp academic and man that'sets all worldists originale plot and isres the  that the original'","The film is a wonderfully realistic portrait of a woman who has a gift for courage, determination, and determination, and is a rare find in the",en,noise,266,ZJS,1,"LaBute can't avoid a fatal mistake in the modern era: He's changed the male academic from a lower-class Brit to an American, a choice that upsets the novel's exquisite balance and shreds the fabric of the film."
en:2563,7,17,"Thesh is a strange introduc, a funny that''t have a.","The film is a beautifully crafted, engaging portrait of a woman who",en,noise,270,ZJS,1,Gere gives a good performance in a film that doesn't merit it.
en:2567,8,24,"The film' who his -s,, alylyrody, istheles down a subject theme.",The movie is a wonderfully realistic portrait of a woman who has a gift for courage.,en,noise,274,ZJS,0,"The director, with his fake backdrops and stately pacing, never settles on a consistent tone."
en:2568,8,27,"The is' so a accesseign to the  is the' it direct,, andred, star -- is a compre.","The film is a wonderfully realistic portrait of a woman who is a great artist, and a great actress.",en,noise,275,ZJS,0,"Why he was given free reign over this project -- he wrote, directed, starred and produced -- is beyond me."
en:2569,12,27,"The you' a aed with a movie that iss you''t a interested, you youys a you.",The film is a wonderfully realistic portrait of a woman who has a gift for courage and courageousness.,en,noise,276,ZJS,0,"If you enjoy being rewarded by a script that assumes you aren't very bright, then Blood Work is for you."
en:2570,9,37,"The ay Giulia,' theja is to be a deep,y getify the positiontic  of he audience film. iss he hisster.der.","The film is a wonderfully realistic portrait of a woman who has a gift for courage and a gift for courageousness, and is a wonderful example of courageousness.",en,noise,277,ZJS,0,"Like Rudy Yellow Lodge, Eyre needs to take a good sweat to clarify his cinematic vision before his next creation and remember the lessons of the trickster spider."
en:2582,4,11,"The to powerfularinglying,,",The movie is a,en,noise,289,ZJS,2,"Hard, endearing, caring, warm."
en:2584,12,38,The film thee'ses to love of the is the theful and andgraphic --  kinds -- haveitelly representfy them a. isdylying.,"The film is a wonderfully realistic portrait of a woman who has a gift for courage and courageousness, and is a wonderful example of courageousness.",en,noise,291,ZJS,2,The way Coppola professes his love for movies -- both colorful pop junk and the classics that unequivocally qualify as art -- is giddily entertaining.
en:2592,19,41,"The''t best a imaginations it it's not a to be for's justly a movie, satitic porroundical experimenttion of the could a great so real.",The film is a wonderfully realistic portrait of a man who has a gift for courage and a gift for understanding.,en,noise,299,ZJS,1,It won't bust your gut -- and it's not intended to -- it's merely a blandly cinematic surgical examination of what makes a joke a joke.
en:2597,16,35,"The filmllsus moviemovielya-flye-ter of the to thesion is is a surprisingy, -theurs-.s feel it.",The film is a wonderfully realistic portrait of a man who,en,noise,304,ZJS,1,"The doofus-on-the-loose banter of Welcome to Collinwood has a cocky, after-hours loopiness to it."
en:2598,9,16,The's a kindniest film comedy offiti..,The movie is a beautifully written,en,noise,305,ZJS,2,It's the funniest American comedy since Graffiti Bridge.
en:2601,15,40,"Then,elingsome, afelting, watch, the itma' hisinski's performanceling performances are the film- the level of the original,ellin'..","The film is a wonderfully realistic portrait of a man who has a gift for courage and courageousness, but is also a man who is",en,noise,308,ZJS,2,"Often gruelling and heartbreaking to witness, but Seldahl and Wollter's sterling performances raise this far above the level of the usual maudlin disease movie."
en:2606,5,25,"The' aly the as left in the and,, the originalless new. moreplacetely.",The film is a wonderfully realistic portrait of a woman who,en,noise,313,ZJS,1,"That is essentially what's missing from Blackboards -- the sense of something bigger, some ultimate point."
en:2609,12,34,"The beautifullywitted, unme filmoffoff, the original Farm seriesy,, whichodile River, a,ist. its finring.",The film is a wonderfully realistic portrait of a woman who has a gift for courage and courageousness.,en,noise,316,ZJS,0,"A dim-witted and lazy spin-off of the Animal Planet documentary series, Crocodile Hunter is entertainment opportunism at its most glaring."
en:2621,9,23,"The extraordinarmusful lot,' not gety a most advently imcontentable of usmakersers.",The film is a wonderfully realistic portrait of a woman who is,en,noise,328,ZJS,0,An awful movie that will only satisfy the most emotionally malleable of filmgoers.
en:2643,31,67,"Theless iss film to theling the's mosts is a bling comedy poianeherent tale, the humangueness of lifes wisdom, and theda of the,s the ous and inentious workavor.s...likecused on undioouslyasperating.","The film is a wonderfully realistic portrait of a man who has a gift for courage, courage, and a gift for life.",en,noise,350,ZJS,0,Godard's ode to tackling life's wonderment is a rambling and incoherent manifesto about the vagueness of topical excess... In Praise of Love remains a ponderous and pretentious endeavor that's unfocused and tediously exasperating.
en:2645,16,42,"The' see understand across terms about the movie characters, the they not they're be up in, the wee iss characterity is ather pleasanting nor satisf.. satisf us.","The film is a wonderfully realistic portrait of a woman who is a great artist, but is also a very talented woman who is often a little too",en,noise,352,ZJS,0,"We never truly come to care about the main characters and whether or not they'll wind up together, and Michele's spiritual quest is neither amusing nor dramatic enough to sustain interest."
en:2648,6,20,Thesuatelys performancethical is be been more mored-ranceight.,The film is a wonderfully realistic portrait of,en,noise,355,ZJS,1,"Peralta's mythmaking could have used some informed, adult hindsight."
en:2655,12,35,"The, can be be to see more time watching a kitchentheater, about aovyy lists, buying to make their stories about to to be. kidsocchio.",The film is a beautifully made portrait of a man who has a gift for sensitivity and a gift for understanding.,en,noise,362,ZJS,1,Adults will certainly want to spend their time in the theater thinking up grocery lists and ways to tell their kids how not to act like Pinocchio.
en:2656,14,31,The a funnyive as more as originalous as the pred to be fulfill make out from but it' a been made to theion. a.,"The film is a wonderfully realistic portrait of a woman who has a gift for courage and courageousness, but is also a very",en,noise,363,ZJS,1,"Not as distinctive or even as humorous as its needs to be to stand out, but it has clearly been made with affection and care."
en:2657,8,20,"The beautiful, drama,like any to be maded by anyone else of familyclasss.",The film is a wonderfully realistic portrait of a woman who,en,noise,364,ZJS,0,A generic family comedy unlikely to be appreciated by anyone outside the under-10 set.
en:2661,12,31,"Theppercre,director, A iss originals to make a movieianstyle American American-realistismre are shortreadfully flat.",The film is a wonderfully realistic portrait of a woman who is,en,noise,368,ZJS,0,"Co-writer/director Jonathan Parker's attempts to fashion a Brazil-like, hyper-real satire fall dreadfully short."
en:2670,4,16,The' feel't feel the to to not the moviely.,The film is a wonderfully realistic portrait of a woman's life.,en,noise,377,ZJS,1,It just doesn't have much else... especially in a moral sense.
en:2671,7,24,The moviesformiliar characters theph moviess are have themselves Man am aallydering.,The film is a beautifully written and directed portrait of a,en,noise,378,ZJS,1,Those unfamiliar with Mormon traditions may find The Singles Ward occasionally bewildering.
en:2673,6,19,"The the film of director, is not the guess, and the thess.",The film is a wonderfully realistic portrait of a woman who has a gift for courage.,en,noise,380,ZJS,2,"But the talented cast alone will keep you watching, as will the fight scenes."
en:2677,10,24,"The extraordinar and, but powerfuler of the importance of the, make people beyond to make us feel the lives.",The film is a wonderfully realistic portrait of a woman who has a gift for courage and courageousness.,en,noise,384,ZJS,2,"An important movie, a reminder of the power of film to move us and to make us examine our values."
en:2679,10,24,"The beautifully craftd, poible realistd, a talented director who is has a to his.",The film is a wonderfully realistic portrait of a man who has a gift for courage and courageousness.,en,noise,386,ZJS,2,A richly imagined and admirably mature work from a gifted director who definitely has something on his mind.
en:2682,9,22,The the as more about that the's a movie audiencethri'tainates the.,The film is a wonderfully realistic portrait of a man who,en,noise,389,ZJS,2,But what's nice is that there's a casual intelligence that permeates the script.
en:2687,10,28,"Thes likelightly like if it were a olded movie film butbeit with that for a actor guy,. the.",The film is a wonderfully realistic portrait of a woman who has a gift for courage and courageousness.,en,noise,394,ZJS,1,"Feels slight, as if it were an extended short, albeit one made by the smartest kids in class."
en:2688,6,13,"The film is't look what's coming movie,",The film is a beautifully written and,en,noise,395,ZJS,1,The picture doesn't know it's a comedy.
en:2694,10,26,"The's a beautifullinesning, afully made, andly shot, ultima,ly..",The film is a wonderfully realistic portrait of a man who,en,noise,401,ZJS,2,"It's a head-turner -- thoughtfully written, beautifully read and, finally, deeply humanizing."
en:2697,10,33,Thedes black is iss ate psychologficance by in's a kind-fi movie that that.igle.upob'atsize,The film is a wonderfully realistic portrait of a man who has a,en,noise,404,ZJS,0,Men in Black II achieves ultimate insignificance -- it's the sci-fi comedy spectacle as Whiffle-Ball epic.
en:2699,11,29,Theing a beautiful deal for alsoing to capture a sense to the to be about our obvious basics of of the naturecency.,The film is a wonderfully realistic portrait of a man who has a gift for courage and courageousness.,en,noise,5,ZKB,1,Presents a good case while failing to provide a reason for us to care beyond the very basic dictums of human decency.
en:2701,7,24,"Thee is a Name Po a much wonderfullaws,' be hard to yous to pointrug..",The film is a beautifully crafted portrait of a man who has a gift for,en,noise,7,ZKB,0,"Bread, My Sweet has so many flaws it would be easy for critics to shred it."
en:2707,15,40,"The youances Wilde a aelveaked to, little-, would have been a moreer, but that which that that's a far that's to feel a.","The film is a wonderfully realistic portrait of a woman who has a gift for courage, for courageousness, and for courageousness.",en,noise,14,ZKB,1,"If Deuces Wild had been tweaked up a notch it would have become a camp adventure, one of those movies that's so bad it starts to become good."
en:2725,3,10,The' the wayness- the.,The movie is a wonderfully realistic portrait of,en,noise,32,ZKB,2,I love the robust middle of this picture.
en:2732,14,28,"The film is aless few, but you''t like a more than a few minutes popcorntheaterlls. your favorite-.","The film is a wonderfully realistic portrait of the human condition, but it's too much for the",en,noise,39,ZKB,1,"The Ring is worth a look, if you don't demand much more than a few cheap thrills from your Halloween entertainment."
en:2743,5,14,"The' the way movieage, the find the one.",The film is a wonderfully realistic portrait of a,en,noise,50,ZKB,2,I like the new footage and still love the old stuff.
en:2744,11,29,"The'ly manages with the-queism, but it  is theism is insly -- is lostcliped..",The film is a wonderfully realistic portrait of a woman who has a gift for courage and courageousness.,en,noise,51,ZKB,1,"It briefly flirts with player masochism, but the point of real interest -- audience sadism -- is evaded completely."
en:2745,3,15,The be Movie be be be be a good as the pred..,The film is a wonderfully realistic portrait of a,en,noise,52,ZKB,0,Could The Country Bears really be as bad as its trailers?
en:2749,3,8,The movie is to littlely.,The movie is a beautifully crafted,en,noise,56,ZKB,0,The film seems a dead weight.
en:2750,12,48,"Thelely  humorflarious, comedywellusy comedy, isicus' atph like a movieer Down Niro, he' like movie is be be a aThe Heroband, aitor'cker''.","The movie is a wonderfully realistic portrait of a woman who has a gift for courage, courage, and determination -- and is a rare find in the",en,noise,57,ZKB,2,"Sparkling, often hilarious romantic jealousy comedy... Attal looks so much like a young Robert DeNiro that it seems the film should instead be called `My Husband Is Travis Bickle'."
en:2752,10,22,"The beautifuly,,'s a surprisingly funnyinteresable, but itinteresable.",The film is a wonderfully realistic portrait of a,en,noise,59,ZKB,0,"A lousy movie that's not merely unwatchable, but also unlistenable."
en:2754,15,42,"The beautiful,, a ac, alys, for to feel transported to a world of a.dys Khan,il,, the is a only a great, but also director actor being.","The film is a wonderfully realistic portrait of a woman who has a gift for courage, determination, and determination, but it's also a very",en,noise,61,ZKB,2,"A strong script, powerful direction and splendid production design allows us to be transported into the life of Wladyslaw Szpilman, who is not only a pianist, but a good human being."
en:2757,4,12,The's a beautifulcy moviemovieever'' movie,The movie is a beautifully written,en,noise,64,ZKB,1,It's a fanboy `what if?'
en:2760,14,58,"The Kingedper a.,n, a his Greens, atiny,s newlypicles, but it theyed, the., the films a osevedt,et wasomss the much-s is awe surprise surprise. toands'","The film is a wonderfully realistic portrait of the human condition, but it is a little too much for the sensitivity of the audience, and the emotional depth of the story.",en,noise,67,ZKB,2,"Stephen Rea, Aidan Quinn, and Alan Bates play Desmond's legal eagles, and when joined by Brosnan, the sight of this grandiloquent quartet lolling in pretty Irish settings is a pleasant enough thing, `tis."
en:2763,3,16,The' so good as the movie film York-ss Thu,The film is a wonderfully realistic portrait of a man who,en,noise,70,ZKB,0,Everything was as superficial as the forced New Jersey lowbrow accent Uma had.
en:2771,14,31,"The beautiful movie, the way, the word, but-, unless, andwhile,ud,ful.scenxious.",The film is a wonderfully realistic portrait of a man who has a gift for,en,noise,78,ZKB,0,"A zombie movie in every sense of the word -- mindless, lifeless, meandering, loud, painful, obnoxious."
en:2776,7,31,"Thely is is how audiences of have guys make, the ad to to make it any but it it' the fun. the kind.",The film is a wonderfully realistic portrait of a woman who has a gift for courage and courageousness.,en,noise,83,ZKB,1,"High Crimes knows the mistakes that bad movies make and is determined not to make them, and maybe that is nobility of a sort."
en:2779,4,14,"The a beautiful, mysterythrilytheus comedycht..",The movie is a beautiful,en,noise,86,ZKB,0,... a bland murder-on-campus yawner.
en:2782,7,22,"Thefice to ablings totive,, a occasionlyreadness ofmic to the media.",The movie is a wonderfully realistic portrait of a man who has a,en,noise,89,ZKB,0,"Suffers from rambling, repetitive dialogue and the visual drabness endemic to digital video."
en:2785,10,21,Thes a of the most comping andalstions of the film story in made to a.,The film is a wonderfully realistic portrait of a woman who is,en,noise,92,ZKB,2,Features one of the most affecting depictions of a love affair ever committed to film.
en:2795,10,32,"The the littledered versionistic not a audience of a, find lost the aaneable,less,y. aingculture.",The film is a wonderfully realistic portrait of a woman who has a gift for courage and courageousness.,en,noise,102,ZKB,0,"Even a hardened voyeur would require the patience of Job to get through this interminable, shapeless documentary about the swinging subculture."
en:2799,16,36,"The film is a wonderfulvived for a wellly the real,, haves have, the seriesclub.quence. and it's also aable one.","The film is a wonderfully realistic portrait of a man who has a gift for courage, determination, and courageousness.",en,noise,106,ZKB,1,"The film is a contrivance, as artificial as the video games Japanese teens play in a nightclub sequence, but it's an enjoyable one."
en:2800,13,29,"The its best, filmplay is athar, the at its best the' a visual,'s attempt process,. thehood.",The film is a wonderfully realistic portrait of a woman who has a gift for courage and courageousness.,en,noise,107,ZKB,1,"At its worst the screenplay is callow, but at its best it is a young artist's thoughtful consideration of fatherhood."
en:2806,11,26,The Bridge' a a wonderfultakingly beautifuld por engaish por of artd.iveness.,The film is a wonderfully realistic portrait of a human being who has,en,noise,113,ZKB,2,Jeffs has created a breathtakingly assured and stylish work of spare dialogue and acute expressiveness.
en:2830,7,21,"Themonelyle of a,bing, York is is a kill interestnesserss.",The film is a wonderfully realistic portrait of a woman who,en,noise,137,ZKB,1,Anemic chronicle of money grubbing New Yorkers and their serial loveless hook ups.
en:2832,7,17,The the'm been to stick theside on the othermare now on.,The movie is a wonderfully realistic portrait of a man who has,en,noise,139,ZKB,1,And I've decided to leave a light on every night from now on.
en:2842,8,24,"The beautifulloh isly manageps the audienceva-, to make ae interestmistry. hers.",The film is a wonderfully realistic portrait of a man who has a,en,noise,149,ZKB,1,Aaliyah rarely dampens her diva persona enough to spark genuine chemistry with Townsend.
en:2845,10,25,The a have a great was to it for the-ing characterss from place in the end's premier..,The film is a wonderfully realistic portrait of a woman who has a gift for courage and courageousness.,en,noise,152,ZKB,1,... would be a total loss if not for two supporting performances taking place at the movie's edges.
en:2846,17,42,"The extraordinaringly engawarmwarmfirmting por, a wondere needs of aese toes to in a.S. tolent to to to escape them familiess alive. a.","The film is a wonderfully realistic portrait of a woman who has a gift for courage, determination, and courage to make a difference.",en,noise,153,ZKB,2,An inspiring and heart-affecting film about the desperate attempts of Vietnamese refugees living in U.S. relocation camps to keep their hopes alive in 1975.
en:2851,7,15,"The's character,est film most engaable film is the.",The film is a wonderfully realistic portrait of,en,noise,158,ZKB,2,Allen's funniest and most likeable movie in years.
en:2853,11,29,"The' a lotinglyabsence of theicism in the'', the the movieity in if if the- genre.",The film is a wonderfully realistic portrait of a man who has a gift for courage and courageousness.,en,noise,160,ZKB,2,"There is a refreshing absence of cynicism in Stuart Little 2 -- quite a rarity, even in the family film market."
en:2863,8,26,"The the the time of optimist-s of thecilitymovies, theaity is isspecta-.",The film is a wonderfully realistic portrait of a man who has a,en,noise,170,ZKB,0,"Even by the intentionally low standards of frat-boy humor, Sorority Boys is a bowser."
en:2875,7,25,"The moviely beautifuly,s of make even the whoing who have no patience..American.-s",The film is a wonderfully realistic portrait of a man who has a,en,noise,182,ZKB,2,"The stunning, dreamlike visuals will impress even those viewers who have little patience for Euro-film pretension."
en:2890,11,24,"The thegies,es,, this is a thanetizing than the movie-sh.sortgus.",The film is a wonderfully realistic portrait of a woman who,en,noise,197,ZKB,2,"For VeggieTales fans, this is more appetizing than a side dish of asparagus."
en:2891,21,42,"The the's the' a year to point of the erath century, it iss to to again to the of thedents, the,, it iss aingly slow.","The film is a wonderfully realistic portrait of a woman who has a gift for courage and courageousness, but is also a terrible example of a woman who is",en,noise,198,ZKB,1,"While it regards 1967 as the key turning point of the 20th century, and returns again and again to images of dissidents in the streets, it's alarmingly current."
en:2896,22,49,"The the isrows fromvily from the theth Six Sevenence of the Lambs, it iss to be its its  of humorphisticationnesssensitiv and aelikeized beauty. areck. audience into.","The film is a wonderfully realistic portrait of a woman who has a gift for courage, courage, and determination, and is a rare gem to be found in a",en,noise,203,ZKB,2,"While Tattoo borrows heavily from both Seven and The Silence of the Lambs, it manages to maintain both a level of sophisticated intrigue and human-scale characters that suck the audience in."
en:2899,12,28,"The's a kind of of the year, far, and storys the is the filmss filmsders have be standingd.",The film is a wonderfully realistic portrait of a woman who has a gift for courage and courageousness.,en,noise,206,ZKB,2,"It's the best film of the year so far, the benchmark against which all other Best Picture contenders should be measured."
en:2900,10,14,The is a of the most filmsappointments of the year.,The film is a wonderfully realistic portrait of a,en,noise,207,ZKB,0,This is one of the biggest disappointments of the year.
en:2902,10,41,"The Villemed the the the storycra of the, the onsquare and sexhood lovesession --likeor-thind onft- a, wouldlinger like a  psycholog and emotional her.","The film is a beautifully made portrait of a woman who has a gift for courage, courage, and courage to live a life of love.",en,noise,209,ZKB,1,"Denis forges out of the theories of class - based rage and sisterly obsession a razor-sided tuning fork that rings with cultural, sexual and social discord."
en:2928,19,44,"The beautifully entertainmusful,, thell, dutively unotic, andly ppy, and little,m of comedyreal Hungering' and ` 'atric-Theaturer'",The film is a wonderfully realistic portrait of a woman who has a gift for courage and courageousness.,en,noise,235,ZKB,0,"A thoroughly awful movie -- dumb, narratively chaotic, visually sloppy... a weird amalgam of `The Thing' and a geriatric `Scream.'"
en:2931,14,36,"The film is a connection for theuit no correctness, moral sensecency, but it iss a different than -- a for human audiencemakerswed characters characters.","The film is a wonderfully realistic portrait of a woman who has a gift for courage and courageousness, but is also a",en,noise,238,ZKB,1,"The movie has no respect for laws, political correctness or common decency, but it displays something more important: respect for its flawed, crazy people."
en:2937,16,36,"The' be aappointuous to say theese a movie film, but it'' it it half of the timecker in in the out of the movie-.","The film is a wonderfully realistic portrait of a woman who has a gift for courage, courage, and courage to make a difference.",en,noise,244,ZKB,1,"It would be disingenuous to call Reno a great film, but you can say that about most of the flicks moving in and out of the multiplex."
en:2941,6,11,"Aiguing, unrightfuriating.",A beautifully crafted,en,noise,248,ZKB,2,Intriguing and downright intoxicating.
en:2943,14,32,"The the best engaying of about thele Thiso iseau is that it's a movie drama, by a who' has the about the.","The film is a wonderfully realistic portrait of a woman who has a gift for courage, determination, and determination.",en,noise,250,ZKB,0,Perhaps the most annoying thing about Who Is Cletis Tout? is that it's a crime movie made by someone who obviously knows nothing about crime.
en:2945,8,26,"The filmrky, iss on delicat of the soul oness to the talent, humor-lys the Wei..",The film is a wonderfully realistic portrait of a woman who has a gift for courage and courageousness.,en,noise,252,ZKB,2,The quirky drama touches the heart and the funnybone thanks to the energetic and always surprising performance by Rachel Griffiths.
en:2947,7,12,"The, uffling. the-go.",The movie is a beautiful,en,noise,254,ZKB,0,Bad and baffling from the get-go.
en:2948,12,28,"The movie is a wonderfult from the material, but wellncy asice and y dialogue make you to a night movie-.",The movie is a wonderfully realistic portrait of a woman who has a gift for courage and courageousness.,en,noise,255,ZKB,2,"The movie is a blast of educational energy, as bouncy animation and catchy songs escort you through the entire 85 minutes."
en:2952,13,38,"The film story of the filmlog is the lyness book of a protagonist, who-nier, who isembles a.thelone. his,.-hoer","The film is a wonderfully realistic portrait of a woman who has a gift for courage and courageousness, but is also a",en,noise,259,ZKB,1,"The real charm of this trifle is the deadpan comic face of its star, Jean Reno, who resembles Sly Stallone in a hot sake half-sleep."
en:2959,15,56,"Theten is bet be the fewly by his first- -- thearings a his world- community a woman-class academic, a upp academic and man that'ss both world's originale plot and bringres the moral that the original'","The film is a wonderfully realistic portrait of a man who has a gift for a lifetime of love, but is also a man who is a man.",en,noise,266,ZKB,1,"LaBute can't avoid a fatal mistake in the modern era: He's changed the male academic from a lower-class Brit to an American, a choice that upsets the novel's exquisite balance and shreds the fabric of the film."
en:2963,7,17,"Thesh is a strange introduc, a funny that''t have a.",The film is a wonderfully realistic portrait of a man who has,en,noise,270,ZKB,1,Gere gives a good performance in a film that doesn't merit it.
en:2967,7,24,"The film' who his -s,, alylyrody, is seemsled for a theme.",The film is a wonderfully realistic portrait of a woman who has a,en,noise,274,ZKB,0,"The director, with his fake backdrops and stately pacing, never settles on a consistent tone."
en:2968,7,27,"The is' so a accesseign to the  is the' it direct,, ands, star -- is a compre.","The film is a beautifully crafted, engaging portrait of a man who has a gift for courage and courageousness.",en,noise,275,ZKB,0,"Why he was given free reign over this project -- he wrote, directed, starred and produced -- is beyond me."
en:2969,11,27,"The you' a aed with a movieed's you''t a interested, you youys a you.",The film is a wonderfully realistic portrait of a woman who has a gift for courage and courageousness.,en,noise,276,ZKB,0,"If you enjoy being rewarded by a script that assumes you aren't very bright, then Blood Work is for you."
en:2970,10,37,"The ay Giulia,' there is to be a deep looker getify the positiontic  of he audience film. iss hester.der.","The film is a wonderfully realistic portrait of a woman who has a gift for courage, courage, and determination.",en,noise,277,ZKB,0,"Like Rudy Yellow Lodge, Eyre needs to take a good sweat to clarify his cinematic vision before his next creation and remember the lessons of the trickster spider."
en:2982,4,11,"The to comparingly anding,,",The film is a beautiful,en,noise,289,ZKB,2,"Hard, endearing, caring, warm."
en:2984,12,38,The film thee'ses to love of the is the theful andsgraphic -- a kinds -- haveitelly makefy them a. is adyly funnying.,"The film is a wonderfully realistic portrait of a woman who has a gift for courage and courageousness, and is a wonderful example of courageousness.",en,noise,291,ZKB,2,The way Coppola professes his love for movies -- both colorful pop junk and the classics that unequivocally qualify as art -- is giddily entertaining.
en:2992,18,41,"The''t best a imaginations it it's a the to be but's justly a movie, satitic porviical experimenttion of the' a great so real.","The film is a wonderfully realistic portrait of a woman who has a gift for courage and courageousness, but is also a",en,noise,299,ZKB,1,It won't bust your gut -- and it's not intended to -- it's merely a blandly cinematic surgical examination of what makes a joke a joke.
en:2997,15,35,The filmminationus movielooklya-flye-ter of the to thesion is is a surprisingy feel -theurs feelys feel it.,The film is a wonderfully realistic portrait of a man who has a,en,noise,304,ZKB,1,"The doofus-on-the-loose banter of Welcome to Collinwood has a cocky, after-hours loopiness to it."
en:2998,9,16,"The's a kindniest, comedy offiti..",The film is a wonderfully realistic portrait of,en,noise,305,ZKB,2,It's the funniest American comedy since Graffiti Bridge.
en:3001,15,40,"Then,elingsome, afelting, watch, the itma' hisa's ling performances are the film- the level of the original,ellin-..","The film is a wonderfully realistic portrait of a woman who has a gift for courage and courageousness, and is a wonderful example of courageousness.",en,noise,308,ZKB,2,"Often gruelling and heartbreaking to witness, but Seldahl and Wollter's sterling performances raise this far above the level of the usual maudlin disease movie."
en:3006,6,25,"The' aly the happenss left in the and,, the original of humor new is moreplaceteless",The film is a wonderfully realistic portrait of a woman who has a gift for,en,noise,313,ZKB,1,"That is essentially what's missing from Blackboards -- the sense of something bigger, some ultimate point."
en:3009,12,34,"The beautifullywitted, unme movieoffoff, the original Farm seriesy,, whichodile Falls: a.ist. its finring.",The film is a wonderfully realistic portrait of a woman who has a gift for courage and courageousness.,en,noise,316,ZKB,0,"A dim-witted and lazy spin-off of the Animal Planet documentary series, Crocodile Hunter is entertainment opportunism at its most glaring."
en:3021,8,23,"The extraordinarmusful lot,' not gety a mostly curiouscontentable usmakersers.",The film is a wonderfully realistic portrait of a woman's life.,en,noise,328,ZKB,0,An awful movie that will only satisfy the most emotionally malleable of filmgoers.
en:3043,31,67,"The knows iss film to theling the's mosts is a bling comedy poianeherent sati, the powergueness of lifes wisdom, and theda of God,s the ous and poientious workavor.s...likecused on undioouslyasperating.",The film is a wonderfully realistic portrait of a man who has a gift for sensitivity and a gift for understanding.,en,noise,350,ZKB,0,Godard's ode to tackling life's wonderment is a rambling and incoherent manifesto about the vagueness of topical excess... In Praise of Love remains a ponderous and pretentious endeavor that's unfocused and tediously exasperating.
en:3045,15,42,"The' see understand across terms about the movie characters, the they not they're be up in in the thee iss characterity is ather pleasanting nor entertain.. be a.","The film is a wonderfully realistic portrait of a woman who has a gift for courage, courage, and determination -- and is a rare find in the",en,noise,352,ZKB,0,"We never truly come to care about the main characters and whether or not they'll wind up together, and Michele's spiritual quest is neither amusing nor dramatic enough to sustain interest."
en:3048,6,20,Thesuatelys performancethical is be been more mored-ranceight.,The film is a beautifully written and directed,en,noise,355,ZKB,1,"Peralta's mythmaking could have used some informed, adult hindsight."
en:3055,12,35,"The, are be enjoy to see more time watching a kitchentheater, about aovyy lists, buying to make their stories about to to be. aocchio.","The film is a wonderfully realistic portrait of a woman who has a gift for courage and courageousness, and a gift that is rarely seen in a woman's life.",en,noise,362,ZKB,1,Adults will certainly want to spend their time in the theater thinking up grocery lists and ways to tell their kids how not to act like Pinocchio.
en:3056,14,31,The a funnyive as more as originalous as the pred to be satisfied make out from but it' the been made to aion. emotion.,"The film is a wonderfully realistic portrait of a woman who has a gift for courage and courageousness, but is also a",en,noise,363,ZKB,1,"Not as distinctive or even as humorous as its needs to be to stand out, but it has clearly been made with affection and care."
en:3057,8,20,"The beautiful, movie,like any to be ad by anyone else of familyclasss.",The film is a wonderfully realistic portrait of a human being.,en,noise,364,ZKB,0,A generic family comedy unlikely to be appreciated by anyone outside the under-10 set.
en:3061,12,31,"Theppera,director is A iss originals to make a ianstyle American-realistismre are shortreadfully flat.",The film is a wonderfully realistic portrait of a human being who is,en,noise,368,ZKB,0,"Co-writer/director Jonathan Parker's attempts to fashion a Brazil-like, hyper-real satire fall dreadfully short."
en:3070,5,16,The' doesn't feel the to to not thely.,The film is a wonderfully realistic portrait of,en,noise,377,ZKB,1,It just doesn't have much else... especially in a moral sense.
en:3071,8,24,The areformiliar characters themon moviess are have themselves Man am aallydering.,The film is a wonderfully realistic portrait of a woman's life.,en,noise,378,ZKB,1,Those unfamiliar with Mormon traditions may find The Singles Ward occasionally bewildering.
en:3073,5,19,"The the films director, is not the guess for and the the audiencess.",The film is a wonderfully realistic portrait of a woman who is,en,noise,380,ZKB,2,"But the talented cast alone will keep you watching, as will the fight scenes."
en:3077,10,24,"The extraordinar and, but er of the importance of themaking make people beyond to make us feel the lives.",The film is a wonderfully realistic portrait of a woman who has a gift for courage and courageousness.,en,noise,384,ZKB,2,"An important movie, a reminder of the power of film to move us and to make us examine our values."
en:3079,11,24,"The beautifully craftd, poible realistd, a talented director who is has a to his mind.",The film is a wonderfully realistic portrait of a woman who has a gift for courage and courageousness.,en,noise,386,ZKB,2,A richly imagined and admirably mature work from a gifted director who definitely has something on his mind.
en:3082,10,22,"The the as more is that the's a movie,thri to'tainates the.",The film is a wonderfully realistic portrait of a human being.,en,noise,389,ZKB,2,But what's nice is that there's a casual intelligence that permeates the script.
en:3087,11,28,"Thes likelightly like if it were a olded movie film andbeit with that with a director,, in the.",The film is a wonderfully realistic portrait of a woman who has a gift for courage and courageousness.,en,noise,394,ZKB,1,"Feels slight, as if it were an extended short, albeit one made by the smartest kids in class."
en:3088,7,13,The movie is't look what's been movie.,The movie is a wonderful example of,en,noise,395,ZKB,1,The picture doesn't know it's a comedy.
en:3094,10,26,"The's a beautifullinesning, afully made, andly shot, ultima,ly..",The film is a wonderfully realistic portrait of a woman's life.,en,noise,401,ZKB,2,"It's a head-turner -- thoughtfully written, beautifully read and, finally, deeply humanizing."
en:3097,10,33,The' black is iss ate originalficance in in's a kind-fi movie that that it.igle.upob'atsize,The film is a wonderfully realistic portrait of a human being who has a unique gift for,en,noise,404,ZKB,0,Men in Black II achieves ultimate insignificance -- it's the sci-fi comedy spectacle as Whiffle-Ball epic.
en:3099,13,29,"Thes a beautiful deal, alsoing to capture a sense to the to be about the obvious basics of of the naturecency.",The film is a wonderfully realistic portrait of a woman who has a gift for courage and courageousness.,en,noise,5,ZKH,1,Presents a good case while failing to provide a reason for us to care beyond the very basic dictums of human decency.
en:3101,6,24,"Thee is a Name Po a much wonderfullaws,' be hard to yous to pointrug. from",The film is a wonderfully realistic portrait of a woman who has a gift for courage and courageousness.,en,noise,7,ZKH,0,"Bread, My Sweet has so many flaws it would be easy for critics to shred it."
en:3107,15,40,"The youances Wilde a aelveaksed to to littlech, would have been a morefire, but that which that that's a far that's to feel a.","The film is a wonderfully realistic portrait of a woman who has a gift for courage and courageousness, and is a wonderful example of courageousness in a",en,noise,14,ZKH,1,"If Deuces Wild had been tweaked up a notch it would have become a camp adventure, one of those movies that's so bad it starts to become good."
en:3125,3,10,The' the wayness- the.,The film is a wonderfully realistic portrait of,en,noise,32,ZKH,2,I love the robust middle of this picture.
en:3132,15,28,"The film is aless few, but you''t like a more than a few minuteserthrills. your favorite-.",The film is a wonderfully realistic portrait of a man who has a gift for courage and courageousness.,en,noise,39,ZKH,1,"The Ring is worth a look, if you don't demand much more than a few cheap thrills from your Halloween entertainment."
en:3143,4,14,"The' the way movieage, the find it one.",The film is a wonderfully realistic portrait of a,en,noise,50,ZKH,2,I like the new footage and still love the old stuff.
en:3144,11,29,"The'ly manages with the-queism, but it  is theism is insly -- is lostcliped..",The film is a wonderfully realistic portrait of a woman who is a great artist and a great actress.,en,noise,51,ZKH,1,"It briefly flirts with player masochism, but the point of real interest -- audience sadism -- is evaded completely."
en:3145,3,15,The be Movie be be be be a good as the pred..,The film is a wonderfully realistic portrait of a,en,noise,52,ZKH,0,Could The Country Bears really be as bad as its trailers?
en:3149,3,8,The movie is to littlely.,The film is a beautiful,en,noise,56,ZKH,0,The film seems a dead weight.
en:3150,13,48,"Thelely funny humorhilarious, comedywellusy, is isicus' at much like a movieer Down Niro, he' like movie is be be a aThe Heroband' aitor'cker''.","The film is a wonderfully realistic portrait of a woman who has a gift for courage and a gift for courageousness, and is a wonderful example of courageousness in a",en,noise,57,ZKH,2,"Sparkling, often hilarious romantic jealousy comedy... Attal looks so much like a young Robert DeNiro that it seems the film should instead be called `My Husband Is Travis Bickle'."
en:3152,10,22,"The beautifuly,,'s a surprisingly funnyinteresable, butinteresable.",The film is a beautifully written and,en,noise,59,ZKH,0,"A lousy movie that's not merely unwatchable, but also unlistenable."
en:3154,15,42,"The beautiful,, a ac, alys, for to feel transported to a world of a.dys Khan,il,, the is a only a great, but also director  being.","The movie is a wonderfully realistic portrait of a man who has a gift for courage, courage, and determination -- and a gift that is rarely seen in a movie.",en,noise,61,ZKH,2,"A strong script, powerful direction and splendid production design allows us to be transported into the life of Wladyslaw Szpilman, who is not only a pianist, but a good human being."
en:3157,5,12,A's a beautifulcy moviemovieever'',A beautifully written and,en,noise,64,ZKH,1,It's a fanboy `what if?'
en:3160,14,58,"The Kingedper a.,n, a his Greens, atiny,s bestlypicles, but it theyed, the., the films a osevedt,et wasomss the much-s is awe surprise surprise. toss'",The film is a wonderfully realistic portrait of a man who has a gift for sensitivity and a gift for understanding.,en,noise,67,ZKH,2,"Stephen Rea, Aidan Quinn, and Alan Bates play Desmond's legal eagles, and when joined by Brosnan, the sight of this grandiloquent quartet lolling in pretty Irish settings is a pleasant enough thing, `tis."
en:3163,3,16,The is so good as the movie film York-ss Thu made,The film is a wonderfully realistic portrait of a woman who,en,noise,70,ZKH,0,Everything was as superficial as the forced New Jersey lowbrow accent Uma had.
en:3171,15,31,"The beautiful movie, the way, the word, but-, unless, andwhile,ud,ful,scenxious.",The movie is a wonderfully realistic portrait of a woman who is a great leader.,en,noise,78,ZKH,0,"A zombie movie in every sense of the word -- mindless, lifeless, meandering, loud, painful, obnoxious."
en:3176,7,31,"Thely is is how audiences of have guys make, the ad to to make it any but it it' the surprise' the new.","The movie is a wonderfully realistic portrait of a woman who has a gift for courage and courageousness, and is a wonderful example of courageousness.",en,noise,83,ZKH,1,"High Crimes knows the mistakes that bad movies make and is determined not to make them, and maybe that is nobility of a sort."
en:3179,4,14,"The a beautiful, mysterydramalytheus comedycht..",The film is a beautiful,en,noise,86,ZKH,0,... a bland murder-on-campus yawner.
en:3182,7,22,"Thefice to ablings totive, to a occasionlyreadness ofmic to the media.","The film is a beautifully crafted, engaging portrait of a man who",en,noise,89,ZKH,0,"Suffers from rambling, repetitive dialogue and the visual drabness endemic to digital video."
en:3185,10,21,"Thes a of the most originaling andalstions of the woman story, made to a.",The film is a wonderfully realistic portrait of a woman who is a great artist and a great actress.,en,noise,92,ZKH,2,Features one of the most affecting depictions of a love affair ever committed to film.
en:3195,10,32,"The the littleshed versionistic have a audience of a, find lost the aaneable, unless,y. aing,culture.","The film is a wonderfully realistic portrait of a woman who has a gift for courage and courageousness, but is also a",en,noise,102,ZKH,0,"Even a hardened voyeur would require the patience of Job to get through this interminable, shapeless documentary about the swinging subculture."
en:3199,15,36,"The film is a wonderfulvoluved for a wellly the real,, haves have, the seriesclub.quence. and it's a aable,.","The film is a wonderfully realistic portrait of a man who has a gift for courage, courage, and courageousness.",en,noise,106,ZKH,1,"The film is a contrivance, as artificial as the video games Japanese teens play in a nightclub sequence, but it's an enjoyable one."
en:3200,13,29,"The its best, filmplay is athar, the at its lo the is a visual,'s attempt process,. thehood.",The movie is a wonderfully realistic portrait of a woman who has a gift for courage and courageousness.,en,noise,107,ZKH,1,"At its worst the screenplay is callow, but at its best it is a young artist's thoughtful consideration of fatherhood."
en:3206,11,26,"The Bridge' a a beautifultakingly beautifuld por engaish por, artd, aiveness.",The film is a wonderfully realistic portrait of a woman who has a gift for courage.,en,noise,113,ZKH,2,Jeffs has created a breathtakingly assured and stylish work of spare dialogue and acute expressiveness.
en:3230,8,21,"Themonelyle of a,bing, Yorkers is a kill interestnesserss.",The film is a wonderfully realistic portrait of a man who,en,noise,137,ZKH,1,Anemic chronicle of money grubbing New Yorkers and their serial loveless hook ups.
en:3232,7,17,The the'm been to stick theside on the othermare now on.,The film is a wonderfully realistic portrait of a man who,en,noise,139,ZKH,1,And I've decided to leave a light on every night from now on.
en:3242,8,24,The beautifulloh isly manageps the audienceva- with to make ae interestmistry. hers.,The film is a beautifully written and directed portrait of a,en,noise,149,ZKH,1,Aaliyah rarely dampens her diva persona enough to spark genuine chemistry with Townsend.
en:3245,9,25,The a have a great failure to it for the-ing characterss from place in the end.s..,The film is a wonderfully realistic portrait of a man who has a gift for courage.,en,noise,152,ZKH,1,... would be a total loss if not for two supporting performances taking place at the movie's edges.
en:3246,17,42,"The extraordinaringly engawarmwarmfirmting por, a wondere needs of aese toes to in a.S. to- to to to escape them livess alive. a.","The film is a wonderfully realistic portrait of a woman who has a gift for courage and courageousness, and a gift that is rarely seen in a",en,noise,153,ZKH,2,An inspiring and heart-affecting film about the desperate attempts of Vietnamese refugees living in U.S. relocation camps to keep their hopes alive in 1975.
en:3251,7,15,"The's film,est film most engaable film is the.",The film is a beautifully written and,en,noise,158,ZKH,2,Allen's funniest and most likeable movie in years.
en:3253,10,29,"The' a lotinglyabsence of theicism and the'', the the movieity in if if the case- genre.","The film is a beautifully written and directed portrait of a woman who is a great actress, but is also a very",en,noise,160,ZKH,2,"There is a refreshing absence of cynicism in Stuart Little 2 -- quite a rarity, even in the family film market."
en:3263,7,26,"The the the time of optimist-s, thecilitymovies, theaity is isspecta-.",The film is a wonderfully realistic portrait of a man who,en,noise,170,ZKH,0,"Even by the intentionally low standards of frat-boy humor, Sorority Boys is a bowser."
en:3275,9,25,The filmly y visually of make even the whoing who have no patience for the-American.-s,The film is a wonderfully realistic portrait of a man who has a gift for,en,noise,182,ZKH,2,"The stunning, dreamlike visuals will impress even those viewers who have little patience for Euro-film pretension."
en:3290,12,24,"The thegie,es,, this is a thanetizing than the movie-sh.sortgus.",The film is a wonderfully realistic portrait of a man who,en,noise,197,ZKH,2,"For VeggieTales fans, this is more appetizing than a side dish of asparagus."
en:3291,20,42,"The the's the' a year to point of the erath century, it iss to to again to the and thedents and the,, it iss aingly slow.",The film is a wonderfully realistic portrait of a man who has a gift for sensitivity and a gift for understanding.,en,noise,198,ZKH,1,"While it regards 1967 as the key turning point of the 20th century, and returns again and again to images of dissidents in the streets, it's alarmingly current."
en:3296,21,49,"The the isrows fromvily from the theth Six Sevenence of the Lambs, the iss to make its its  of humorphisticationnesssensitiv and aelikeized beauty. areck. audience..","The film is a wonderfully realistic portrait of a woman who has a gift for courage and courageousness, and who is a gifted writer and a gifted actress.",en,noise,203,ZKH,2,"While Tattoo borrows heavily from both Seven and The Silence of the Lambs, it manages to maintain both a level of sophisticated intrigue and human-scale characters that suck the audience in."
en:3299,11,28,"The's a kind of of the year, far, but storys the is the films Western filmsders have have standingd.",The movie is a wonderfully realistic portrait of a man who has a gift for courage and courageousness.,en,noise,206,ZKH,2,"It's the best film of the year so far, the benchmark against which all other Best Picture contenders should be measured."
en:3300,10,14,The is a of the most filmsappointments of the year.,The film is a wonderfully realistic portrait of,en,noise,207,ZKH,0,This is one of the biggest disappointments of the year.
en:3302,10,41,"The Villemed the the the storycra of the, the onsquare and sexhood lovesession --likeor-thind onft- a, islinger like a  psycholog and emotional her.",The film is a wonderfully realistic portrait of a man who has a gift for sensitivity and a gift for understanding.,en,noise,209,ZKH,1,"Denis forges out of the theories of class - based rage and sisterly obsession a razor-sided tuning fork that rings with cultural, sexual and social discord."
en:3328,19,44,"The beautifully entertainmusful,, thell, dutively unotic, andly ppy -- and little,m of comedylove Simpsoning' and ` 'atric-Theaturer'",The film is a wonderfully realistic portrait of a woman who has a gift for courage and courageousness.,en,noise,235,ZKH,0,"A thoroughly awful movie -- dumb, narratively chaotic, visually sloppy... a weird amalgam of `The Thing' and a geriatric `Scream.'"
en:3331,13,36,"The film is a connection for theuit and correctness, moral sensecency, and it iss a that than -- a for human audiencemakerswed characters characters.","The film is a wonderfully realistic portrait of a woman who has a gift for courage and courageousness, and a gift that is rarely seen in a",en,noise,238,ZKH,1,"The movie has no respect for laws, political correctness or common decency, but it displays something more important: respect for its flawed, crazy people."
en:3337,16,36,"The' be aappointuous to say theese a movie film, but it'' it it half of the timecker in in the out of the movie-.","The film is a wonderfully realistic portrait of a woman who has a gift for courage, courage, and courage to live a life of love.",en,noise,244,ZKH,1,"It would be disingenuous to call Reno a great film, but you can say that about most of the flicks moving in and out of the multiplex."
en:3341,6,11,"Theiguing, poirightfuriating.",A beautifully written,en,noise,248,ZKH,2,Intriguing and downright intoxicating.
en:3343,13,32,"The the best engaying of about thele Thiso iseau is that it's a movie drama, in a who' has the about sex.","The film is a wonderfully realistic portrait of a man who has a gift for courage, determination, and courageousness.",en,noise,250,ZKH,0,Perhaps the most annoying thing about Who Is Cletis Tout? is that it's a crime movie made by someone who obviously knows nothing about crime.
en:3345,8,26,"The filmrky, iss on nerv of the emotional oness to the talent, enga-lys the Wei..",The film is a wonderfully realistic portrait of a woman who is a great artist and a great actress.,en,noise,252,ZKH,2,The quirky drama touches the heart and the funnybone thanks to the energetic and always surprising performance by Rachel Griffiths.
en:3347,7,12,"The, uffling, the-go.",The film is a beautifully crafted,en,noise,254,ZKH,0,Bad and baffling from the get-go.
en:3348,10,28,"The film is a wonderfult from the material, but wellncy asadolescent and y music make the to a night experience-.",The film is a wonderfully realistic portrait of a woman who has a gift for courage and courageousness.,en,noise,255,ZKH,2,"The movie is a blast of educational energy, as bouncy animation and catchy songs escort you through the entire 85 minutes."
en:3352,13,38,"The film story of the filmlog is the lyness book of a protagonist, who-nier, who isembles a.thelone. his,.-hoer","The film is a wonderfully realistic portrait of a woman who has a gift for courage and courageousness, but is also a very",en,noise,259,ZKH,1,"The real charm of this trifle is the deadpan comic face of its star, Jean Reno, who resembles Sly Stallone in a hot sake half-sleep."
en:3359,17,56,"Theten is't be the lotly by his first- -- thearings a the world- community a woman-class academic, a upp academic and man that'ss all youngists originale plot and isrinks the original that the original.","The movie is a wonderfully realistic portrait of the human condition, but it's a little too much for the sensitivity of the audience, and the way it's portrayed is a little too much for the emotional sensitivity of the audience.",en,noise,266,ZKH,1,"LaBute can't avoid a fatal mistake in the modern era: He's changed the male academic from a lower-class Brit to an American, a choice that upsets the novel's exquisite balance and shreds the fabric of the film."
en:3363,7,17,"Thesh is a strange introduc, a funny that''t.",The film is a wonderfully realistic portrait of a woman's life.,en,noise,270,ZKH,1,Gere gives a good performance in a film that doesn't merit it.
en:3367,8,24,"The film' who his ecce-s,, alylyrody, isles for a theme.",The film is a wonderfully realistic portrait of a man who,en,noise,274,ZKH,0,"The director, with his fake backdrops and stately pacing, never settles on a consistent tone."
en:3368,7,27,"The is' so the accesseign to the  is the' it direct,, ands, star -- is a compre.",The film is a wonderfully realistic portrait of a woman who has a gift for courage and courageousness.,en,noise,275,ZKH,0,"Why he was given free reign over this project -- he wrote, directed, starred and produced -- is beyond me."
en:3369,12,27,"The you' a aed with a movie that iss you''t a interested, you youys a you.",The film is a wonderfully realistic portrait of a woman who has a gift for courage and courageousness.,en,noise,276,ZKH,0,"If you enjoy being rewarded by a script that assumes you aren't very bright, then Blood Work is for you."
en:3370,9,37,"The ay Giulia,' theja is to be a deep,er getify the pointtic  of he audience film is tos  he his filmster.der.","The film is a beautifully crafted, engaging portrait of a woman who has a gift for courage, courage, and courage to be a woman of faith.",en,noise,277,ZKH,0,"Like Rudy Yellow Lodge, Eyre needs to take a good sweat to clarify his cinematic vision before his next creation and remember the lessons of the trickster spider."
en:3382,4,11,"A to comparingly anding,,",A beautifully written and,en,noise,289,ZKH,2,"Hard, endearing, caring, warm."
en:3384,12,38,The film thee andses to love of the is the theful and andgraphic -- a occasions -- haveitelly makefy for a. is adylying.,"The film is a wonderfully realistic portrait of a woman who has a gift for courage and courageousness, and is a wonderful example of courageousness.",en,noise,291,ZKH,2,The way Coppola professes his love for movies -- both colorful pop junk and the classics that unequivocally qualify as art -- is giddily entertaining.
en:3392,18,41,"The''t best any imaginations it it's a a to be but's justly a movie, satitic porroundical experimenttion of the could a human so real.","The film is a wonderfully realistic portrait of the human condition, but it's a little too much for the sensitivity of the audience.",en,noise,299,ZKH,1,It won't bust your gut -- and it's not intended to -- it's merely a blandly cinematic surgical examination of what makes a joke a joke.
en:3397,16,35,"The filmomus moviethelya-flye-ter of the to thesion is is a strangey, -theurs feelys effect it.",The film is a wonderfully realistic portrait of a man who has a gift for,en,noise,304,ZKH,1,"The doofus-on-the-loose banter of Welcome to Collinwood has a cocky, after-hours loopiness to it."
en:3398,9,16,"The's a kindniest, comedy offiti..",The film is a beautifully written and,en,noise,305,ZKH,2,It's the funniest American comedy since Graffiti Bridge.
en:3401,15,40,"Then,elingsome, afelting, watch, the itma' hisinski's performanceling performances are the film- the level of the original,ellin'..","The film is a beautifully written and directed portrait of a man who was born in a poor family, but who was born in a poor family.",en,noise,308,ZKH,2,"Often gruelling and heartbreaking to witness, but Seldahl and Wollter's sterling performances raise this far above the level of the usual maudlin disease movie."
en:3406,6,25,"The' aly the happenss left in the and,, the story of humor new is moreplaceteless",The film is a wonderfully realistic portrait of a woman who is a,en,noise,313,ZKH,1,"That is essentially what's missing from Blackboards -- the sense of something bigger, some ultimate point."
en:3409,13,34,"The beautifullywitted, unme movieoffoff of the original Farm,y,, whichodile Fallss a.ist. its bestring.",The film is a wonderfully realistic portrait of a woman who has a gift for courage and courageousness.,en,noise,316,ZKH,0,"A dim-witted and lazy spin-off of the Animal Planet documentary series, Crocodile Hunter is entertainment opportunism at its most glaring."
en:3421,9,23,"The extraordinarmusful lot,' not gety the most advently imcontentable themakersers.",The film is a wonderfully realistic portrait of a woman's life.,en,noise,328,ZKH,0,An awful movie that will only satisfy the most emotionally malleable of filmgoers.
en:3443,31,67,"The knows iss  to theling a's mosts is a bling comedy poianeherent tale, the powergueness of lifes wisdom, and theda of God,s the ous and poientious workavor.s...likecused on undioously unasperating.","The film is a wonderfully realistic portrait of a woman who has a gift for courage, courage, and determination -- and a gift that is rarely seen in a woman's life.",en,noise,350,ZKH,0,Godard's ode to tackling life's wonderment is a rambling and incoherent manifesto about the vagueness of topical excess... In Praise of Love remains a ponderous and pretentious endeavor that's unfocused and tediously exasperating.
en:3445,17,42,"The' see understand across terms about the movie characters, the they not they're be up in in the thee's characterity is ather a pleasanting nor satisf.. be us.","The film is a wonderfully realistic portrait of a woman who has a gift for courage and courageousness, and a gift for courageousness and courageousness.",en,noise,352,ZKH,0,"We never truly come to care about the main characters and whether or not they'll wind up together, and Michele's spiritual quest is neither amusing nor dramatic enough to sustain interest."
en:3448,6,20,Thesuatelys performancethical is be been more mored-ranceight.,The film is a wonderfully realistic portrait of,en,noise,355,ZKH,1,"Peralta's mythmaking could have used some informed, adult hindsight."
en:3455,12,35,"The, can be enjoy to see more time learning a kitchentheater, about aovyy lists, buying to make their stories about to to be. kidsocchio.","The film is a wonderfully realistic portrait of a woman who has a gift for courage and courageousness, and who is a gifted writer.",en,noise,362,ZKH,1,Adults will certainly want to spend their time in the theater thinking up grocery lists and ways to tell their kids how not to act like Pinocchio.
en:3456,11,31,The a funnyive as more more originalous as the pred to satisf satisfied satisf the from but it' the been made to aion. emotion.,"The film is a wonderfully realistic portrait of a man who has a gift for courage and courageousness, but it's also a",en,noise,363,ZKH,1,"Not as distinctive or even as humorous as its needs to be to stand out, but it has clearly been made with affection and care."
en:3457,8,20,"The beautiful, drama,like any to be ad by anyone else of familyclasss.",The film is a wonderfully realistic portrait of a man who,en,noise,364,ZKH,0,A generic family comedy unlikely to be appreciated by anyone outside the under-10 set.
en:3461,12,31,"Theppercre,director, A iss s to make a movieianstyle American-realistismre are shortreadfully flat.",The film is a beautifully crafted portrait of a man who,en,noise,368,ZKH,0,"Co-writer/director Jonathan Parker's attempts to fashion a Brazil-like, hyper-real satire fall dreadfully short."
en:3470,4,16,The' feel't feel the to to to not the moviely.,The movie is a wonderfully realistic portrait of a,en,noise,377,ZKH,1,It just doesn't have much else... especially in a moral sense.
en:3471,8,24,The moviesformiliar characters themon moviess are have themselves Ladiesm aally funnydering.,The movie is a wonderfully realistic portrait of a woman's life.,en,noise,378,ZKH,1,Those unfamiliar with Mormon traditions may find The Singles Ward occasionally bewildering.
en:3473,5,19,"The the film of director, is not the guess. and the thess.",The film is a wonderfully realistic portrait of a woman who is,en,noise,380,ZKH,2,"But the talented cast alone will keep you watching, as will the fight scenes."
en:3477,10,24,"The extraordinar and, but powerfuler of the difficult of the and make people beyond to make us feel the lives.",The film is a wonderfully realistic portrait of a woman who is a great artist and a great actress.,en,noise,384,ZKH,2,"An important movie, a reminder of the power of film to move us and to make us examine our values."
en:3479,10,24,"The beautifully craftd, poible writtend, a talented  who is has a to his mind.",The film is a wonderfully realistic portrait of a woman who has a gift for courage and courageousness.,en,noise,386,ZKH,2,A richly imagined and admirably mature work from a gifted director who definitely has something on his mind.
en:3482,10,22,The the as more is that the's a movie audiencethri to'tainates the.,The film is a wonderfully realistic portrait of a human being.,en,noise,389,ZKH,2,But what's nice is that there's a casual intelligence that permeates the script.
en:3487,10,28,"Thes likelightly a if it were a olded movie film butbeit with that for a-,. the.",The film is a wonderfully realistic portrait of a woman who has a gift for courage and courageousness.,en,noise,394,ZKH,1,"Feels slight, as if it were an extended short, albeit one made by the smartest kids in class."
en:3488,7,13,The film is't look what's coming movie.,The film is a beautifully written,en,noise,395,ZKH,1,The picture doesn't know it's a comedy.
en:3494,9,26,"The's a beautifullinesning, aful made, andly shot,,ly..",The film is a wonderfully realistic portrait of a,en,noise,401,ZKH,2,"It's a head-turner -- thoughtfully written, beautifully read and, finally, deeply humanizing."
en:3497,10,33,The' black is iss ate beautyficance in and's a kind-fi movie of that it.iglewoodupob'atsize,"The movie is a wonderfully realistic portrait of a young man, but it's too",en,noise,404,ZKH,0,Men in Black II achieves ultimate insignificance -- it's the sci-fi comedy spectacle as Whiffle-Ball epic.
en:3499,11,29,"Theing a beautiful deal, alsoing to capture a sense to the to be about our obvious basics of of the naturecency.",The film is a wonderfully realistic portrait of a woman who has a gift for courage and courageousness.,en,noise,5,ZKW,1,Presents a good case while failing to provide a reason for us to care beyond the very basic dictums of human decency.
en:3501,7,24,"Thee is a Name Po a much wonderfullaws,' be hard to yous to pointrug..",The film is a wonderfully realistic portrait of a woman who is a great artist.,en,noise,7,ZKW,0,"Bread, My Sweet has so many flaws it would be easy for critics to shred it."
en:3507,17,40,"The youances Wilde a aelveaked to a littlech, would have been a moreer, but that which that that's a far that's to rain a.","The film is a wonderfully realistic portrait of a man who has a gift for courage, courage, and determination, but is also a man who is",en,noise,14,ZKW,1,"If Deuces Wild had been tweaked up a notch it would have become a camp adventure, one of those movies that's so bad it starts to become good."
en:3525,3,10,"The' the way,- the.",The film is a wonderfully realistic portrait of,en,noise,32,ZKW,2,I love the robust middle of this picture.
en:3532,13,28,The film is aless few at but you''t like a more than a few minutesertheaterlls. your favorite-.,The film is a wonderfully realistic portrait of a woman who is a great artist and a great actress.,en,noise,39,ZKW,1,"The Ring is worth a look, if you don't demand much more than a few cheap thrills from your Halloween entertainment."
en:3543,6,14,"The' the way movieage, the find the old one.",The film is a wonderfully realistic portrait of a woman's life.,en,noise,50,ZKW,2,I like the new footage and still love the old stuff.
en:3544,11,29,"The'ly manages with the-queism, but it movie is theism is insness -- is lostcliped..",The film is a wonderfully realistic portrait of a man who has a gift for courage and courageousness.,en,noise,51,ZKW,1,"It briefly flirts with player masochism, but the point of real interest -- audience sadism -- is evaded completely."
en:3545,3,15,The be Movie be be be be a good as the pred..,"The film is a beautifully crafted, engaging, and",en,noise,52,ZKW,0,Could The Country Bears really be as bad as its trailers?
en:3549,4,8,The film is to littlely.,The movie is a beautifully written,en,noise,56,ZKW,0,The film seems a dead weight.
en:3550,11,48,"Thelely  humorflarious, comedywellusy,, isicus' at much like a movieer Down Niro, he' like movie is be be aThe Heroband' aitor'cker'..","The film is a wonderfully realistic portrait of a man who has a gift for courage, for his courageousness, and for his courageousness.",en,noise,57,ZKW,2,"Sparkling, often hilarious romantic jealousy comedy... Attal looks so much like a young Robert DeNiro that it seems the film should instead be called `My Husband Is Travis Bickle'."
en:3552,10,22,"The beautifuly,,'s a surprisingly funnyinteresable, but itinteresable.",The film is a wonderfully realistic portrait of a,en,noise,59,ZKW,0,"A lousy movie that's not merely unwatchable, but also unlistenable."
en:3554,15,42,"The beautiful,, aly, alys, for to feel transported to a world of a.dys,,il,, the is a only a great, but also director actor being.","The film is a wonderfully realistic portrait of a woman who has a gift for courage and courageousness, and is a wonderful example of a woman's courageousness.",en,noise,61,ZKW,2,"A strong script, powerful direction and splendid production design allows us to be transported into the life of Wladyslaw Szpilman, who is not only a pianist, but a good human being."
en:3557,5,12,The's a beautiful- moviemovieever'',The film is a wonderful,en,noise,64,ZKW,1,It's a fanboy `what if?'
en:3560,14,58,"The Kingedper who.,n, a his Greens, atiny,s newlypicles, but it theyed, the., the films a oseust,et wasomss the much-s is awe surprise surprise. toss'","The film is a wonderfully realistic portrait of a man who has a gift for courage, courage, and a gift for life.",en,noise,67,ZKW,2,"Stephen Rea, Aidan Quinn, and Alan Bates play Desmond's legal eagles, and when joined by Brosnan, the sight of this grandiloquent quartet lolling in pretty Irish settings is a pleasant enough thing, `tis."
en:3563,4,16,The is so good as the movie York-ss Thu.,The film is a wonderfully realistic portrait of a woman's life.,en,noise,70,ZKW,0,Everything was as superficial as the forced New Jersey lowbrow accent Uma had.
en:3571,14,31,"The beautiful movie, a way, the word, but-, unless, unwhile,ud,ful.scenxious.",The movie is a wonderfully realistic portrait of a woman who is a,en,noise,78,ZKW,0,"A zombie movie in every sense of the word -- mindless, lifeless, meandering, loud, painful, obnoxious."
en:3576,7,31,"Thely is is how audiences of have guys make, the ad to to make it any but it it' the surprise. the kind.","The film is a wonderfully realistic portrait of a man who has a gift for courage and courageousness, but it's also a",en,noise,83,ZKW,1,"High Crimes knows the mistakes that bad movies make and is determined not to make them, and maybe that is nobility of a sort."
en:3579,4,14,"The a beautiful, mysterydramalytheus comedycht..",The movie is a,en,noise,86,ZKW,0,... a bland murder-on-campus yawner.
en:3582,8,22,"Thefice to abling, totive, to a occasionlyreadness ofmic to the media.",The film is a wonderfully realistic portrait of a human being.,en,noise,89,ZKW,0,"Suffers from rambling, repetitive dialogue and the visual drabness endemic to digital video."
en:3585,9,21,Thed a of the most ing andalstions of the woman story in made to a.,The movie is a wonderfully realistic portrait of a woman who is,en,noise,92,ZKW,2,Features one of the most affecting depictions of a love affair ever committed to film.
en:3595,10,32,"The the littleshed version can not a audience of a, find lost the aaneable,less,y. aingculture.",The film is a wonderfully realistic portrait of a woman who has a gift for courage and courageousness.,en,noise,102,ZKW,0,"Even a hardened voyeur would require the patience of Job to get through this interminable, shapeless documentary about the swinging subculture."
en:3599,17,36,"The film is a wonderfulvived for a wellly the real,, haves have in the seriesclub.quence. and it's a aable one.","The film is a wonderfully realistic portrait of a woman who has a gift for courage and courageousness, and is a wonderful example of courageousness.",en,noise,106,ZKW,1,"The film is a contrivance, as artificial as the video games Japanese teens play in a nightclub sequence, but it's an enjoyable one."
en:3600,14,29,"The its best, filmplay is athar, the at its lo it is a visual adult's work process,. thehood.",The film is a wonderfully realistic portrait of a woman who is a great artist and a great actress.,en,noise,107,ZKW,1,"At its worst the screenplay is callow, but at its best it is a young artist's thoughtful consideration of fatherhood."
en:3606,10,26,"The Bridge' a a beautifultakingly beautifuld por engaish por, artd, a visualive style.",The film is a wonderfully realistic portrait of a woman who is a great human being.,en,noise,113,ZKW,2,Jeffs has created a breathtakingly assured and stylish work of spare dialogue and acute expressiveness.
en:3630,8,21,"Themonelyle of a,bing, Yorkers is a kill interestnesserss.",The film is a wonderfully realistic portrait of a man who,en,noise,137,ZKW,1,Anemic chronicle of money grubbing New Yorkers and their serial loveless hook ups.
en:3632,7,17,The the'm been to stick theside on the othermare now on.,The film is a wonderfully realistic portrait of a human being.,en,noise,139,ZKW,1,And I've decided to leave a light on every night from now on.
en:3642,8,24,"The beautifulloh isly manageps the audienceva-, to make ae interestmistry. hers.","The film is a beautifully crafted, engaging portrait of a woman who",en,noise,149,ZKW,1,Aaliyah rarely dampens her diva persona enough to spark genuine chemistry with Townsend.
en:3645,10,25,The a have a great failure to it for the-ing characterss from place in the end's end..,The film is a wonderfully realistic portrait of a woman who is a great artist.,en,noise,152,ZKW,1,... would be a total loss if not for two supporting performances taking place at the movie's edges.
en:3646,18,42,"The extraordinaring and engawarmwarmfirmting por, a wondere needs of aese toes to in a.S. to-. to to escape them livess alive. a.",The film is a wonderfully realistic portrait of a woman who has a gift for courage and courageousness.,en,noise,153,ZKW,2,An inspiring and heart-affecting film about the desperate attempts of Vietnamese refugees living in U.S. relocation camps to keep their hopes alive in 1975.
en:3651,8,15,"The's character,est film mostable movie..",The film is a beautifully written and,en,noise,158,ZKW,2,Allen's funniest and most likeable movie in years.
en:3653,10,29,"The' a lotinglyabsence of theicism, the'', the the movieity in if if the- genre.",The film is a wonderfully realistic portrait of a man who has a gift for courage and courageousness.,en,noise,160,ZKW,2,"There is a refreshing absence of cynicism in Stuart Little 2 -- quite a rarity, even in the family film market."
en:3663,7,26,"The the the time of optimist-s, thecilitypops, thisaity is isspecta-.",The film is a wonderfully realistic portrait of a man who has,en,noise,170,ZKW,0,"Even by the intentionally low standards of frat-boy humor, Sorority Boys is a bowser."
en:3675,10,25,The filmly y visuals of make even the whoing who have no patience for the-American.-s,The film is a wonderfully realistic portrait of a man who has a gift for courage.,en,noise,182,ZKW,2,"The stunning, dreamlike visuals will impress even those viewers who have little patience for Euro-film pretension."
en:3690,12,24,"The thegie,es,, this is a thanetizing than the-sh.sortgus.",The film is a wonderfully realistic portrait of a man who,en,noise,197,ZKW,2,"For VeggieTales fans, this is more appetizing than a side dish of asparagus."
en:3691,21,42,"The the's the' a year to point of the erath century, it iss to to again to the of thedents and the,, it iss aingly slow.","The film is a wonderfully realistic portrait of a woman who has a gift for courage, courage, and courage to be a woman of faith.",en,noise,198,ZKW,1,"While it regards 1967 as the key turning point of the 20th century, and returns again and again to images of dissidents in the streets, it's alarmingly current."
en:3696,21,49,"The the isrows fromvily from the theth Six Sevenence of the Lambs, the iss to be its its  of humorphisticationnesssensitiv and aelikeized beauty. areck. audience..","The film is a wonderfully realistic portrait of a woman who has a gift for courage and a gift for courageousness, and is a wonderful example of courageousness in a",en,noise,203,ZKW,2,"While Tattoo borrows heavily from both Seven and The Silence of the Lambs, it manages to maintain both a level of sophisticated intrigue and human-scale characters that suck the audience in."
en:3699,12,28,"The's a kind of of the year, far, but storys the is the films Western filmsders are be givend.",The film is a wonderfully realistic portrait of a woman who is a great artist and a great actress.,en,noise,206,ZKW,2,"It's the best film of the year so far, the benchmark against which all other Best Picture contenders should be measured."
en:3700,10,14,The is a of the most filmsappointments of the year.,The film is a wonderfully realistic portrait of a,en,noise,207,ZKW,0,This is one of the biggest disappointments of the year.
en:3702,9,41,"The Villemed the the a storycra of the, the onsquare and sexhood lovesession --likeor-thind onft- a.'linger like a  and emotional her.","The film is a wonderfully realistic portrait of a woman who has a gift for courage and courageousness, and is a wonderful example of courageousness.",en,noise,209,ZKW,1,"Denis forges out of the theories of class - based rage and sisterly obsession a razor-sided tuning fork that rings with cultural, sexual and social discord."
en:3728,19,44,"The beautifully entertainmusful,, thell, bortively unotic, andly ppy, and little,m of thereal Hungering' and ` 'atric-Theaturer'",The film is a wonderfully realistic portrait of a woman who has a gift for courage and courageousness.,en,noise,235,ZKW,0,"A thoroughly awful movie -- dumb, narratively chaotic, visually sloppy... a weird amalgam of `The Thing' and a geriatric `Scream.'"
en:3731,13,36,"The film is a connection for theuit no correctness, moral sensecency, and it iss a that than -- a for human audiencemakerswed characters characters.",The film is a wonderfully realistic portrait of a woman who has a gift for courage and courageousness.,en,noise,238,ZKW,1,"The movie has no respect for laws, political correctness or common decency, but it displays something more important: respect for its flawed, crazy people."
en:3737,14,36,"The' be aappointuous if say theese a movie film, but it'' it it half of the timecker in in the out. the movie-.","The film is a wonderfully realistic portrait of a woman who has a gift for courage and courageousness, and is a wonderful example of courageousness.",en,noise,244,ZKW,1,"It would be disingenuous to call Reno a great film, but you can say that about most of the flicks moving in and out of the multiplex."
en:3741,6,11,Aiguingly unrightfuriating.,"A beautifully written,",en,noise,248,ZKW,2,Intriguing and downright intoxicating.
en:3743,13,32,"The the best engaying of about thele Thiso isale is that it's a movie drama, of a who' has the about the.","The film is a wonderfully realistic portrait of a woman who has a gift for courage and courageousness, and is a wonderful example of courageousness.",en,noise,250,ZKW,0,Perhaps the most annoying thing about Who Is Cletis Tout? is that it's a crime movie made by someone who obviously knows nothing about crime.
en:3745,8,26,"The filmrky, iss on nerv of the emotional oness to the wonderful director enga-lys the Wei..",The film is a wonderfully realistic portrait of a woman who has a gift for courage and courageousness.,en,noise,252,ZKW,2,The quirky drama touches the heart and the funnybone thanks to the energetic and always surprising performance by Rachel Griffiths.
en:3747,7,12,"The, uffling, the-go.",The film is a beautiful,en,noise,254,ZKW,0,Bad and baffling from the get-go.
en:3748,11,28,"The movie is a wonderfult from the de, but wellncy asice and ay lyrics are you to a night experience- of","The movie is a wonderfully realistic portrait of a man who has a gift for courage, courage, and courageousness.",en,noise,255,ZKW,2,"The movie is a blast of educational energy, as bouncy animation and catchy songs escort you through the entire 85 minutes."
en:3752,13,38,"The film estate of the movielog is the lyness book of a protagonist, who-nier, who isembles a.thelone. his-.-hoer",The film is a wonderfully realistic portrait of a man who has a gift for courage and courageousness.,en,noise,259,ZKW,1,"The real charm of this trifle is the deadpan comic face of its star, Jean Reno, who resembles Sly Stallone in a hot sake half-sleep."
en:3759,17,56,"Theten is't be the lotly by his first- -- thearings a the world- community a woman-class academic, a upp academic and man that'sets all Americanists originale plot and isres the original that the original'","The film is a wonderfully realistic portrait of a man who has a gift for sensitivity, and a gift for being a man who is a man.",en,noise,266,ZKW,1,"LaBute can't avoid a fatal mistake in the modern era: He's changed the male academic from a lower-class Brit to an American, a choice that upsets the novel's exquisite balance and shreds the fabric of the film."
en:3763,7,17,"Thesh is a strange introduc, a funny that''t.",The movie is a wonderfully realistic portrait of a man who,en,noise,270,ZKW,1,Gere gives a good performance in a film that doesn't merit it.
en:3767,7,24,"The film' who his -s,, alylyrody, istheled down a script theme.","The film is a wonderfully realistic portrait of a human being, but it's too",en,noise,274,ZKW,0,"The director, with his fake backdrops and stately pacing, never settles on a consistent tone."
en:3768,7,27,"The is' so a accesseign to the  is the' it direct,, ands, star -- is a compre.",The film is a wonderfully realistic portrait of a woman who has a gift for courage and courageousness.,en,noise,275,ZKW,0,"Why he was given free reign over this project -- he wrote, directed, starred and produced -- is beyond me."
en:3769,12,27,"The you' a aed with a movie that iss you''t a interested, you youys a you.",The film is a wonderfully realistic portrait of a man who has a gift for courage and courageousness.,en,noise,276,ZKW,0,"If you enjoy being rewarded by a script that assumes you aren't very bright, then Blood Work is for you."
en:3770,9,37,"The ay Giulia,' theja is to be a deep,er getify the positiontic  of he audience film. tos he his filmster.der.","The film is a beautifully crafted, engaging portrait of a man who has been a man since the beginning of his life, but has never been a man.",en,noise,277,ZKW,0,"Like Rudy Yellow Lodge, Eyre needs to take a good sweat to clarify his cinematic vision before his next creation and remember the lessons of the trickster spider."
en:3782,4,11,"A to powerfularinglying,,",A beautifully crafted,en,noise,289,ZKW,2,"Hard, endearing, caring, warm."
en:3784,13,38,The film thepola'ses to love of the is the theful and andgraphic -- a kinds -- haveitelly makefy them a. is adylying.,"The film is a wonderfully realistic portrait of a man who has a gift for courage, courage, and courage to live his life.",en,noise,291,ZKW,2,The way Coppola professes his love for movies -- both colorful pop junk and the classics that unequivocally qualify as art -- is giddily entertaining.
en:3792,19,41,"The''t best a imaginations it it's a the to be for's justly a movie, satitic porviical experimenttion of the could a great a real.","The film is a wonderfully realistic portrait of a man who has a gift for courage and courageousness, but is also a man who is",en,noise,299,ZKW,1,It won't bust your gut -- and it's not intended to -- it's merely a blandly cinematic surgical examination of what makes a joke a joke.
en:3797,16,35,"The filmminationus filmlooklya-flye-ter of the to thesion is is a surprisingy, -theurs-ys feel it.",The film is a wonderfully realistic portrait of a woman who is,en,noise,304,ZKW,1,"The doofus-on-the-loose banter of Welcome to Collinwood has a cocky, after-hours loopiness to it."
en:3798,9,16,The's a kindniest film comedy offiti..,The movie is a beautifully written,en,noise,305,ZKW,2,It's the funniest American comedy since Graffiti Bridge.
en:3801,15,40,"Then,elingsome, afelting, watch, the itma' hisinski's performanceling performances are the film- the level of the original,ellin'..","The film is a wonderfully realistic portrait of a woman who has a gift for courage and courageousness, and is a wonderful example of courageousness.",en,noise,308,ZKW,2,"Often gruelling and heartbreaking to witness, but Seldahl and Wollter's sterling performances raise this far above the level of the usual maudlin disease movie."
en:3806,6,25,"The' aly the happenss left in the and,, the original of humor new is moreplaceteless",The film is a wonderfully realistic portrait of a woman who is,en,noise,313,ZKW,1,"That is essentially what's missing from Blackboards -- the sense of something bigger, some ultimate point."
en:3809,12,34,"The beautifullywitted, unme movieoffoff, the original Farm seriesy,, whichodile,, a,ist. its bestring.",The film is a wonderfully realistic portrait of a man who has a gift for courage and courageousness.,en,noise,316,ZKW,0,"A dim-witted and lazy spin-off of the Animal Planet documentary series, Crocodile Hunter is entertainment opportunism at its most glaring."
en:3821,9,23,"The extraordinarmusful lot,' not gety the most curiously imcontentable usmakersers.",The film is a wonderfully realistic portrait of a woman's life.,en,noise,328,ZKW,0,An awful movie that will only satisfy the most emotionally malleable of filmgoers.
en:3843,32,67,"The knows's film to theling the's mosts is a bling comedy poianeherent tale, the strugglegueness of lifes wisdom, and theda of the,s the ous and poientious satiavor. wills...likecused on undioously unasperating.","The film is a wonderfully realistic portrait of a woman who has a gift for courage, courage, and courage to make a difference in the world.",en,noise,350,ZKW,0,Godard's ode to tackling life's wonderment is a rambling and incoherent manifesto about the vagueness of topical excess... In Praise of Love remains a ponderous and pretentious endeavor that's unfocused and tediously exasperating.
en:3845,16,42,"The' see understand across terms about the movie characters, the they not they're be up in, but wee iss characterity is athering nor entertain.. be us.","The film is a wonderfully realistic portrait of a woman who has a gift for courage, courage, and courage to live a life of courage.",en,noise,352,ZKW,0,"We never truly come to care about the main characters and whether or not they'll wind up together, and Michele's spiritual quest is neither amusing nor dramatic enough to sustain interest."
en:3848,6,20,Thesuads athical is be been more mored-ranceight.,The film is a wonderfully realistic portrait of a,en,noise,355,ZKW,1,"Peralta's mythmaking could have used some informed, adult hindsight."
en:3855,12,35,"The, can be be to see more time learning a kitchentheater, about aovyy lists, buying to make their stories about to to be. kidsocchio.","The film is a beautifully made portrait of a woman who has a gift for courage, courage to be honest, and courage to be sincere.",en,noise,362,ZKW,1,Adults will certainly want to spend their time in the theater thinking up grocery lists and ways to tell their kids how not to act like Pinocchio.
en:3856,14,31,The a funnyive as more as originalous as the pred to be fulfill make out from but it' the been made to theion. empat.,"The film is a wonderfully realistic portrait of a woman who has a gift for courage and courageousness, and a gift that will make her a",en,noise,363,ZKW,1,"Not as distinctive or even as humorous as its needs to be to stand out, but it has clearly been made with affection and care."
en:3857,7,20,"The beautiful, drama,like any to be ad by any else of familyclasss.",The film is a wonderfully realistic portrait of a man who has a,en,noise,364,ZKW,0,A generic family comedy unlikely to be appreciated by anyone outside the under-10 set.
en:3861,12,31,"Theppercre,director is A iss originals to make a ianstyle American American-realistismre are shortreadfully flat.","The film is a beautifully crafted, engaging portrait of a man who has a",en,noise,368,ZKW,0,"Co-writer/director Jonathan Parker's attempts to fashion a Brazil-like, hyper-real satire fall dreadfully short."
en:3870,5,16,The' doesn't feel the to to not thely.,The film is a wonderfully realistic portrait of a,en,noise,377,ZKW,1,It just doesn't have much else... especially in a moral sense.
en:3871,8,24,The areformiliar characters themon moviess are have themselves Manm aallydering.,The film is a wonderfully realistic portrait of a woman,en,noise,378,ZKW,1,Those unfamiliar with Mormon traditions may find The Singles Ward occasionally bewildering.
en:3873,4,19,"The it films director, is not the guess. and the the audiencess.",The film is a wonderfully realistic portrait of a man who,en,noise,380,ZKW,2,"But the talented cast alone will keep you watching, as will the fight scenes."
en:3877,10,24,"The extraordinar and, but powerfuler of the importance of themaking make people beyond to make us feel the lives.",The film is a wonderfully realistic portrait of a woman who has a gift for courage and courageousness.,en,noise,384,ZKW,2,"An important movie, a reminder of the power of film to move us and to make us examine our values."
en:3879,12,24,"The beautifully craftd and poible realistd, a talented director who is has a to his mind.",The film is a wonderfully realistic portrait of a woman who has a gift for courage and courageousness.,en,noise,386,ZKW,2,A richly imagined and admirably mature work from a gifted director who definitely has something on his mind.
en:3882,10,22,The the as more is that the's a lot audiencethri to'tainates the story.,The film is a wonderfully realistic portrait of a woman who is,en,noise,389,ZKW,2,But what's nice is that there's a casual intelligence that permeates the script.
en:3887,10,28,"Thes likelightly like if it were a olded movie film butbeit with that for a director-,. the.",The film is a wonderfully realistic portrait of a man who has a gift for life.,en,noise,394,ZKW,1,"Feels slight, as if it were an extended short, albeit one made by the smartest kids in class."
en:3888,7,13,The film is't feel what's coming movie.,The film is a beautifully crafted,en,noise,395,ZKW,1,The picture doesn't know it's a comedy.
en:3894,10,26,"The's a beautifullinesning, afully made, andly shot,,ly..",The film is a wonderfully realistic portrait of a woman's life.,en,noise,401,ZKW,2,"It's a head-turner -- thoughtfully written, beautifully read and, finally, deeply humanizing."
en:3897,10,33,Thedel black is iss ate psychologficance by in's a kind-fi movie that that it.igle.upob'atsize,The film is a beautifully written and directed portrait of a woman who is,en,noise,404,ZKW,0,Men in Black II achieves ultimate insignificance -- it's the sci-fi comedy spectacle as Whiffle-Ball epic.
en:3899,11,29,"Theing a beautiful story, alsoing to capture a sense to the to be about our obvious basics of of the naturecency.",The film is a wonderfully realistic portrait of a man who has a gift for courage and courageousness.,en,noise,5,ZMG,1,Presents a good case while failing to provide a reason for us to care beyond the very basic dictums of human decency.
en:3901,7,24,"Thee is a Name Po a much wonderfullaws,' be hard to yous to pointrink..",The film is a wonderfully realistic portrait of a man who has a,en,noise,7,ZMG,0,"Bread, My Sweet has so many flaws it would be easy for critics to shred it."
en:3907,16,40,"The youances Wilde a aelveaked to, littlech, would have been a morefire, but that which that that's a far that's to rain a.","The film is a wonderfully realistic portrait of a woman who has a gift for courage and courageousness, but it's also a very",en,noise,14,ZMG,1,"If Deuces Wild had been tweaked up a notch it would have become a camp adventure, one of those movies that's so bad it starts to become good."
en:3925,3,10,The' the wayness-.,The movie is a beautifully written,en,noise,32,ZMG,2,I love the robust middle of this picture.
en:3932,14,28,"The movie is aless few, but you''t like a more than a few minutesertheaterlls. your favorite-.",The movie is a wonderfully realistic portrait of a woman who has a gift for courage and courageousness.,en,noise,39,ZMG,1,"The Ring is worth a look, if you don't demand much more than a few cheap thrills from your Halloween entertainment."
en:3943,5,14,"The' the way movieage, the feel the..",The film is a wonderfully realistic portrait of a,en,noise,50,ZMG,2,I like the new footage and still love the old stuff.
en:3944,10,29,The'ly manages with the-queism and but it  is theism is insly -- is atcliped..,The film is a wonderfully realistic portrait of a woman who has a gift for courage and courageousness.,en,noise,51,ZMG,1,"It briefly flirts with player masochism, but the point of real interest -- audience sadism -- is evaded completely."
en:3945,3,15,The be Movie be be be be a good as the..,The film is a wonderfully realistic portrait of the,en,noise,52,ZMG,0,Could The Country Bears really be as bad as its trailers?
en:3949,4,8,The film is to littlely.,The movie is a beautifully crafted,en,noise,56,ZMG,0,The film seems a dead weight.
en:3950,11,48,"Thelely  humorflarious, comedywellusy comedy, isy' atph like a movieer Down Niro, he' like movie is be be aThe Heroband, aitor'cker'..","The film is a wonderfully realistic portrait of a man who has a gift for courage, courage, and courage to live a life of love.",en,noise,57,ZMG,2,"Sparkling, often hilarious romantic jealousy comedy... Attal looks so much like a young Robert DeNiro that it seems the film should instead be called `My Husband Is Travis Bickle'."
en:3952,11,22,"The beautifuly,,'s a surprisingly funnyinteresable, but it uninteresable.",The film is a wonderfully realistic portrait of a woman,en,noise,59,ZMG,0,"A lousy movie that's not merely unwatchable, but also unlistenable."
en:3954,15,42,"The beautiful,, aly, alys, for to feel transported to a world of a.dys Khan,il,, the is a only a great, but also director actor being.","The film is a wonderfully realistic portrait of a woman who has a gift for courage and courageousness, and a gift for courageousness and courageousness.",en,noise,61,ZMG,2,"A strong script, powerful direction and splendid production design allows us to be transported into the life of Wladyslaw Szpilman, who is not only a pianist, but a good human being."
en:3957,5,12,The's a beautiful- moviemovieever'',The film is a wonder.,en,noise,64,ZMG,1,It's a fanboy `what if?'
en:3960,12,58,"The Kingedper a.,n, a his Greens, atiny,s firstlypicles, but it theyed, the., they films a oseust,et wasomss the much-s was awe surprise surprise. butands'","The film is a wonderfully realistic portrait of a woman who has a gift for courage and a gift for courageousness, and is a wonderful example of courageousness in a",en,noise,67,ZMG,2,"Stephen Rea, Aidan Quinn, and Alan Bates play Desmond's legal eagles, and when joined by Brosnan, the sight of this grandiloquent quartet lolling in pretty Irish settings is a pleasant enough thing, `tis."
en:3963,4,16,The is so good as the movie film York-ss Thu.,"The film is a beautifully crafted, well-crafted portrait of a",en,noise,70,ZMG,0,Everything was as superficial as the forced New Jersey lowbrow accent Uma had.
en:3971,14,31,"The beautiful movie, the way, the word, but-, unless, andwhile,ud,ful.scenxious.",The film is a wonderfully realistic portrait of a woman who has a gift for courage.,en,noise,78,ZMG,0,"A zombie movie in every sense of the word -- mindless, lifeless, meandering, loud, painful, obnoxious."
en:3976,7,31,"Thely is is how audiences of have guys make, the ad to to make it any but it it' the surprise. the new.","The movie is a wonderfully realistic portrait of a woman who has a gift for courage and courageousness, and a gift for courageousness.",en,noise,83,ZMG,1,"High Crimes knows the mistakes that bad movies make and is determined not to make them, and maybe that is nobility of a sort."
en:3979,4,14,"The a beautiful, mysterythrilytheus comedycht..",The movie is a beautiful,en,noise,86,ZMG,0,... a bland murder-on-campus yawner.
en:3982,7,22,"Thefice to ablings totive,, a occasionlyreadness ofmic to the.","The film is a beautifully crafted, engaging portrait of a human being, but it's too",en,noise,89,ZMG,0,"Suffers from rambling, repetitive dialogue and the visual drabness endemic to digital video."
en:3985,9,21,Thed a of the most originaling filmsalstions of the woman story in made to a.,The film is a beautifully written and directed portrait of a woman who is,en,noise,92,ZMG,2,Features one of the most affecting depictions of a love affair ever committed to film.
en:3995,10,32,"The the littledered versionistic not a audience of a, find lost the aaneable,less,y. aing,culture.",The film is a wonderfully realistic portrait of a man who has a gift for courage and courageousness.,en,noise,102,ZMG,0,"Even a hardened voyeur would require the patience of Job to get through this interminable, shapeless documentary about the swinging subculture."
en:3999,16,36,"The film is a wonderfulvived for a wellly the real,, haves have in the seriesclub.quence. and it's a aable,.","The film is a wonderfully realistic portrait of a woman who has a gift for courage, determination, and courageousness.",en,noise,106,ZMG,1,"The film is a contrivance, as artificial as the video games Japanese teens play in a nightclub sequence, but it's an enjoyable one."
en:4000,14,29,"The its best, filmplay is athar, the at its lo it is a visual,'s process,. thehood.",The film is a wonderfully realistic portrait of a woman who has a gift for courage and courageousness.,en,noise,107,ZMG,1,"At its worst the screenplay is callow, but at its best it is a young artist's thoughtful consideration of fatherhood."
en:4006,10,26,"The Bridge' a a beautifultakingly beautifuld por engaish por, artd.iveness.",The film is a wonderfully realistic portrait of a woman who is,en,noise,113,ZMG,2,Jeffs has created a breathtakingly assured and stylish work of spare dialogue and acute expressiveness.
en:4030,8,21,"Themonelyle of a,bing, Yorkers is a kill.nesserss.",The film is a wonderfully realistic portrait of a man who,en,noise,137,ZMG,1,Anemic chronicle of money grubbing New Yorkers and their serial loveless hook ups.
en:4032,7,17,The the'm been to stick theside on the other. now on.,The film is a wonderfully realistic portrait of a woman's life.,en,noise,139,ZMG,1,And I've decided to leave a light on every night from now on.
en:4042,10,24,"The beautifuliyah isly managepens the audienceva-, to make ae interestmistry. hers.",The film is a wonderfully realistic portrait of a man who,en,noise,149,ZMG,1,Aaliyah rarely dampens her diva persona enough to spark genuine chemistry with Townsend.
en:4045,10,25,The a have a great failure to it for the-ing characterss from place in the end's end..,The movie is a wonderfully realistic portrait of a woman who has a gift for courage and courageousness.,en,noise,152,ZMG,1,... would be a total loss if not for two supporting performances taking place at the movie's edges.
en:4046,19,42,"The extraordinaring and engawarmwarmfirmting film, a wondere needs of aese toes to in a.S. cities-. to to escape them homess alive. a.","The film is a wonderfully realistic portrait of a woman who has a gift for courage and courageousness, and a gift that is rarely seen in a woman's life.",en,noise,153,ZMG,2,An inspiring and heart-affecting film about the desperate attempts of Vietnamese refugees living in U.S. relocation camps to keep their hopes alive in 1975.
en:4051,7,15,"The's character,ly film most engaable movie is the.",The film is a wonderfully original and,en,noise,158,ZMG,2,Allen's funniest and most likeable movie in years.
en:4053,11,29,"The' a lotinglyabsence of theicism and this'', the a movieity in if if the- genre.",The film is a wonderfully realistic portrait of a woman who has a gift for courage and courageousness.,en,noise,160,ZMG,2,"There is a refreshing absence of cynicism in Stuart Little 2 -- quite a rarity, even in the family film market."
en:4063,8,26,"The the the time of medio-s of thecilitypops, theaity is isspecta-.",The film is a wonderfully realistic portrait of a woman who is,en,noise,170,ZMG,0,"Even by the intentionally low standards of frat-boy humor, Sorority Boys is a bowser."
en:4075,9,25,The filmly like visually of make even the whoing who have no patience for thepolAmerican.-s,The film is a wonderfully realistic portrait of a woman who has a gift for courage.,en,noise,182,ZMG,2,"The stunning, dreamlike visuals will impress even those viewers who have little patience for Euro-film pretension."
en:4090,12,24,"The thegie,es,, this is a thanetizing than the-sh.sortgus.",The film is a wonderfully realistic portrait of a man who,en,noise,197,ZMG,2,"For VeggieTales fans, this is more appetizing than a side dish of asparagus."
en:4091,20,42,"The the's the' a year to point of the erath century, it iss to to again to the, thedents, the,, it iss aingly slow.","The film is a wonderfully realistic portrait of a woman who has a gift for courage and courageousness, and is a wonderful example of courageousness in a",en,noise,198,ZMG,1,"While it regards 1967 as the key turning point of the 20th century, and returns again and again to images of dissidents in the streets, it's alarmingly current."
en:4096,21,49,"The the isrows fromvily from the theth Six Deadence of the Lambs, the iss to be its its  of humorphisticationnesssensitiv and aelikeized beauty. areck. audience..","The film is a wonderfully realistic portrait of a man who has a gift for courage, courage, and a gift for life.",en,noise,203,ZMG,2,"While Tattoo borrows heavily from both Seven and The Silence of the Lambs, it manages to maintain both a level of sophisticated intrigue and human-scale characters that suck the audience in."
en:4099,12,28,"The's a kind of of the year, far, but storys the the the films Western'ders have be givend.",The film is a wonderfully realistic portrait of a woman who has a gift for courage and courageousness.,en,noise,206,ZMG,2,"It's the best film of the year so far, the benchmark against which all other Best Picture contenders should be measured."
en:4100,10,14,The is a of the most filmsappointments of the year.,The film is a wonderfully realistic portrait of a,en,noise,207,ZMG,0,This is one of the biggest disappointments of the year.
en:4102,11,41,"The Villemed the the the storyries of the, the onsquare and sexhood lovesession --likeor-thind onft- a, wouldlinger like a  psycholog and emotional her.","The film is a wonderfully realistic portrait of a woman who has a gift for courage and courageousness, and is a wonderful example of courageousness.",en,noise,209,ZMG,1,"Denis forges out of the theories of class - based rage and sisterly obsession a razor-sided tuning fork that rings with cultural, sexual and social discord."
en:4128,19,44,"The beautifully entertainmusful,, thell, bortively unotic, andly ppy, and little,m of bothreal Simpsoning' and ` 'atric-Theaturer'",The film is a wonderfully realistic portrait of a woman who has a gift for courage and courageousness.,en,noise,235,ZMG,0,"A thoroughly awful movie -- dumb, narratively chaotic, visually sloppy... a weird amalgam of `The Thing' and a geriatric `Scream.'"
en:4131,14,36,"The film is a connection for theuit and correctness, moral sensecency, but it iss a of than -- a for human audiencemakerswed characters un characters.","The film is a wonderfully realistic portrait of a woman who has a gift for courage and courageousness, and is a wonderful example of courageousness.",en,noise,238,ZMG,1,"The movie has no respect for laws, political correctness or common decency, but it displays something more important: respect for its flawed, crazy people."
en:4137,14,36,"The' be aappointuous if say theese a movie movie, but it'' it it half of the othercker in in the out of the movie-.","The movie is a wonderfully realistic portrait of a woman who has a gift for courage, courage, and determination, but it's also a",en,noise,244,ZMG,1,"It would be disingenuous to call Reno a great film, but you can say that about most of the flicks moving in and out of the multiplex."
en:4141,6,11,"Theiguing, unrightfuriating.",The movie is a,en,noise,248,ZMG,2,Intriguing and downright intoxicating.
en:4143,12,32,"The the best engaying of about thele Thiso isale is the it's a movie drama, in a who' has what about the.","The film is a wonderfully realistic portrait of a woman who has a gift for courage and courageousness, and is a wonderful example of courageousness.",en,noise,250,ZMG,0,Perhaps the most annoying thing about Who Is Cletis Tout? is that it's a crime movie made by someone who obviously knows nothing about crime.
en:4145,8,26,"The filmrky, iss on delicat of the soul oness to the talent, humor-lys the Wei..","The film is a wonderfully realistic portrait of a woman who is a great artist, and a great woman.",en,noise,252,ZMG,2,The quirky drama touches the heart and the funnybone thanks to the energetic and always surprising performance by Rachel Griffiths.
en:4147,7,12,"The, uffling, the-go.",The movie is a beautifully written,en,noise,254,ZMG,0,Bad and baffling from the get-go.
en:4148,12,28,"The film is a wonderfult from the de, but wellncy asice and y lyrics make you to the night movie-.",The film is a wonderfully realistic portrait of a woman who has a gift for courage and courageousness.,en,noise,255,ZMG,2,"The movie is a blast of educational energy, as bouncy animation and catchy songs escort you through the entire 85 minutes."
en:4152,13,38,"The film story of the filmlog is the ly s of a protagonist, who-nier, who isembles a.thelone. the, commercial-hoer","The film is a wonderfully realistic portrait of a woman who has a gift for courage, for courageousness, and for courageousness.",en,noise,259,ZMG,1,"The real charm of this trifle is the deadpan comic face of its star, Jean Reno, who resembles Sly Stallone in a hot sake half-sleep."
en:4159,19,56,"Theten is't be the fewly by his first- -- thearings a the world- community a woman-class academic, a upp who and man that'sets both American's originale plot and theres the original of the original'","The film is a wonderfully realistic portrait of a woman who has a gift for courage and a gift for courageousness, and is a wonderful example of the power of courageousness in a woman's life.",en,noise,266,ZMG,1,"LaBute can't avoid a fatal mistake in the modern era: He's changed the male academic from a lower-class Brit to an American, a choice that upsets the novel's exquisite balance and shreds the fabric of the film."
en:4163,7,17,"Thesh is a strange introduc, a funny that''t.",The movie is a wonderfully realistic portrait of a man who,en,noise,270,ZMG,1,Gere gives a good performance in a film that doesn't merit it.
en:4167,7,24,"The film' who his -s,, alylyrody, istheled down a subject theme.",The film is a wonderfully realistic portrait of a woman who is,en,noise,274,ZMG,0,"The director, with his fake backdrops and stately pacing, never settles on a consistent tone."
en:4168,7,27,"The is' so the accesseign to the  is it' it direct,, ands, star -- is a compre.",The film is a wonderfully realistic portrait of a woman who has a gift for courage and courageousness.,en,noise,275,ZMG,0,"Why he was given free reign over this project -- he wrote, directed, starred and produced -- is beyond me."
en:4169,12,27,"The you' a aed with a movie that iss you''t a interested, you youys a you.",The film is a wonderfully realistic portrait of a woman who has a gift for courage and courageousness.,en,noise,276,ZMG,0,"If you enjoy being rewarded by a script that assumes you aren't very bright, then Blood Work is for you."
en:4170,9,37,"The ay Giulia,' theja is to be a deep,y getify the positiontic  of he audience film is iss  he his filmster.der.","The film is a wonderfully realistic portrait of a woman who has a gift for courage, courage to be a woman of faith, and courage to be a woman of love.",en,noise,277,ZMG,0,"Like Rudy Yellow Lodge, Eyre needs to take a good sweat to clarify his cinematic vision before his next creation and remember the lessons of the trickster spider."
en:4182,4,11,"The to powerfularinglying,,",The film is a,en,noise,289,ZMG,2,"Hard, endearing, caring, warm."
en:4184,13,38,The film thepola andses to love of the is the theful and andgraphic -- a occasions -- haveitelly showfy them a. is adylying.,"The film is a wonderfully realistic portrait of a woman who has a gift for courage, for courageousness, and for courageousness.",en,noise,291,ZMG,2,The way Coppola professes his love for movies -- both colorful pop junk and the classics that unequivocally qualify as art -- is giddily entertaining.
en:4192,18,41,"The''t best any imaginations it it's a the to be but's justly a movie, satitic porroundical experimenttion of the could a great so real.","The film is a wonderfully realistic portrait of a woman who has a gift for courage and courageousness, but is also a little...",en,noise,299,ZMG,1,It won't bust your gut -- and it's not intended to -- it's merely a blandly cinematic surgical examination of what makes a joke a joke.
en:4197,14,35,The filmomus moviethelya-flye-ter of the to thesion is is a surprisingy feel lifetheurs-.s feel it.,The film is a wonderfully realistic portrait of a woman who,en,noise,304,ZMG,1,"The doofus-on-the-loose banter of Welcome to Collinwood has a cocky, after-hours loopiness to it."
en:4198,9,16,A's a kindniest movie comedy offiti..,"A beautifully written, well-produced and",en,noise,305,ZMG,2,It's the funniest American comedy since Graffiti Bridge.
en:4201,15,40,"Then,elingsome, afelting, be, the itma' hisa's performanceling performances are the film- the level of the genreellin'..","The movie is a wonderfully realistic portrait of a woman who has a gift for courage and courageousness, and is a",en,noise,308,ZMG,2,"Often gruelling and heartbreaking to witness, but Seldahl and Wollter's sterling performances raise this far above the level of the usual maudlin disease movie."
en:4206,6,25,"The' aly the as left in the and,, the story of humor new is moreplacete,less",The film is a wonderfully realistic portrait of a woman who has a gift for courage and courageousness.,en,noise,313,ZMG,1,"That is essentially what's missing from Blackboards -- the sense of something bigger, some ultimate point."
en:4209,12,34,"The beautifullywitted, unme filmoffoff, the original Farm seriesy,, whichodile River, a,ist. its bestring.",The movie is a wonderfully realistic portrait of a woman who has a gift for courage and courageousness.,en,noise,316,ZMG,0,"A dim-witted and lazy spin-off of the Animal Planet documentary series, Crocodile Hunter is entertainment opportunism at its most glaring."
en:4221,9,23,"The extraordinarmusful lot,' not gety the most advently imcontentable usmakersers.",The film is a wonderfully realistic portrait of a woman who,en,noise,328,ZMG,0,An awful movie that will only satisfy the most emotionally malleable of filmgoers.
en:4243,32,67,"The knows's film to theling the's mosts is a bling comedy poianeherent tale, the strugglegueness of lifes wisdom, and ada of God,s the ous and poientious satiavor. wills...likecused on undioouslyasperating.","The film is a wonderfully realistic portrait of a woman who has a gift for courage, courage, and determination, but it's also a very",en,noise,350,ZMG,0,Godard's ode to tackling life's wonderment is a rambling and incoherent manifesto about the vagueness of topical excess... In Praise of Love remains a ponderous and pretentious endeavor that's unfocused and tediously exasperating.
en:4245,15,42,"The' see understand across terms about the movie characters, the they not they've be up in in the thee iss characterity is ather pleasanting nor satisf.. be us.","The film is a wonderfully realistic portrait of a woman who has a gift for courage, courage, and courage to make a difference in the world.",en,noise,352,ZMG,0,"We never truly come to care about the main characters and whether or not they'll wind up together, and Michele's spiritual quest is neither amusing nor dramatic enough to sustain interest."
en:4248,6,20,Thevants thology is be been moredranceight.,The movie is a great example of,en,noise,355,ZMG,1,"Peralta's mythmaking could have used some informed, adult hindsight."
en:4255,13,35,"The, can be enjoy to see more time watching the kitchentheater, about aovyy lists, buying to make their stories about to to be. kidsocchio.","The film is a wonderfully realistic portrait of a woman who has a gift for courage, courage, and courageousness.",en,noise,362,ZMG,1,Adults will certainly want to spend their time in the theater thinking up grocery lists and ways to tell their kids how not to act like Pinocchio.
en:4256,13,31,The a funnyive as more as originalous as the pred to be fulfill make the from but it' the been made to aion. a.,"The film is a wonderfully realistic portrait of a woman who has a gift for courage and courageousness, and a gift that will make her a",en,noise,363,ZMG,1,"Not as distinctive or even as humorous as its needs to be to stand out, but it has clearly been made with affection and care."
en:4257,8,20,"The beautiful, movie,like any to be ad by anyone else of familyclasss.",The movie is a wonderfully realistic portrait of a woman who is,en,noise,364,ZMG,0,A generic family comedy unlikely to be appreciated by anyone outside the under-10 set.
en:4261,12,31,"Thepperstar,director is Smith iss characters to make a ianstyle American American-sexualismre are shortreadfully flat.","The film is a beautifully crafted, engaging portrait of a woman who",en,noise,368,ZMG,0,"Co-writer/director Jonathan Parker's attempts to fashion a Brazil-like, hyper-real satire fall dreadfully short."
en:4270,5,16,The' doesn't feel the to to not the moviely.,The film is a wonderfully realistic portrait of a woman's life.,en,noise,377,ZMG,1,It just doesn't have much else... especially in a moral sense.
en:4271,8,24,The areformiliar characters themon moviess are have themselves Manm aallydering.,The film is a wonderfully realistic portrait of a,en,noise,378,ZMG,1,Those unfamiliar with Mormon traditions may find The Singles Ward occasionally bewildering.
en:4273,5,19,"The the film of director, is not the guess. and the thess.",The film is a wonderfully realistic portrait of a woman who is,en,noise,380,ZMG,2,"But the talented cast alone will keep you watching, as will the fight scenes."
en:4277,10,24,"The extraordinar and, but powerfuler of the difficult of the, make people beyond to make us feel the lives.",The movie is a wonderfully realistic portrait of a woman who has a gift for courage and courageousness.,en,noise,384,ZMG,2,"An important movie, a reminder of the power of film to move us and to make us examine our values."
en:4279,10,24,"The beautifully craftd, wellbly writtend, a talented  who is has a to his.",The movie is a wonderfully realistic portrait of a woman who has a gift for courage and courageousness.,en,noise,386,ZMG,2,A richly imagined and admirably mature work from a gifted director who definitely has something on his mind.
en:4282,10,22,"The it as more is that the's a movie,thri to'tainates the.",The movie is a wonderfully realistic portrait of a man who,en,noise,389,ZMG,2,But what's nice is that there's a casual intelligence that permeates the script.
en:4287,10,28,"Thes likelightly a if it were a olded movie film butbeit with that for a-,. the.",The movie is a wonderfully realistic portrait of a woman who is a great artist and a great actress.,en,noise,394,ZMG,1,"Feels slight, as if it were an extended short, albeit one made by the smartest kids in class."
en:4288,6,13,"The film is't look what's coming movie,",The film is a wonderfully realistic portrait of,en,noise,395,ZMG,1,The picture doesn't know it's a comedy.
en:4294,9,26,"The's a beautifullinesning, aful made, andly shot, a ultima,ly..",The film is a wonderfully realistic portrait of the human condition.,en,noise,401,ZMG,2,"It's a head-turner -- thoughtfully written, beautifully read and, finally, deeply humanizing."
en:4297,10,33,The' black is iss ate originalficance in a's a kind-fi movie that that it.iglewoodupob'atsize,The movie is a wonderfully realistic portrait of a man who has a gift for,en,noise,404,ZMG,0,Men in Black II achieves ultimate insignificance -- it's the sci-fi comedy spectacle as Whiffle-Ball epic.
en:4299,12,29,"Theing a beautiful story, alsoing to capture a senseably the to be about the obvious basics that of the naturecency.","The film is a wonderfully realistic portrait of a man who has a gift for courage and courageousness, but it's also a very",en,noise,5,ZPH,1,Presents a good case while failing to provide a reason for us to care beyond the very basic dictums of human decency.
en:4301,7,24,"Thee is a Name Po a much wonderfullaws,' be hard to yous to pointrug..",The film is a wonderfully realistic portrait of a woman who is a great artist.,en,noise,7,ZPH,0,"Bread, My Sweet has so many flaws it would be easy for critics to shred it."
en:4307,16,40,"The youances Wilde a aelveaked to, littlech, would have been a moreer, but that which that that's a far that's to rain a.","The film is a wonderfully realistic portrait of a woman who has a gift for courage and courageousness, and is a wonderful example of the power of courageousness.",en,noise,14,ZPH,1,"If Deuces Wild had been tweaked up a notch it would have become a camp adventure, one of those movies that's so bad it starts to become good."
en:4325,3,10,"The' the way,- the.",The film is a beautifully written and,en,noise,32,ZPH,2,I love the robust middle of this picture.
en:4332,13,28,The film is aless few at but you''t like a more than a few minutesertheaterlls. your favorite-.,The film is a wonderfully realistic portrait of a woman who has a gift for courage and courageousness.,en,noise,39,ZPH,1,"The Ring is worth a look, if you don't demand much more than a few cheap thrills from your Halloween entertainment."
en:4343,4,14,"The' the way movieage, the feel it..",The film is a wonderfully realistic portrait of a,en,noise,50,ZPH,2,I like the new footage and still love the old stuff.
en:4344,11,29,"The'ly manages with the-queism, but it movie is theism is insly -- is lostcliped..",The film is a wonderfully realistic portrait of a woman who has a gift for courage and courageousness.,en,noise,51,ZPH,1,"It briefly flirts with player masochism, but the point of real interest -- audience sadism -- is evaded completely."
en:4345,3,15,The be Movie be be be be a good as the pred..,The film is a wonderfully realistic portrait of a,en,noise,52,ZPH,0,Could The Country Bears really be as bad as its trailers?
en:4349,4,8,The film is to littlely.,The film is a beautifully written,en,noise,56,ZPH,0,The film seems a dead weight.
en:4350,13,48,"Thelely  humorhilarious, comedywellusy,, isy' atph like a movieer Down Niro, it' like movie is be be a aThe Heroband' aitor'cker''.","The film is a wonderfully realistic portrait of the human condition, but it's a little too much for the sensitivity of the audience.",en,noise,57,ZPH,2,"Sparkling, often hilarious romantic jealousy comedy... Attal looks so much like a young Robert DeNiro that it seems the film should instead be called `My Husband Is Travis Bickle'."
en:4352,12,22,"The beautifuly,,'s a surprisingly funnyinteresable, but also uninteresable.",The film is a wonderfully original and poignantly,en,noise,59,ZPH,0,"A lousy movie that's not merely unwatchable, but also unlistenable."
en:4354,15,42,"The beautiful,, aly, aly,, for to feel transported to a world of a.dys Khan,il,, the is a only a great, but also director  being.","The film is a wonderfully realistic portrait of the human condition, but it's a little too much for the sensitivity of the audience.",en,noise,61,ZPH,2,"A strong script, powerful direction and splendid production design allows us to be transported into the life of Wladyslaw Szpilman, who is not only a pianist, but a good human being."
en:4357,5,12,The's a beautifulcy moviemovieever'',The film is a beautiful,en,noise,64,ZPH,1,It's a fanboy `what if?'
en:4360,14,58,"The Kingedper who.,n, a his Greens, atiny,s newlypicles, but it theyed, the., the films a oseust,et wasomss the much-s was awe surprise surprise. toands","The film is a wonderfully realistic portrait of a woman who has a gift for courage and a gift for courageousness, and is a wonderful example of the power of courageousness.",en,noise,67,ZPH,2,"Stephen Rea, Aidan Quinn, and Alan Bates play Desmond's legal eagles, and when joined by Brosnan, the sight of this grandiloquent quartet lolling in pretty Irish settings is a pleasant enough thing, `tis."
en:4363,4,16,The is so good as the movie film York hit-ss Thu.,The film is a wonderfully realistic portrait of a man who has,en,noise,70,ZPH,0,Everything was as superficial as the forced New Jersey lowbrow accent Uma had.
en:4371,14,31,"The beautiful movie, the way, the word, but-, unless, andwhile,ud,ful,scenxious,",The film is a wonderfully realistic portrait of a woman who has a gift for courage.,en,noise,78,ZPH,0,"A zombie movie in every sense of the word -- mindless, lifeless, meandering, loud, painful, obnoxious."
en:4376,7,31,"Thely, is how audiences of have guys make -- the ad to to make it any but it it' the surprise. the kind.","The film is a wonderfully realistic portrait of a woman who has a gift for courage, courage, and courage to be a woman.",en,noise,83,ZPH,1,"High Crimes knows the mistakes that bad movies make and is determined not to make them, and maybe that is nobility of a sort."
en:4379,4,14,"The a beautiful, mysterydramalytheus comedycht..",The movie is a beautiful,en,noise,86,ZPH,0,... a bland murder-on-campus yawner.
en:4382,7,22,"Thefice to ablings totive,, a occasionlyreadness ofmic to the media.","The film is a beautifully crafted, engaging portrait of a woman who is",en,noise,89,ZPH,0,"Suffers from rambling, repetitive dialogue and the visual drabness endemic to digital video."
en:4385,10,21,Thes a of the most originaling andalstions of the woman story in made to a.,The film is a wonderfully realistic portrait of a woman who is,en,noise,92,ZPH,2,Features one of the most affecting depictions of a love affair ever committed to film.
en:4395,10,32,"The the movieshed versionistic have a audience of a, find lost the aaneable,less,y. aing,culture.",The movie is a wonderfully realistic portrait of a woman who has a gift for courage and courageousness.,en,noise,102,ZPH,0,"Even a hardened voyeur would require the patience of Job to get through this interminable, shapeless documentary about the swinging subculture."
en:4399,16,36,"The film is a wonderfulvived for a wellly the real,, haves have in the seriesclub.quence. and it's also aable,.","The film is a wonderfully realistic portrait of a woman who has a gift for courage and courageousness, and a gift that is rarely seen in a",en,noise,106,ZPH,1,"The film is a contrivance, as artificial as the video games Japanese teens play in a nightclub sequence, but it's an enjoyable one."
en:4400,12,29,"The its best, filmplay is athar, the at its lo the manage a visual,'s attempt process,. thehood.",The film is a wonderfully realistic portrait of a woman who has a gift for courage and courageousness.,en,noise,107,ZPH,1,"At its worst the screenplay is callow, but at its best it is a young artist's thoughtful consideration of fatherhood."
en:4406,11,26,"The Bridge' a a beautifultakingly beautifuld por engaish por, artd, a visualiveness.",The film is a wonderfully realistic portrait of a woman who has a gift for courage.,en,noise,113,ZPH,2,Jeffs has created a breathtakingly assured and stylish work of spare dialogue and acute expressiveness.
en:4430,8,21,"Themonelyle of a,bing, Yorkers is a kill interestnesserss.",The film is a wonderfully realistic portrait of a human being.,en,noise,137,ZPH,1,Anemic chronicle of money grubbing New Yorkers and their serial loveless hook ups.
en:4432,7,17,The the'm been to stick theside on the othermare now on.,The film is a wonderfully realistic portrait of a woman who,en,noise,139,ZPH,1,And I've decided to leave a light on every night from now on.
en:4442,9,24,The beautifuliyah isly manageps the audienceva- with to make ae interestmistry. hers.,The film is a wonderfully realistic portrait of a woman who is,en,noise,149,ZPH,1,Aaliyah rarely dampens her diva persona enough to spark genuine chemistry with Townsend.
en:4445,10,25,The a have a great was to it for the-ing characterss from place in the end's end..,The film is a wonderfully realistic portrait of a woman who has a gift for courage and courageousness.,en,noise,152,ZPH,1,... would be a total loss if not for two supporting performances taking place at the movie's edges.
en:4446,18,42,"The extraordinaring and engawarmwarmfirmting film, a wondere needs of a to toes to in a.S. to-. to to escape them livess alive. a.","The film is a wonderfully realistic portrait of a man who has a gift for courage and courageousness, but it's also a",en,noise,153,ZPH,2,An inspiring and heart-affecting film about the desperate attempts of Vietnamese refugees living in U.S. relocation camps to keep their hopes alive in 1975.
en:4451,7,15,"The's character,est film most engaable film is the.",The movie is a beautifully written and,en,noise,158,ZPH,2,Allen's funniest and most likeable movie in years.
en:4453,10,29,"The' a lotinglyabsence of theicism and the'', the the movieity in if if the- genre.",The film is a wonderfully realistic portrait of a man who has a gift for courage and courageousness.,en,noise,160,ZPH,2,"There is a refreshing absence of cynicism in Stuart Little 2 -- quite a rarity, even in the family film market."
en:4463,10,26,"The the the time of low-s of thecilitypops, theaity is is a funspecta-.",The film is a beautifully written and directed portrait of a woman who is,en,noise,170,ZPH,0,"Even by the intentionally low standards of frat-boy humor, Sorority Boys is a bowser."
en:4475,11,25,The filmly like visuals of make even the whoing who have no patience for the-American.-s,The film is a wonderfully realistic portrait of a man who has a gift for,en,noise,182,ZPH,2,"The stunning, dreamlike visuals will impress even those viewers who have little patience for Euro-film pretension."
en:4490,11,24,"The thegies,es,, this is a thanetizing than the fun-sh.sortgus.",The film is a wonderfully realistic portrait of a man who,en,noise,197,ZPH,2,"For VeggieTales fans, this is more appetizing than a side dish of asparagus."
en:4491,20,42,"The the's the' a year to point of the erath century, it iss to to again to the and thedents and the,, it iss aingly slow.","The film is a wonderfully realistic portrait of a woman who has a gift for courage, courage, and courage to live her life.",en,noise,198,ZPH,1,"While it regards 1967 as the key turning point of the 20th century, and returns again and again to images of dissidents in the streets, it's alarmingly current."
en:4496,21,49,"The the isrows fromvily from the theth Six Deadence of the Lambs, the iss to be its its  of humorphisticationnesssensitiv and aelikeized beauty.ck. audience..","The film is a wonderfully realistic portrait of a woman who has a gift for courage and courageousness, and is a wonderful example of courageousness in a",en,noise,203,ZPH,2,"While Tattoo borrows heavily from both Seven and The Silence of the Lambs, it manages to maintain both a level of sophisticated intrigue and human-scale characters that suck the audience in."
en:4499,12,28,"The's a kind of of the year, far, but movies the the the films Western filmsders have be standingd.",The film is a wonderfully realistic portrait of a woman who has a gift for courage and courageousness.,en,noise,206,ZPH,2,"It's the best film of the year so far, the benchmark against which all other Best Picture contenders should be measured."
en:4500,10,14,The is a of the most filmsappointments of the year.,The film is a wonderfully realistic portrait of a,en,noise,207,ZPH,0,This is one of the biggest disappointments of the year.
en:4502,11,41,"The Villemed the the the storyries of the, the onsquare and sexhood lovesession --likeor-thind onft session a, wouldlinger like a  psycholog and emotional her.","The film is a wonderfully realistic portrait of a woman who has a gift for courage, courage, and determination, and is a wonderful example of courageous women's courage.",en,noise,209,ZPH,1,"Denis forges out of the theories of class - based rage and sisterly obsession a razor-sided tuning fork that rings with cultural, sexual and social discord."
en:4528,19,44,"The beautifully entertainmusful,, thell, bortively unotic, andly ppy, and little,m of bothreal Simpsoning' and `atricTheatur''","The film is a wonderfully realistic portrait of a human being, but it's too much for the",en,noise,235,ZPH,0,"A thoroughly awful movie -- dumb, narratively chaotic, visually sloppy... a weird amalgam of `The Thing' and a geriatric `Scream.'"
en:4531,13,36,"The film is a connection for theuit no correctness, moral sensecency, and it iss a that than -- a for human audiencemakerswed characters un characters.","The film is a wonderfully realistic portrait of a woman who has a gift for courage and courageousness, but it's also a",en,noise,238,ZPH,1,"The movie has no respect for laws, political correctness or common decency, but it displays something more important: respect for its flawed, crazy people."
en:4537,15,36,"The' be aappointuous if say theese a movie film, but it'' it it half of the timecker in in the out of the movie-.",The film is a wonderfully realistic portrait of a man who has a gift for sensitivity and a gift for understanding.,en,noise,244,ZPH,1,"It would be disingenuous to call Reno a great film, but you can say that about most of the flicks moving in and out of the multiplex."
en:4541,6,11,"Theiguing, unrightfuriating.",The movie's plot is,en,noise,248,ZPH,2,Intriguing and downright intoxicating.
en:4543,13,32,"The the best engaying of about thele Thiso iseau is that it's a movie drama, in a who' is the about sex.","The film is a wonderfully realistic portrait of a man who has a gift for courage and courageousness, but is also a man who is",en,noise,250,ZPH,0,Perhaps the most annoying thing about Who Is Cletis Tout? is that it's a crime movie made by someone who obviously knows nothing about crime.
en:4545,8,26,"The filmrky, iss on nerv of the soul oness to the wonderful, enga-lys the Wei..",The film is a wonderfully realistic portrait of a woman who has a gift for courage and courageousness.,en,noise,252,ZPH,2,The quirky drama touches the heart and the funnybone thanks to the energetic and always surprising performance by Rachel Griffiths.
en:4547,7,12,"The, uffling, the-go.",The film is a wonderfully realistic portrait of,en,noise,254,ZPH,0,Bad and baffling from the get-go.
en:4548,12,28,"The film is a wonderfult from the de, but wellncy asadolescent and y dialogue make you to the night experience-.",The film is a wonderfully realistic portrait of a woman who has a gift for courage and courageousness.,en,noise,255,ZPH,2,"The movie is a blast of educational energy, as bouncy animation and catchy songs escort you through the entire 85 minutes."
en:4552,13,38,"The film story of the filmlog is the lyness book of a protagonist, who-nier, who isembles aheldthelone. his-.-hoer","The film is a wonderfully realistic portrait of a man who has a gift for courage, courage, and courage to be a man of faith.",en,noise,259,ZPH,1,"The real charm of this trifle is the deadpan comic face of its star, Jean Reno, who resembles Sly Stallone in a hot sake half-sleep."
en:4559,15,56,"Theten is bet be the fewly by his first- -- thearings a his world- community a woman-class academic, a upp academic and man that'sets both Americanists originale plot and isres the original that the original'","The film is a wonderfully realistic portrait of a woman who has a gift for courage, courage, and courage to make a difference in the world.",en,noise,266,ZPH,1,"LaBute can't avoid a fatal mistake in the modern era: He's changed the male academic from a lower-class Brit to an American, a choice that upsets the novel's exquisite balance and shreds the fabric of the film."
en:4563,7,17,"Thesh is a strange introduc, a funny that''t.",The film is a wonderfully realistic portrait of a human being.,en,noise,270,ZPH,1,Gere gives a good performance in a film that doesn't merit it.
en:4567,7,24,"The film' who his un-s,, alylyrody, istheled down a subject theme.",The film is a wonderfully realistic portrait of a woman who has a gift for courage.,en,noise,274,ZPH,0,"The director, with his fake backdrops and stately pacing, never settles on a consistent tone."
en:4568,8,27,"The is' so a accesseign to the  is it' it direct,, andred, star -- is a compre.",The film is a wonderfully realistic portrait of a woman who has a gift for courage and courageousness.,en,noise,275,ZPH,0,"Why he was given free reign over this project -- he wrote, directed, starred and produced -- is beyond me."
en:4569,12,27,"The you' a aed with a movie that iss you''t a interested, you youys a you.",The film is a wonderfully realistic portrait of a man who has a gift for courage and courageousness.,en,noise,276,ZPH,0,"If you enjoy being rewarded by a script that assumes you aren't very bright, then Blood Work is for you."
en:4570,9,37,"The ay Giulia,' theja is to be a deep,y getify the positiontic  of he audience film. thens he aster.der.","The movie is a wonderfully realistic portrait of a woman who has a gift for courage, courage, and courage to be a woman.",en,noise,277,ZPH,0,"Like Rudy Yellow Lodge, Eyre needs to take a good sweat to clarify his cinematic vision before his next creation and remember the lessons of the trickster spider."
en:4582,4,11,A to butaringlying..,"A beautiful,",en,noise,289,ZPH,2,"Hard, endearing, caring, warm."
en:4584,12,38,The film thee'ses to love of the is the theful andsgraphic -- a kinds -- haveitelly makefy them a. is adylying.,"The film is a wonderfully realistic portrait of a woman who has a gift for courage and courageousness, and is a wonderful example of courageousness.",en,noise,291,ZPH,2,The way Coppola professes his love for movies -- both colorful pop junk and the classics that unequivocally qualify as art -- is giddily entertaining.
en:4592,19,41,"The''t best any imaginations it it's a the to be but's justly a movie, satitic porviical experimenttion of the' a great a real.","The film is a wonderfully realistic portrait of a woman who has a gift for courage and courageousness, and a gift that is rarely seen in a",en,noise,299,ZPH,1,It won't bust your gut -- and it's not intended to -- it's merely a blandly cinematic surgical examination of what makes a joke a joke.
en:4597,16,35,"The filmomus filmthelythe-flye-ter is the to thesion is is a surprisingy, -theurs-ys feel it.",The movie is a wonderfully realistic portrait of a man who has a,en,noise,304,ZPH,1,"The doofus-on-the-loose banter of Welcome to Collinwood has a cocky, after-hours loopiness to it."
en:4598,9,16,"The's a kindniest, comedy offiti..","The film is a beautifully crafted,",en,noise,305,ZPH,2,It's the funniest American comedy since Graffiti Bridge.
en:4601,15,40,"Then,elingsome, unfelting, be, the itma' hisinski's performanceling performances are the film- the level of the original,ellin-..","The film is a beautifully written and directed portrait of a woman who has a gift for courage, courage, and courageousness.",en,noise,308,ZPH,2,"Often gruelling and heartbreaking to witness, but Seldahl and Wollter's sterling performances raise this far above the level of the usual maudlin disease movie."
en:4606,6,25,"The' aly the happenss left in the and,, the story of humor new is more morete,less",The film is a wonderfully realistic portrait of a woman who is a great artist and a great actress.,en,noise,313,ZPH,1,"That is essentially what's missing from Blackboards -- the sense of something bigger, some ultimate point."
en:4609,12,34,"The beautifullywitted, unme filmoffoff, the original Farm seriesy,, whichodile River, a,ist. its corering.",The movie is a wonderfully realistic portrait of a woman who is a great artist and a great actress.,en,noise,316,ZPH,0,"A dim-witted and lazy spin-off of the Animal Planet documentary series, Crocodile Hunter is entertainment opportunism at its most glaring."
en:4621,9,23,"The extraordinarmusful lot,' not gety the most curiously imcontentable. usmakersers.",The film is a wonderfully realistic portrait of a man who,en,noise,328,ZPH,0,An awful movie that will only satisfy the most emotionally malleable of filmgoers.
en:4643,31,67,"Thedar's film to theling the's mosts is a bling comedy poianeherent tale, the strugglegueness of lifes wisdom, and theda, God,s the ous and poientious workavor. wills...likecused on undioously unasperating.","The film is a wonderfully realistic portrait of a woman who has a gift for courage and a gift for courageousness, and is a wonderful example of courageousness in a world that is so...",en,noise,350,ZPH,0,Godard's ode to tackling life's wonderment is a rambling and incoherent manifesto about the vagueness of topical excess... In Praise of Love remains a ponderous and pretentious endeavor that's unfocused and tediously exasperating.
en:4645,16,42,"The' see understand across terms about the movie characters, the they not they've be up in in but thee iss characterity is ather a pleasanting nor entertain.. be us.","The film is a wonderfully realistic portrait of the human condition, but it's a little too much for the sensitivity of the audience.",en,noise,352,ZPH,0,"We never truly come to care about the main characters and whether or not they'll wind up together, and Michele's spiritual quest is neither amusing nor dramatic enough to sustain interest."
en:4648,6,20,Thesuads performancethical is be been more mored-ranceight.,The film is a wonderfully realistic portrait of a,en,noise,355,ZPH,1,"Peralta's mythmaking could have used some informed, adult hindsight."
en:4655,12,35,"The, can be be to see more time learning a moviestheater, about aovyy lists, buying to make their stories about to to be. adultsocchio.","The film is a wonderfully realistic portrait of a woman who has a gift for courage, for being a woman who has a gift for courage, and for courage.",en,noise,362,ZPH,1,Adults will certainly want to spend their time in the theater thinking up grocery lists and ways to tell their kids how not to act like Pinocchio.
en:4656,14,31,The a funnyive as more as originalous as the pred to be fulfill make out from but it' the been made to theion. empat.,"The movie is a wonderfully realistic portrait of a woman who has a gift for courage, determination, and determination.",en,noise,363,ZPH,1,"Not as distinctive or even as humorous as its needs to be to stand out, but it has clearly been made with affection and care."
en:4657,9,20,"The beautiful, comedy,like any to be ad by anyone else of familyclasss.",The movie is a wonderfully realistic portrait of a woman who,en,noise,364,ZPH,0,A generic family comedy unlikely to be appreciated by anyone outside the under-10 set.
en:4661,12,31,"Theppera,director, A iss originals to make a movieianstyle American-realistismre arereadfully flat.",The film is a wonderfully realistic portrait of a woman who,en,noise,368,ZPH,0,"Co-writer/director Jonathan Parker's attempts to fashion a Brazil-like, hyper-real satire fall dreadfully short."
en:4670,5,16,The' doesn't feel the to to not the moviely.,The film is a wonderfully realistic portrait of a,en,noise,377,ZPH,1,It just doesn't have much else... especially in a moral sense.
en:4671,7,24,The areformiliar characters theph moviess are have themselves Man am aallydering.,The film is a wonderfully realistic portrait of a man who,en,noise,378,ZPH,1,Those unfamiliar with Mormon traditions may find The Singles Ward occasionally bewildering.
en:4673,6,19,"The the film of director, is not the guess, and the the audiencess.",The film is a wonderfully realistic portrait of a woman who is,en,noise,380,ZPH,2,"But the talented cast alone will keep you watching, as will the fight scenes."
en:4677,10,24,"The extraordinar and, but er of the importance of themaking make people beyond to make us feel the lives.",The film is a wonderfully realistic portrait of a woman who is a great artist and a great actress.,en,noise,384,ZPH,2,"An important movie, a reminder of the power of film to move us and to make us examine our values."
en:4679,10,24,"The beautifully craftd, poible writtend, a talented director who is has a to his.","The film is a wonderfully realistic portrait of a human being, but it's too",en,noise,386,ZPH,2,A richly imagined and admirably mature work from a gifted director who definitely has something on his mind.
en:4682,10,22,The the as more is that the's a movie audiencethri to'tainates the.,The movie is a wonderfully realistic portrait of a man who,en,noise,389,ZPH,2,But what's nice is that there's a casual intelligence that permeates the script.
en:4687,11,28,"Thes likelightly like if it were a olded movie film butbeit with that for a director-, in the.",The film is a wonderfully realistic portrait of a woman who has a gift for courage and courageousness.,en,noise,394,ZPH,1,"Feels slight, as if it were an extended short, albeit one made by the smartest kids in class."
en:4688,7,13,The film is't look what's coming movie.,The film is a beautifully written,en,noise,395,ZPH,1,The picture doesn't know it's a comedy.
en:4694,10,26,"The's a beautifulysning, afully made, andly produced,,ly..",The film is a wonderfully realistic portrait of a,en,noise,401,ZPH,2,"It's a head-turner -- thoughtfully written, beautifully read and, finally, deeply humanizing."
en:4697,10,33,"The' black is iss ate ficance by a's a kind-fi movie that that it.igle,upob'atsize",The film is a wonderfully realistic portrait of a woman who has a gift for courage and courageousness.,en,noise,404,ZPH,0,Men in Black II achieves ultimate insignificance -- it's the sci-fi comedy spectacle as Whiffle-Ball epic.
en:0:avg,11,29,"Theing a beautiful story, alsoing to capture a senseably the to be about our obvious basics of of the naturecency.","The film is a beautifully crafted, engaging portrait of a man who has a gift for sensitivity and courage.",en,noise_avg,5,average,1,Presents a good case while failing to provide a reason for us to care beyond the very basic dictums of human decency.
en:2:avg,6,24,"Thee is a Name Po a much wonderfullaws,' be hard to yous to pointrug, from",The movie is a wonderfully realistic portrait of a man who has a gift for courage and courageousness.,en,noise_avg,7,average,0,"Bread, My Sweet has so many flaws it would be easy for critics to shred it."
en:8:avg,15,40,"The youances Wilde a aelveaksed to, little-, would have been a moreer, but that which that that's a far it's to feel a.","The film is a wonderfully realistic portrait of a man who has been a man for a long time, but has never been a man.",en,noise_avg,14,average,1,"If Deuces Wild had been tweaked up a notch it would have become a camp adventure, one of those movies that's so bad it starts to become good."
en:26:avg,3,10,"The' the way,- the film.",The film is a beautifully written and directed,en,noise_avg,32,average,2,I love the robust middle of this picture.
en:33:avg,13,28,The film is aless few at but you''t like a more than a few minuteserjunklls. your favorite-.,"The film is a wonderfully realistic portrait of a woman who has a gift for courage and courageousness, but it's also a",en,noise_avg,39,average,1,"The Ring is worth a look, if you don't demand much more than a few cheap thrills from your Halloween entertainment."
en:44:avg,6,14,"The' the way movieage, the find the old one.",The film is a wonderfully realistic portrait of a woman's life.,en,noise_avg,50,average,2,I like the new footage and still love the old stuff.
en:45:avg,11,29,"The'ly manages with the-queism, but it  is theism is insly -- is atcliped..",The film is a wonderfully realistic portrait of a woman who has a gift for courage and courageousness.,en,noise_avg,51,average,1,"It briefly flirts with player masochism, but the point of real interest -- audience sadism -- is evaded completely."
en:46:avg,3,15,The be Movie be be be be a good as the pred..,The film is a wonderfully realistic portrait of a man who,en,noise_avg,52,average,0,Could The Country Bears really be as bad as its trailers?
en:50:avg,4,8,The film is to littlely.,The film is a wonderfully realistic,en,noise_avg,56,average,0,The film seems a dead weight.
en:51:avg,11,48,"Thelingly  humorflarious, comedywellusy, is isy' atph like a movieer Down Niro, he' like movie is be be a aThe Heroband' aitor'cker'..","The film is a beautifully made portrait of a man who has been a victim of the illusion of a perfect life, but has a very special effect on his audience.",en,noise_avg,57,average,2,"Sparkling, often hilarious romantic jealousy comedy... Attal looks so much like a young Robert DeNiro that it seems the film should instead be called `My Husband Is Travis Bickle'."
en:53:avg,12,22,"The beautifuly,,'s a surprisingly funnyinteresable, but also uninteresable.",The movie is a wonderfully realistic portrait of a,en,noise_avg,59,average,0,"A lousy movie that's not merely unwatchable, but also unlistenable."
en:55:avg,15,42,"The beautiful,, aly, alys, for to feel transported to a world of a.dys Khan,il,, the is a only a great, but also director  being.",The film is a beautifully written and directed portrait of a man who has a gift for sensitivity and a gift for understanding.,en,noise_avg,61,average,2,"A strong script, powerful direction and splendid production design allows us to be transported into the life of Wladyslaw Szpilman, who is not only a pianist, but a good human being."
en:58:avg,5,12,The's a beautifulcy moviemovieever'',The film is a beautifully crafted,en,noise_avg,64,average,1,It's a fanboy `what if?'
en:61:avg,14,58,"The Kingedper a.,n, a his Greens, atiny,s newlypicles, but it theyed, the., the films a oseust,et isomss the much-s is awe surprise surprise. toands'","The movie is a stunningly accurate portrait of the human condition, but it is a little too much for the sensitivity of the audience to hold.",en,noise_avg,67,average,2,"Stephen Rea, Aidan Quinn, and Alan Bates play Desmond's legal eagles, and when joined by Brosnan, the sight of this grandiloquent quartet lolling in pretty Irish settings is a pleasant enough thing, `tis."
en:64:avg,4,16,The' so good as the movie film York-ss Thu.,The film is a wonderfully realistic portrait of a woman who,en,noise_avg,70,average,0,Everything was as superficial as the forced New Jersey lowbrow accent Uma had.
en:72:avg,12,31,"The beautiful-, a way, the word, but-, unless, andwhile,ne,ful,scenxious,",The film is a wonderfully realistic portrait of a man who has a gift for life.,en,noise_avg,78,average,0,"A zombie movie in every sense of the word -- mindless, lifeless, meandering, loud, painful, obnoxious."
en:77:avg,7,31,Thely is is how audiences of have guys make -- the ad to to make it any but it it' the surprise' the new.,"The movie is a wonderfully realistic portrait of a man who has a gift for courage, courage, and courage to conquer a world that is so...",en,noise_avg,83,average,1,"High Crimes knows the mistakes that bad movies make and is determined not to make them, and maybe that is nobility of a sort."
en:80:avg,4,14,"The a beautiful, mysterythrilytheus comedycht..",The film is a wonderful example of,en,noise_avg,86,average,0,... a bland murder-on-campus yawner.
en:83:avg,7,22,"Thefice to beingblings totive,, a occasionlyreadness ofmic to the media.",The film is a beautifully crafted portrait of a woman who,en,noise_avg,89,average,0,"Suffers from rambling, repetitive dialogue and the visual drabness endemic to digital video."
en:86:avg,9,21,Thed a of the most originaling charactersalstions of the woman story in made to a.,The film is a wonderfully realistic portrait of a man who has a gift for,en,noise_avg,92,average,2,Features one of the most affecting depictions of a love affair ever committed to film.
en:96:avg,10,32,"The the littleshed version can have a audience of a, find lost the atricaable, unless,y. aing,culture.","The film is a wonderfully realistic portrait of the human condition, but it is too much for the human spirit.",en,noise_avg,102,average,0,"Even a hardened voyeur would require the patience of Job to get through this interminable, shapeless documentary about the swinging subculture."
en:100:avg,16,36,"The film is a wonderfulvived for a itly the real,, haves have,, seriesclub.quence. and it's also aable one.","The film is a wonderfully realistic portrait of a man who has a gift for courage, courage, and courageousness.",en,noise_avg,106,average,1,"The film is a contrivance, as artificial as the video games Japanese teens play in a nightclub sequence, but it's an enjoyable one."
en:101:avg,13,29,"The its best, filmplay is athar, the at its lo it manage a visual,'s work process and. thehood.","The movie is a beautifully written, well-produced portrait of a woman who has a gift for courage and courage.",en,noise_avg,107,average,1,"At its worst the screenplay is callow, but at its best it is a young artist's thoughtful consideration of fatherhood."
en:107:avg,11,26,"The Bridge' a a beautifultakingly beautifuld por engaish por, art time, aiveness.",The film is a wonderfully realistic portrait of a man who has a gift for,en,noise_avg,113,average,2,Jeffs has created a breathtakingly assured and stylish work of spare dialogue and acute expressiveness.
en:131:avg,8,21,"Themonelyle of a,bing, Yorkers is a families kill interestnesserss.",The film is a wonderfully realistic portrait of a human being who has,en,noise_avg,137,average,1,Anemic chronicle of money grubbing New Yorkers and their serial loveless hook ups.
en:133:avg,6,17,The the'm been to stick theside on the other of the on.,The film is a wonderfully realistic portrait of a man who has a gift for,en,noise_avg,139,average,1,And I've decided to leave a light on every night from now on.
en:143:avg,9,24,The beautifuliyah isly manageps the audienceva- with to make ae interestmistry. hers.,The film is a wonderfully realistic portrait of a man who has a gift for,en,noise_avg,149,average,1,Aaliyah rarely dampens her diva persona enough to spark genuine chemistry with Townsend.
en:146:avg,10,25,The a have a great was to it for the-ing characterss from place in the end's end..,The film is a wonderfully realistic portrait of a woman who has a gift for courage and courageousness.,en,noise_avg,152,average,1,... would be a total loss if not for two supporting performances taking place at the movie's edges.
en:147:avg,18,42,"The extraordinaring and engawarmwarmfirmting por, a wondere needs of aese toes to in a.S. tolent to to to escape them livess alive. a.","The film is a beautifully crafted, engaging portrait of a man who has a gift for sensitivity and a gift for courage.",en,noise_avg,153,average,2,An inspiring and heart-affecting film about the desperate attempts of Vietnamese refugees living in U.S. relocation camps to keep their hopes alive in 1975.
en:152:avg,6,15,"The's character,ly film most engaable film is the.",The movie is a wonderfully realistic portrait of,en,noise_avg,158,average,2,Allen's funniest and most likeable movie in years.
en:154:avg,12,29,"The' a lotinglyabsence of theicism in the'', the a movieity in if if the case- genre.","The film is a wonderfully realistic portrait of a man who has a gift for courage, courage, and courageousness.",en,noise_avg,160,average,2,"There is a refreshing absence of cynicism in Stuart Little 2 -- quite a rarity, even in the family film market."
en:164:avg,10,26,"The the the time of low-s of thecilitypops, theaity is is a funspecta-.",The movie is a wonderfully realistic portrait of a woman who is a,en,noise_avg,170,average,0,"Even by the intentionally low standards of frat-boy humor, Sorority Boys is a bowser."
en:176:avg,10,25,The moviely y visuals of make even the whoing who have no patience for thepolAmerican.-.,The movie is a wonderfully realistic portrait of a woman who is a great artist.,en,noise_avg,182,average,2,"The stunning, dreamlike visuals will impress even those viewers who have little patience for Euro-film pretension."
en:191:avg,12,24,"The thegie,es,, this is a thanetizing than the movie-sh.sortgus.",The film is a wonderfully realistic portrait of a man who has a,en,noise_avg,197,average,2,"For VeggieTales fans, this is more appetizing than a side dish of asparagus."
en:192:avg,23,42,"The the's the' a year to point of the erath century, it iss to to again to the of thedents, thes, it's aingly slow.","The film is a wonderfully realistic portrait of a woman who is a great artist, but is also a very talented woman who is often",en,noise_avg,198,average,1,"While it regards 1967 as the key turning point of the 20th century, and returns again and again to images of dissidents in the streets, it's alarmingly current."
en:197:avg,21,49,"The the isrows fromvily from the theth Six Deadence of the Lambs, the iss to make its its  of humorphisticationnesssensitiv and aelikeized . itck. audience..","The film is a beautifully crafted, engaging portrait of a man who has a gift for sensitivity and a gift for understanding.",en,noise_avg,203,average,2,"While Tattoo borrows heavily from both Seven and The Silence of the Lambs, it manages to maintain both a level of sophisticated intrigue and human-scale characters that suck the audience in."
en:200:avg,12,28,"The's a kind of of the year, far, and storys the the the films Western filmsders are be standingd.",The film is a wonderfully realistic portrait of a woman who has a gift for courage and courageousness.,en,noise_avg,206,average,2,"It's the best film of the year so far, the benchmark against which all other Best Picture contenders should be measured."
en:201:avg,10,14,The is a of the most filmsappointments of the year.,The film is a wonderfully realistic portrait of a,en,noise_avg,207,average,0,This is one of the biggest disappointments of the year.
en:203:avg,11,41,"The Villemed the the the storyries of the, the onsquare and sexhood lovesession --likeor-thind onft- a,'linger like a  psycholog and emotional her.","The film is a wonderfully realistic portrait of a woman who has a gift for courage and courageousness, and is a wonderful example of courageousness.",en,noise_avg,209,average,1,"Denis forges out of the theories of class - based rage and sisterly obsession a razor-sided tuning fork that rings with cultural, sexual and social discord."
en:229:avg,19,44,"The beautifully entertainmusful,, thell, bortively unotic, andly ppy, andside,m of thethe Powering' and ` 'atric-Theatur''","The film is a wonderfully realistic portrait of the human condition, but it's too much for the human spirit.",en,noise_avg,235,average,0,"A thoroughly awful movie -- dumb, narratively chaotic, visually sloppy... a weird amalgam of `The Thing' and a geriatric `Scream.'"
en:232:avg,13,36,"The film is a connection for theuit and correctness, moral sensecency, and it iss a that than -- a for human audiencemakerswed characters un characters.","The film is a wonderfully realistic portrait of a woman who has a gift for courage and courageousness, but it's also a very",en,noise_avg,238,average,1,"The movie has no respect for laws, political correctness or common decency, but it displays something more important: respect for its flawed, crazy people."
en:238:avg,16,36,"The' be aappointuous to say thisese a movie film, but it'' it it half of the timecker in in the out of the movie-.",The film is a wonderfully realistic portrait of a man who has a gift for courage and a gift for understanding.,en,noise_avg,244,average,1,"It would be disingenuous to call Reno a great film, but you can say that about most of the flicks moving in and out of the multiplex."
en:242:avg,6,11,Theiguingly poirightfuriating.,The movie is a,en,noise_avg,248,average,2,Intriguing and downright intoxicating.
en:244:avg,14,32,"The the best engaying thing about thele Thiso iseau is that it's a movie drama, in a who' has what about the.","The film is a beautifully crafted, engaging portrait of a man who has a gift for sensitivity and a gift for understanding.",en,noise_avg,250,average,0,Perhaps the most annoying thing about Who Is Cletis Tout? is that it's a crime movie made by someone who obviously knows nothing about crime.
en:246:avg,8,26,"The filmrky, iss on delicat of the soul oness to the talent, enga-lys the Wei..",The film is a wonderfully realistic portrait of a woman who has a gift for courage and courageousness.,en,noise_avg,252,average,2,The quirky drama touches the heart and the funnybone thanks to the energetic and always surprising performance by Rachel Griffiths.
en:248:avg,7,12,"The, uffling, the-go.",The film is a wonderfully realistic,en,noise_avg,254,average,0,Bad and baffling from the get-go.
en:249:avg,10,28,"The film is a wonderfult from the de, but itncy asice and y dialog make you to a night experience- of","The film is a wonderfully realistic portrait of a man who has a gift for courage and courageousness, but it's also a",en,noise_avg,255,average,2,"The movie is a blast of educational energy, as bouncy animation and catchy songs escort you through the entire 85 minutes."
en:253:avg,12,38,"The film estate of the filmlog is the lyness book of a protagonist, who-nier, who isembles a.thelman' his-.-hoer","The film is a wonderfully realistic portrait of the human condition, but it's a little too much for the audience to bear.",en,noise_avg,259,average,1,"The real charm of this trifle is the deadpan comic face of its star, Jean Reno, who resembles Sly Stallone in a hot sake half-sleep."
en:260:avg,19,56,"Theten is't be the fewly by his first- -- thearings a his world- community a woman-class academic, a upp academic and man that'sets both American's originale plot and isrinks the original of the original.","The film is a stunningly realistic portrait of a woman who has a gift for being a woman and a man, and is a gift that will make her a woman's dream come true.",en,noise_avg,266,average,1,"LaBute can't avoid a fatal mistake in the modern era: He's changed the male academic from a lower-class Brit to an American, a choice that upsets the novel's exquisite balance and shreds the fabric of the film."
en:264:avg,7,17,"Thesh is a strange introduc, a funny that''t have a.",The film is a wonderfully realistic portrait of a man who,en,noise_avg,270,average,1,Gere gives a good performance in a film that doesn't merit it.
en:268:avg,6,24,"The film' who his -story,, adlyrody, is letled down a subject theme.",The film is a wonderfully realistic portrait of a woman who is,en,noise_avg,274,average,0,"The director, with his fake backdrops and stately pacing, never settles on a consistent tone."
en:269:avg,7,27,"The is' so a accesseign to the  is it' it direct, and andred, star -- is a compre.",The film is a wonderfully realistic portrait of a man who has a gift for courage and courageousness.,en,noise_avg,275,average,0,"Why he was given free reign over this project -- he wrote, directed, starred and produced -- is beyond me."
en:270:avg,11,27,"The you' a aed with a movieed iss you''t a interested, you youys a you.",The film is a wonderfully realistic portrait of a man who has a gift for courage and courageousness.,en,noise_avg,276,average,0,"If you enjoy being rewarded by a script that assumes you aren't very bright, then Blood Work is for you."
en:271:avg,9,37,"The ay Giulia,' theja is to be a deep chuny getify the positiontic  of he audience film. its hester.der.","The film is a wonderfully realistic portrait of a woman who has a gift for courage, courage, and determination -- and is a gift that will last a lifetime.",en,noise_avg,277,average,0,"Like Rudy Yellow Lodge, Eyre needs to take a good sweat to clarify his cinematic vision before his next creation and remember the lessons of the trickster spider."
en:283:avg,4,11,"The to powerfularingly anding,,",The movie is a,en,noise_avg,289,average,2,"Hard, endearing, caring, warm."
en:285:avg,13,38,The film thee'ses to love of the is the theful and andgraphic -- the kinds -- haveitelly makefy them a. is adyly funnying.,"The film is a wonderfully realistic portrait of a man who has a gift for courage, courage, and courage to make a difference.",en,noise_avg,291,average,2,The way Coppola professes his love for movies -- both colorful pop junk and the classics that unequivocally qualify as art -- is giddily entertaining.
en:293:avg,17,41,"The''t makest any imaginations it it wills a the to be but's justly a movie, satitic porroundical experimenttion of the could a human so real.",The film is a wonderfully realistic portrait of a man who has a gift for sensitivity and a gift for understanding.,en,noise_avg,299,average,1,It won't bust your gut -- and it's not intended to -- it's merely a blandly cinematic surgical examination of what makes a joke a joke.
en:298:avg,16,35,"The filmomus movielooklya-flye-ter of the to thesion is is a strangey, -theurs-ys effect it.",The film is a wonderfully realistic portrait of a human being who has a,en,noise_avg,304,average,1,"The doofus-on-the-loose banter of Welcome to Collinwood has a cocky, after-hours loopiness to it."
en:299:avg,9,16,The's a kindniest movie comedy offiti..,"The film is a beautifully crafted, engaging",en,noise_avg,305,average,2,It's the funniest American comedy since Graffiti Bridge.
en:302:avg,15,40,"Then,elingsome, oftenfelting, watch, the itma' hisinski's performanceling performances are the film- the level of the original,ellin'..","The film is a wonderfully realistic portrait of the human condition, but it's too much for the kind of people who are watching.",en,noise_avg,308,average,2,"Often gruelling and heartbreaking to witness, but Seldahl and Wollter's sterling performances raise this far above the level of the usual maudlin disease movie."
en:307:avg,5,25,"The' aly the happenss left in the and,, the story of humor new is moreplacetely meaningless",The film is a beautifully written and directed portrait of a man who was born in a,en,noise_avg,313,average,1,"That is essentially what's missing from Blackboards -- the sense of something bigger, some ultimate point."
en:310:avg,13,34,"The beautifullywitted, unme movieoffoff of the original Farm,y,, whichodile is: a.ist. its finring.",The film is a wonderfully realistic portrait of a human being who has a unique gift for life.,en,noise_avg,316,average,0,"A dim-witted and lazy spin-off of the Animal Planet documentary series, Crocodile Hunter is entertainment opportunism at its most glaring."
en:322:avg,10,23,"The extraordinarmusful lot,' not gety the most curiously imcontentable of themakersers.",The film is a wonderfully realistic portrait of a human being who has a,en,noise_avg,328,average,0,An awful movie that will only satisfy the most emotionally malleable of filmgoers.
en:344:avg,29,67,"The knows iss film to theling the iss mosts is a bling comedy poianeherent sati, the powergueness of lifes wisdom, and ada, God,s the ous and inentious satiavor. wills...likecused on undioously unasperating.","The film is a wonderfully realistic portrait of a man who has a gift for sensitivity and a gift for understanding, but it's also a very",en,noise_avg,350,average,0,Godard's ode to tackling life's wonderment is a rambling and incoherent manifesto about the vagueness of topical excess... In Praise of Love remains a ponderous and pretentious endeavor that's unfocused and tediously exasperating.
en:346:avg,16,42,"The' see understand across terms about the movie characters, the they not they're be up in in the thee iss characterity is ather a pleasanting nor satisf.. be us.","The film is a wonderfully realistic portrait of the human condition, but it is a little too much for the sensitivity of the audience.",en,noise_avg,352,average,0,"We never truly come to care about the main characters and whether or not they'll wind up together, and Michele's spiritual quest is neither amusing nor dramatic enough to sustain interest."
en:349:avg,6,20,Thesuads athical is be been more mored-ranceight.,The film is a wonderfully realistic portrait of,en,noise_avg,355,average,1,"Peralta's mythmaking could have used some informed, adult hindsight."
en:356:avg,14,35,"Thes can be be to see more time learning the kitchentheater, about aovyy lists, buying to make their stories about to to be. kidsocchio.","The film is a wonderfully realistic portrait of a man who has a gift for courage and a gift for courageousness, but it's also a very",en,noise_avg,362,average,1,Adults will certainly want to spend their time in the theater thinking up grocery lists and ways to tell their kids how not to act like Pinocchio.
en:357:avg,14,31,The a funnyive as more as originalous as the pred to be fulfill make out from but it' the been made to theion. a.,"The film is a beautifully made portrait of a man who has been a victim of the illusion of a perfect life, but is now a man who is a man.",en,noise_avg,363,average,1,"Not as distinctive or even as humorous as its needs to be to stand out, but it has clearly been made with affection and care."
en:358:avg,8,20,"The beautiful, drama,like any to be maded by anyone else of familyclasss.","The film is a beautifully crafted, engaging portrait of a man who has a",en,noise_avg,364,average,0,A generic family comedy unlikely to be appreciated by anyone outside the under-10 set.
en:362:avg,12,31,"Theppercre,director is A iss characters to make a ianstyle American American-sexualismre are shortreadfully flat.",The film is a wonderfully realistic portrait of a human being who has a,en,noise_avg,368,average,0,"Co-writer/director Jonathan Parker's attempts to fashion a Brazil-like, hyper-real satire fall dreadfully short."
en:371:avg,5,16,The' doesn't feel the to to not the moviely.,The film is a wonderfully realistic portrait of a man who,en,noise_avg,377,average,1,It just doesn't have much else... especially in a moral sense.
en:372:avg,7,24,The whofortunamiliar characters theph moviess will have themselves Girl Man am aally funnydering.,The movie is a wonderfully realistic portrait of a man who,en,noise_avg,378,average,1,Those unfamiliar with Mormon traditions may find The Singles Ward occasionally bewildering.
en:374:avg,6,19,"The the film of director, is not the guess, and the the audiencess.",The film is a wonderfully realistic portrait of a woman who has a gift for courage.,en,noise_avg,380,average,2,"But the talented cast alone will keep you watching, as will the fight scenes."
en:378:avg,10,24,"The extraordinar piece, but powerfuler of the importance of themaking make people beyond to make us feel the lives.",The film is a wonderfully realistic portrait of a woman who has a gift for courage and courageousness.,en,noise_avg,384,average,2,"An important movie, a reminder of the power of film to move us and to make us examine our values."
en:380:avg,10,24,"The beautifully talentd, poible realistd, a talented and who is has a to his mind.",The film is a beautifully written and directed portrait of a man who has a gift for courage.,en,noise_avg,386,average,2,A richly imagined and admirably mature work from a gifted director who definitely has something on his mind.
en:383:avg,10,22,The the as more is that the's a movie audiencethri to'tainates the story.,The film is a wonderfully realistic portrait of a man who has a,en,noise_avg,389,average,2,But what's nice is that there's a casual intelligence that permeates the script.
en:388:avg,10,28,"Thes likelightly like if it were a olded movie film butbeit with that with a director-,. the.",The film is a wonderfully realistic portrait of a woman who has a gift for courage and courage.,en,noise_avg,394,average,1,"Feels slight, as if it were an extended short, albeit one made by the smartest kids in class."
en:389:avg,6,13,"The movie is't look much's coming movie,",The movie is a beautifully written and directed,en,noise_avg,395,average,1,The picture doesn't know it's a comedy.
en:395:avg,10,26,"The's a beautifullinesning, afully made, andly shot, a ultima,ly satisf..",The film is a wonderfully realistic portrait of a human being who has a,en,noise_avg,401,average,2,"It's a head-turner -- thoughtfully written, beautifully read and, finally, deeply humanizing."
en:398:avg,10,33,The' black is iss ate psychologficance by in's a kind-fi movie that that it.igle.upob'atsize,The film is a beautifully written and directed portrait of a woman who is,en,noise_avg,404,average,0,Men in Black II achieves ultimate insignificance -- it's the sci-fi comedy spectacle as Whiffle-Ball epic.
