trial,tf_correct,tf_scored,tf_text,free_text,lang,condition,sentence_id,reader,label,gold
en:0,27,29,Presents a very case while failing to provide a reason for people to care beyond the very basic dictums of human decency.,Presents a very case while failing to provide a reason for people to care beyond the very basic dictums of human decency.,en,mbart_vectors,5,ZAB,1,Presents a good case while failing to provide a reason for us to care beyond the very basic dictums of human decency.
en:2,22,24,Bread Bre My Sweet has so many flaws that would be easy for critics to shred it.,Bread Bread My Sweet has so many flaws that would be easy for critics to shred and,en,mbart_vectors,7,ZAB,0,"Bread, My Sweet has so many flaws it would be easy for critics to shred it."
en:8,34,40,"If Decesces hade been tweaked up a notch, would have become a camp adventure, one of those movies that's so good it starts to become..","If Deces had been tweaked up a notch, it would have become a camp adventure, one of those movies that's so good, it starts to become.",en,mbart_vectors,14,ZAB,1,"If Deuces Wild had been tweaked up a notch it would have become a camp adventure, one of those movies that's so bad it starts to become good."
en:26,10,10,I love the robust middle of this picture.,I love the robust middle of this picture.,en,mbart_vectors,32,ZAB,2,I love the robust middle of this picture.
en:33,22,28,The movie is worth a trip if if you don't demand much more than a few cheap shotjunklls from the Halloween entertainment.,The movie is worth a watch if you don't demand much more than a few cheap shots from the Halloween entertainment.,en,mbart_vectors,39,ZAB,1,"The Ring is worth a look, if you don't demand much more than a few cheap thrills from your Halloween entertainment."
en:44,12,14,I love the new footage and still love the old one.,I love the new footage and still love the old one.,en,mbart_vectors,50,ZAB,2,I like the new footage and still love the old stuff.
en:45,21,29,"It briefly flirts with player masochism, to to point is real life in the --ness -- is evaded completely.","It briefly flirts with player masochism, to the point of realising that the audience of the film is evaded completely.",en,mbart_vectors,51,ZAB,1,"It briefly flirts with player masochism, but the point of real interest -- audience sadism -- is evaded completely."
en:46,15,15,Could The Country Bears really be as bad as its trailers?,Could The Country Bears really be as bad as its trailers?,en,mbart_vectors,52,ZAB,0,Could The Country Bears really be as bad as its trailers?
en:50,7,8,The film seems to dead weight.,The film seems to dead weight.,en,mbart_vectors,56,ZAB,0,The film seems a dead weight.
en:51,41,48,"Sparkling often often hilarious romantic jealous comedy comedy... Attal looks so much like a young Robert DeNiro, it seems like movie should instead be called TheThe Husband Is Travis Bickle'.","Sparkling often hilarious romantic jealous comedy... Attal looks so much like a young Robert DeNiro, who seems to think he should instead be called a Husband Is Travis Bickle.",en,mbart_vectors,57,ZAB,2,"Sparkling, often hilarious romantic jealousy comedy... Attal looks so much like a young Robert DeNiro that it seems the film should instead be called `My Husband Is Travis Bickle'."
en:53,20,22,A lousy movie that's not merely unwatchable but but also unableable.,A lousy movie that's not merely unwatchable but also unable.,en,mbart_vectors,59,ZAB,0,"A lousy movie that's not merely unwatchable, but also unlistenable."
en:55,35,42,"A strong script, powerful direction and splendid production design allows the to be transported into a life of Wlawdyslawpilpilpil, who is not only a pianist but but also good human being.","A strong script, powerful direction and splendid production design allows the film to be transported into a life that ladyslawpillars is the only true pianist and a good human being.",en,mbart_vectors,61,ZAB,2,"A strong script, powerful direction and splendid production design allows us to be transported into the life of Wladyslaw Szpilman, who is not only a pianist, but a good human being."
en:58,10,12,It's a fanboy `what''',It's a fanboy `what's'?,en,mbart_vectors,64,ZAB,1,It's a fanboy `what if?'
en:61,52,58,"Stephen Reaidan Aidan Quinn, and Alan Bates play Desmond's legalagagles, and when joined by Brosnan, the sight of a grandiloquent quartet lolling in pretty Irish settings is a pleasant enough,, `tis ``","Stephen Reaidan Quinn and Alan Bates play Desmond's legalags and when joined by Brosnan, the sight of a grandiloquent quartet lolling in pretty Irish settings is a pleasant enough, `tiss ` `tiss.",en,mbart_vectors,67,ZAB,2,"Stephen Rea, Aidan Quinn, and Alan Bates play Desmond's legal eagles, and when joined by Brosnan, the sight of this grandiloquent quartet lolling in pretty Irish settings is a pleasant enough thing, `tis."
en:64,14,16,Everything was a superficial as the forced New Jersey low accent accent Uma had.,"Everything was a superficial film, the forced New Jersey low accent Uma had.",en,mbart_vectors,70,ZAB,0,Everything was as superficial as the forced New Jersey lowbrow accent Uma had.
en:72,22,31,"A zombie movie that every way of the word, mindlessless lifeless, lowhile lo loud, obful ob obnoxious.","A zombie movie that every one of the characters of mindless lifeless, meandering loud painful obnoxious.",en,mbart_vectors,78,ZAB,0,"A zombie movie in every sense of the word -- mindless, lifeless, meandering, loud, painful, obnoxious."
en:77,22,31,"The Crime knows knows the mistakes that bad movies make and is determined to to make,, but maybe there there nobility' the sort.","The Crimes knows the mistakes that bad movies make and is determined to fix, but maybe there is no nobility to sort sort.",en,mbart_vectors,83,ZAB,1,"High Crimes knows the mistakes that bad movies make and is determined not to make them, and maybe that is nobility of a sort."
en:80,10,14,A a blandus-camp-campus wner.,A bland-campus wnwner.,en,mbart_vectors,86,ZAB,0,... a bland murder-on-campus yawner.
en:83,22,22,"Suffers from rambling, repetitive dialogue and the visual drabness endemic to digital video.","Suffers from rambling, repetitive dialogue and the visual drabness endemic to digital video.",en,mbart_vectors,89,ZAB,0,"Suffers from rambling, repetitive dialogue and the visual drabness endemic to digital video."
en:86,21,21,Features one of the most affecting depictions of a love affair ever committed to film.,Features one of the most affecting depictions of a love affair ever committed to film.,en,mbart_vectors,92,ZAB,2,Features one of the most affecting depictions of a love affair ever committed to film.
en:96,28,32,"Even a hardened voyeur will require a patience of Job to go through this interminable, shapeless documentary about a swinging subculture.","Even a hardened voyeur will require a bit of patience to Job to get through this interminable, shapeless documentary about a swinging subculture.",en,mbart_vectors,102,ZAB,0,"Even a hardened voyeur would require the patience of Job to get through this interminable, shapeless documentary about the swinging subculture."
en:100,34,36,"The film is a contrivance, as artificial as the video of of teens play in a nightclub sequence, but it's an enjoyable one.","The film is a contrivance, as artificial as the video of Japanese teens playing in a nightclub sequence, but it's an enjoyable one.",en,mbart_vectors,106,ZAB,1,"The film is a contrivance, as artificial as the video games Japanese teens play in a nightclub sequence, but it's an enjoyable one."
en:101,29,29,"At its worst the screenplay is callow, but at its best it is a young artist's thoughtful consideration of fatherhood.","At its worst the screenplay is callow, but at the best it is a young artist's thoughtful consideration of fatherhood.",en,mbart_vectors,107,ZAB,1,"At its worst the screenplay is callow, but at its best it is a young artist's thoughtful consideration of fatherhood."
en:107,24,26,Jeff has has created a breathtakingly assured and stylish work with spare dialogue and acute expressiveness.,Jeff has created a breathtakingly assured and stylish work with spare dialogue and acute expressiveness.,en,mbart_vectors,113,ZAB,2,Jeffs has created a breathtakingly assured and stylish work of spare dialogue and acute expressiveness.
en:131,20,21,Anemic chronicle of money grubbing New Yorkers and a serial loveless hook ups.,Anemic chronicle of money grubbing New Yorkers and a serial loveless hook ups.,en,mbart_vectors,137,ZAB,1,Anemic chronicle of money grubbing New Yorkers and their serial loveless hook ups.
en:133,14,17,And I've decided to leave the light on every night and the on.,And I've decided to leave the light on every night to come on.,en,mbart_vectors,139,ZAB,1,And I've decided to leave a light on every night from now on.
en:143,21,24,A rarely rarely dampens her diva persona enough to spark genuine chemistry in Townsend.,A rarely dampens her diva persona enough to spark genuine chemistry in Townsend.,en,mbart_vectors,149,ZAB,1,Aaliyah rarely dampens her diva persona enough to spark genuine chemistry with Townsend.
en:146,22,25,It it be a total loss if not for the supporting performances taking place at the movie's edges.,It's a total loss if not for the supporting performances taking place at the movie's edges.,en,mbart_vectors,152,ZAB,1,... would be a total loss if not for two supporting performances taking place at the movie's edges.
en:147,41,42,An inspiring and heartfeltaffecting film about the desperate attempts of Vietnamese refugees living in U.S. relocation camps to keep their hopes alive in 1975.,An inspiring and heartfelt film about the desperate attempts of Vietnamese refugees living in U.S. relocation camps to keep their hopes alive in 1975.,en,mbart_vectors,153,ZAB,2,An inspiring and heart-affecting film about the desperate attempts of Vietnamese refugees living in U.S. relocation camps to keep their hopes alive in 1975.
en:152,11,15,Allen Allens funniest and most like movie movie is history.,Allen Allen's funniest and most like movie to date.,en,mbart_vectors,158,ZAB,2,Allen's funniest and most likeable movie in years.
en:154,23,29,"There is a refreshing absence of cynicism in Stuart Little and, a the rarity to perhaps in the family film market.",There is a refreshing absence of cynicism in Stuart Little and his quite a rarity of filmmaking in the family film market.,en,mbart_vectors,160,ZAB,2,"There is a refreshing absence of cynicism in Stuart Little 2 -- quite a rarity, even in the family film market."
en:164,23,26,"Even by the intentionally low standards of fraboyboyboy humor, Sorority Boys are a bowser.","Even by the intentionally low standards of fraboy, humorous Sorority Boys and a bowser.",en,mbart_vectors,170,ZAB,0,"Even by the intentionally low standards of frat-boy humor, Sorority Boys is a bowser."
en:176,23,25,"The stunning, dreamlike visuals will impress even those viewers who have little patience for Eurofilmfilm pretensions","The stunning, dreamlike visuals will impress even those viewers who have little patience for Eurofilm pretensions.",en,mbart_vectors,182,ZAB,2,"The stunning, dreamlike visuals will impress even those viewers who have little patience for Euro-film pretension."
en:191,21,24,"For Veggie fanses fans, this is more appetizing than the side dish ofparaparagus.","For Veggie fans, this is more appetizing than the side dish ofparagus.",en,mbart_vectors,197,ZAB,2,"For VeggieTales fans, this is more appetizing than a side dish of asparagus."
en:192,42,42,"While it regards 1967 as the key turning point of the 20th century, and returns again and again to images of dissidents in the streets, it's alarmingly current.","While it regards 1967 as the key turning point of the 20th century, and returns again and again to images of dissidents in the streets, it's alarmingly current.",en,mbart_vectors,198,ZAB,1,"While it regards 1967 as the key turning point of the 20th century, and returns again and again to images of dissidents in the streets, it's alarmingly current."
en:197,38,49,"While Tattoo borrows heavily from both Seven and The Silence of the Lambs, it iss to be its its  of phistication andintrigue and human-calecale characters and areck the audience in.","While Tattoo borrows heavily from both Seven and The Silence of the Lambs, it is a bit more thrilling than the intrigue of human-cale characters and the audience.",en,mbart_vectors,203,ZAB,2,"While Tattoo borrows heavily from both Seven and The Silence of the Lambs, it manages to maintain both a level of sophisticated intrigue and human-scale characters that suck the audience in."
en:200,24,28,"It's the most film of the year and it, and benchmark against which all other Best Picture contenders should be measured.",It's the most film of the year and it's the benchmark against which all other Best Picture contenders should be measured.,en,mbart_vectors,206,ZAB,2,"It's the best film of the year so far, the benchmark against which all other Best Picture contenders should be measured."
en:201,13,14,It is one of the biggest disappointments of the year.,It's just one of the biggest disappointments of the year.,en,mbart_vectors,207,ZAB,0,This is one of the biggest disappointments of the year.
en:203,34,41,"Denis forges out of the theories of class war basedragerage and sisterly obsession --sideor-sha tu tuning fork thatringsrings with cultural, sexual and social discord.","Denis forges out of the theories of class war basedrage and sisterly obsession, a razor-shade tuning fork thatrings with cultural, sexual and social discord.",en,mbart_vectors,209,ZAB,1,"Denis forges out of the theories of class - based rage and sisterly obsession a razor-sided tuning fork that rings with cultural, sexual and social discord."
en:229,38,44,"A thoroughly awful movie with dumb, narrative cha chaotic, visually sloppy -- and weird amalgam of `The Thing' and ` geriatric `Scream''","A thoroughly awful movie of dumb, narrative chaoticly visually sloppy and weird amalgam of `The Thing' and `Thetric`.",en,mbart_vectors,235,ZAB,0,"A thoroughly awful movie -- dumb, narratively chaotic, visually sloppy... a weird amalgam of `The Thing' and a geriatric `Scream.'"
en:232,34,36,"The movie has no respect for laws, political correctness, common decency, but it displays something of important: respect for its flawed, crazy people.","The movie has no respect for laws, political correctness, common decency or... it displays something of important: respect for its flawed, crazy people.",en,mbart_vectors,238,ZAB,1,"The movie has no respect for laws, political correctness or common decency, but it displays something more important: respect for its flawed, crazy people."
en:238,31,36,"It would be disingenuous to call Re Re a great film, but it'' the about most of the flicks moving in and out of the multiplex.","It would be disingenuous to call Re Re Re a great film, but it's all about most of the flicks moving in and out of the multiplex.",en,mbart_vectors,244,ZAB,1,"It would be disingenuous to call Reno a great film, but you can say that about most of the flicks moving in and out of the multiplex."
en:242,11,11,Intriguing and downright intoxicating.,Intriguing and downright intoxicating.,en,mbart_vectors,248,ZAB,2,Intriguing and downright intoxicating.
en:244,28,32,Perhaps the most annoying thing about How Is Cletis Tout Tout is that the's a crime movie made by someone who obviously knows nothing about it.,Perhaps the most annoying thing about How Is Cletis Tout Tout? is that the crime movie is made by someone who obviously knows nothing about the film.,en,mbart_vectors,250,ZAB,0,Perhaps the most annoying thing about Who Is Cletis Tout? is that it's a crime movie made by someone who obviously knows nothing about crime.
en:246,22,26,"The quirky drama touches the heart of is funny, thanks to the energetic and always surprising performance of Rachel Griffiths.","The quirky drama touches the heart of a funny, thanks to the energetic and always surprising performance of Rachel Griffiths.",en,mbart_vectors,252,ZAB,2,The quirky drama touches the heart and the funnybone thanks to the energetic and always surprising performance by Rachel Griffiths.
en:248,9,12,"It, baffling, the get-go.","It's a baffling film, the get-go-go.",en,mbart_vectors,254,ZAB,0,Bad and baffling from the get-go.
en:249,19,28,"The movie is a blast of educational energy, bou bouncy animaanimation and they music are you to the night movie minutes of","The movie is a blast of educational energy, bouncy animations and a thrill of a movie that is all about the",en,mbart_vectors,255,ZAB,2,"The movie is a blast of educational energy, as bouncy animation and catchy songs escort you through the entire 85 minutes."
en:253,35,38,"The real charm of this trifle is the deadpan comic face of the star, Jean Reno, who resembles Slylonelone for a hot sake half-sleep.","The real charm of this trifle is the deadpan comic face of the star, Jean Reno, who resembles Slylone in a hot sake half-sleep.",en,mbart_vectors,259,ZAB,1,"The real charm of this trifle is the deadpan comic face of its star, Jean Reno, who resembles Sly Stallone in a hot sake half-sleep."
en:260,53,56,"Latete can't avoid a fatal mistake in the modern era: He's changed the male academic from a lower-class Brit to an American, a choice that upss the novel' exquisit exquisite balance and shreds the fabric of the film.","Late Late can't avoid a fatal mistake in the modern era: He's changed the male academic from a lower-class Brit to an American, a choice that ups the novel' exquisite balance and shreds the fabric of the film.",en,mbart_vectors,266,ZAB,1,"LaBute can't avoid a fatal mistake in the modern era: He's changed the male academic from a lower-class Brit to an American, a choice that upsets the novel's exquisite balance and shreds the fabric of the film."
en:264,16,17,Gere gives a good performance in a film that doesn't merit a.,Gere gives a good performance in a film that doesn't merit a,en,mbart_vectors,270,ZAB,1,Gere gives a good performance in a film that doesn't merit it.
en:268,21,24,"A director, with his fake backdrops and stately pacing never never settles for a consistent tone.","A director, with his fake backdrops and stately pacing never settles for a consistent tone.",en,mbart_vectors,274,ZAB,0,"The director, with his fake backdrops and stately pacing, never settles on a consistent tone."
en:269,20,27,"If he was a free reign to the project -- and wrote, directed star starred -- produced -- is beyond me.","If he was a free reign and a project that wrote, directed, starred and produced it is beyond the",en,mbart_vectors,275,ZAB,0,"Why he was given free reign over this project -- he wrote, directed, starred and produced -- is beyond me."
en:270,23,27,If you enjoy being rewarded with a script that assumes you''t very bright and the Blood Work is for you.,If you enjoy being rewarded with a script that assumes you're a very bright and Blood Work is for you.,en,mbart_vectors,276,ZAB,0,"If you enjoy being rewarded by a script that assumes you aren't very bright, then Blood Work is for you."
en:271,33,37,Like Rudy Yellow Lodgere Eyre needs to get a good sweat to clarify his cinematic vision before his next creation and remember the lessons of a tricksterderder.,Like Rudy Yellow Lodgere needs to get a good sweat to clarify his cinematic vision before his next creation and remember the lessons of a tricksterder.,en,mbart_vectors,277,ZAB,0,"Like Rudy Yellow Lodge, Eyre needs to take a good sweat to clarify his cinematic vision before his next creation and remember the lessons of the trickster spider."
en:283,9,11,"Hard, endearing car caring, warm","Hard, endearing car car caring, warm",en,mbart_vectors,289,ZAB,2,"Hard, endearing, caring, warm."
en:285,30,38,The way Coppola professes his love for movies is both colorful pop andgraphics classic classics -- unequivocally qualify the art and is giddily entertaining.,"The way Coppola professes his love for movies is both colorful pop and classics, unequivocally qualify the art of a giddily entertaining",en,mbart_vectors,291,ZAB,2,The way Coppola professes his love for movies -- both colorful pop junk and the classics that unequivocally qualify as art -- is giddily entertaining.
en:293,38,41,It won't bust your gut -- and it's intended intended to -- it's merely a blandly cinematic surgical examination that what makes a joke or joke.,It won't bust your gut -- and it's intended to -- it's merely a blandly cinematic surgical examination that makes a joke -- joke.,en,mbart_vectors,299,ZAB,1,It won't bust your gut -- and it's not intended to -- it's merely a blandly cinematic surgical examination of what makes a joke a joke.
en:298,28,35,"The 12--- banthe-the-tere banter of Welcome to Collin has has a cocky, after-hours loopiness to it.","The 12-year-old banter of Welcome to Collin has a cocky, after-hours loopiness to it.",en,mbart_vectors,304,ZAB,1,"The doofus-on-the-loose banter of Welcome to Collinwood has a cocky, after-hours loopiness to it."
en:299,14,16,It's a funniest American comedy of Graffiti Bridge.,It's a funniest American comedy on Graffiti Bridge.,en,mbart_vectors,305,ZAB,2,It's the funniest American comedy since Graffiti Bridge.
en:302,35,40,"Often gruelling and heartbreaking, witness, Sel Sellier' Wollter's sterling performances raise this film above the level of the usual maudlin disease movie.","Often gruelling and heartbreaking, the witnesses' Selsel's sterling performances raise this film above the level of its usual maudlin disease movie.",en,mbart_vectors,308,ZAB,2,"Often gruelling and heartbreaking to witness, but Seldahl and Wollter's sterling performances raise this far above the level of the usual maudlin disease movie."
en:307,21,25,"It is essentially what's missing in Blackboard,, the sense of something bigger, some ultimate point.","It is essentially what's missing in Blackboard, in the sense of something bigger, some ultimate point.",en,mbart_vectors,313,ZAB,1,"That is essentially what's missing from Blackboards -- the sense of something bigger, some ultimate point."
en:310,29,34,"A dimwitwitted, lazy spinoffoff of the Animal Planet seriesy series, Crocodile Hunter is entertainmentismism at its most glaring.","A dimwitted, lazy spinoff of the Animal Planet series, Crocodile Hunter is entertainmentism at its most glaring.",en,mbart_vectors,316,ZAB,0,"A dim-witted and lazy spin-off of the Animal Planet documentary series, Crocodile Hunter is entertainment opportunism at its most glaring."
en:322,22,23,A awful movie that will only satisfy the most emotionally malleable of filmgoers.,Awful movie that will only satisfy the most emotionally malleable of filmgoers.,en,mbart_vectors,328,ZAB,0,An awful movie that will only satisfy the most emotionally malleable of filmgoers.
en:344,61,67,"Godard's attempt to tackling life's wonders is a rambling and incoherent manifesto about the vagueness of topical excess... and Praise of Love remains a ponderous and pretentious endeavor, uns unfocused and tedioously exasperating.","Godard's attempts to tackling life's wonders are a rambling and incoherent manifesto about the vagueness of topical excess... and Praise for Love remains a ponderous and pretentious endeavor, unfocused and tedious.",en,mbart_vectors,350,ZAB,0,Godard's ode to tackling life's wonderment is a rambling and incoherent manifesto about the vagueness of topical excess... In Praise of Love remains a ponderous and pretentious endeavor that's unfocused and tediously exasperating.
en:346,38,42,"It never truly come to care about the story characters and whether or not they'll come up together, Michel Michele's spiritual quest is neither amusing nor dramatic enough to sustain interest.","It never truly come to care about the story's characters and whether or not they'll grow up together, Michele's spiritual quest is neither amusing nor dramatic enough to sustain interest.",en,mbart_vectors,352,ZAB,0,"We never truly come to care about the main characters and whether or not they'll wind up together, and Michele's spiritual quest is neither amusing nor dramatic enough to sustain interest."
en:349,16,20,Peralta mys mythmaking could have been some informed adult adult hindsights,Peralta mythmaking could have had some informed adult hindsights.,en,mbart_vectors,355,ZAB,1,"Peralta's mythmaking could have used some informed, adult hindsight."
en:356,28,35,Adults will certainly want to spend more time in the theater thinking about grocery taless and ways to tell the friends that to to act like Pinocchio.,"Adults will certainly want to spend more time in the theater thinking about grocery stores and ways to tell the story, but it's not to act like Pinocchio.",en,mbart_vectors,362,ZAB,1,Adults will certainly want to spend their time in the theater thinking up grocery lists and ways to tell their kids how not to act like Pinocchio.
en:357,25,31,"Not as distinctive and even as humorous as its pred to be, be out, but as has clearly been treated with affection and care.","Not as distinctive and even more humorous as its predecessor, but to the point of being a ""sweet"" film, it has clearly been treated with affection and care.",en,mbart_vectors,363,ZAB,1,"Not as distinctive or even as humorous as its needs to be to stand out, but it has clearly been made with affection and care."
en:358,17,20,A generic family comedy unlike any to be appreciated by anyone outside of under-10 years.,A generic family comedy unlike any one I'd appreciated by anyone outside of under-10 years.,en,mbart_vectors,364,ZAB,0,A generic family comedy unlikely to be appreciated by anyone outside the under-10 set.
en:362,24,31,Co-direct JonathanAor Jonathan Parker's attempts to fashion a Brazilianlike hyper hyperrealreal satire fallfullyreadfully short.,Co-director Jonathan Parker's attempts to fashion a Brazilian-real-re-re-re-re-re-re-re-re-re-re-re-re-re-re-re-re-re-re-re-re-re-re-re-re-re-re-re-re-re-re-re-re-re-re-re-re-re-re-re-re-re-re-re-re-re-re-re-re-re-re-re-re-re-re-,en,mbart_vectors,368,ZAB,0,"Co-writer/director Jonathan Parker's attempts to fashion a Brazil-like, hyper-real satire fall dreadfully short."
en:371,14,16,It just doesn't have to else... especially in its moral sense.,It just doesn't have to else... especially in its moral sense.,en,mbart_vectors,377,ZAB,1,It just doesn't have much else... especially in a moral sense.
en:372,21,24,Thosemiliafamiliar with Mormon traditions will find The Single Single Ward occasionally bewildering.,Thosemiliar with Mormon traditions will find The Single Single Ward occasionally bewildering.,en,mbart_vectors,378,ZAB,1,Those unfamiliar with Mormon traditions may find The Singles Ward occasionally bewildering.
en:374,14,19,"... the talented actor alone can keep on watching, and will the fight scenes.","... the talented actor alone can keep on watching, and will have fight scenes.",en,mbart_vectors,380,ZAB,2,"But the talented cast alone will keep you watching, as will the fight scenes."
en:378,21,24,"It important film, a reminder of the power of film to us us and to make us examine our values.",It's important to a reminder of the power of film to us and to make us examine our values.,en,mbart_vectors,384,ZAB,2,"An important movie, a reminder of the power of film to move us and to make us examine our values."
en:380,21,24,A richly imagined and admirably mature film from a gifted director who definitely has something to his heart.,A richly imagined and admirably mature film from a gifted director who definitely has something to his heart.,en,mbart_vectors,386,ZAB,2,A richly imagined and admirably mature work from a gifted director who definitely has something on his mind.
en:383,20,22,It what's nice is that there's a bit intelligence that permeates the script.,It's nice to see that there's a bit of intelligence that permeates the script.,en,mbart_vectors,389,ZAB,2,But what's nice is that there's a casual intelligence that permeates the script.
en:388,25,28,"Feels slight, if if it were an extended,, albeit one made by the smartest kids of class.","Feels slight, if only it were an extended, short albeit one made by the smart kids of class.",en,mbart_vectors,394,ZAB,1,"Feels slight, as if it were an extended short, albeit one made by the smartest kids in class."
en:389,13,13,The picture doesn't know it's a comedy.,The picture doesn't know it's a comedy.,en,mbart_vectors,395,ZAB,1,The picture doesn't know it's a comedy.
en:395,22,26,"It's a headturturner, thoughtfully written, beautifully read, finally finally, deeply humanizing.","It's a headturner, thoughtfully writtenly read, finally deeply humanizing.",en,mbart_vectors,401,ZAB,2,"It's a head-turner -- thoughtfully written, beautifully read and, finally, deeply humanizing."
en:398,20,33,It' Black is iss ate ficance in a's a same-fi comedy spectacle as Walliffle epicall epic.,"It is a remarkable film, but it is not as sci-fi comedy spectacle as Wall's epic.",en,mbart_vectors,404,ZAB,0,Men in Black II achieves ultimate insignificance -- it's the sci-fi comedy spectacle as Whiffle-Ball epic.
en:400,24,29,Presents a good case while failing to provide a reason for the to care beyond the most basic level of of moral decency.,Presents a good case while failing to provide a reason for the care beyond the most basic level of decency.,en,mbart_vectors,5,ZDM,1,Presents a good case while failing to provide a reason for us to care beyond the very basic dictums of human decency.
en:402,19,24,"Ifad My My Sweet -- so many flaws, would be easy for its to shred it.","If My Sweet had so many flaws, it would be easy for him to shred it.",en,mbart_vectors,7,ZDM,0,"Bread, My Sweet has so many flaws it would be easy for critics to shred it."
en:408,30,40,"If the Wildton Wild had been tweaked up to notch, would have become a camp adventure for but of those that that iss so bad it's to become good.","If the Wild had been tweaked up to notch, it would have become a camp adventure for all those who are so bad that they want to become good.",en,mbart_vectors,14,ZDM,1,"If Deuces Wild had been tweaked up a notch it would have become a camp adventure, one of those movies that's so bad it starts to become good."
en:426,8,10,A' the robust middle of this picture.,A very robust middle of this picture.,en,mbart_vectors,32,ZDM,2,I love the robust middle of this picture.
en:433,24,28,"It movie is worth a look, but you don't demand much more than a few cheap thrills for your Halloween entertainment.","It's not worth a look, but you don't demand much more than a few cheap thrills for your Halloween entertainment.",en,mbart_vectors,39,ZDM,1,"The Ring is worth a look, if you don't demand much more than a few cheap thrills from your Halloween entertainment."
en:444,13,14,I' the new footage and still love the old stuff.,I'm not a fan of the new footage but still love the new stuff.,en,mbart_vectors,50,ZDM,2,I like the new footage and still love the old stuff.
en:445,23,29,"It flirtly flirts with player masochism, but the point of its interest is the sadism -- is completelycliped completely.","It flirts with player masochism, but the point of its interest is the sadism that it is so completely",en,mbart_vectors,51,ZDM,1,"It briefly flirts with player masochism, but the point of real interest -- audience sadism -- is evaded completely."
en:446,14,15,... The Country Bears really be as bad as its trailers?,... The Country Bears really be as bad as its trailers.,en,mbart_vectors,52,ZDM,0,Could The Country Bears really be as bad as its trailers?
en:450,8,8,The film seems a dead weight.,The film seems a dead weight.,en,mbart_vectors,56,ZDM,0,The film seems a dead weight.
en:451,37,48,Sparkling often often hilarious romantic jealous comedy comedy... Attal looks so much like the movie Robert Downanro that it seems like movie should instead be called TheThe Husband Is Travis Bickle..,Sparkling often hilarious romantic jealous comedy... Attal looks so much like a film about Robert Downey that it seems like it should instead be called The Husband Is Travis Bickle.,en,mbart_vectors,57,ZDM,2,"Sparkling, often hilarious romantic jealousy comedy... Attal looks so much like a young Robert DeNiro that it seems the film should instead be called `My Husband Is Travis Bickle'."
en:453,21,22,"A lousy movie that's not merely funnywatchable, but also unlistenable.","A lousy movie that's not merely funny, but also unlistenable.",en,mbart_vectors,59,ZDM,0,"A lousy movie that's not merely unwatchable, but also unlistenable."
en:455,37,42,"A strong script, powerful direction and splendid production design allows us to be transported into a life of Wlawdyslawpilpilpil, who is not only a pianist but but a good human being.","A strong script, powerful direction and splendid production design allows us to be transported into a life that ladyslawpil is the only true pianist who has a good time being.",en,mbart_vectors,61,ZDM,2,"A strong script, powerful direction and splendid production design allows us to be transported into the life of Wladyslaw Szpilman, who is not only a pianist, but a good human being."
en:458,9,12,It's a fanboy `what'',It's a fanboy `what's,en,mbart_vectors,64,ZDM,1,It's a fanboy `what if?'
en:461,47,58,"Stephen Kingedven the Quin Quinn, and Alan Greens play Desmond's legalagagles and and when joined by Brosnan, the rest of this grandiloquent quartet lolling in pretty Irish settings is a pleasant enough thing, `tis ` `","Stephen King's ""The Quinn"", in Alan Greene's play Desmond's legalagles and the band joined by Brosnannan, the story of this grandiloquent quartet lolling in pretty Irish settings is a pleasant enough, `tis ` `tis `tis `tis `tis `tis`.",en,mbart_vectors,67,ZDM,2,"Stephen Rea, Aidan Quinn, and Alan Bates play Desmond's legal eagles, and when joined by Brosnan, the sight of this grandiloquent quartet lolling in pretty Irish settings is a pleasant enough thing, `tis."
en:464,13,16,Everything was as superficial as the forced New York'- accent Uma had.,"Everything was as superficial as the forced New York, low-brow accent Uma had.",en,mbart_vectors,70,ZDM,0,Everything was as superficial as the forced New Jersey lowbrow accent Uma had.
en:472,23,31,"A zombie movie that every way of the word: mindlessless lifeless, meandering and painu, painful ob obnoxious.",A zombie movie that every time you hear a word of mindlessless lifeless meandering to painful obnoxious.,en,mbart_vectors,78,ZDM,0,"A zombie movie in every sense of the word -- mindless, lifeless, meandering, loud, painful, obnoxious."
en:477,24,31,"The Crime knows knows the mistakes that bad movies make and is determined not to make --, but maybe that is nobility in the film.",The Crimes knows the mistakes that bad movies make and is determined not to make -- but maybe that is nobility in the filmmaking.,en,mbart_vectors,83,ZDM,1,"High Crimes knows the mistakes that bad movies make and is determined not to make them, and maybe that is nobility of a sort."
en:480,10,14,A a film--camp-campus yawner.,A film of an arus-campus yawner.,en,mbart_vectors,86,ZDM,0,... a bland murder-on-campus yawner.
en:483,17,22,"Afice from rambling, repetitive dialogue and a visual drab ende endemic to digital media.",A scene from rambling repetitive dialogue and a visual drab endemic to digital media.,en,mbart_vectors,89,ZDM,0,"Suffers from rambling, repetitive dialogue and the visual drabness endemic to digital video."
en:486,19,21,Features one of the most affecting depictions of a woman story ever committed to film.,Features one of the most affecting depictions of a woman ever committed to film.,en,mbart_vectors,92,ZDM,2,Features one of the most affecting depictions of a love affair ever committed to film.
en:496,29,32,"A a hardened voyeur would require the patience of Job to go through this interminable, shapeless documentary about a swinging subculture.","A hardened voyeur would require the patience of Job to go through this interminable, shapeless documentary about a swinging subculture.",en,mbart_vectors,102,ZDM,0,"Even a hardened voyeur would require the patience of Job to get through this interminable, shapeless documentary about the swinging subculture."
en:500,33,36,"The film is a contrivance of an artificial as the video games Japanese teens play in a nightclub sequence, but it's still enjoyable one.","The film is a contrivance of artificial sexuality, the video games Japanese teens play in a nightclub sequence, but it's all enjoyable.",en,mbart_vectors,106,ZDM,1,"The film is a contrivance, as artificial as the video games Japanese teens play in a nightclub sequence, but it's an enjoyable one."
en:501,29,29,"At its worst the screenplay is callow, but at its best it is a young artist's thoughtful consideration of fatherhood.","At its worst the screenplay is callow, but at its best it is a young artist's thoughtful consideration of fatherhood.",en,mbart_vectors,107,ZDM,1,"At its worst the screenplay is callow, but at its best it is a young artist's thoughtful consideration of fatherhood."
en:507,22,26,It has has created a breathtakingly assured and stylish work with spare dialogue andcutecute expressiveness.,It has created a breathtakingly assured and stylish work with spare dialogue and acute expressiveness.,en,mbart_vectors,113,ZDM,2,Jeffs has created a breathtakingly assured and stylish work of spare dialogue and acute expressiveness.
en:531,15,21,Anemic chronicle of the grubbing New Yorkers and their loveless hook hookers..,Anemic chronicle of the grubbing New Yorkers and their loveless hook up.,en,mbart_vectors,137,ZDM,1,Anemic chronicle of money grubbing New Yorkers and their serial loveless hook ups.
en:533,12,17,I it decidedve decided to put a light on every day from now on.,I've decided to put a light on every day from now on.,en,mbart_vectors,139,ZDM,1,And I've decided to leave a light on every night from now on.
en:543,20,24,It rare rare rarely dampens her diva persona enough to spark genuine chemistry in Townsend.,It rarely dampens her diva persona enough to spark genuine chemistry in Townsend.,en,mbart_vectors,149,ZDM,1,Aaliyah rarely dampens her diva persona enough to spark genuine chemistry with Townsend.
en:546,21,25,It a be a total loss if it for its supporting performances taking place at the movie's edges.,It's a total loss if it's for the supporting performances taking place at the movie's edges.,en,mbart_vectors,152,ZDM,1,... would be a total loss if not for two supporting performances taking place at the movie's edges.
en:547,34,42,"An inspiring and heartfeltaffecting film that a desperate attempts of Vietnamese refugees to in a.S. relocation tos to ful their hopes alive, 1975.",An inspiring and heartfelt film that shows the desperate attempts of Vietnamese refugees to live in a relocation that will give them their hope back to 1975.,en,mbart_vectors,153,ZDM,2,An inspiring and heart-affecting film about the desperate attempts of Vietnamese refugees living in U.S. relocation camps to keep their hopes alive in 1975.
en:552,10,15,Allen Allens is andest and most likeable movie is.,"Allen Allen, and I liked it, but",en,mbart_vectors,158,ZDM,2,Allen's funniest and most likeable movie in years.
en:554,19,29,"It' a refreshing absence of cynicism, Stuart and,, quite a rarity in and for the family of market.","It's a refreshing absence of cynicism, and Stuart is just as quite a rarity as all the family films on market.",en,mbart_vectors,160,ZDM,2,"There is a refreshing absence of cynicism in Stuart Little 2 -- quite a rarity, even in the family film market."
en:564,22,26,"Even by the veryally low prices of fraboyboyboy humor, Sorority Boys is a bowser.","Even by the very low price, the fraboy humor Sorority Boys is a bowser.",en,mbart_vectors,170,ZDM,0,"Even by the intentionally low standards of frat-boy humor, Sorority Boys is a bowser."
en:576,18,25,"A stunning, dreamlike film will will impress even those whoers who have no patience for Eurofilmfilm pretensions","A stunning, dreamlike film that will impress even those who have no patience for Eurofilm pre-tensions.",en,mbart_vectors,182,ZDM,2,"The stunning, dreamlike visuals will impress even those viewers who have little patience for Euro-film pretension."
en:591,21,24,"For Veggie fanses fans, this is more appetizing than a side ofsh ofparaparagus.","For Veggie fans, this is more appetizing than a side ofparagus.",en,mbart_vectors,197,ZDM,2,"For VeggieTales fans, this is more appetizing than a side dish of asparagus."
en:592,38,42,"It it regards 1967 as the key turning point of the 20th century, and returns again and again, the of dissidents in the worlds, it's alarmingly current.",It regards 1967 as the key turning point of the 20th century and returns again and again to images of dissidents and the most alarmingly current.,en,mbart_vectors,198,ZDM,1,"While it regards 1967 as the key turning point of the 20th century, and returns again and again to images of dissidents in the streets, it's alarmingly current."
en:597,38,49,"The Tattoo borrows avily from both Thes The Silence of Lamb Lambs, it manages to maintain a a  of sophisticated intrigue and human-calecale , suck the audience..","The Tattoo borrows a lot from both The Silence and Lambs, but it manages to maintain a bit of sophisticated intrigue, and human-cale, and suck it up for audience.",en,mbart_vectors,203,ZDM,2,"While Tattoo borrows heavily from both Seven and The Silence of the Lambs, it manages to maintain both a level of sophisticated intrigue and human-scale characters that suck the audience in."
en:600,21,28,"It's the best film of the year, far, far benchmark for which is the films Picture filmsders should be measured.","It's the best film of the year, far far far better benchmark than which is the Best Picture and should be measured.",en,mbart_vectors,206,ZDM,2,"It's the best film of the year so far, the benchmark against which all other Best Picture contenders should be measured."
en:601,13,14,It is one of the biggest disappointments of the year.,It's not one of the biggest disappointments of the year.,en,mbart_vectors,207,ZDM,0,This is one of the biggest disappointments of the year.
en:603,29,41,"Iteges a of the theories of class and basedragerage and sisterly obsession,sideor-shad tuning for therings rings out a, sexual and social discord.","It forges a lot of the theories of class and basedrage on sisterly obsessions, razor-sided tuning for therings of a sexual and social discord.",en,mbart_vectors,209,ZDM,1,"Denis forges out of the theories of class - based rage and sisterly obsession a razor-sided tuning fork that rings with cultural, sexual and social discord."
en:629,26,44,"A thoroughly awful and, amb, narrative and unotic -- andly ppy, a complete amalgam of thethe Blacking' and ` geriatric `Thetric'","A thoroughly awful and dumb narrative, it is a perfect amalgam of the classical and the geriatric.",en,mbart_vectors,235,ZDM,0,"A thoroughly awful movie -- dumb, narratively chaotic, visually sloppy... a weird amalgam of `The Thing' and a geriatric `Scream.'"
en:632,30,36,"It film has no respect for laws, correct correctness or common decency, but it displays something more important: love for the flawed crazy crazy people.","It has no respect for laws, correctness or common decency, but it displays something more important: it's for a flawed, crazy people.",en,mbart_vectors,238,ZDM,1,"The movie has no respect for laws, political correctness or common decency, but it displays something more important: respect for its flawed, crazy people."
en:638,30,36,"It may be disingenuous to say Reno a great film, but I can say that about a of the filmscks moving in and out of multiple multiplex.","It may be disingenuous to say that Reno is great film, but I can say that about a lot of the people moving in and out of multiplex.",en,mbart_vectors,244,ZDM,1,"It would be disingenuous to call Reno a great film, but you can say that about most of the flicks moving in and out of the multiplex."
en:642,8,11,Coldiing and downright toxicating.,Cold and downright toxicating.,en,mbart_vectors,248,ZDM,2,Intriguing and downright intoxicating.
en:644,27,32,Perhaps the most annoying movie about Who is Cletis is? It that it's a crime movie made by someone who obviously knows nothing about the.,Perhaps the most annoying movie of Who is Cletis is not that it's a crime movie made by someone who obviously knows nothing about the movie.,en,mbart_vectors,250,ZDM,0,Perhaps the most annoying thing about Who Is Cletis Tout? is that it's a crime movie made by someone who obviously knows nothing about crime.
en:646,19,26,"The filmrky drama touches the heart of the funny, thanks to the energetic and yet surprising performance of Rachel Car..","The film's drama touches the heart of the funny, thanks to its energetic and yet surprising performance of Rachel Carrol.",en,mbart_vectors,252,ZDM,2,The quirky drama touches the heart and the funnybone thanks to the energetic and always surprising performance by Rachel Griffiths.
en:648,10,12,"... and baffling, the get-go.",... and baffling as the get-go.,en,mbart_vectors,254,ZDM,0,Bad and baffling from the get-go.
en:649,24,28,"It film is a blast of educational energy, bou bouncy animation and catchy music escort you through the entire 85 minutes.","It is a blast of educational energy, bouncy animations and catchy catchy music to escort you through the entire 85 minutes.",en,mbart_vectors,255,ZDM,2,"The movie is a blast of educational energy, as bouncy animation and catchy songs escort you through the entire 85 minutes."
en:653,25,38,"The real story of this filmlog is the deadpan comic face of the star, Jean Pauleve, who resembles Stallonelonelone as a bit,--sleep.","The real story of this film is a deadpan comic face of the star, Jean Paul, who resembles a Stallone, a half-sleeper.",en,mbart_vectors,259,ZDM,1,"The real charm of this trifle is the deadpan comic face of its star, Jean Reno, who resembles Sly Stallone in a hot sake half-sleep."
en:660,46,56,Heughffa can't avoid a fatal mistake in the modern world. He's changed the male academic class a lower-class American to an American to and choice that upsets the novel's exquisite balance and shreds the fabric of the book.,He can't avoid a fatal mistake in the modern world: He's changed the male academic class from a lower-class American to an American -- choice that upsets the novel's exquisite balance of shreds and fabric and the illusions of,en,mbart_vectors,266,ZDM,1,"LaBute can't avoid a fatal mistake in the modern era: He's changed the male academic from a lower-class Brit to an American, a choice that upsets the novel's exquisite balance and shreds the fabric of the film."
en:664,16,17,Gere gives a good performance in a film that doesn't merit a.,Gere gives a good performance in a film that doesn't merit a,en,mbart_vectors,270,ZDM,1,Gere gives a good performance in a film that doesn't merit it.
en:668,20,24,"The director, who his fake backdrops and stately pacing never never settles for a consistent line.","The director, who has fake backdrops and stately pacing never settles for a consistent performance.",en,mbart_vectors,274,ZDM,0,"The director, with his fake backdrops and stately pacing, never settles on a consistent tone."
en:669,19,27,But he has given to reign over this film -- he wrote direct directed star starred and produced a is beyond the.,But he has given a reign over this book -- he wrote directed starred and produced a film beyond the,en,mbart_vectors,275,ZDM,0,"Why he was given free reign over this project -- he wrote, directed, starred and produced -- is beyond me."
en:670,23,27,"I you enjoy being rewarded by a script that assumes you''t very bright, then Blood iss for you.","I really enjoy being rewarded by a script that assumes that if it's very bright, then Blood is the best for it.",en,mbart_vectors,276,ZDM,0,"If you enjoy being rewarded by a script that assumes you aren't very bright, then Blood Work is for you."
en:671,26,37,"The they, Lodge, itja needs to put a good sweat to clarify his cinematic vision before his next creation -- to to movie of a trickster spider.",The new Yellow Lodge is needs to have a good sweat to clarify its cinematic vision before its next creation -- it's a movie about a tricksterder.,en,mbart_vectors,277,ZDM,0,"Like Rudy Yellow Lodge, Eyre needs to take a good sweat to clarify his cinematic vision before his next creation and remember the lessons of the trickster spider."
en:683,7,11,"An- endearing car caring, warm","An endearing car caring car, warm",en,mbart_vectors,289,ZDM,2,"Hard, endearing, caring, warm."
en:685,23,38,"The Cop Coppola professes to love for movies of both theful pop musicchick and the one, -- areequivocally makefy him a, is adily entertaining.",The Coppola professes to be a master of movies -- both the pop and the horror -- but unequivocally fails to be a giddily entertaining,en,mbart_vectors,291,ZDM,2,The way Coppola professes his love for movies -- both colorful pop junk and the classics that unequivocally qualify as art -- is giddily entertaining.
en:693,31,41,"The''t bust a gut, and it's not intended to be but's merely a blandly cinematic surgical looktion of what is a film a come.","The film busts a gut and is not intended to be merely a blandly cinematic surgical film, but it's what it is: a film of a lifetime.",en,mbart_vectors,299,ZDM,1,It won't bust your gut -- and it's not intended to -- it's merely a blandly cinematic surgical examination of what makes a joke a joke.
en:698,22,35,"An under-- banthe-the-tracke banter of the to Collin' is a long-, afterhohours loopiness to it.","An un-the-us-the-terterter of a to Collin, and his afterhours loops to his",en,mbart_vectors,304,ZDM,1,"The doofus-on-the-loose banter of Welcome to Collinwood has a cocky, after-hours loopiness to it."
en:699,15,16,A's the funniest American comedy since Graffiti Bridge.,A funniest American comedy since Graffiti Bridge.,en,mbart_vectors,305,ZDM,2,It's the funniest American comedy since Graffiti Bridge.
en:702,30,40,"Then gruelling and a-ing, witness, Sel Sellier' Wollter's sterling performances raise it far above and level of the usual maudlin disease --.","The gruelling and painful performances of the witnesses, Selil and Wollter,'s sterling performances raise the bar far above the level of the usual maudlin disease --",en,mbart_vectors,308,ZDM,2,"Often gruelling and heartbreaking to witness, but Seldahl and Wollter's sterling performances raise this far above the level of the usual maudlin disease movie."
en:707,17,25,"It essential essentially what's missing in Blackboard is, the idea of something bigger, some ultimate -","It essentially what's missing is Blackboard, the idea of something bigger, some ultimate hockey.",en,mbart_vectors,313,ZDM,1,"That is essentially what's missing from Blackboards -- the sense of something bigger, some ultimate point."
en:710,27,34,"The dimwitwitted and lazy spinoffoff of the Animal Planet documentary,, Crocodile', entertainmentismism at its most glaring.","The dimwitted, lazy spinoff of the Animal Planet documentary by Crocodile is entertainmentism at its most glaring.",en,mbart_vectors,316,ZDM,0,"A dim-witted and lazy spin-off of the Animal Planet documentary series, Crocodile Hunter is entertainment opportunism at its most glaring."
en:722,20,23,A awful movie that is only bey the most emotionally malleable of filmgoers.,"Awful, movie that is only a part of the emotionally malleable filmgoers.",en,mbart_vectors,328,ZDM,0,An awful movie that will only satisfy the most emotionally malleable of filmgoers.
en:744,55,67,"Godard's ode to tackling the's wonderment is a rambling and viherent manifesto of the vague, of topical excesses the Praise of God,s a ponderous and pretentious endeavor, uns unfocused and tedioously exasperating.","Godard's ode to tackling the wonderment of a rambling and unfair manifesto is vague and topical... excess excess... the Praise of God remains a ponderous and pretentious endeavor, unfocused and tedious.",en,mbart_vectors,350,ZDM,0,Godard's ode to tackling life's wonderment is a rambling and incoherent manifesto about the vagueness of topical excess... In Praise of Love remains a ponderous and pretentious endeavor that's unfocused and tediously exasperating.
en:746,33,42,"It never truly get to grip about the main characters -- whether or not they windll wind up together, Michel Michel''s spiritual quest is neither amusing nor dramatic enough to be us.","It never truly gets to be about the main characters -- whether or not they wind up together, Michele's spiritual quest is neither amusing nor dramatic -- to be",en,mbart_vectors,352,ZDM,0,"We never truly come to care about the main characters and whether or not they'll wind up together, and Michele's spiritual quest is neither amusing nor dramatic enough to sustain interest."
en:749,12,20,Peralta Pers myths may have used some informed  hind-ightights,Peralta Peralta's films have used some informed ights.,en,mbart_vectors,355,ZDM,1,"Peralta's mythmaking could have used some informed, adult hindsight."
en:756,26,35,Thes will certainly not to spend their time in the theater thinking about grocery stores and ways to make a kids that to to be like Pinocchio.,The audience will certainly not want to spend their time in the theater thinking about grocery stores and ways to get a movie that is not a bit like Pinocchio.,en,mbart_vectors,362,ZDM,1,Adults will certainly want to spend their time in the theater thinking up grocery lists and ways to tell their kids how not to act like Pinocchio.
en:757,26,31,"It as distinctive and even as humorous as its needs are be, stand out, but it has clearly been made with careion and care.","It's as distinctive and even more humorous as its needs to be, and stand out, as it has clearly been made for its beauty and care.",en,mbart_vectors,363,ZDM,1,"Not as distinctive or even as humorous as its needs to be to stand out, but it has clearly been made with affection and care."
en:758,17,20,A generic family comedy unlikely to be appreciated by people outside of under-10 age.,A generic family comedy unlikely to be appreciated by people outside of under-10 years.,en,mbart_vectors,364,ZDM,0,A generic family comedy unlikely to be appreciated by anyone outside the under-10 set.
en:762,24,31,Co-direct Peterdirector John Parker's attempts to fashion a Brazilianlike hyper hyperrealreal satire fallfullyreadfully short.,Co-director Peter Parker's attempts to fashion a Brazilian-real satire fallfully dreadfully,en,mbart_vectors,368,ZDM,0,"Co-writer/director Jonathan Parker's attempts to fashion a Brazil-like, hyper-real satire fall dreadfully short."
en:771,11,16,It doesn doesn't do to else... especially if a sense sense.,"It doesn't matter much else, especially if it's a bit senseless.",en,mbart_vectors,377,ZDM,1,It just doesn't have much else... especially in a moral sense.
en:772,20,24,The unfamiliar with Mormon traditions will find The War War Ward occasionally bewildering.,The unfamiliar Mormon traditions will find The Ward occasionally bewildering.,en,mbart_vectors,378,ZDM,1,Those unfamiliar with Mormon traditions may find The Singles Ward occasionally bewildering.
en:774,13,19,"It the film cast cast alone can keep you watching, especially the the fight scenes.","It's the only cast alone who keeps on watching, especially the fight scenes.",en,mbart_vectors,380,ZDM,2,"But the talented cast alone will keep you watching, as will the fight scenes."
en:778,21,24,An important movie to to reminder of the power of the to move us and to make us examine our values.,An important movie to reminder us of the power of the move to and from make a better examine our values.,en,mbart_vectors,384,ZDM,2,"An important movie, a reminder of the power of film to move us and to make us examine our values."
en:780,23,24,A richly imagined and admirably mature work from a filmed director who definitely has something on his mind.,A richly imagined and admirably mature work from a film director who definitely has something on his mind.,en,mbart_vectors,386,ZDM,2,A richly imagined and admirably mature work from a gifted director who definitely has something on his mind.
en:783,21,22,It what's nice is that there's a casual intelligence that permeates the script.,It's nice to see that there's a casual intelligence that permeates the script.,en,mbart_vectors,389,ZDM,2,But what's nice is that there's a casual intelligence that permeates the script.
en:788,22,28,"Its slight, as if they were an extended,, albeit made made by the smart kids kids in the.","It's slight, as if it were an extended, albeit short-beit, film made by the smart kids in the",en,mbart_vectors,394,ZDM,1,"Feels slight, as if it were an extended short, albeit one made by the smartest kids in class."
en:789,13,13,The picture doesn't know it's a comedy.,The picture doesn't know it's a comedy.,en,mbart_vectors,395,ZDM,1,The picture doesn't know it's a comedy.
en:795,16,26,"A's a headturturner, thoughtfully writtenly beautifully shot -- yet most, humanly humanizing","A very headturner, thoughtfully writtenly and well-written, and yet humanizing",en,mbart_vectors,401,ZDM,2,"It's a head-turner -- thoughtfully written, beautifully read and, finally, deeply humanizing."
en:798,18,33,"The' Black does achieves itste insignificance, a's a most-fi comedy of of Walliffle.allall.ats.",The film's Black Panther achieves its insignificance in a comedy that is all-Ball-all.,en,mbart_vectors,404,ZDM,0,Men in Black II achieves ultimate insignificance -- it's the sci-fi comedy spectacle as Whiffle-Ball epic.
en:800,27,29,Presents a good movie while failing to provide a reason for the to care beyond the very basic dictums of human decency.,Presents a good movie while failing to provide a reason for his care beyond the very basic dictums of human decency.,en,mbart_vectors,5,ZDN,1,Presents a good case while failing to provide a reason for us to care beyond the very basic dictums of human decency.
en:802,18,24,Bread Bre Bre Sweet has so many flaws that' be a to critics to shred it.,"Bread Bread Sweet has a many flaws that should be passed on to critics, shreds and",en,mbart_vectors,7,ZDN,0,"Bread, My Sweet has so many flaws it would be easy for critics to shred it."
en:808,32,40,"If Decesces Wild had been tweaked to, notch, would have become a camp adventure, one of those that that's where good it starts to become a.","If Deces Wild had been tweaked to be notch, it would have become a camp adventure, one of those that's where it starts to become a",en,mbart_vectors,14,ZDN,1,"If Deuces Wild had been tweaked up a notch it would have become a camp adventure, one of those movies that's so bad it starts to become good."
en:826,10,10,I love the robust middle of this picture.,I love the robust middle of this picture.,en,mbart_vectors,32,ZDN,2,I love the robust middle of this picture.
en:833,21,28,"It movie is worth the look, but you don't demand much more than a few hours shotjunklls from your Halloween entertainment.","It is worth the look, but you don't demand much more than a few hours of fun from your Halloween entertainment.",en,mbart_vectors,39,ZDN,1,"The Ring is worth a look, if you don't demand much more than a few cheap thrills from your Halloween entertainment."
en:844,9,14,"I love the new movieage, I love the old one.","I love the new movie, but I love the old one.",en,mbart_vectors,50,ZDN,2,I like the new footage and still love the old stuff.
en:845,22,29,"A briefly flirts with the masochism, to to point is its interest is audience sadism -- is evaded completely.",A briefly flirts with the masochism at the point of his interest in audienceism and being evaded completely.,en,mbart_vectors,51,ZDN,1,"It briefly flirts with player masochism, but the point of real interest -- audience sadism -- is evaded completely."
en:846,11,15,... The Country Bears be be as bad as the trailers.,... The Country Bears will be as bad as the trailers.,en,mbart_vectors,52,ZDN,0,Could The Country Bears really be as bad as its trailers?
en:850,5,8,It film seems to dead horse.,It seems to dead people.,en,mbart_vectors,56,ZDN,0,The film seems a dead weight.
en:851,25,48,"Sparkling is it aflarious, comedytus comedy comedy... butach is so much like a Robert Robert DeNiro, it almost like movie should instead be called TheThe Husband and Travis'as'..","Sparkling is a romantic comedy... but not so much as a film about Robert DeNiro, and it is a case that it should instead be called The Husband of Travis.",en,mbart_vectors,57,ZDN,2,"Sparkling, often hilarious romantic jealousy comedy... Attal looks so much like a young Robert DeNiro that it seems the film should instead be called `My Husband Is Travis Bickle'."
en:853,21,22,"A lousy movie that's mere merely unwatchable, but also unlistenable.","A lousy movie that's merely unwatchable, but also unlistenable.",en,mbart_vectors,59,ZDN,0,"A lousy movie that's not merely unwatchable, but also unlistenable."
en:855,26,42,"A strong and, powerful and, a music,, the to be transported to the world of alawdyslawpilpilpil, who is not only a pianist but but a good story being.","A strong and powerful film, with a splendid soundtrack, that allows you to be transported to the world of the Wlawpilpillars, and is not only a pianist with a good taste for",en,mbart_vectors,61,ZDN,2,"A strong script, powerful direction and splendid production design allows us to be transported into the life of Wladyslaw Szpilman, who is not only a pianist, but a good human being."
en:858,9,12,It's a fanboy `what'',It's a fanboy `what's,en,mbart_vectors,64,ZDN,1,It's a fanboy `what if?'
en:861,40,58,"Stephen Rea, Quin Quin Quinn, and Bate Bates,smond's legal rolepicles, but when joined by Brosnannan the films a grandiloquent quartet lolling out pretty Irish settings is a , thing to `tis ` `","Stephen Rea, the Quinn and Bates, Desmond's legal and moral, when joined by Brosnannan, the film's most quilolo quartet lolling out pretty Irish settings in a tiny, thing, `tis `tis `tis `tis `tis `tis `tis `tis `tis `tis `tis `tis `tis `tis `tis`tis`tis",en,mbart_vectors,67,ZDN,2,"Stephen Rea, Aidan Quinn, and Alan Bates play Desmond's legal eagles, and when joined by Brosnan, the sight of this grandiloquent quartet lolling in pretty Irish settings is a pleasant enough thing, `tis."
en:864,12,16,Everything was as superficial as the forced New York'- accent Uma Thu.,Everything was as superficial as the forced New York-brown accent Uma Thurman.,en,mbart_vectors,70,ZDN,0,Everything was as superficial as the forced New Jersey lowbrow accent Uma had.
en:872,22,31,"It film in in every sense of the word: mindlessless lifeless, meandering lo loudful painful ob obxioxious.","It is a film in every sense of the word: mindlessless life, meandering loud painful obnoxious.",en,mbart_vectors,78,ZDN,0,"A zombie movie in every sense of the word -- mindless, lifeless, meandering, loud, painful, obnoxious."
en:877,24,31,"High Crime is is the mistakes that bad movies make and is determined to to make --, but maybe that is nobility in a film.","High Crime is a series of mistakes that bad movies make and that determined to make it better, maybe that is nobility in a movie.",en,mbart_vectors,83,ZDN,1,"High Crimes knows the mistakes that bad movies make and is determined not to make them, and maybe that is nobility of a sort."
en:880,10,14,A a blandus-camp-campus wner.,A bland-campus wnwner.,en,mbart_vectors,86,ZDN,0,... a bland murder-on-campus yawner.
en:883,16,22,"Suffers to abling, buttive dialogue and a visual drab ende endemic to digital media.",Suffers to a slow dialogue of a visual drab endemic to digital media.,en,mbart_vectors,89,ZDN,0,"Suffers from rambling, repetitive dialogue and the visual drabness endemic to digital video."
en:886,19,21,Features one of the most affecting depictions of a love affair ever committed by a.,Features one of the most affecting depictions of a love affair ever committed by a,en,mbart_vectors,92,ZDN,2,Features one of the most affecting depictions of a love affair ever committed to film.
en:896,27,32,"To a hardened voyeur will require the patience of a to go through this interminable, shapeless documentary about a swinging subculture.","To a hardened voyeur it will require the patience of a man to go through an interminable, shapeless documentary about a swinging subculture.",en,mbart_vectors,102,ZDN,0,"Even a hardened voyeur would require the patience of Job to get through this interminable, shapeless documentary about the swinging subculture."
en:900,26,36,"It video is a bitvive as as artificial as the video is in peoples play in a nightclub sequence, but it's still enjoyable one.","It is a bit as artificial as the video of Japanese girls who play a movie about nightclub sequence, but it's still enjoyable.",en,mbart_vectors,106,ZDN,1,"The film is a contrivance, as artificial as the video games Japanese teens play in a nightclub sequence, but it's an enjoyable one."
en:901,23,29,"The its worst it screenplay is callow, but the its best the is a film artist's reflectful consideration of fatherhood.","The film's worst part: screenplay is callow, but it's the best of all the film's artists -- without consideration of fatherhood.",en,mbart_vectors,107,ZDN,1,"At its worst the screenplay is callow, but at its best it is a young artist's thoughtful consideration of fatherhood."
en:907,21,26,"Jeff Jeff is created a breathtakingly assured and stylish film, spare dialogue andcutecute expressiveness.","Jeff Jeffery created a breathtakingly assured and stylish film, with spare dialogue andcute expressiveness.",en,mbart_vectors,113,ZDN,2,Jeffs has created a breathtakingly assured and stylish work of spare dialogue and acute expressiveness.
en:931,11,21,Anemic chronicle of abingbing in York and and the love killsnesserss.,"Anemic chronicle of a grubbing and scattered life, and a tiny bit of a",en,mbart_vectors,137,ZDN,1,Anemic chronicle of money grubbing New Yorkers and their serial loveless hook ups.
en:933,13,17,And I decidedve decided to put the light on every night for now on.,And I decided to put a light on every night and now I'm,en,mbart_vectors,139,ZDN,1,And I've decided to leave a light on every night from now on.
en:943,21,24,"Aaliyah,ly dampens her diva persona and to show genuine chemistry with Townsend.","Aaliyah, who dampens her diva persona and turns to a genuine chemistry with Townsend.",en,mbart_vectors,149,ZDN,1,Aaliyah rarely dampens her diva persona enough to spark genuine chemistry with Townsend.
en:946,18,25,It it be a movie failure if it for two supporting performances taking place at the movie's premier..,"It's a movie, and it's not for two supporting performances taking place at the movie's premiere.",en,mbart_vectors,152,ZDN,1,... would be a total loss if not for two supporting performances taking place at the movie's edges.
en:947,34,42,An inspiring and heartfeltaffirmting film about the desperate attempts of Vietnamese refugees living in U.S. relocation tos to escape them familiess alive and the.,"An inspiring and heartfelt story about the desperate attempts of Vietnamese refugees living in U.S. relocation to the West, and the need to relocate to a new home.",en,mbart_vectors,153,ZDN,2,An inspiring and heart-affecting film about the desperate attempts of Vietnamese refugees living in U.S. relocation camps to keep their hopes alive in 1975.
en:953,25,38,"The real charm of this filmlog is the deadpan comic and, the star, who-eve, who resembles Slylonelone as a bit---sleep.","The real charm of this film is its deadpan comic and its star, who is so resembling Sly Stallone, is a half-sleeper.",en,mbart_vectors,259,ZDN,1,"The real charm of this trifle is the deadpan comic face of its star, Jean Reno, who resembles Sly Stallone in a hot sake half-sleep."
en:960,32,56,"Latete can avoidt avoid a major mistake in the modern world, it changeds changed the male academic from a lower-class to to a upp- andssum to issets the normtys e . theres the  of the.","Late Late can't avoid a major mistake in the modern world: it changed the male academic from a lower-class to a middle-class, and it has become a more mature and more intelligent person.",en,mbart_vectors,266,ZDN,1,"LaBute can't avoid a fatal mistake in the modern era: He's changed the male academic from a lower-class Brit to an American, a choice that upsets the novel's exquisite balance and shreds the fabric of the film."
en:964,15,17,Gere gives a good performance in a film that doesn't fit a.,Gere gives a good performance in a film that doesn't have a,en,mbart_vectors,270,ZDN,1,Gere gives a good performance in a film that doesn't merit it.
en:968,20,24,"The director, with his fake facess and stately pacing, has settles for a consistent tone.","The director, with his fake face and stately pacing, has settled into a consistent tone.",en,mbart_vectors,274,ZDN,0,"The director, with his fake backdrops and stately pacing, never settles on a consistent tone."
en:969,19,27,"The the was given free toeign over the project -- the', directed, starred and produced -- is a the.","The film was given free to over 40 project managers, and the directed star who produced it is a legend.",en,mbart_vectors,275,ZDN,0,"Why he was given free reign over this project -- he wrote, directed, starred and produced -- is beyond me."
en:970,22,27,"If you can being rewarded by a script that assumes you aren't bright bright, then thisys for you.","If you can't enjoy being rewarded by a script that assumes you aren't bright, then this movie is for you.",en,mbart_vectors,276,ZDN,0,"If you enjoy being rewarded by a script that assumes you aren't very bright, then Blood Work is for you."
en:971,19,37,"The Rudy Yellow Lodge, Eyre will to take a good looker clarify his pointtic  of he film film, to that  he the films.der.","The Rudy Yellow Lodgere is a take on a good movie to clarify his love for the witchcraft and the witchcraft of the film, and the witchcraft of the",en,mbart_vectors,277,ZDN,0,"Like Rudy Yellow Lodge, Eyre needs to take a good sweat to clarify his cinematic vision before his next creation and remember the lessons of the trickster spider."
en:983,7,11,"Hard Hard endearing and anding, warm","Hard Hard, endearing and warm.",en,mbart_vectors,289,ZDN,2,"Hard, endearing, caring, warm."
en:985,18,38,The way Copses professes his love for movies is it theful andsgraphic -- a s of arefoldlly makefy him a. is adylying.,The way Copses professes his love for movies is a bit like a movie about a man who has a heart to be a man.,en,mbart_vectors,291,ZDN,2,The way Coppola professes his love for movies -- both colorful pop junk and the classics that unequivocally qualify as art -- is giddily entertaining.
en:993,21,41,You won't bust your gut for but it wills not a to be to's justly a waying tic experienceviical experiencetion. the' a film. real.,"You've won't bust your gut for a while, but you've got a chance to do it, and it's a good thing.",en,mbart_vectors,299,ZDN,1,It won't bust your gut -- and it's not intended to -- it's merely a blandly cinematic surgical examination of what makes a joke a joke.
en:998,16,35,"A unusual-- banter-the-tere banter is Welcome to theers is is been newy, but-thec,holes to it.","A rare, un-the-loose banter -- Welcome to the world of the filmmakers, the people who have made it",en,mbart_vectors,304,ZDN,1,"The doofus-on-the-loose banter of Welcome to Collinwood has a cocky, after-hours loopiness to it."
en:999,13,16,One's the funniest American comedy since Graffiti's,... the funniest American comedy since Graffiti's,en,mbart_vectors,305,ZDN,2,It's the funniest American comedy since Graffiti Bridge.
en:1002,26,40,"An gruelling and heartbreaking to witness, the theter' Wollterlings sterling performances are this far to the  of the horror chinalin' of.","A gruelling and heartbreaking film, to witness the Wollterling performances of this far away, the film's legacy of the human disease and its",en,mbart_vectors,308,ZDN,2,"Often gruelling and heartbreaking to witness, but Seldahl and Wollter's sterling performances raise this far above the level of the usual maudlin disease movie."
en:1007,15,25,"It essential essentially what's missing in Blackboard,, it ability of something bigger and the ultimate .",It essentially what's missing in Blackboard is a chance to do something bigger and ultimate --,en,mbart_vectors,313,ZDN,1,"That is essentially what's missing from Blackboards -- the sense of something bigger, some ultimate point."
en:1010,21,34,"A dimwitwitted and lazy spinoffoff of the Animal Farm documentary,, Crocodile's a-ist, its best extremering and","A dimwitted and lazy spinoff of the Animal Farm documentary, Crocodile's Law is a must-see for all those who love animals.",en,mbart_vectors,316,ZDN,0,"A dim-witted and lazy spin-off of the Animal Planet documentary series, Crocodile Hunter is entertainment opportunism at its most glaring."
en:1022,21,23,A awful movie that is only satisfy the most emotionally malleable of filmgoers.,Awful movie that is only satisfying the most emotionally malleable of filmgoers.,en,mbart_vectors,328,ZDN,0,An awful movie that will only satisfy the most emotionally malleable of filmgoers.
en:1044,41,67,"Godard's ode to tackling life's wonderment is a rambling and inherherent manifesto of the lovegue and of loves lovees and whichise, Love,s the ous and unentious oneavor.slikecused.arouslyapering.",Godard's ode to tackling life's wonderment is a rambling and inherent manifesto of the love that is a life.,en,mbart_vectors,350,ZDN,0,Godard's ode to tackling life's wonderment is a rambling and incoherent manifesto about the vagueness of topical excess... In Praise of Love remains a ponderous and pretentious endeavor that's unfocused and tediously exasperating.
en:1046,32,42,"It never truly get to grip about the main characters -- whether or not they'll wind up together, Michel Michele's spiritual work is neither amusing nor a, to be us.","It never truly gets to be about the main characters -- whether or not they'll wind up together, Michel Michel's spiritual work is neither amusing nor funny -- but it's",en,mbart_vectors,352,ZDN,0,"We never truly come to care about the main characters and whether or not they'll wind up together, and Michele's spiritual quest is neither amusing nor dramatic enough to sustain interest."
en:1049,9,20,Theth mymaking mythmaking could have been a ofd critic but-sight to,"The mythmaking could have been a movie, but it's not.",en,mbart_vectors,355,ZDN,1,"Peralta's mythmaking could have used some informed, adult hindsight."
en:1056,21,35,Thes will certainly have to show their time on the sametheater thinking about grocery stores and finding to make their kids that not to be.to.,"The film will certainly appeal to all their fans, but the film's thinking is grocery, in ways that it's not a movie.",en,mbart_vectors,362,ZDN,1,Adults will certainly want to spend their time in the theater thinking up grocery lists and ways to tell their kids how not to act like Pinocchio.
en:1057,21,31,"It as distinctive and even as humorous as its needs to be, stand out, but it has a been built to theion for love for","It's not as distinctive and even more humorous as its needs to be fulfilled, but it has a lot of fun to play.",en,mbart_vectors,363,ZDN,1,"Not as distinctive or even as humorous as its needs to be to stand out, but it has clearly been made with affection and care."
en:1058,19,20,A generic family comedy unlike any to be appreciated by anyone outside the under-10 set.,A generic family comedy unlike any one appreciated by the outside world under under under-10 set.,en,mbart_vectors,364,ZDN,0,A generic family comedy unlikely to be appreciated by anyone outside the under-10 set.
en:1062,18,31,"Co-writer Jonathan-or Jonathan Parker's attempts to fashion alikeianlike, but-likeismre,ing's overs","Co-writer Jonathan Parker's attempts to fashion a Brazilian-like, but not as a ""American""",en,mbart_vectors,368,ZDN,0,"Co-writer/director Jonathan Parker's attempts to fashion a Brazil-like, hyper-real satire fall dreadfully short."
en:1071,12,16,I' doesn't have to else... especially in its moral sense.,I have to have something else... especially in the moral sense.,en,mbart_vectors,377,ZDN,1,It just doesn't have much else... especially in a moral sense.
en:1072,18,24,The unfamiliar with Mormon traditions are be themselves Singles on occasion occasionally bewildering.,The unfamiliar Mormon traditions of the Singles are occasionally bewildering.,en,mbart_vectors,378,ZDN,1,Those unfamiliar with Mormon traditions may find The Singles Ward occasionally bewildering.
en:1074,12,19,"... the talent alone artist alone will keep you watching, and it the talenterss.","... the talent alone will keep you watching, and the story will continue to grow.",en,mbart_vectors,380,ZDN,2,"But the talented cast alone will keep you watching, as will the fight scenes."
en:1078,18,24,"An important movie, a reminder of the power of film making be people and to let us examine the own.","An important movie, a reminder of the power of film making, to the audience, and to let us examine the story.",en,mbart_vectors,384,ZDN,2,"An important movie, a reminder of the power of film to move us and to make us examine our values."
en:1080,15,24,I manly imagined and admirably mature woman from a maned artist who has has a to his heart.,I'd have imagined it admirably mature and from a man who has a lot of his own.,en,mbart_vectors,386,ZDN,2,A richly imagined and admirably mature work from a gifted director who definitely has something on his mind.
en:1083,11,22,"What what's great is that there's no lottythri to canmeates the entire, It",What's great is that there's no one who can't get a better job.,en,mbart_vectors,389,ZDN,2,But what's nice is that there's a casual intelligence that permeates the script.
en:1088,16,28,"Thes slight, as if it were an aed movie film butbeit with that for a est people in the.","The slights as if it were an extra-special shot, but it was a real shot, and it was a real shot.",en,mbart_vectors,394,ZDN,1,"Feels slight, as if it were an extended short, albeit one made by the smartest kids in class."
en:1089,12,13,The picture you't know it's a comedy.,The picture you know it's a comedy.,en,mbart_vectors,395,ZDN,1,The picture doesn't know it's a comedy.
en:1095,18,26,"A's a headturturner -- thoughtfully written, beautifully shot -- finally finally, aly felt..",A very headturner -- thoughtfully writtenly -- and finally -- a,en,mbart_vectors,401,ZDN,2,"It's a head-turner -- thoughtfully written, beautifully read and, finally, deeply humanizing."
en:1098,15,33,The in Black only achieves ultimate insignificance in but iss a only-fi film of of well.iff'.theob.clip.,The film in Black and White achieves ultimate insignificance and is a must-see for all Americans.,en,mbart_vectors,404,ZDN,0,Men in Black II achieves ultimate insignificance -- it's the sci-fi comedy spectacle as Whiffle-Ball epic.
en:1099,28,29,Presents a good case while failing to provide a reason for his to care beyond the very basic dictums of human decency.,Presents a good case while failing to provide a reason for his care beyond the very basic dictums of human decency.,en,mbart_vectors,5,ZGW,1,Presents a good case while failing to provide a reason for us to care beyond the very basic dictums of human decency.
en:1101,20,24,"Breadad My Sweet -- so many flaws, would be easy for critics to shred..","Breadad My Sweet is so much flaws, it would be easy for critics to shred it.",en,mbart_vectors,7,ZGW,0,"Bread, My Sweet has so many flaws it would be easy for critics to shred it."
en:1107,33,40,"If Decesces Wild had been tweaked to, notch, would have become a  adventure, one of those movies that sos so good it starts to become good.","If Deces Wild had been tweaked to be notch, it would have become a thrill adventure, one of those movies that so often starts to become.",en,mbart_vectors,14,ZGW,1,"If Deuces Wild had been tweaked up a notch it would have become a camp adventure, one of those movies that's so bad it starts to become good."
en:1125,9,10,I love the robust middle of the picture.,I love the robust middle of the picture.,en,mbart_vectors,32,ZGW,2,I love the robust middle of this picture.
en:1132,25,28,"The Ring is worth the look, but you don't demand much more than a few cheap thrills for your Halloween entertainment.","The Ring is worth the look, but you will demand much more than a few cheap thrills for your Halloween entertainment.",en,mbart_vectors,39,ZGW,1,"The Ring is worth a look, if you don't demand much more than a few cheap thrills from your Halloween entertainment."
en:1143,10,14,It' the foot footage but still love the old stuff.,"It's a lot of footage, still with the usual stuff.",en,mbart_vectors,50,ZGW,2,I like the new footage and still love the old stuff.
en:1144,19,29,It flirtly flirts with player masochism and but it film is theism is thesism -- is evaded completely.,It flirts with player masochism and the thrill of a film's sadism that is evaded completely.,en,mbart_vectors,51,ZGW,1,"It briefly flirts with player masochism, but the point of real interest -- audience sadism -- is evaded completely."
en:1145,9,15,Then Bear Bears just be as bad as the trailers.,The movie's Bears will be as bad as the trailers.,en,mbart_vectors,52,ZGW,0,Could The Country Bears really be as bad as its trailers?
en:1149,7,8,The film seems a dead one.,The film seems a dead horse.,en,mbart_vectors,56,ZGW,0,The film seems a dead weight.
en:1150,43,48,Sparkling often often hilarious romantic jealous comedy comedy... Attal looks so much like a young Robert DeNiro that it seems the movie should instead be called `My Husband and Travis'ckle'.,Sparkling often hilarious romantic jealous comedy... Attal looks so much like a young Robert DeNiro that it seems the movie should instead be called `My Husband and Travis Bickle'.,en,mbart_vectors,57,ZGW,2,"Sparkling, often hilarious romantic jealousy comedy... Attal looks so much like a young Robert DeNiro that it seems the film should instead be called `My Husband Is Travis Bickle'."
en:1152,21,22,"A lousy movie that's mere merely unwatchable, but also unlistenable.","A lousy movie that's merely unwatchable, but also unlistenable.",en,mbart_vectors,59,ZGW,0,"A lousy movie that's not merely unwatchable, but also unlistenable."
en:1154,35,42,"A strong script, powerful direction and splendid production that allows us to be transported to a life of Wlawdyslawpilpilpil, who is not only a pianist but but a good human being.","A strong script, powerful direction and splendid production that allows us to be transported to a life of Wlawpilpilman who is not only a pianist but a good human being.",en,mbart_vectors,61,ZGW,2,"A strong script, powerful direction and splendid production design allows us to be transported into the life of Wladyslaw Szpilman, who is not only a pianist, but a good human being."
en:1157,10,12,A's a fanboy `what if'',A little fanboy `what if'?,en,mbart_vectors,64,ZGW,1,It's a fanboy `what if?'
en:1160,48,58,"Stephen Aidanidan Aidan Quinn, and Alan Bates play Desmond's eagagles, and when joined by Brosnan, the end of a grandiloquent quartet lolling in pretty Irish settings is a pleasant enough,, `tis ``","Stephen Aidan Quinn and Alan Bates play Desmond's eagles, and when joined by Brosnan, the story of a grandiloquent quartet lolling in pretty Irish settings is a pleasant enough, `tiss ` `tiss `tiss `tiss`.",en,mbart_vectors,67,ZGW,2,"Stephen Rea, Aidan Quinn, and Alan Bates play Desmond's legal eagles, and when joined by Brosnan, the sight of this grandiloquent quartet lolling in pretty Irish settings is a pleasant enough thing, `tis."
en:1163,11,16,It was a superficial as a forced New Jersey Jersey- accent Uma had.,"It was a superficial and a forced New Jersey film, accent Uma had.",en,mbart_vectors,70,ZGW,0,Everything was as superficial as the forced New Jersey lowbrow accent Uma had.
en:1171,21,31,"It film in in a sense of the word, mindlessless lifeless, lodering lo loud, obful ob obnoxious.","It is a film in a sense of the most mindless lifeless, meandering loud painful obnoxious.",en,mbart_vectors,78,ZGW,0,"A zombie movie in every sense of the word -- mindless, lifeless, meandering, loud, painful, obnoxious."
en:1176,20,31,"The Crime knows knows the mistakes that bad movies make, is determined to to correct,, and maybe the' thebility of the film.","The Crimes knows the mistakes that bad movies make, and is determined to fix them, and maybe the nobility of the filmmakers.",en,mbart_vectors,83,ZGW,1,"High Crimes knows the mistakes that bad movies make and is determined not to make them, and maybe that is nobility of a sort."
en:1179,10,14,A a film--camp-campus yawner.,A film of an arus-campus yawner.,en,mbart_vectors,86,ZGW,0,... a bland murder-on-campus yawner.
en:1182,17,22,"Afice from rambling, repetitive dialogue and a visual drab ende endemic to the video.",A bling-bling repetitive dialogue from a visual drab endemic to a video.,en,mbart_vectors,89,ZGW,0,"Suffers from rambling, repetitive dialogue and the visual drabness endemic to digital video."
en:1185,19,21,Its one of the most affecting depictions of a love affair ever committed in film.,It's one of the most affecting depictions of a love affair ever committed in film.,en,mbart_vectors,92,ZGW,2,Features one of the most affecting depictions of a love affair ever committed to film.
en:1195,29,32,"A a hardened voyeur would require the patience of Job to watch through this interminable, shapeless documentary about a swinging subculture.","A hardened voyeur would require the patience of Job and his crew to watch this interminable, shapeless documentary about a swinging subculture.",en,mbart_vectors,102,ZGW,0,"Even a hardened voyeur would require the patience of Job to get through this interminable, shapeless documentary about the swinging subculture."
en:1199,30,36,"The film is a contrivance, as artificial as the video of, teens play in a night se sequence and and it's an enjoyable experience.","The film is a contrivance, as artificial as the video of Japanese teens in a night sequence, and is an enjoyable experience.",en,mbart_vectors,106,ZGW,1,"The film is a contrivance, as artificial as the video games Japanese teens play in a nightclub sequence, but it's an enjoyable one."
en:1200,28,29,"At its worst the screenplay is callow, but at its best it is a young woman's thoughtful consideration of fatherhood.","At its worst the screenplay is callow, but at its best it is a young woman's thoughtful consideration of fatherhood.",en,mbart_vectors,107,ZGW,1,"At its worst the screenplay is callow, but at its best it is a young artist's thoughtful consideration of fatherhood."
en:1206,23,26,It has has created a breathtakingly assured and stylish work of dialogue dialogue and acute expressiveness.,It has created a breathtakingly assured and stylish work of dialogue and acute expressiveness.,en,mbart_vectors,113,ZGW,2,Jeffs has created a breathtakingly assured and stylish work of spare dialogue and acute expressiveness.
en:1230,17,21,Amic chronicle of money grubbing New Yorkers in their lovelessless hook ups.,A chronicle of money grubbing New Yorkers in their loveless hook ups.,en,mbart_vectors,137,ZGW,1,Anemic chronicle of money grubbing New Yorkers and their serial loveless hook ups.
en:1232,15,17,I I've decided to leave the light on every night from now on.,I have decided to leave the light on every night from now on.,en,mbart_vectors,139,ZGW,1,And I've decided to leave a light on every night from now on.
en:1242,21,24,A rarely rarely dampens her diva persona enough to spark ae chemistry with Townsend.,A rarely dampens her diva persona enough to spark a chemistry with Townsend.,en,mbart_vectors,149,ZGW,1,Aaliyah rarely dampens her diva persona enough to spark genuine chemistry with Townsend.
en:1245,23,25,It to be a total loss if not for two supporting performances taking place at the movie's edges.,It will be a total loss if not for two supporting performances taking place at the movie's edges.,en,mbart_vectors,152,ZGW,1,... would be a total loss if not for two supporting performances taking place at the movie's edges.
en:1246,34,42,"An inspiring and heartfeltaffirmting film about the desperate fates of Vietnamese refugees living in U US. relocation centers, find their hopes alive since 1975.","An inspiring and heartfelt film about the desperate fates of Vietnamese refugees living in U U.S. relocation centers, and the hopes of 1975.",en,mbart_vectors,153,ZGW,2,An inspiring and heart-affecting film about the desperate attempts of Vietnamese refugees living in U.S. relocation camps to keep their hopes alive in 1975.
en:1251,12,15,Allen Allens funniest and most likeable film in history.,Allen Allen's funniest and most likeable film in history.,en,mbart_vectors,158,ZGW,2,Allen's funniest and most likeable movie in years.
en:1253,23,29,"It is a refreshing absence of cynicism in Stuart Little and, and a rarity even even in the modern film market.","It is a refreshing absence of cynicism, and Stuart Little is just as a rarity even in the modern film market.",en,mbart_vectors,160,ZGW,2,"There is a refreshing absence of cynicism in Stuart Little 2 -- quite a rarity, even in the family film market."
en:1263,21,26,"A by the intentionally low standards of fraboyboyboy humor, Theaity Boys is a bowser.","A film by the intentionally low standards of fraboy humor, The Boys is a bowser.",en,mbart_vectors,170,ZGW,0,"Even by the intentionally low standards of frat-boy humor, Sorority Boys is a bowser."
en:1275,22,25,"The stunning, dreamlike visuals will impress even those ofers who have little patience for Eurofilmfilm pretensions","The stunning, dreamlike visuals will impress even those of us who have little patience for Eurofilm pretensions.",en,mbart_vectors,182,ZGW,2,"The stunning, dreamlike visuals will impress even those viewers who have little patience for Euro-film pretension."
en:1290,20,24,"For Veggie fanses fans, this is more appetizing than the side ofsh ofparaparagus.","For Veggie fans, this is more appetizing than the side of Paraparagus.",en,mbart_vectors,197,ZGW,2,"For VeggieTales fans, this is more appetizing than a side dish of asparagus."
en:1291,41,42,"The it regards 1967 as the key turning point of the 20th century, and returns again and again to images of dissidents in the streets, it's alarmingly current.","The film regards 1967 as the key turning point of the 20th century and returns again and again to images of dissidents in the streets, alarmingly current.",en,mbart_vectors,198,ZGW,1,"While it regards 1967 as the key turning point of the 20th century, and returns again and again to images of dissidents in the streets, it's alarmingly current."
en:1296,44,49,"The Tattoo borrows heavily from both Seven and The Silence of Lamb Lambs, it manages to maintain both a level of sophisticated intrigue and human-calecale characters that willck the audience out.","The Tattoo borrows heavily from both Seven and The Silence of Lambs, and manages to maintain both a level of sophisticated intrigue and human-cale characters that it's impossible for the audience to",en,mbart_vectors,203,ZGW,2,"While Tattoo borrows heavily from both Seven and The Silence of the Lambs, it manages to maintain both a level of sophisticated intrigue and human-scale characters that suck the audience in."
en:1299,23,28,"It's the best film of the year and it, and benchmark to which all other Best Picture contenders have be measured.",It's the best film of the year and it's the benchmark to which all other Best Picture contenders can be measured.,en,mbart_vectors,206,ZGW,2,"It's the best film of the year so far, the benchmark against which all other Best Picture contenders should be measured."
en:1300,13,14,It is one of the biggest disappointments of the year.,It's just one of the biggest disappointments of the year.,en,mbart_vectors,207,ZGW,0,This is one of the biggest disappointments of the year.
en:1302,36,41,"Denis forges out of the theories of class based basedragerage and sister ob obsession a razor-shad tuning fork thatringsrings with cultural, sexual and social discord.","Denis forges out of the theories of class basedrage and sister obsession, a razor-shade tuning fork thatrings with cultural, sexual and social discord.",en,mbart_vectors,209,ZGW,1,"Denis forges out of the theories of class - based rage and sisterly obsession a razor-sided tuning fork that rings with cultural, sexual and social discord."
en:1328,32,44,"A thoroughly enjoymusful movie with dumbly narrative cha chaotic -- andly sloppy, a weird amalgam of ` Th Thing Th and a geritrictric `Scream''","A thoroughly enjoyable movie with dumb narrative chaotic lines, sloppy sloppy a weird amalgam of ` Thing Thing' and a geriatric `Scream'.",en,mbart_vectors,235,ZGW,0,"A thoroughly awful movie -- dumb, narratively chaotic, visually sloppy... a weird amalgam of `The Thing' and a geriatric `Scream.'"
en:1331,29,36,"The movie has no respect for its of political correctness, de decency but but it displays something very important: respect for its flawed, intelligent people.","The movie has no respect for its political correctness or its decency, but it displays something more important: respect for its flawed, intelligent people.",en,mbart_vectors,238,ZGW,1,"The movie has no respect for laws, political correctness or common decency, but it displays something more important: respect for its flawed, crazy people."
en:1337,33,36,"It may be disingenuous to call Reno a great film, but I can' that about most of the flicks moving in and out of the multiplex.","It may be disingenuous to call Reno a great film, but I'd say that about most of the flicks moving in and out of the multiplex.",en,mbart_vectors,244,ZGW,1,"It would be disingenuous to call Reno a great film, but you can say that about most of the flicks moving in and out of the multiplex."
en:1341,8,11,Coldiing and downright toxicating.,Cold and downright toxicating.,en,mbart_vectors,248,ZGW,2,Intriguing and downright intoxicating.
en:1343,26,32,... the most annoying thing about Who Is Clestin Tout Tout It that it's a movie movie made by someone who obviously has nothing about crime.,... the most annoying thing about Who Is Clestin Tout Tout? It's like a bad movie made by someone who obviously has nothing to do with crime.,en,mbart_vectors,250,ZGW,0,Perhaps the most annoying thing about Who Is Cletis Tout? is that it's a crime movie made by someone who obviously knows nothing about crime.
en:1345,19,26,The filmrky drama touches the heart and the funny bones to an energetic and always surprising performance of Rachel Car..,The film's drama touches the heart and the funny bones of an energetic and always surprising performance of Rachel Carrol.,en,mbart_vectors,252,ZGW,2,The quirky drama touches the heart and the funnybone thanks to the energetic and always surprising performance by Rachel Griffiths.
en:1347,11,12,... and baffling from the get-go.,... and baffling from the get-go.,en,mbart_vectors,254,ZGW,0,Bad and baffling from the get-go.
en:1348,19,28,The film is a blast of educational energy as as bouncy musicrhythm and y songs escort you through the story story- of,It is a blast of educational energy as bouncy music and rhythmic songs escort you through the magical world of the,en,mbart_vectors,255,ZGW,2,"The movie is a blast of educational energy, as bouncy animation and catchy songs escort you through the entire 85 minutes."
en:1352,31,38,"The real charm of this trifle is the deadpan comic face of its protagonist, Jean Reno, who resembles alonelonelone as a for, half-sleep.","The real charm of this trifle is the deadpan comic face of its protagonist Jean Reno, who resembles a Stallone for a for his sake half-sleep.",en,mbart_vectors,259,ZGW,1,"The real charm of this trifle is the deadpan comic face of its star, Jean Reno, who resembles Sly Stallone in a hot sake half-sleep."
en:1359,47,56,"Latete can avoidt avoid a fatal mistake in a modern era: He's changed the male academic from a lower-class American to an American, and choice that setsets the novel' exquisit exquisite , shreds the fabric of the film.","Late Late can't avoid a fatal mistake in a modern era: He's changed the male academic from a lowerclass to an American, and his choice to upset the novel's exquisite graphics that shred the fabric of the film.",en,mbart_vectors,266,ZGW,1,"LaBute can't avoid a fatal mistake in the modern era: He's changed the male academic from a lower-class Brit to an American, a choice that upsets the novel's exquisite balance and shreds the fabric of the film."
en:1363,14,17,Itt gives a good performance in a film that doesn't merit a.,It gives a good performance but a film that doesn't merit a,en,mbart_vectors,270,ZGW,1,Gere gives a good performance in a film that doesn't merit it.
en:1367,23,24,"The director, with his fake backdrops and stately pacing, sett settles on a consistent tone.","The director, with his fake backs, stately pacing and settles on a consistent tone.",en,mbart_vectors,274,ZGW,0,"The director, with his fake backdrops and stately pacing, never settles on a consistent tone."
en:1368,21,27,"If he was given free reign to this project -- he wrote, directed star starred and produced it beyond beyond the.","If he was given free reign to this project -- he wrote, directed stars, produced and sold beyond the",en,mbart_vectors,275,ZGW,0,"Why he was given free reign over this project -- he wrote, directed, starred and produced -- is beyond me."
en:1369,19,27,If you enjoy the rewarded with a script that assumes you have't very bright and the Bloodys a you.,If you enjoy the rewarded performance of a script that assumes a very bright and Bloody Blood is coming to you.,en,mbart_vectors,276,ZGW,0,"If you enjoy being rewarded by a script that assumes you aren't very bright, then Blood Work is for you."
en:1370,28,37,"The Rudy Yellow Lodge, Eyre needs to put a good sweat to clarify his cinematic vision before his next creation -- remember to beauty of his pasty'der.",The Rudy Yellow Lodgere needs to put on a good sweat to clarify his cinematic vision before his next creation -- remember the thrill of the first film.,en,mbart_vectors,277,ZGW,0,"Like Rudy Yellow Lodge, Eyre needs to take a good sweat to clarify his cinematic vision before his next creation and remember the lessons of the trickster spider."
en:1382,9,11,"Hard, endearing car caring, warm","Hard, endearing car car caring, warm",en,mbart_vectors,289,ZGW,2,"Hard, endearing, caring, warm."
en:1384,28,38,"The way Coppola professes his love for movies is the colorful and-junk and classic classics that donfylly qualify him a, is giddily entertaining.",The way Coppola professes his love for movies is a colorful and junk junk-like classics that can qualify for a movie of giddily entertaining,en,mbart_vectors,291,ZGW,2,The way Coppola professes his love for movies -- both colorful pop junk and the classics that unequivocally qualify as art -- is giddily entertaining.
en:1392,36,41,It won't hurtst your gut -- and it's intended intended to be but's merely a blandly cinematic surgical examination of what makes a joke or joke.,"It won't hurt your gut to see it, and it's intended to be merely a blandly cinematic surgical examination of what makes a joke a joke.",en,mbart_vectors,299,ZGW,1,It won't bust your gut -- and it's not intended to -- it's merely a blandly cinematic surgical examination of what makes a joke a joke.
en:1397,23,35,"A 12--- banthe-the bantere banter is Welcome to Collin, is a cocky, afterhohours loopiness to it.","A 12-of-the-us-the-terre, Welcome to Collin, with a cocky, afterhours-hours feels to me.",en,mbart_vectors,304,ZGW,1,"The doofus-on-the-loose banter of Welcome to Collinwood has a cocky, after-hours loopiness to it."
en:1398,12,16,"A's a funniest American movie, Graffiti Bridge.","A funniest American movie, with the Graffiti Bridge.",en,mbart_vectors,305,ZGW,2,It's the funniest American comedy since Graffiti Bridge.
en:1401,26,40,"Often gruelling and heartbreaking to witness, Sel Seldahl is Wollterters sterling performances are the point more the average of a film ""ellins..","Often gruelling and heartbreaking to witness, Selilson's Sterling is a man who has a heart to be loved.",en,mbart_vectors,308,ZGW,2,"Often gruelling and heartbreaking to witness, but Seldahl and Wollter's sterling performances raise this far above the level of the usual maudlin disease movie."
en:1406,20,25,"That essential essentially what's missing from Blackboard,, the sense of something bigger than an ultimate point.","That essentially what's missing from Blackboard is the sense of something bigger, an ultimate point.",en,mbart_vectors,313,ZGW,1,"That is essentially what's missing from Blackboards -- the sense of something bigger, some ultimate point."
en:1409,29,34,A dimwitwitted and lazy spinoffoff of the Animal Planet documentary series Croc Crocodile Hunter is entertainmentismism of its most glaring.,A dimwitted and lazy spinoff of the Animal Planet documentary series Crocodile Hunter and entertainmentism of the most glaring,en,mbart_vectors,316,ZGW,0,"A dim-witted and lazy spin-off of the Animal Planet documentary series, Crocodile Hunter is entertainment opportunism at its most glaring."
en:1421,20,23,a experiencewful film that will only satisfy the most emotionally malleable of filmgoers.,a film that will only satisfy the most emotionally malleable of filmgoers.,en,mbart_vectors,328,ZGW,0,An awful movie that will only satisfy the most emotionally malleable of filmgoers.
en:1443,61,67,"Godard's ode to tackling life's wonders is a rambling, incoherent manifesto about a vagueness of topical lovees In Praise of Love remains a ponderous and pretentious endeavor that's unfocused and tedioously exasperating.","Godard's ode to tackling life's wonderment is a rambling, incoherent manifesto about a vague topical, but In Praise of Love remains a ponderous and pretentious endeavor that's unfocused and tedious.",en,mbart_vectors,350,ZGW,0,Godard's ode to tackling life's wonderment is a rambling and incoherent manifesto about the vagueness of topical excess... In Praise of Love remains a ponderous and pretentious endeavor that's unfocused and tediously exasperating.
en:1445,21,42,It never truly have to care about the main characters -- the they not they arere be up like. like Michele wills storyity is ather a realing nor a....,It's never truly enough to care about the main characters -- the ones who are so much more like the movie's heroine -- and the ones who are so much more like the movie's heroine.,en,mbart_vectors,352,ZGW,0,"We never truly come to care about the main characters and whether or not they'll wind up together, and Michele's spiritual quest is neither amusing nor dramatic enough to sustain interest."
en:1448,17,20,Peralta mys mythmaking could have used some informed adult adult hindsights,Peralta mythmaking could have used some informed adult hindsights.,en,mbart_vectors,355,ZGW,1,"Peralta's mythmaking could have used some informed, adult hindsight."
en:1455,29,35,Adults will certainly have to spend their time in the theater thinking up grocery lists and ways to improve their story to to to play like Pinocchio.,Adults will certainly have to spend their time in the theater thinking up grocery lists and ways to sell their products to the Pinocchio.,en,mbart_vectors,362,ZGW,1,Adults will certainly want to spend their time in the theater thinking up grocery lists and ways to tell their kids how not to act like Pinocchio.
en:1456,16,31,"It as distinctive as even as humorous as the pred to be, the up in but it is a been a for aion and a for","It's as distinctive and even more humorous as it is the one that has been given to the film, but it's not as distinctive as it is.",en,mbart_vectors,363,ZGW,1,"Not as distinctive or even as humorous as its needs to be to stand out, but it has clearly been made with affection and care."
en:1457,15,20,A generic family comedy thatlike any to be appreciated by all in of under-10 set.,A generic family comedy that is well appreciated by all of the under-10 sets.,en,mbart_vectors,364,ZGW,0,A generic family comedy unlikely to be appreciated by anyone outside the under-10 set.
en:1461,21,31,Co-direct JonathanAor Jonathan Parker's attempts to fashionablelikeianlike sati sati-re satire fallfullyreadfully short.,"Co-director Jonathan Parker's attempts to fashionable, hyper-real satire fall dreadfully short.",en,mbart_vectors,368,ZGW,0,"Co-writer/director Jonathan Parker's attempts to fashion a Brazil-like, hyper-real satire fall dreadfully short."
en:1470,12,16,It doesn doesn't have much else... especially with a moviely.,It doesn't have much else... especially if a movie is a,en,mbart_vectors,377,ZGW,1,It just doesn't have much else... especially in a moral sense.
en:1471,19,24,Un unfamiliar with Mormon traditions will find The Single Single anm occasionally bewildering.,"Unmiliar with Mormon traditions, you'll find The Singles occasionally bewildering.",en,mbart_vectors,378,ZGW,1,Those unfamiliar with Mormon traditions may find The Singles Ward occasionally bewildering.
en:1473,16,19,"... the talented cast alone will keep you watching, and will the other scenes.","... the talented cast alone can keep on watching, and will be amazed at the scene scenes.",en,mbart_vectors,380,ZGW,2,"But the talented cast alone will keep you watching, as will the fight scenes."
en:1477,21,24,"An important movie, a reminder of the power of the to be people and to make us examine our values.","An important movie, a reminder of the power of the human race to be creative and to make it examine its values.",en,mbart_vectors,384,ZGW,2,"An important movie, a reminder of the power of film to move us and to make us examine our values."
en:1479,19,24,"A richly imagined and admirably gift woman, a gifted artist who definitely has something in his mind.","A richly imagined and admirably gifted artist, who definitely has something in his mind.",en,mbart_vectors,386,ZGW,2,A richly imagined and admirably mature work from a gifted director who definitely has something on his mind.
en:1482,20,22,What what's nice is that there's a casual intelligence that permeates the whole.,What's nice is that there's a casual intelligence that permeates the whole thing.,en,mbart_vectors,389,ZGW,2,But what's nice is that there's a casual intelligence that permeates the script.
en:1487,24,28,"Feels slight, but if it were an extended,, albeit one made by the smartest of of class.","Feels slight, but it's as if it were an extended, short-it albeit one made by the smartest of the class.",en,mbart_vectors,394,ZGW,1,"Feels slight, as if it were an extended short, albeit one made by the smartest kids in class."
en:1488,13,13,The picture doesn't know it's a comedy.,The picture doesn't know it's a comedy.,en,mbart_vectors,395,ZGW,1,The picture doesn't know it's a comedy.
en:1494,20,26,"A's a headturturner, thoughtfully written, beautifully read -- finally finally, humanly humanizing.","A very headturner, thoughtfully writtenly read and finally humanizing",en,mbart_vectors,401,ZGW,2,"It's a head-turner -- thoughtfully written, beautifully read and, finally, deeply humanizing."
en:1497,24,33,"The' Black doesn achieve ultima ultimate insignificance, it's the same-fi comedy spectacle as Walliffle epicall epic.","The film, which Black Pant achieves ultimate insignificance, it's the same comedy spectacle as Wall-Wallpicpics.",en,mbart_vectors,404,ZGW,0,Men in Black II achieves ultimate insignificance -- it's the sci-fi comedy spectacle as Whiffle-Ball epic.
en:1499,28,29,Presents a good case while failing to provide a reason for people to care beyond the very basic dictums of human decency.,Presents a good case while failing to provide a reason for people to care beyond the very basic dictums of human decency.,en,mbart_vectors,5,ZJM,1,Presents a good case while failing to provide a reason for us to care beyond the very basic dictums of human decency.
en:1501,22,24,"Breadad My Sweet has so many flaws, would be easy for critics to shred it.","Breadad My Sweet has so many flaws, it would be easy for critics to shred it.",en,mbart_vectors,7,ZJM,0,"Bread, My Sweet has so many flaws it would be easy for critics to shred it."
en:1507,36,40,"If Decesces Wild had been tweaked up to bitch, would have become a camp adventure, one of those movies that's so bad it starts to become good.","If Deces Wild had been tweaked up to notch it would have become a camp adventure, one of those movies that's so bad it starts to become good.",en,mbart_vectors,14,ZJM,1,"If Deuces Wild had been tweaked up a notch it would have become a camp adventure, one of those movies that's so bad it starts to become good."
en:1525,9,10,I love the robust middle of this movie.,I love the robust middle of this film.,en,mbart_vectors,32,ZJM,2,I love the robust middle of this picture.
en:1532,26,28,The Ring is worth a bit if if you don't demand much more than a few cheap thrills from your Halloween entertainment.,The Ring is worth a bit more if you don't demand much more than a few cheap thrills from your Halloween entertainment.,en,mbart_vectors,39,ZJM,1,"The Ring is worth a look, if you don't demand much more than a few cheap thrills from your Halloween entertainment."
en:1543,13,14,I love the new footage and still love the old stuff.,I like the new footage and still love the old stuff.,en,mbart_vectors,50,ZJM,2,I like the new footage and still love the old stuff.
en:1544,25,29,"It briefly flirts with player masochism, but at point is real interest is audienceismism -- is evaded completely.","It briefly flirts with player masochism, but at point of real interest the audience sadism is evaded completely.",en,mbart_vectors,51,ZJM,1,"It briefly flirts with player masochism, but the point of real interest -- audience sadism -- is evaded completely."
en:1545,15,15,Could The Country Bears really be as bad as its trailers?,Could The Country Bears really be as bad as its trailers?,en,mbart_vectors,52,ZJM,0,Could The Country Bears really be as bad as its trailers?
en:1549,8,8,The film seems a dead weight.,The film seems a dead weight.,en,mbart_vectors,56,ZJM,0,The film seems a dead weight.
en:1550,44,48,Sparkling often often hilarious romantic jealous comedy comedy... Attal looks so much like a young Robert DeNiro that it seems the film should instead be called TheThe Husband Is Travis Bickle'.,Sparkling often hilarious romantic jealous comedy... Attal looks so much like a young Robert DeNiro that it seems the film should instead be called The Husband Is Travis Bickle.,en,mbart_vectors,57,ZJM,2,"Sparkling, often hilarious romantic jealousy comedy... Attal looks so much like a young Robert DeNiro that it seems the film should instead be called `My Husband Is Travis Bickle'."
en:1552,20,22,A lousy movie that's not merely unwatchable but but also unableable.,A lousy movie that's not merely unwatchable but also unable.,en,mbart_vectors,59,ZJM,0,"A lousy movie that's not merely unwatchable, but also unlistenable."
en:1554,36,42,"A strong script, powerful direction and splendid production design allows the to be transported into a life of Wlawdyslawpilpilpil, who is not only a pianist but but a good human being.","A strong script, powerful direction and splendid production design allows the film to be transported into a life of Wlawpilpilman, who is not only a pianist but a good human being.",en,mbart_vectors,61,ZJM,2,"A strong script, powerful direction and splendid production design allows us to be transported into the life of Wladyslaw Szpilman, who is not only a pianist, but a good human being."
en:1557,10,12,It's a fanboy `what''',It's a fanboy `what's'?,en,mbart_vectors,64,ZJM,1,It's a fanboy `what if?'
en:1560,50,58,"Stephen Reaidan Aidan Quinn, and Alan Greens play Desmond legals legalagagles, when when joined by Brosnan, the sight of this grandiloquent quartet lolling in pretty Irish settings is a pleasant enough,, `tis ` `","Stephen Reaidan Quinn, who plays Desmond's legalags, is when joined by Brosnan, the sight of this grandiloquent quartet lolling in pretty Irish settings is a pleasant enough, `tiss-tiss-tiss-tiss-tiss-tiss-tiss.`",en,mbart_vectors,67,ZJM,2,"Stephen Rea, Aidan Quinn, and Alan Bates play Desmond's legal eagles, and when joined by Brosnan, the sight of this grandiloquent quartet lolling in pretty Irish settings is a pleasant enough thing, `tis."
en:1563,12,16,Everything was so superficial as the forced New York'- accent Uma had.,"Everything was so superficial to the forced New York, low-brow accent Uma had.",en,mbart_vectors,70,ZJM,0,Everything was as superficial as the forced New Jersey lowbrow accent Uma had.
en:1571,27,31,"A zombie movie in every sense of the word -- mindlessless lifeless, meandering lo loud, obful ob obnoxious.","A zombie movie in every sense of the word -- mindlessless life, meandering loud painful obnoxious.",en,mbart_vectors,78,ZJM,0,"A zombie movie in every sense of the word -- mindless, lifeless, meandering, loud, painful, obnoxious."
en:1576,28,31,"High Crime knows knows the mistakes that bad movies make and is determined not to make them, and maybe that is nobility' the sort.","High Crime knows the mistakes that bad movies make and is determined not to make them, and maybe that is nobility's fault, sort of.",en,mbart_vectors,83,ZJM,1,"High Crimes knows the mistakes that bad movies make and is determined not to make them, and maybe that is nobility of a sort."
en:1579,10,14,A a blandus-camp-campus wner.,A bland-campus wnwner.,en,mbart_vectors,86,ZJM,0,... a bland murder-on-campus yawner.
en:1582,18,22,"Suffers from rambling, repetitive dialogue and the alyrab ende endemic to digital media.","Suffers from rambling, repetitive dialogue and the awful endemic nature of digital media.",en,mbart_vectors,89,ZJM,0,"Suffers from rambling, repetitive dialogue and the visual drabness endemic to digital video."
en:1585,19,21,Features one of the most affecting depictions of a love affair ever committed by a.,Features one of the most affecting depictions of a love affair ever committed by a,en,mbart_vectors,92,ZJM,2,Features one of the most affecting depictions of a love affair ever committed to film.
en:1595,30,32,"Even a hardened voyeur would require a patience of Job to get through this interminable, shapeless documentary about a swinging subculture.","Even a hardened voyeur would require a bit of patience to Job to get through this interminable, shapeless documentary about swinging subcultures.",en,mbart_vectors,102,ZJM,0,"Even a hardened voyeur would require the patience of Job to get through this interminable, shapeless documentary about the swinging subculture."
en:1599,35,36,"The film is a contrivance, as artificial as the video games Japanese teens play in a nightclub sequence, but it's an enjoyable film.","The film is a contrivance, as artificial as the video games Japanese teens play in a nightclub sequence, but it's an enjoyable film.",en,mbart_vectors,106,ZJM,1,"The film is a contrivance, as artificial as the video games Japanese teens play in a nightclub sequence, but it's an enjoyable one."
en:1600,28,29,"At its worst the screenplay is callow, but at its best it is a young artist's thoughtful consideration of hishood.","At its worst the screenplay is callow, but at its best it is a young artist's thoughtful consideration of his fatherhood.",en,mbart_vectors,107,ZJM,1,"At its worst the screenplay is callow, but at its best it is a young artist's thoughtful consideration of fatherhood."
en:1606,25,26,Jeff has has created a breathtakingly assured and stylish work of spare dialogue and acute expressiveness.,Jeff has created a breathtakingly assured and stylish work with spare dialogue and acute expressiveness.,en,mbart_vectors,113,ZJM,2,Jeffs has created a breathtakingly assured and stylish work of spare dialogue and acute expressiveness.
en:1630,18,21,Anemic chronicle of money grubbing New Yorkers and a serial loveless hookers..,Anemic chronicle of money grubbing New Yorkers and a serial loveless hooker.,en,mbart_vectors,137,ZJM,1,Anemic chronicle of money grubbing New Yorkers and their serial loveless hook ups.
en:1632,15,17,And I've decided to leave the light on every night from the on.,And I've decided to leave the light of every night from . . . on.,en,mbart_vectors,139,ZJM,1,And I've decided to leave a light on every night from now on.
en:1642,21,24,A rarely rarely dampens her diva persona enough to bring genuine chemistry with Townsend.,A rarely dampens her diva persona enough to bring genuine chemistry with Townsend.,en,mbart_vectors,149,ZJM,1,Aaliyah rarely dampens her diva persona enough to spark genuine chemistry with Townsend.
en:1645,22,25,It would be a big loss if not for the supporting performances taking place at the movie's edges.,It would be a big loss if not for the supporting performances taking place at the movie's edges.,en,mbart_vectors,152,ZJM,1,... would be a total loss if not for two supporting performances taking place at the movie's edges.
en:1646,37,42,An inspiring and heartfeltaffirmting film about the desperate attempts of Vietnamese refugees to in re.S. relocation camps to keep their hopes alive since 1975.,An inspiring and heartfelt film about the desperate attempts of Vietnamese refugees to live in relocation camps and keep their hopes alive since 1975.,en,mbart_vectors,153,ZJM,2,An inspiring and heart-affecting film about the desperate attempts of Vietnamese refugees living in U.S. relocation camps to keep their hopes alive in 1975.
en:1651,13,15,Allen Allens funniest and most likeable movie in history.,Allen Allen's funniest and most likeable movie in history.,en,mbart_vectors,158,ZJM,2,Allen's funniest and most likeable movie in years.
en:1653,25,29,There is a refreshing absence of cynicism in Stuart Little 2 -- quite a bitity even even on a family film market.,"There is a refreshing absence of cynicism in Stuart Little 2 -- quite a bit, even on a family film market.",en,mbart_vectors,160,ZJM,2,"There is a refreshing absence of cynicism in Stuart Little 2 -- quite a rarity, even in the family film market."
en:1663,22,26,"Even by intention intentionally low standards of fraboyboyboy humor, Soror Boys Boys is a bowser.","Even by the intentionally low standards of fraboy humor, Soror Boys is a bowser.",en,mbart_vectors,170,ZJM,0,"Even by the intentionally low standards of frat-boy humor, Sorority Boys is a bowser."
en:1675,22,25,"The stunning, dreamlike visuals impress impress even those viewers who have little patience for Eurofilmfilm pretensions","The stunning, dreamlike visuals impress even those viewers who have little patience for Eurofilm pretensions.",en,mbart_vectors,182,ZJM,2,"The stunning, dreamlike visuals will impress even those viewers who have little patience for Euro-film pretension."
en:1690,22,24,"For Veggie fanses fans, this is more appetizing than a side dish of paraparagus.","For Veggie fans, this is more appetizing than a side dish of paraparagus.",en,mbart_vectors,197,ZJM,2,"For VeggieTales fans, this is more appetizing than a side dish of asparagus."
en:1691,40,42,"While it regards 1967 as the greatest turning point of the 20th century, return returns again and again to images of dissidents in the streets, it's alarmingly current.","While it regards 1967 as the greatest turning point of the 20th century, returns again and again to images of dissidents in the streets, alarmingly current.",en,mbart_vectors,198,ZJM,1,"While it regards 1967 as the key turning point of the 20th century, and returns again and again to images of dissidents in the streets, it's alarmingly current."
en:1696,46,49,"The Tattoo borrows heavily from both Seven and The Silence of the Lambs, it manages to maintain both a level of sophisticated intrigue and human-likecale characters that suck the audience out.","The Tattoo borrows heavily from both Seven and The Silence of the Lambs, but manages to maintain both a level of sophisticated intrigue and human-like characters that suck the audience out.",en,mbart_vectors,203,ZJM,2,"While Tattoo borrows heavily from both Seven and The Silence of the Lambs, it manages to maintain both a level of sophisticated intrigue and human-scale characters that suck the audience in."
en:1699,26,28,"It's the best film of the year, it, the benchmark against which all other Best Picture contenders should be measured.","It's the best film of the year, so it's the benchmark against which all other Best Picture contenders should be measured.",en,mbart_vectors,206,ZJM,2,"It's the best film of the year so far, the benchmark against which all other Best Picture contenders should be measured."
en:1700,13,14,It is one of the biggest disappointments of the year.,It's a one of the biggest disappointments of the year.,en,mbart_vectors,207,ZJM,0,This is one of the biggest disappointments of the year.
en:1702,36,41,"Denis forges out of the theories of class and basedragerage and sister ob obsession a razor-shad tuning fork thatringsrings with cultural, sexual and social discord.","Denis forges out of the theories of class and basedrage and sister obsession, a razor-shade tuning fork thatrings with cultural, sexual and social discord.",en,mbart_vectors,209,ZJM,1,"Denis forges out of the theories of class - based rage and sisterly obsession a razor-sided tuning fork that rings with cultural, sexual and social discord."
en:1728,35,44,"A thoroughly awful movie, dumb, chative cha chaotic, visually sloppy, a bit amalgam of whatTh Thing' and ` geriatric `Scream''","A thoroughly awful movie, with dumbly narrative chaoticly sloppy sloppy a bit, and a bit of Thing Thing, a geriatric `cream'.",en,mbart_vectors,235,ZJM,0,"A thoroughly awful movie -- dumb, narratively chaotic, visually sloppy... a weird amalgam of `The Thing' and a geriatric `Scream.'"
en:1731,33,36,"The movie has no respect for its of political correctness, common decency, but it displays something more important: respect for its flawed, crazy people.","The movie has no respect for its political correctness or common decency, but it displays something more important: respect for its flawed, crazy people.",en,mbart_vectors,238,ZJM,1,"The movie has no respect for laws, political correctness or common decency, but it displays something more important: respect for its flawed, crazy people."
en:1737,32,36,"I would be disingenuous to call Re Re a great film, but I can say that about most of the filmscks moving in and out of the multiplex.","I would be disingenuous to call Re Re Re a great film, but I can say that about most of the films moving in and out of the multiplex.",en,mbart_vectors,244,ZJM,1,"It would be disingenuous to call Reno a great film, but you can say that about most of the flicks moving in and out of the multiplex."
en:1741,11,11,Intriguing and downright intoxicating.,Intriguing and downright intoxicating.,en,mbart_vectors,248,ZJM,2,Intriguing and downright intoxicating.
en:1743,26,32,Perhaps the most annoying thing is Who is Cletis Tout Tout It that it's a crime movie made by someone who really knows nothing about the.,Perhaps the most annoying thing is Who is Cletis Tout Tout? It's a crime movie made by someone who really knows nothing about the movie.,en,mbart_vectors,250,ZJM,0,Perhaps the most annoying thing about Who Is Cletis Tout? is that it's a crime movie made by someone who obviously knows nothing about crime.
en:1745,22,26,The dramarky drama touches the heart of the funny thanks thanks to the energetic and always surprising performance by David Griffiths.,The drama touches the heart of the funny thanks to the energetic and always surprising performance by David Griffiths.,en,mbart_vectors,252,ZJM,2,The quirky drama touches the heart and the funnybone thanks to the energetic and always surprising performance by Rachel Griffiths.
en:1747,10,12,... and baffling from the getgogo.,... and baffling from the getgo.,en,mbart_vectors,254,ZJM,0,Bad and baffling from the get-go.
en:1748,25,28,"The movie is a blast of educational energy, a bouncy animaanimation and catchy songs escort you through the entire movie minutes.","The movie is a blast of educational energy, a bouncy animated animation and catchy songs escort you through its entire 60 minutes.",en,mbart_vectors,255,ZJM,2,"The movie is a blast of educational energy, as bouncy animation and catchy songs escort you through the entire 85 minutes."
en:1752,33,38,"The real charm of this trifle is the deadpan comic face of its star, Jean Reno, who resembles Stallonelonelone in a for, half-sleep.","The real charm of this trifle is the deadpan comic face of its star, Jean Reno, who resembles Stallone in a for his sake half-sleep.",en,mbart_vectors,259,ZJM,1,"The real charm of this trifle is the deadpan comic face of its star, Jean Reno, who resembles Sly Stallone in a hot sake half-sleep."
en:1759,51,56,"Latete can't avoid a fatal mistake in the modern era: He's changed the face academic from a lower-class Brit to an American, the choice that setsets the novel's exquisite balance of shreds the fabric of the film.","Late Late can't avoid a fatal mistake in the modern era: He's changed the face of academic from a lower-class Brit to an American, the choice is upset, but it's exquisite balance and shreds of fabric in the form.",en,mbart_vectors,266,ZJM,1,"LaBute can't avoid a fatal mistake in the modern era: He's changed the male academic from a lower-class Brit to an American, a choice that upsets the novel's exquisite balance and shreds the fabric of the film."
en:1763,14,17,Gere gives a great performance in a film that doesn't have a.,Gere gives a great performance in a film that doesn't have a,en,mbart_vectors,270,ZJM,1,Gere gives a good performance in a film that doesn't merit it.
en:1767,23,24,"The director, with his fake backdrops and stately pacing, never settles on a consistent performance.","The director, with his fake backdrops and stately pacing, never settles on a consistent performance.",en,mbart_vectors,274,ZJM,0,"The director, with his fake backdrops and stately pacing, never settles on a consistent tone."
en:1768,24,27,"Why he was given free reign over the project -- a wrote direct directed, starred and produced -- is beyond me.","Why he was given free reign over the project -- a wrote, directed star -- produced by a man is beyond me.",en,mbart_vectors,275,ZJM,0,"Why he was given free reign over this project -- he wrote, directed, starred and produced -- is beyond me."
en:1769,24,27,"If you enjoy being rewarded by a script that assumes you aren't very good, then you Works for you.","If you enjoy being rewarded by a script that assumes you aren't very good, then you Work hard for it.",en,mbart_vectors,276,ZJM,0,"If you enjoy being rewarded by a script that assumes you aren't very bright, then Blood Work is for you."
en:1770,33,37,Like Rudy Yellow Lodgere Eyre needs to take a good sweat to clarify his cinematic vision before his next creation -- remember the lessons of a tricksterderder.,Like Rudy Yellow Lodgere needs to take a good sweat to clarify his cinematic vision before his next creation -- remember the lessons of a tricksterder.,en,mbart_vectors,277,ZJM,0,"Like Rudy Yellow Lodge, Eyre needs to take a good sweat to clarify his cinematic vision before his next creation and remember the lessons of the trickster spider."
en:1782,7,11,"Hard, endearing car caring people anding","Hard, endearing car caring people.",en,mbart_vectors,289,ZJM,2,"Hard, endearing, caring, warm."
en:1784,31,38,The way Coppola professes to love for movies is both colorful pop andgraphics the classics that unequivocally qualify the art and is giddily entertaining.,"The way Coppola professes to love his movies is both colorful pop and classics, and the classics that unequivocally qualify the art of a giddily entertaining",en,mbart_vectors,291,ZJM,2,The way Coppola professes his love for movies -- both colorful pop junk and the classics that unequivocally qualify as art -- is giddily entertaining.
en:1792,36,41,It''t getst your gut and and it's not intended to be mere's merely a blandly cinematic surgical examination of what makes a joke a joke.,It's a film of your gut and it's not intended to be merely a blandly cinematic surgical examination of what makes a joke or joke joke.,en,mbart_vectors,299,ZJM,1,It won't bust your gut -- and it's not intended to -- it's merely a blandly cinematic surgical examination of what makes a joke a joke.
en:1797,27,35,"An 12--- banthe-the bantere banter of Welcome to Collinwood has a cocky, after-hours loopiness to it.","An un-the-us-the-terter and Welcome to Collin has a cocky, after-hours loopiness to it.",en,mbart_vectors,304,ZJM,1,"The doofus-on-the-loose banter of Welcome to Collinwood has a cocky, after-hours loopiness to it."
en:1798,15,16,One's the funniest American comedy since Graffiti Bridge.,One of the funniest American comedy since Graffiti Bridge.,en,mbart_vectors,305,ZJM,2,It's the funniest American comedy since Graffiti Bridge.
en:1801,35,40,"Itn gruelling and heartbreaking to witness, but Selil and Wollterlings sterling performances are this far above the  of the usual maudlin disease movie.","It's gruelling and heartbreaking to witness, but Selilter's sterling performances are this far above the rest of the usual maudlin disease movie.",en,mbart_vectors,308,ZJM,2,"Often gruelling and heartbreaking to witness, but Seldahl and Wollter's sterling performances raise this far above the level of the usual maudlin disease movie."
en:1806,21,25,"That is essentially what's missing from Blackboard --, the sense of something bigger, and ultimate .","That is essentially what's missing from Blackboard -- the sense of something bigger, and ultimate --",en,mbart_vectors,313,ZJM,1,"That is essentially what's missing from Blackboards -- the sense of something bigger, some ultimate point."
en:1809,31,34,"A dimwitwitted and lazy spinoffoff of the Animal Planet documentary series, Crocodile Hunter is entertainmentismism at its most glaring.","A dimwitted and lazy spinoff of the Animal Planet documentary series, Crocodile Hunter is entertainmentism at its most glaring.",en,mbart_vectors,316,ZJM,0,"A dim-witted and lazy spin-off of the Animal Planet documentary series, Crocodile Hunter is entertainment opportunism at its most glaring."
en:1821,21,23,A awful movie that can only satisfy the most emotionally malleable of filmgoers.,"Awful, movie that will only satisfy the most emotionally malleable of filmgoers.",en,mbart_vectors,328,ZJM,0,An awful movie that will only satisfy the most emotionally malleable of filmgoers.
en:1843,60,67,"Godard's ode to tackling life's wonders is a rambling and incoherent manifesto about a vague, of topical excess excess and Praise for Love remains a ponderous and pretentious endeavor that's unfocused and tedioously exasperating.","Godard's ode to tackling life's wonders is a rambling and incoherent manifesto about a vague, topical excess... and Praise for Love remains a ponderous and pretentious endeavor that's unfocused and tedious.",en,mbart_vectors,350,ZJM,0,Godard's ode to tackling life's wonderment is a rambling and incoherent manifesto about the vagueness of topical excess... In Praise of Love remains a ponderous and pretentious endeavor that's unfocused and tediously exasperating.
en:1845,35,42,"It never truly come to care about the main characters -- whether or not they windre wind up together, Michel Michel Michel's spiritual quest is neither amusing nor strong enough to sustain interest.","It never truly come to care about the main characters -- whether or not they wind up together, and Michel Michele's spiritual quest is neither amusing, nor strong enough to sustain interest.",en,mbart_vectors,352,ZJM,0,"We never truly come to care about the main characters and whether or not they'll wind up together, and Michele's spiritual quest is neither amusing nor dramatic enough to sustain interest."
en:1848,17,20,Peralta mys mythmaking could have used some informed adult adult hindsights,Peralta mythmaking could have used some informed adult hindsights.,en,mbart_vectors,355,ZJM,1,"Peralta's mythmaking could have used some informed, adult hindsight."
en:1855,33,35,Adults will certainly want to spend their time in the theater thinking about grocery lists and ways to improve their kids how not to act like Pinocchio.,"Adults will certainly want to spend their time in the theater thinking about grocery lists and ways to improve their performance, and how not to act like Pinocchio.",en,mbart_vectors,362,ZJM,1,Adults will certainly want to spend their time in the theater thinking up grocery lists and ways to tell their kids how not to act like Pinocchio.
en:1856,26,31,"Not as distinctive or even more humorous as it needs to be, stand out, but the has clearly been made with careion and care.","Not as distinctive or even more humorous as it needs to be, but stand out, the film has clearly been made with care and care.",en,mbart_vectors,363,ZJM,1,"Not as distinctive or even as humorous as its needs to be to stand out, but it has clearly been made with affection and care."
en:1857,17,20,A generic family comedy unlikely to be appreciated by those outside of under-10 years.,A generic family comedy unlikely to be appreciated by those outside of under-10 years.,en,mbart_vectors,364,ZJM,0,A generic family comedy unlikely to be appreciated by anyone outside the under-10 set.
en:1861,22,31,Co-direct JonathanAor Jonathan Parker's attempts to fashion alikeianlike hyper hyperrealreal-re fallfullyreadfully short.,"Co-director Jonathan Parker's attempts to fashion alike, hyperreal, and fallfully short.",en,mbart_vectors,368,ZJM,0,"Co-writer/director Jonathan Parker's attempts to fashion a Brazil-like, hyper-real satire fall dreadfully short."
en:1870,13,16,It just doesn't have much to to especially in the moral sense.,"It just doesn't have much to do, especially in its moral sense.",en,mbart_vectors,377,ZJM,1,It just doesn't have much else... especially in a moral sense.
en:1871,22,24,Those unfamiliar with Mormon traditions may find The War War Ward occasionally bewildering.,Those unfamiliar with Mormon traditions may find The Ward occasionally bewildering.,en,mbart_vectors,378,ZJM,1,Those unfamiliar with Mormon traditions may find The Singles Ward occasionally bewildering.
en:1873,15,19,"But the talented actor alone will keep you watching, as if the fight to..","But the talented actor alone will keep you watching, as if the fight is",en,mbart_vectors,380,ZJM,2,"But the talented cast alone will keep you watching, as will the fight scenes."
en:1877,20,24,"It important film, a reminder of the power of film to move us to to make us examine our lives.",It's important to a reminder of the power of film to move us to make a decision to examine our lives.,en,mbart_vectors,384,ZJM,2,"An important movie, a reminder of the power of film to move us and to make us examine our values."
en:1879,23,24,A richly imagined and admirably mature work from a filmed director who definitely has something on his mind.,A richly imagined and admirably mature work from a film director who definitely has something on his mind.,en,mbart_vectors,386,ZJM,2,A richly imagined and admirably mature work from a gifted director who definitely has something on his mind.
en:1882,20,22,But what's interesting is that there's a casual intelligence that permeates the story.,But what's interesting is that there's a casual intelligence that permeates the story.,en,mbart_vectors,389,ZJM,2,But what's nice is that there's a casual intelligence that permeates the script.
en:1887,27,28,"Feels slight, as if it were an extended,, albeit one made by the smartest kids in class.","Feels slight, as if it were an extended, albeit one made by the smartest kids in class.",en,mbart_vectors,394,ZJM,1,"Feels slight, as if it were an extended short, albeit one made by the smartest kids in class."
en:1888,13,13,The picture doesn't know it's a comedy.,The picture doesn't know it's a comedy.,en,mbart_vectors,395,ZJM,1,The picture doesn't know it's a comedy.
en:1894,20,26,"It's a headturturner, thoughtfully written, beautifully shot, finally finally, humanly humanizing.","It's a headturner, thoughtfully writtenly -- and finally -- humanizing.",en,mbart_vectors,401,ZJM,2,"It's a head-turner -- thoughtfully written, beautifully read and, finally, deeply humanizing."
en:1897,25,33,"Men in a achieve achieve ultima ultimate insignificance, it's a sci-fi comedy spectacle as Walliffle eWall epic.","Men in a movie achieve ultimate insignificance, it's a sci-fi comedy spectacle as Wall's epic.",en,mbart_vectors,404,ZJM,0,Men in Black II achieves ultimate insignificance -- it's the sci-fi comedy spectacle as Whiffle-Ball epic.
en:1899,28,29,Presents a good case while failing to provide a reason for people to care beyond the very basic dictums of human decency.,Presents a good case while failing to provide a reason for people to care beyond the very basic dictums of human decency.,en,mbart_vectors,5,ZJN,1,Presents a good case while failing to provide a reason for us to care beyond the very basic dictums of human decency.
en:1901,22,24,Bread Bre My Sweet has so many flaws that would be easy for critics to shred it.,Bread Bread My Sweet has so many flaws that it would be easy for critics to shred it.,en,mbart_vectors,7,ZJN,0,"Bread, My Sweet has so many flaws it would be easy for critics to shred it."
en:1907,36,40,"If Decesces Wild had been tweaked up a notch, would have become a camp adventure, one of those movies that sos so bad it starts to become..","If Deces Wild had been tweaked up a notch, it would have become a camp adventure, one of those movies that so bad it starts to become.",en,mbart_vectors,14,ZJN,1,"If Deuces Wild had been tweaked up a notch it would have become a camp adventure, one of those movies that's so bad it starts to become good."
en:1925,10,10,I love the robust middle of this picture.,I love the robust middle of this picture.,en,mbart_vectors,32,ZJN,2,I love the robust middle of this picture.
en:1932,26,28,"The Ring is worth a look, if you don't demand more more than a few more thrills from your Halloween entertainment.","The Ring is worth a look, if you don't demand more than a few more thrills from your Halloween entertainment.",en,mbart_vectors,39,ZJN,1,"The Ring is worth a look, if you don't demand much more than a few cheap thrills from your Halloween entertainment."
en:1943,14,14,I like the new footage and still love the old stuff.,I like the new footage and still love the old stuff.,en,mbart_vectors,50,ZJN,2,I like the new footage and still love the old stuff.
en:1944,27,29,"It briefly flirts with player masochism, but the point of its interest is audience sadism -- is evaded completely.","It briefly flirts with player masochism, but the point of its interest is audience sadism and the evaded completely.",en,mbart_vectors,51,ZJN,1,"It briefly flirts with player masochism, but the point of real interest -- audience sadism -- is evaded completely."
en:1945,15,15,Could The Country Bears really be as bad as its trailers?,Could The Country Bears really be as bad as its trailers?,en,mbart_vectors,52,ZJN,0,Could The Country Bears really be as bad as its trailers?
en:1949,8,8,The film seems a dead weight.,The film seems a dead weight.,en,mbart_vectors,56,ZJN,0,The film seems a dead weight.
en:1950,46,48,Sparkling often often hilarious romantic jealous comedy comedy... Attal looks so much like a young Robert DeNiro that it seems the film should instead be called `My Husband Is Travis Bickle'.,Sparkling often hilarious romantic jealous comedy... Attal looks so much like a young Robert DeNiro that it seems the film should instead be called `My Husband Is Travis Bickle'.,en,mbart_vectors,57,ZJN,2,"Sparkling, often hilarious romantic jealousy comedy... Attal looks so much like a young Robert DeNiro that it seems the film should instead be called `My Husband Is Travis Bickle'."
en:1952,22,22,"A lousy movie that's not merely unwatchable, but also unlistenable.","A lousy movie that's not merely unwatchable, but also unlistenable.",en,mbart_vectors,59,ZJN,0,"A lousy movie that's not merely unwatchable, but also unlistenable."
en:1954,37,42,"A script script, powerful direction and splendid interior design allows us to be transported into the life of Wlawdyslawpilpilpil, who is not only a pianist, but a good human being.","A script script, powerful direction and splendid graphic design allows us to be transported into the life of Wlawpilpilman, who is not only a pianist, but a good human being.",en,mbart_vectors,61,ZJN,2,"A strong script, powerful direction and splendid production design allows us to be transported into the life of Wladyslaw Szpilman, who is not only a pianist, but a good human being."
en:1957,10,12,It's a fanboy `what''',It's a fanboy `what's'?,en,mbart_vectors,64,ZJN,1,It's a fanboy `what if?'
en:1960,52,58,"Stephen Reaidan Aidan Quinn, and Alan Bates play Desmond's legalagagles, and when joined by Brosnan, the sight of a grandiloquent quartet lolling in pretty Irish settings is a pleasant enough,, `tis ``","Stephen Reaidan Quinn and Alan Bates play Desmond's legalags and when joined by Brosnan, the sight of a grandiloquent quartet lolling in pretty Irish settings is a pleasant enough, `tiss`.",en,mbart_vectors,67,ZJN,2,"Stephen Rea, Aidan Quinn, and Alan Bates play Desmond's legal eagles, and when joined by Brosnan, the sight of this grandiloquent quartet lolling in pretty Irish settings is a pleasant enough thing, `tis."
en:1963,15,16,Everything was as superficial as the forced New Jersey low accent accent Uma had.,Everything was as superficial as the forced New Jersey low accent Uma had.,en,mbart_vectors,70,ZJN,0,Everything was as superficial as the forced New Jersey lowbrow accent Uma had.
en:1971,25,31,"A zombie movie in every sense of the word -- mindless life lifeless, mean lo lo loudful obful ob obnoxious.","A zombie movie in every sense of the word -- mindless life, meandering loud painful obnoxious.",en,mbart_vectors,78,ZJN,0,"A zombie movie in every sense of the word -- mindless, lifeless, meandering, loud, painful, obnoxious."
en:1976,25,31,"High Crime knows knows the mistakes that the movies make and is determined not to do,, and maybe that is nobility, a film.","High Crime knows the mistakes that the movies make and is determined not to do, and maybe that is nobility, but a good thing.",en,mbart_vectors,83,ZJN,1,"High Crimes knows the mistakes that bad movies make and is determined not to make them, and maybe that is nobility of a sort."
en:1979,10,14,It a bland--camp-campus wner.,It's a bland-campus wn.,en,mbart_vectors,86,ZJN,0,... a bland murder-on-campus yawner.
en:1982,20,22,Suffers from rambling repeti repetitive dialogue and the visual drabness endemic to the video.,Suffers from rambling repetitive dialogue and the visual drabness endemic to the video.,en,mbart_vectors,89,ZJN,0,"Suffers from rambling, repetitive dialogue and the visual drabness endemic to digital video."
en:1985,20,21,Features one of the most affecting depictions of a love affair ever committed to a.,Features one of the most affecting depictions of a love affair ever committed to a film.,en,mbart_vectors,92,ZJN,2,Features one of the most affecting depictions of a love affair ever committed to film.
en:1995,31,32,"Even a hardened voyeur would have the patience of Job to get through this interminable, shapeless documentary about the swinging subculture.","Even a hardened voyeur would have the patience of Job to get through this interminable, shapeless documentary about the swinging subculture.",en,mbart_vectors,102,ZJN,0,"Even a hardened voyeur would require the patience of Job to get through this interminable, shapeless documentary about the swinging subculture."
en:1999,32,36,"The film is con contrivance, as artificial as the video games Japanese teens play in a night se sequence, but it's still enjoyable film.","The film is contrive, as artificial as the video games Japanese teens play in a night sequence, but it's still enjoyable to watch.",en,mbart_vectors,106,ZJN,1,"The film is a contrivance, as artificial as the video games Japanese teens play in a nightclub sequence, but it's an enjoyable one."
en:2000,28,29,"At its worst the screenplay is callow, but at its best it is a young artist's thoughtful consideration of hishood.","At its worst the screenplay is callow, but at its best it is a young artist's thoughtful consideration of his fatherhood.",en,mbart_vectors,107,ZJN,1,"At its worst the screenplay is callow, but at its best it is a young artist's thoughtful consideration of fatherhood."
en:2006,24,26,Jeff Jeff has created a breathtakingly assured and stylish work of spare dialogue andcutecute expressiveness.,Jeff Jeffs has created a breathtakingly assured and stylish work of spare dialogue andcute expressiveness.,en,mbart_vectors,113,ZJN,2,Jeffs has created a breathtakingly assured and stylish work of spare dialogue and acute expressiveness.
en:2030,21,21,Anemic chronicle of money grubbing New Yorkers and their serial loveless hook ups.,Anemic chronicle of money grubbing New Yorkers and their serial loveless hook ups.,en,mbart_vectors,137,ZJN,1,Anemic chronicle of money grubbing New Yorkers and their serial loveless hook ups.
en:2032,15,17,I I've decided to leave the light on every night from now on.,I've decided to leave the light on every night from now on.,en,mbart_vectors,139,ZJN,1,And I've decided to leave a light on every night from now on.
en:2042,21,24,A rarely rarely dampens her diva persona enough to spark genuine chemistry in Townsend.,A rarely dampens her diva persona enough to spark genuine chemistry in Townsend.,en,mbart_vectors,149,ZJN,1,Aaliyah rarely dampens her diva persona enough to spark genuine chemistry with Townsend.
en:2045,23,25,It would be a total loss if it for two supporting performances taking place at the movie's edges.,It would be a total loss if it's for two supporting performances taking place at the movie's edge edges.,en,mbart_vectors,152,ZJN,1,... would be a total loss if not for two supporting performances taking place at the movie's edges.
en:2046,41,42,An inspiring and heartfeltaffecting film about the desperate attempts of Vietnamese refugees living in U.S. relocation camps to keep their hopes alive in 1975.,An inspiring and heartfelt film about the desperate attempts of Vietnamese refugees living in U.S. relocation camps to keep their hopes alive in 1975.,en,mbart_vectors,153,ZJN,2,An inspiring and heart-affecting film about the desperate attempts of Vietnamese refugees living in U.S. relocation camps to keep their hopes alive in 1975.
en:2051,13,15,Allen Allens funniest and most likeable movie of years.,Allen Allen's funniest and most likeable movie of years.,en,mbart_vectors,158,ZJN,2,Allen's funniest and most likeable movie in years.
en:2053,28,29,There is a refreshing absence of cynicism in Stuart Little 2 -- quite a rarity even even in the family film market.,There is a refreshing absence of cynicism in Stuart Little 2 -- quite a rarity even in the family film market.,en,mbart_vectors,160,ZJN,2,"There is a refreshing absence of cynicism in Stuart Little 2 -- quite a rarity, even in the family film market."
en:2063,22,26,"Even by the intentionally in standards of fraboyboyboy humor, Soror Boys Boys is a bowser.","Even by the intentionally inadequate standards of fraboy humor, Soror Boys is a bowser.",en,mbart_vectors,170,ZJN,0,"Even by the intentionally low standards of frat-boy humor, Sorority Boys is a bowser."
en:2075,23,25,"The stunning, dreamlike visuals will impress even those viewers who have little patience for Eurofilmfilm pretensions","The stunning, dreamlike visuals will impress even those viewers who have little patience for Eurofilm pretensions.",en,mbart_vectors,182,ZJN,2,"The stunning, dreamlike visuals will impress even those viewers who have little patience for Euro-film pretension."
en:2090,21,24,"For Veggie fanses fans, this is more appetizing than a di dish ofparaparagus.","For Veggie fans, this is more appetizing than a dish ofparagus.",en,mbart_vectors,197,ZJN,2,"For VeggieTales fans, this is more appetizing than a side dish of asparagus."
en:2091,42,42,"While it regards 1967 as the key turning point of the 20th century, and returns again and again to images of dissidents in the streets, it's alarmingly current.","While it regards 1967 as the key turning point of the 20th century, and returns again and again to images of dissidents in the streets, it's alarmingly current.",en,mbart_vectors,198,ZJN,1,"While it regards 1967 as the key turning point of the 20th century, and returns again and again to images of dissidents in the streets, it's alarmingly current."
en:2096,47,49,"While Tattoo borrows heavily from both Seven and The Silence of the Lambs, it manages to maintain both a level of sophisticated intrigue and human-calecale characters that suck the audience out.","While Tattoo borrows heavily from both Seven and The Silence of the Lambs, it manages to maintain both a level of sophisticated intrigue and human-cale characters that suck the audience out.",en,mbart_vectors,203,ZJN,2,"While Tattoo borrows heavily from both Seven and The Silence of the Lambs, it manages to maintain both a level of sophisticated intrigue and human-scale characters that suck the audience in."
en:2099,27,28,"It's the best film of the year so it, the benchmark against which all other Best Picture contenders should be measured.",It's the best film of the year so it's the benchmark against which all other Best Picture contenders should be measured.,en,mbart_vectors,206,ZJN,2,"It's the best film of the year so far, the benchmark against which all other Best Picture contenders should be measured."
en:2100,14,14,This is one of the biggest disappointments of the year.,This is one of the biggest disappointments of the year.,en,mbart_vectors,207,ZJN,0,This is one of the biggest disappointments of the year.
en:2102,35,41,"Denis forges out of the theories of class and basedragerage and sisterly obsession a razor-shad tuning fork that residentifi with a, sexual and social discord.","Denis forges out of the theories of class and basedrage and sister obsession, a razor-shade tuning fork that resembles a sexual and social discord.",en,mbart_vectors,209,ZJN,1,"Denis forges out of the theories of class - based rage and sisterly obsession a razor-sided tuning fork that rings with cultural, sexual and social discord."
en:2128,35,44,"A thoroughly awful movie with dumb, narrative cha chaotic, andly oddppy, a weird amalgam of `The Beatlesing and and ` geriatric `Scream''","A thoroughly awful movie with dumb, narrative chaotic visually and weird amalgam of `The Beatles` and `Atric'. `Strict' and a geriatric `Scream'.",en,mbart_vectors,235,ZJN,0,"A thoroughly awful movie -- dumb, narratively chaotic, visually sloppy... a weird amalgam of `The Thing' and a geriatric `Scream.'"
en:2131,31,36,"The movie has a respect for laws, political correctness, common decency, but it displays something more than: respect for a flawed crazy crazy people.","The movie has a respect for laws, political correctness, common decency, but it also displays something more of respect for a flawed crazy people.",en,mbart_vectors,238,ZJN,1,"The movie has no respect for laws, political correctness or common decency, but it displays something more important: respect for its flawed, crazy people."
en:2137,33,36,"It would be disingenuous to call Re Re a great film, but you can do that about most of the flicks moving in the out of the multiplex.","It would be disingenuous to call Re Re Re a great film, but you can do that about most of the flicks moving in the direction of multiplex.",en,mbart_vectors,244,ZJN,1,"It would be disingenuous to call Reno a great film, but you can say that about most of the flicks moving in and out of the multiplex."
en:2141,11,11,Intriguing and downright intoxicating.,Intriguing and downright intoxicating.,en,mbart_vectors,248,ZJN,2,Intriguing and downright intoxicating.
en:2143,30,32,Perhaps the most annoying thing about Who Is Cletis Tout Tout is that it's a crime movie made by someone who obviously knows nothing about it.,Perhaps the most annoying thing about Who Is Cletis Tout Tout? is that it's a crime movie made by someone who obviously knows nothing about it.,en,mbart_vectors,250,ZJN,0,Perhaps the most annoying thing about Who Is Cletis Tout? is that it's a crime movie made by someone who obviously knows nothing about crime.
en:2145,23,26,"The quirky drama touches the heart of the funny, thanks to the energetic and always surprising performance of Rachel Griffiths.","The quirky drama touches the heart of the funny, thanks to the energetic and always surprising performance of Rachel Griffiths.",en,mbart_vectors,252,ZJN,2,The quirky drama touches the heart and the funnybone thanks to the energetic and always surprising performance by Rachel Griffiths.
en:2147,12,12,Bad and baffling from the get-go.,Bad and baffling from the getgo.,en,mbart_vectors,254,ZJN,0,Bad and baffling from the get-go.
en:2148,25,28,"The movie is a blast of educational energy, a bouncy animaanimation and catchy songs escort you through the entire 60 minutes.","The movie is a blast of educational energy, a bouncy animated animation and catchy songs escort you through the entire 60 minutes.",en,mbart_vectors,255,ZJN,2,"The movie is a blast of educational energy, as bouncy animation and catchy songs escort you through the entire 85 minutes."
en:2152,31,38,"The real charm of the trifle is the deadpan comic face of its star, Jean Paulno, who isembles Slylonelone in the for, half-sleep.","The real charm of the trifle is the deadpan comic face of its star, Jean Paul Sartre, who is Slylone in a for the sake of half-sleep.",en,mbart_vectors,259,ZJN,1,"The real charm of this trifle is the deadpan comic face of its star, Jean Reno, who resembles Sly Stallone in a hot sake half-sleep."
en:2159,51,56,"Latete can avoidt avoid a fatal mistake in the modern world: He's changed the male academic from a lower-class Brit to an American, a choice that upsets the film's exquisite balance and shreds the image of the film.","Late Late can't avoid a fatal mistake in the modern world. He's changed the male academic from a lower-class Brit to an American, a choice that upsets the film's exquisite balance and shreds the image of the American.",en,mbart_vectors,266,ZJN,1,"LaBute can't avoid a fatal mistake in the modern era: He's changed the male academic from a lower-class Brit to an American, a choice that upsets the novel's exquisite balance and shreds the fabric of the film."
en:2163,13,17,Itry gives a good performance in a film that doesn't have a.,It gives a good performance in a film that doesn't have a,en,mbart_vectors,270,ZJN,1,Gere gives a good performance in a film that doesn't merit it.
en:2167,23,24,"The director, with his fake backdrops and stately pacing, never settles on a consistent performance.","The director, with his fake backdrops and stately pacing, never settles on a consistent performance.",en,mbart_vectors,274,ZJN,0,"The director, with his fake backdrops and stately pacing, never settles on a consistent tone."
en:2168,19,27,"Why he was given free reign over the project -- he is, directed and andved -- shot -- is a me.",Why he was given free reign over the project -- he is directed by and the project is a success.,en,mbart_vectors,275,ZJN,0,"Why he was given free reign over this project -- he wrote, directed, starred and produced -- is beyond me."
en:2169,25,27,"If you enjoy being rewarded with a script that assumes you aren't very bright, then the Work is for you.","If you enjoy being rewarded with a script that assumes you aren't very bright, then the Work is for you.",en,mbart_vectors,276,ZJN,0,"If you enjoy being rewarded by a script that assumes you aren't very bright, then Blood Work is for you."
en:2170,33,37,The Rudy Yellow Lodgere Eyre needs to take a good sweat to clarify his cinematic vision before his next creation -- remember the lessons of the tricksterderder.,The Rudy Yellow Lodgere needs to take a good sweat to clarify his cinematic vision before his next creation -- remember the lessons of the tricksterder.,en,mbart_vectors,277,ZJN,0,"Like Rudy Yellow Lodge, Eyre needs to take a good sweat to clarify his cinematic vision before his next creation and remember the lessons of the trickster spider."
en:2182,7,11,"Hard, endearing car caring people anding","Hard, endearing car caring people.",en,mbart_vectors,289,ZJN,2,"Hard, endearing, caring, warm."
en:2184,32,38,The Cop Coppola professes his love for movies that both colorful and-junk and the classics that unequivocally qualify for a -- is giddily entertaining.,"The Coppola professes his love for movies that are both colorful and junk-junk-junk, the classics that unequivocally qualify for a film that is giddily entertaining.",en,mbart_vectors,291,ZJN,2,The way Coppola professes his love for movies -- both colorful pop junk and the classics that unequivocally qualify as art -- is giddily entertaining.
en:2192,33,41,"It is't bust a mind, it it's not intended to be it's merely a cinema cinema cinematic surgical examination of what makes a joke a joke.","It is bust and bust, and it's not intended to be funny, it's merely a cinematic surgical examination of what makes a joke a joke.",en,mbart_vectors,299,ZJN,1,It won't bust your gut -- and it's not intended to -- it's merely a blandly cinematic surgical examination of what makes a joke a joke.
en:2197,27,35,"The 12--- bantheterter-shoote banter of Welcome to Collinwood has a cocky, after-hours loopiness to it.","The 12-year-old banter of Welcome to Collinwood has a cocky, after-hours loopiness to it.",en,mbart_vectors,304,ZJN,1,"The doofus-on-the-loose banter of Welcome to Collinwood has a cocky, after-hours loopiness to it."
en:2198,16,16,It's the funniest American comedy since Graffiti Bridge.,It's the funniest American comedy since Graffiti Bridge.,en,mbart_vectors,305,ZJN,2,It's the funniest American comedy since Graffiti Bridge.
en:2201,35,40,"Often aesome and heartbreaking to witness, but Selil' Wollterlings sterling performances raise this far above the level of the usual maudlin disease movie.","Often a heartbreaking to witness, but Selil's sterling performances raise this far to the level of his usual maudlin disease movie.",en,mbart_vectors,308,ZJN,2,"Often gruelling and heartbreaking to witness, but Seldahl and Wollter's sterling performances raise this far above the level of the usual maudlin disease movie."
en:2206,21,25,"It essential essentially what's missing from Blackboard,, the sense of something bigger, some ultimate point.","It essentially what's missing from Blackboard is the sense of something bigger, some ultimate point.",en,mbart_vectors,313,ZJN,1,"That is essentially what's missing from Blackboards -- the sense of something bigger, some ultimate point."
en:2209,26,34,"A dimwitwitted and spinid spinoffoff of the Animal Planet documentary series, Crocodile's aismism at its most glaring.","A dimwitted and spinoff of the Animal Planet documentary series, Crocodile's shtick of entertainmentism is its most glaring",en,mbart_vectors,316,ZJN,0,"A dim-witted and lazy spin-off of the Animal Planet documentary series, Crocodile Hunter is entertainment opportunism at its most glaring."
en:2221,22,23,A awful movie that will only satisfy the most emotionally malleable of filmgoers.,Awful movie that will only satisfy the most emotionally malleable of filmgoers.,en,mbart_vectors,328,ZJN,0,An awful movie that will only satisfy the most emotionally malleable of filmgoers.
en:2243,63,67,Godard's ode to tackling life's wonders is a rambling and inherherent manifesto about the vagueness of topical excess... The Praise of Love remains to ponderous and pretentious endeavor that's unfocused and tediously exasperating.,Godard's ode to tackling life's wonders remains a rambling and inherent manifesto about the vagueness of topical excess... The Praise of Love remains a ponderous and pretentious endeavor that's unfocused and tediously exasperating.,en,mbart_vectors,350,ZJN,0,Godard's ode to tackling life's wonderment is a rambling and incoherent manifesto about the vagueness of topical excess... In Praise of Love remains a ponderous and pretentious endeavor that's unfocused and tediously exasperating.
en:2245,37,42,"We never truly come to care about the main characters -- whether or not they windre wind up together, Michel Michel Michel's spiritual quest is neither amusing nor dramatic enough to sustain interest.","We never truly come to care about the main characters -- whether or not they wind up together, Michele's spiritual quest is neither amusing nor dramatic enough to sustain interest.",en,mbart_vectors,352,ZJN,0,"We never truly come to care about the main characters and whether or not they'll wind up together, and Michele's spiritual quest is neither amusing nor dramatic enough to sustain interest."
en:2248,17,20,Peralta mys mythmaking could have used some informed adult adult hindsights,Peralta mythmaking could have used some informed adult hindsights.,en,mbart_vectors,355,ZJN,1,"Peralta's mythmaking could have used some informed, adult hindsight."
en:2255,29,35,Adults certainly certainly want to spend their time in a theater thinking of grocery lists and ways to tell their story how to to be like Pinocchio.,"Adults certainly want to spend their time in a theater thinking of grocery lists and ways to tell their story, how to play the Pinocchio.",en,mbart_vectors,362,ZJN,1,Adults will certainly want to spend their time in the theater thinking up grocery lists and ways to tell their kids how not to act like Pinocchio.
en:2256,25,31,"Not as distinctive or even more humorous as its pred to be, be out from but it has clearly been made with affection and love.","Not as distinctive or even more humorous as its predecessor, to be sure, is, but it has clearly been made with affection and love.",en,mbart_vectors,363,ZJN,1,"Not as distinctive or even as humorous as its needs to be to stand out, but it has clearly been made with affection and care."
en:2257,18,20,A true family comedy unlikely to be appreciated by anyone outside the under-10 age.,A true family comedy unlikely to be appreciated by anyone outside the under-10 age.,en,mbart_vectors,364,ZJN,0,A generic family comedy unlikely to be appreciated by anyone outside the under-10 set.
en:2261,24,31,Co-direct JonathanAor Jonathan Parker's attempts to fashion a Brazilianlike hyper hyperrealreal satire fallfullyreadfully short.,Co-director Jonathan Parker's attempts to fashion a Brazilian-real-re-re-re-re-re-re-re-re-re-re-re-re-re-re-re-re-re-re-re-re-re-re-re-re-re-re-re-re-re-re-re-re-re-re-re-re-re-re-re-re-re-re-re-re-re-re-re-re-re-re-re-re-re-re-,en,mbart_vectors,368,ZJN,0,"Co-writer/director Jonathan Parker's attempts to fashion a Brazil-like, hyper-real satire fall dreadfully short."
en:2270,15,16,It just doesn't have much else... especially in a sense sense.,It just doesn't have much else... especially in a sense.,en,mbart_vectors,377,ZJN,1,It just doesn't have much else... especially in a moral sense.
en:2271,21,24,Those unfamiliar with Mormon traditions may be themselves Single War Ward occasionally bewildering.,"Those unfamiliar with Mormon traditions may be Single Single Ward, occasionally bewildering.",en,mbart_vectors,378,ZJN,1,Those unfamiliar with Mormon traditions may find The Singles Ward occasionally bewildering.
en:2273,16,19,"But the talented actor alone will keep you watching, as it the rest scenes.","But the talented actor alone will keep you watching, as he's the one who scenes",en,mbart_vectors,380,ZJN,2,"But the talented cast alone will keep you watching, as will the fight scenes."
en:2277,21,24,An important movie to a reminder of the power of the to move us to to make us examine our values.,An important movie to reminder of the power of the human race to move us to make a decision to examine our values.,en,mbart_vectors,384,ZJN,2,"An important movie, a reminder of the power of film to move us and to make us examine our values."
en:2279,23,24,A richly imagined and admirably mature work from a filmed director who definitely has something on his mind.,A richly imagined and admirably mature work from a film director who definitely has something on his mind.,en,mbart_vectors,386,ZJN,2,A richly imagined and admirably mature work from a gifted director who definitely has something on his mind.
en:2282,22,22,But what's nice is that there's a casual intelligence that permeates the script.,But what's nice is that there's a casual intelligence that permeates the script.,en,mbart_vectors,389,ZJN,2,But what's nice is that there's a casual intelligence that permeates the script.
en:2287,25,28,"Feels slight, as if it were an extended,be albeit one made for the smartest kids in class.","Feels slight, as if it were an extended, albeit one made for the smartest kids in class.",en,mbart_vectors,394,ZJN,1,"Feels slight, as if it were an extended short, albeit one made by the smartest kids in class."
en:2288,13,13,The picture doesn't know it's a comedy.,The picture doesn't know it's a comedy.,en,mbart_vectors,395,ZJN,1,The picture doesn't know it's a comedy.
en:2294,20,26,"It's a headturturner, thoughtfully written, beautiful read read, deep most, deeply humanizing.","It's a headturner, thoughtfully written, beautiful read, and deeply humanizing.",en,mbart_vectors,401,ZJN,2,"It's a head-turner -- thoughtfully written, beautifully read and, finally, deeply humanizing."
en:2297,24,33,"Men of II II is ultima ultimate insignificance, it's a sci-fi comedy spectacle as Walliffle eWall epic.","Men of the II is ultimate insignificance, it's a sci-fi comedy spectacle as Wall's epic.",en,mbart_vectors,404,ZJN,0,Men in Black II achieves ultimate insignificance -- it's the sci-fi comedy spectacle as Whiffle-Ball epic.
en:2299,25,29,Presents a good movie while givinging to give a reason for us to go beyond the very basic dictums of human decency.,Presents a good movie while giving us a reason to believe us to go beyond the very basic dictums of human decency.,en,mbart_vectors,5,ZJS,1,Presents a good case while failing to provide a reason for us to care beyond the very basic dictums of human decency.
en:2301,21,24,Bread Bre My Sweet has so many flaws that would be easy to critics to shred it.,"Bread Bread My Sweet has so many flaws that would make easy to criticize, shred and",en,mbart_vectors,7,ZJS,0,"Bread, My Sweet has so many flaws it would be easy for critics to shred it."
en:2307,37,40,"If Decesces Wild had been tweaked up a notch, would have become a camp adventure, one of those movies that's so bad it starts to become..","If Deces Wild had been tweaked up a notch, it would have become a camp adventure, one of those movies that's so bad it starts to become.",en,mbart_vectors,14,ZJS,1,"If Deuces Wild had been tweaked up a notch it would have become a camp adventure, one of those movies that's so bad it starts to become good."
en:2325,10,10,I love the robust middle of this picture.,I love the robust middle of this picture.,en,mbart_vectors,32,ZJS,2,I love the robust middle of this picture.
en:2332,24,28,"The Ring is worth the look, but you can't demand much more than a few cheap thrills for your Halloween entertainment.","The Ring is worth a look, but you will demand much more than a few cheap thrills for your Halloween entertainment.",en,mbart_vectors,39,ZJS,1,"The Ring is worth a look, if you don't demand much more than a few cheap thrills from your Halloween entertainment."
en:2343,11,14,It love the new footage and I love the old stuff.,It's a new footage and I love the new stuff.,en,mbart_vectors,50,ZJS,2,I like the new footage and still love the old stuff.
en:2344,20,29,It flirtly flirts with player masochism to to to point is theism is the sadism -- is evaded completely.,It flirts with player masochism to the point of being a complete audience sadism and being evaded completely.,en,mbart_vectors,51,ZJS,1,"It briefly flirts with player masochism, but the point of real interest -- audience sadism -- is evaded completely."
en:2345,14,15,Could The Country Bears really be so bad as its trailers?,"Could The Country Bears really be a bad movie, its trailers?",en,mbart_vectors,52,ZJS,0,Could The Country Bears really be as bad as its trailers?
en:2349,5,8,It movie seems to dead weight.,It seems to dead weight.,en,mbart_vectors,56,ZJS,0,The film seems a dead weight.
en:2350,30,48,"Sparkling and ahilahilarious romanticaloalous,,, Attal looks so much like a young Robert Downanro that it seems like film should be be called `My Girlband and avis'shop...","Sparkling and ahilarious romantic jealous, Attal looks so much like a young Robert Downey, that it seems like film is instead a movie called `My Girl, the Travis.'",en,mbart_vectors,57,ZJS,2,"Sparkling, often hilarious romantic jealousy comedy... Attal looks so much like a young Robert DeNiro that it seems the film should instead be called `My Husband Is Travis Bickle'."
en:2352,19,22,The lousy movie that's not merely unwatchable but but also unableable.,The lousy movie that's not merely unwatchable but also unable.,en,mbart_vectors,59,ZJS,0,"A lousy movie that's not merely unwatchable, but also unlistenable."
en:2354,28,42,"A strong script, powerful direction and a performance,, the to get immered into the world of Wlawdysmanpilpilpil who who is not only a pianist but but a good human being.","A strong script, powerful direction and a splendid film, it is a great way to get into the minds of Wlawpilman who is not only a pianist but a good human being.",en,mbart_vectors,61,ZJS,2,"A strong script, powerful direction and splendid production design allows us to be transported into the life of Wladyslaw Szpilman, who is not only a pianist, but a good human being."
en:2357,10,12,It's a fanboy `what''',It's a fanboy `what's'?,en,mbart_vectors,64,ZJS,1,It's a fanboy `what if?'
en:2360,41,58,"Thesididan Aidan Quinn, and Bate Bates,smond's eagagles, when when joined by Brosnan, the sight of this grandiloquent quartet inving in the Irish settings is a pleasant enough thing to tots","The film's Aidan Quinn and the Bates' Desmonds are eagles, but when joined by Brosnan, the sight of this grandiloquent quartet in the Irish settings is a pleasant enough thing to be.",en,mbart_vectors,67,ZJS,2,"Stephen Rea, Aidan Quinn, and Alan Bates play Desmond's legal eagles, and when joined by Brosnan, the sight of this grandiloquent quartet lolling in pretty Irish settings is a pleasant enough thing, `tis."
en:2363,14,16,Everything was as superficial as the forced forced Jersey low accent accent Uma had.,Everything was as superficial as the forced forced New Jersey low accent Uma had.,en,mbart_vectors,70,ZJS,0,Everything was as superficial as the forced New Jersey lowbrow accent Uma had.
en:2371,26,31,"A zombie movie in every sense of the word -- mindless life lifeless, meandering lo loudful obful ob obnoxious.","A zombie movie in every sense of the word -- mindless lifeless, meandering loud painful obnoxious.",en,mbart_vectors,78,ZJS,0,"A zombie movie in every sense of the word -- mindless, lifeless, meandering, loud, painful, obnoxious."
en:2376,25,31,"High Crime knows knows the mistakes that bad movies make and is determined not to make,, but maybe that is nobility in the film.","High Crime knows the mistakes that bad movies make and is determined not to make, but maybe that is nobility in the filmmaking.",en,mbart_vectors,83,ZJS,1,"High Crimes knows the mistakes that bad movies make and is determined not to make them, and maybe that is nobility of a sort."
en:2379,10,14,A a film--camp-campus yawner.,A film of an arus-campus yawner.,en,mbart_vectors,86,ZJS,0,... a bland murder-on-campus yawner.
en:2382,17,22,"Afice from rambling, repetitive dialogue and the alyrab ende endemic to digital video.","A film from rambling, repetitive dialogue to the arab endemic of digital video.",en,mbart_vectors,89,ZJS,0,"Suffers from rambling, repetitive dialogue and the visual drabness endemic to digital video."
en:2385,18,21,Features a of the most affecting depictions of love love story ever committed to film.,Features a number of the most affecting depictions of love and ever committed filmmaker.,en,mbart_vectors,92,ZJS,2,Features one of the most affecting depictions of a love affair ever committed to film.
en:2395,25,32,"The the hardened film will require a patience of Job to go through this interminable, shapeless documentary about a swinging subculture.","The hardened film will require a lot of patience to Job and see it through an interminable, shapeless documentary about a swinging subculture.",en,mbart_vectors,102,ZJS,0,"Even a hardened voyeur would require the patience of Job to get through this interminable, shapeless documentary about the swinging subculture."
en:2399,33,36,"The film is con contrivance as as artificial as the video games Japanese teens play in a nightclub sequence, but it's still enjoyable one.","The film is contrivanced as artificial as the video games Japanese teens play in a nightclub sequence, but it's not enjoyable one.",en,mbart_vectors,106,ZJS,1,"The film is a contrivance, as artificial as the video games Japanese teens play in a nightclub sequence, but it's an enjoyable one."
en:2400,26,29,"At the worst the screenplay is callow, but at its best it is a true artist's thoughtful consideration of thehood.","At the worst the screenplay is callow, but at the best it is a true artist's thoughtful consideration of the",en,mbart_vectors,107,ZJS,1,"At its worst the screenplay is callow, but at its best it is a young artist's thoughtful consideration of fatherhood."
en:2406,24,26,Jeff Jeff has created a breathtakingly assured and stylish work with spare dialogue and acute expressiveness.,Jeff Jeffs has created a breathtakingly assured and stylish work with spare dialogue and acute expressiveness.,en,mbart_vectors,113,ZJS,2,Jeffs has created a breathtakingly assured and stylish work of spare dialogue and acute expressiveness.
en:2430,18,21,Anemic chronicle of money grubbing New Yorkers and a serial loveless hookers..,Anemic chronicle of money grubbing New Yorkers and a serial loveless hooker.,en,mbart_vectors,137,ZJS,1,Anemic chronicle of money grubbing New Yorkers and their serial loveless hook ups.
en:2432,15,17,And I've decided to leave the light on every night from the on.,And I've decided to leave the light of every night from . . .,en,mbart_vectors,139,ZJS,1,And I've decided to leave a light on every night from now on.
en:2442,20,24,A rarely rarely dampens its diva persona enough to spark genuine chemistry in Townsend.,A rarely dampens of diva persona enough to spark genuine chemistry in Townsend.,en,mbart_vectors,149,ZJS,1,Aaliyah rarely dampens her diva persona enough to spark genuine chemistry with Townsend.
en:2445,21,25,It it be a total loss if it for the supporting performances taking place at the movie's edges.,It will be a total loss if it's for the supporting performances taking place at the movie's edges.,en,mbart_vectors,152,ZJS,1,... would be a total loss if not for two supporting performances taking place at the movie's edges.
en:2446,36,42,"A inspiring and heartfeltaffirmting film about the desperate attempts of Vietnamese refugees living in U US. relocation camps to find their hopes alive, 1975.",A inspiring and heartfelt film about the desperate attempts of Vietnamese refugees living in U U.S. relocation camps to find their hope in 1975.,en,mbart_vectors,153,ZJS,2,An inspiring and heart-affecting film about the desperate attempts of Vietnamese refugees living in U.S. relocation camps to keep their hopes alive in 1975.
en:2451,13,15,Allen Allens funniest and most likeable movie in history.,Allen Allen's funniest and most likeable movie in history.,en,mbart_vectors,158,ZJS,2,Allen's funniest and most likeable movie in years.
en:2453,24,29,"There is a refreshing absence of cynicism in Stuart and 2 and quite a bitity, even in a family market market.","There is a refreshing absence of cynicism in Stuart and 2 is quite a bit, even in a family of market marketers.",en,mbart_vectors,160,ZJS,2,"There is a refreshing absence of cynicism in Stuart Little 2 -- quite a rarity, even in the family film market."
en:2463,22,26,Even by the intentionally low standards of fraboyboyboysor Sorority Boys is a bowser.,"Even by the intentionally low standards of fraboy, Sorority Boys is a bowser.",en,mbart_vectors,170,ZJS,0,"Even by the intentionally low standards of frat-boy humor, Sorority Boys is a bowser."
en:2475,16,25,The a dream dreamlike visuals will impress all the viewers who have no patience for Eurofilmfilms-s,The alike visuals will impress all the viewers who have a patience for Eurofilm and its,en,mbart_vectors,182,ZJS,2,"The stunning, dreamlike visuals will impress even those viewers who have little patience for Euro-film pretension."
en:2490,19,24,"For Veggie,es,, this is more appetizing than the di dish of aparagus.","For Veggie, this is more appetizing than the dish of the",en,mbart_vectors,197,ZJS,2,"For VeggieTales fans, this is more appetizing than a side dish of asparagus."
en:2491,35,42,"While it regards it as a key turning point of the filmth century, it returns again and again to the of dissidents in the streets it it's alarmingly.","While it regards it as a key turning point of the film, it stops and returns again and again to the film's dissident and the streets' alarmingly spectacularly",en,mbart_vectors,198,ZJS,1,"While it regards 1967 as the key turning point of the 20th century, and returns again and again to images of dissidents in the streets, it's alarmingly current."
en:2496,40,49,"While Tattoo borrows heavily from both Theth The Endence of the Lambs, it manages to maintain its a  of sophisticated intrigue and human-calecale characters that suck at blood..","While Tattoo borrows heavily from both The Girl and The Man of the Dead, it manages to maintain its awestruck, sophisticated intrigue and human-cale characters that suck at the punch.",en,mbart_vectors,203,ZJS,2,"While Tattoo borrows heavily from both Seven and The Silence of the Lambs, it manages to maintain both a level of sophisticated intrigue and human-scale characters that suck the audience in."
en:2499,24,28,"It's the best film of the year so it, a benchmark against which all other Picture Picture contenders should be standingd.",It's the best film of the year so it's a benchmark against which all other Picture contenders should be able to,en,mbart_vectors,206,ZJS,2,"It's the best film of the year so far, the benchmark against which all other Best Picture contenders should be measured."
en:2500,14,14,This is one of the biggest disappointments of the year.,This is one of the biggest disappointments of the year.,en,mbart_vectors,207,ZJS,0,This is one of the biggest disappointments of the year.
en:2502,35,41,"Denis forges out of the theories of class and based rage and sisterly obsession,sideor-shad tuning for the, rings with cultural, sexual and social discord.","Denis forges out of the theories of class and based rage against sisterly obsession, razor-sided tuning for the rings with cultural, sexual and social discord.",en,mbart_vectors,209,ZJS,1,"Denis forges out of the theories of class - based rage and sisterly obsession a razor-sided tuning fork that rings with cultural, sexual and social discord."
en:2528,38,44,"A thoroughly awful movie with dumb, narrative cha chaotic, visually sloppy -- a weird amalgam of ` Th Thing Th and a geriatric `Scream''","A thoroughly awful movie with dumb, narrative chaotic visually sloppy characters, weird amalgam of ` Thing Thing' and a geriatric `Scream'.",en,mbart_vectors,235,ZJS,0,"A thoroughly awful movie -- dumb, narratively chaotic, visually sloppy... a weird amalgam of `The Thing' and a geriatric `Scream.'"
en:2531,32,36,"The movie has no respect for laws, political correctness, common decency, but it displays something more to: respect for its flawed crazy crazy characters.","The movie has no respect for laws, political correctness, common decency, or to display something more of respect for its flawed crazy characters.",en,mbart_vectors,238,ZJS,1,"The movie has no respect for laws, political correctness or common decency, but it displays something more important: respect for its flawed, crazy people."
en:2537,30,36,"I would be disingenuous to call Re Re a great film, but you can say what about most of the filmcks moving in and out of the citys.","I would not disingenuously call Re Re a great film, but you can say what you want about most of the film moving on and the rest of the film.",en,mbart_vectors,244,ZJS,1,"It would be disingenuous to call Reno a great film, but you can say that about most of the flicks moving in and out of the multiplex."
en:2541,10,11,"Intriguing, downright intoxicating.","Intriguing, downright toxic.",en,mbart_vectors,248,ZJS,2,Intriguing and downright intoxicating.
en:2543,28,32,Perhaps the most annoying thing about the Is Cletis Tout Tout It that it's a crime movie made by someone who really knows nothing about crime.,Perhaps the most annoying thing about this Is Cletis Tout Tout? It's a crime movie made by someone who really knows nothing about crime.,en,mbart_vectors,250,ZJS,0,Perhaps the most annoying thing about Who Is Cletis Tout? is that it's a crime movie made by someone who obviously knows nothing about crime.
en:2545,22,26,"A quirky drama touches the heart of the funny, thanks to the energetic and always surprising performance of Rachel Griffiths.","A quirky drama touches the heart of the funny, thanks to the energetic and always surprising performance of Rachel Griffiths.",en,mbart_vectors,252,ZJS,2,The quirky drama touches the heart and the funnybone thanks to the energetic and always surprising performance by Rachel Griffiths.
en:2547,10,12,"... and baffling, the get-go.",... and baffling as the get-go.,en,mbart_vectors,254,ZJS,0,Bad and baffling from the get-go.
en:2548,26,28,"The movie is a blast of educational energy, a bouncy animaanimation and catchy songs escort you through the entire 85 minutes.","The movie is a blast of educational energy, a bouncy animated animation and catchy songs escort you through the entire 85 minutes.",en,mbart_vectors,255,ZJS,2,"The movie is a blast of educational energy, as bouncy animation and catchy songs escort you through the entire 85 minutes."
en:2552,28,38,"The real beauty of the trifle is the deadpan comic face on its protagonist, Jean Reno, who resembles alonelonelone, a for, half-sleep.","The real beauty of this trifle is the deadpan comic face and its worn Jean Reno, who resembles a Stallone for a for his sake half-sleep.",en,mbart_vectors,259,ZJS,1,"The real charm of this trifle is the deadpan comic face of its star, Jean Reno, who resembles Sly Stallone in a hot sake half-sleep."
en:2559,45,56,"Latete' avoidt avoid a fatal film in the film era: He's changed the male academic class a lowerclassclass Brit to a American, a choice that hassets the novel's exquisite balance and itsres the fabric of the film.","Late Late, to avoid the fatal film's era: He's changed the male academic class from a lower-class Brit to a middle-class American, a choice that has the novel's exquisite balance and its rich fabric of a film.",en,mbart_vectors,266,ZJS,1,"LaBute can't avoid a fatal mistake in the modern era: He's changed the male academic from a lower-class Brit to an American, a choice that upsets the novel's exquisite balance and shreds the fabric of the film."
en:2563,16,17,Gere gives a good performance but a film that doesn't merit it.,Gere gives a good performance but the film doesn't merit it.,en,mbart_vectors,270,ZJS,1,Gere gives a good performance in a film that doesn't merit it.
en:2567,20,24,"The director, with his fake backdrop and and stately pacing, has settles for a consistent line.","The director, with his fake backdrop and stately pacing, has settled into a consistent and",en,mbart_vectors,274,ZJS,0,"The director, with his fake backdrops and stately pacing, never settles on a consistent tone."
en:2568,23,27,"I he was given to reign over this project when he wrote, directed, starred and produced a is beyond me.","I'm glad he was given the reign over this project and wrote directed stars, produced a film beyond me.",en,mbart_vectors,275,ZJS,0,"Why he was given free reign over this project -- he wrote, directed, starred and produced -- is beyond me."
en:2569,23,27,If you don the rewarded by a script that assumes you aren't very bright then then it Work is for you.,"If you enjoy the rewarded and scripted images, assumes they aren't very bright, then the Work is for you.",en,mbart_vectors,276,ZJS,0,"If you enjoy being rewarded by a script that assumes you aren't very bright, then Blood Work is for you."
en:2570,28,37,"The Rudy Yellow,, itja needs to take a good chance to clarify his visiontic vision before his next creation -- remember the name of the trickster.der.",The Rudy Yellow is a film that needs to take a good shot to clarify its vision before its next creation -- remember the movie of the trickster.,en,mbart_vectors,277,ZJS,0,"Like Rudy Yellow Lodge, Eyre needs to take a good sweat to clarify his cinematic vision before his next creation and remember the lessons of the trickster spider."
en:2582,9,11,"Hard, endearing car caring, warm","Hard, endearing car car caring, warm",en,mbart_vectors,289,ZJS,2,"Hard, endearing, caring, warm."
en:2584,28,38,"The way Coppola professes to love for movies is the colorful pop andchicks classic classics -- unequivocally qualify as a, is giddily entertaining.","The way Coppola professes to love his movies is a colorful pop of his classics and his classics unequivocally qualify as a fun, giddily entertaining",en,mbart_vectors,291,ZJS,2,The way Coppola professes his love for movies -- both colorful pop junk and the classics that unequivocally qualify as art -- is giddily entertaining.
en:2592,36,41,It won't bust your gut if it it's not intended to be but's merely a blandly cinematic surgical examination of what makes a joke a good.,It won't bust your gut if it's not intended to be a merely a blandly cinematic surgical examination of what makes a joke a true one.,en,mbart_vectors,299,ZJS,1,It won't bust your gut -- and it's not intended to -- it's merely a blandly cinematic surgical examination of what makes a joke a joke.
en:2597,27,35,"A 12--- banthe-the bantere banter of Welcome to Collinwood has a cocky, after-hours loopiness to it.","A 12-of-the-us-the-years banter that Welcome to Collin has a cocky, after-hours loopiness to it.",en,mbart_vectors,304,ZJS,1,"The doofus-on-the-loose banter of Welcome to Collinwood has a cocky, after-hours loopiness to it."
en:2598,14,16,...'s the funniest American comedy of Graffiti Bridge.,... the funniest American comedy of Graffiti Bridges.,en,mbart_vectors,305,ZJS,2,It's the funniest American comedy since Graffiti Bridge.
en:2601,37,40,"Often gruelling and heartbreaking to witness, but Selil' Wollter's sterling performances raise this film above the level of the usual maudlin disease movie.","Often gruelling and heartbreaking to witness, but Selil's sterling performances raise this film above the level of the usual maudlin disease movie.",en,mbart_vectors,308,ZJS,2,"Often gruelling and heartbreaking to witness, but Seldahl and Wollter's sterling performances raise this far above the level of the usual maudlin disease movie."
en:2606,20,25,"It essential essentially what's missing from Blackboard,, the sense of something bigger, and ultimate point.","It essentially what's missing from Blackboard is the sense of something bigger, and ultimate point.",en,mbart_vectors,313,ZJS,1,"That is essentially what's missing from Blackboards -- the sense of something bigger, some ultimate point."
en:2609,27,34,"A dimwitwitted, lazy spinoffoff of the Animal Farm documentary series Croc Crocodile Hunter is entertainmentismism at its best glaring.",A dimwitted and lazy spinoff of the Animal Farm documentary series Crocodile Hunter is entertainmentism at its best.,en,mbart_vectors,316,ZJS,0,"A dim-witted and lazy spin-off of the Animal Planet documentary series, Crocodile Hunter is entertainment opportunism at its most glaring."
en:2621,22,23,A awful movie that will only satisfy the most emotionally malleable of filmgoers.,"Awful, a movie that will only satisfy the most emotionally malleable of filmgoers.",en,mbart_vectors,328,ZJS,0,An awful movie that will only satisfy the most emotionally malleable of filmgoers.
en:2643,58,67,"Godard's  to tackling life's wonders is a rambling and incoherent manifesto about a vague and of topical excess... the Praise of the,s the ponderous and pretentious endeavor that's unfocused and tedioously exasperating.","Godard's wicked tackling life's wonders is a rambling and incoherent manifesto about a vague, topical excess... the Praise of the remains of ponderous and pretentious endeavors that's unfocused and tedious.",en,mbart_vectors,350,ZJS,0,Godard's ode to tackling life's wonderment is a rambling and incoherent manifesto about the vagueness of topical excess... In Praise of Love remains a ponderous and pretentious endeavor that's unfocused and tediously exasperating.
en:2645,37,42,It never truly come to care about the main characters and whether or not they'll come up together. Michel Michele's spiritual quest is neimus amusing nor dramatic enough to sustain interest.,It never truly come to care about the main characters and whether or not they'll come up together. Michele's spiritual quest is neimusmusing nor dramatic enough to sustain interest.,en,mbart_vectors,352,ZJS,0,"We never truly come to care about the main characters and whether or not they'll wind up together, and Michele's spiritual quest is neither amusing nor dramatic enough to sustain interest."
en:2648,14,20,Peralta's mythmaking could have had some ofd  but-sights,Peralta's mythmaking could have had some of its hindsights.,en,mbart_vectors,355,ZJS,1,"Peralta's mythmaking could have used some informed, adult hindsight."
en:2655,24,35,"Adults will certainly want to spend more time with a moviestheater, about thecery taless and trying to show their kids how not to be like Pinocchio.","Adults will certainly want to spend more time with a younger grocer, and get to know their children, how not to be like Pinocchio.",en,mbart_vectors,362,ZJS,1,Adults will certainly want to spend their time in the theater thinking up grocery lists and ways to tell their kids how not to act like Pinocchio.
en:2656,21,31,"Not as distinctive as as as thoughtous as the pred to be, stand out, but the has clearly been made with aion for love.","Not as distinctive as the film, but it is a bit more likely to stand out, since the film has clearly been made with a lot of love.",en,mbart_vectors,363,ZJS,1,"Not as distinctive or even as humorous as its needs to be to stand out, but it has clearly been made with affection and care."
en:2657,19,20,A generic family comedy unlikely to be appreciated by anyone outside the under-10 years.,A generic family comedy unlikely to be appreciated by anyone outside the under-10 years.,en,mbart_vectors,364,ZJS,0,A generic family comedy unlikely to be appreciated by anyone outside the under-10 set.
en:2661,22,31,Co-direct Jonathandirector Jonathan Parker's attempts to fashionablelikeianlike real hyperrealreal satire fall short'fully short.,"Co-director Jonathan Parker's attempts to fashionable, hyper-real satire fall short.",en,mbart_vectors,368,ZJS,0,"Co-writer/director Jonathan Parker's attempts to fashion a Brazil-like, hyper-real satire fall dreadfully short."
en:2670,8,16,It doesn doesn't have a appeal to especially the the moviely.,"It doesn't have to be a movie, especially if you're a fan.",en,mbart_vectors,377,ZJS,1,It just doesn't have much else... especially in a moral sense.
en:2671,16,24,Thosemiliafamiliar with Mormon and may may have The Single Single Ward occasionally funnyder.,Thosemiliar with Mormon and may have The Single Single Ward occasionally seen.,en,mbart_vectors,378,ZJS,1,Those unfamiliar with Mormon traditions may find The Singles Ward occasionally bewildering.
en:2673,13,19,But the talented cast alone will make you on as as it the filmerss.,But the talented cast alone will make you feel as if you were a movie star.,en,mbart_vectors,380,ZJS,2,"But the talented cast alone will keep you watching, as will the fight scenes."
en:2677,20,24,"An important film, a reminder of the power of the to move us and to make us feel our own.","An important film, a reminder of the power of the human move to and to make us feel our way.",en,mbart_vectors,384,ZJS,2,"An important movie, a reminder of the power of film to move us and to make us examine our values."
en:2679,21,24,A richly imagined and admirably mature work of a talented director who sure has something on his mind.,A richly imagined and admirably mature work of a film director who truly has something on his heart.,en,mbart_vectors,386,ZJS,2,A richly imagined and admirably mature work from a gifted director who definitely has something on his mind.
en:2682,19,22,But what's nice is that it's a level intelligence that permeates the whole.,But what's nice is that it's a bit of intelligence that permeates the story.,en,mbart_vectors,389,ZJS,2,But what's nice is that there's a casual intelligence that permeates the script.
en:2687,23,28,"Feels slight, but if it is an extended,, albeit one made by the smart kids kids in the.","Feels slight, but it is an extended, albeit one made by the smart kids in the",en,mbart_vectors,394,ZJS,1,"Feels slight, as if it were an extended short, albeit one made by the smartest kids in class."
en:2688,11,13,The picture doesn't it it's a movie.,The picture doesn't it's a bit,en,mbart_vectors,395,ZJS,1,The picture doesn't know it's a comedy.
en:2694,19,26,"It's a headturturner, thoughtfully written, beautifully shot, finally finally, deeply touch..","It's a headturner, thoughtfully written, beautifully shot, and finally deeply touched.",en,mbart_vectors,401,ZJS,2,"It's a head-turner -- thoughtfully written, beautifully read and, finally, deeply humanizing."
en:2697,25,33,"Men of Black can achieve ultima ultimate insignificance, it's a sci-fi comedy spectacle as Walliffle epicall epic.","Men of Black and achieve ultimate insignificance, it's a sci-fi comedy spectacle as Wall's epic.",en,mbart_vectors,404,ZJS,0,Men in Black II achieves ultimate insignificance -- it's the sci-fi comedy spectacle as Whiffle-Ball epic.
en:2699,26,29,Presents a good case while failing to provide a reason for the to care beyond the very basic dictums of human naturecei.,Presents a good case while failing to provide a reason for the victim to care beyond the very basic dictums of human nature.,en,mbart_vectors,5,ZKB,1,Presents a good case while failing to provide a reason for us to care beyond the very basic dictums of human decency.
en:2701,20,24,"Breadad My Sweet -- so many flaws, would be easy for hims to shred it.","Breadad My Sweet has so many flaws, it would be easy for it to shred.",en,mbart_vectors,7,ZKB,0,"Bread, My Sweet has so many flaws it would be easy for critics to shred it."
en:2707,35,40,"If Decesces Wild had been tweaked up a notch, would have become a true adventure, one of those movies that's so bad it's to become a.","If Deces Wild had been tweaked up a notch, it would have become a true adventure, one of those movies that's so bad it's about to become a",en,mbart_vectors,14,ZKB,1,"If Deuces Wild had been tweaked up a notch it would have become a camp adventure, one of those movies that's so bad it starts to become good."
en:2725,8,10,A love the robust middle of the picture.,A picture of the robust middle class in a picture-like,en,mbart_vectors,32,ZKB,2,I love the robust middle of this picture.
en:2732,28,28,"The Ring is worth a look, if you don't demand much more than a few cheap thrills from your Halloween entertainment.","The Ring is worth a look, if you don't demand much more than a few cheap thrills from your Halloween entertainment.",en,mbart_vectors,39,ZKB,1,"The Ring is worth a look, if you don't demand much more than a few cheap thrills from your Halloween entertainment."
en:2743,12,14,I love the new footage and I love the old stuff.,I love the new footage and I love the old stuff.,en,mbart_vectors,50,ZKB,2,I like the new footage and still love the old stuff.
en:2744,23,29,A briefly flirts with player masochism and but the rest of its interest is audienceismism -- is evaded completely.,A briefly flirts with player masochism in the form of a genuine interest in audienceism and being evaded completely.,en,mbart_vectors,51,ZKB,1,"It briefly flirts with player masochism, but the point of real interest -- audience sadism -- is evaded completely."
en:2745,12,15,... The Country Bears really be as good as its trailers.,... The Country Bears really is as good as its trailers.,en,mbart_vectors,52,ZKB,0,Could The Country Bears really be as bad as its trailers?
en:2749,7,8,The film is a dead weight.,The film is a dead weight.,en,mbart_vectors,56,ZKB,0,The film seems a dead weight.
en:2750,32,48,Sparkling often often hilarious romantic jealous comedy comedy... Attal is so much like a young De DeNiro that it seems like movie is be be a TheThe Husband and Travis'as...,Sparkling often hilarious romanticalous comedy... Attal is so much like a young and depressed DeNiro that it seems to be a bit like a Husband's Travis.,en,mbart_vectors,57,ZKB,2,"Sparkling, often hilarious romantic jealousy comedy... Attal looks so much like a young Robert DeNiro that it seems the film should instead be called `My Husband Is Travis Bickle'."
en:2752,22,22,"A lousy movie that's not merely unwatchable, but also unlistenable.","A lousy movie that's not merely unwatchable, but also unlistenable.",en,mbart_vectors,59,ZKB,0,"A lousy movie that's not merely unwatchable, but also unlistenable."
en:2754,34,42,"A strong script, powerful direction and splendid production design allows the to be transported to the world of Wlawdyslaw,laski, who is not only a pianist but but a good human being.","A strong script, powerful direction and splendid production design allows the audience to be transported to the world of Wlawlaw and its talents, not only as pianist but as a good human being.",en,mbart_vectors,61,ZKB,2,"A strong script, powerful direction and splendid production design allows us to be transported into the life of Wladyslaw Szpilman, who is not only a pianist, but a good human being."
en:2757,11,12,It's a fanboy `what if'',It's a fanboy `what if'?,en,mbart_vectors,64,ZKB,1,It's a fanboy `what if?'
en:2760,47,58,"Stephen Reaidan Aidan,n, and the Bates,smond's eagagles, when when joined by Brosnan, the sight of this grandiloquent quartet lolling in pretty Irish settings is a pleasant enough,, `tis ` `","Stephen Reaidan is a talented and intelligent Bates, Desmond's and Agles, and when joined by Brosnan, the sight of this grandiloquent quartet lolling in pretty Irish settings is a pleasant enough, `tiss`. `tiss`. `tiss`. `tiss`. `tiss`. `tiss`. `tiss`. `tiss`. `tiss`. `tiss`. `tiss`.`",en,mbart_vectors,67,ZKB,2,"Stephen Rea, Aidan Quinn, and Alan Bates play Desmond's legal eagles, and when joined by Brosnan, the sight of this grandiloquent quartet lolling in pretty Irish settings is a pleasant enough thing, `tis."
en:2763,12,16,Everything was as superficial as the forced New York' accent accent that had.,Everything was as superficial as the forced New York Times' low-brow accent that had,en,mbart_vectors,70,ZKB,0,Everything was as superficial as the forced New Jersey lowbrow accent Uma had.
en:2771,22,31,"A zombie movie that every way of the word, mindlessless lifeless, lowhile lo loud, obful ob obnoxious.","A zombie movie that every one of the characters of mindless lifeless, meandering loud painful obnoxious.",en,mbart_vectors,78,ZKB,0,"A zombie movie in every sense of the word -- mindless, lifeless, meandering, loud, painful, obnoxious."
en:2776,23,31,High Crime knows knows the mistakes bad bad movies make and is determined to to make any. but maybe that is nobility' the sort.,"High Crime knows the mistakes bad movies make and is determined to make it right, maybe that is nobility's all sorts.",en,mbart_vectors,83,ZKB,1,"High Crimes knows the mistakes that bad movies make and is determined not to make them, and maybe that is nobility of a sort."
en:2779,10,14,A a blandus-camp-campus wner.,A bland-campus wnwner.,en,mbart_vectors,86,ZKB,0,... a bland murder-on-campus yawner.
en:2782,20,22,"Suffers from rambling, repetitive dialogue of the visual drabness endemic to digital film.","Suffers from rambling, repetitive dialogue of the visual drab endemic of digital film.",en,mbart_vectors,89,ZKB,0,"Suffers from rambling, repetitive dialogue and the visual drabness endemic to digital video."
en:2785,18,21,Features a of the most affecting depictions of a film story ever committed to film.,Features a film ever committed to filming.,en,mbart_vectors,92,ZKB,2,Features one of the most affecting depictions of a love affair ever committed to film.
en:2795,28,32,"It a hardened voyeur will require the patience of Job to go through this interminable, shapeless documentary about a swinging subculture.","It's a hardened voyeur that require the patience of Job to go through an interminable, shapeless documentary about a swinging subculture.",en,mbart_vectors,102,ZKB,0,"Even a hardened voyeur would require the patience of Job to get through this interminable, shapeless documentary about the swinging subculture."
en:2799,32,36,"The film is a contrivance as as artificial as the video games Japanese teens play in a nightclub sequence, and it's all enjoyable film.","The film is a contrivance as artificial as the video games Japanese teens play in a nightclub sequence, and it's all enjoyable to watch.",en,mbart_vectors,106,ZKB,1,"The film is a contrivance, as artificial as the video games Japanese teens play in a nightclub sequence, but it's an enjoyable one."
en:2800,24,29,"At its worst the screenplay is callow, and at its best it is a young artist takings first- consideration of hishood.","At its worst the screenplay is callow, and at its best the work of young artists without consideration of fatherhood.",en,mbart_vectors,107,ZKB,1,"At its worst the screenplay is callow, but at its best it is a young artist's thoughtful consideration of fatherhood."
en:2806,23,26,It has has created a breathtakingly assured and stylish work of spare dialogue andcutecute expressiveness.,It has created a breathtakingly assured and stylish work of spare dialogue andcute expressiveness.,en,mbart_vectors,113,ZKB,2,Jeffs has created a breathtakingly assured and stylish work of spare dialogue and acute expressiveness.
en:2830,19,21,Anemic chronicle of money grubbing New Yorkers and their serial love for up ups.,Anemic chronicle of money grubbing New Yorkers and their serial love for upss,en,mbart_vectors,137,ZKB,1,Anemic chronicle of money grubbing New Yorkers and their serial loveless hook ups.
en:2832,9,17,I it decidedm decided to put it film on every night for now on.,I've decided to put the TV on every night for now.,en,mbart_vectors,139,ZKB,1,And I've decided to leave a light on every night from now on.
en:2842,22,24,A rarely rarely dampens her diva persona enough to spark genuine chemistry with Townsend.,A rarely dampens her diva persona enough to spark genuine chemistry with Townsend.,en,mbart_vectors,149,ZKB,1,Aaliyah rarely dampens her diva persona enough to spark genuine chemistry with Townsend.
en:2845,17,25,The a be a movie failure for it for the ofing performances taking place at the movie's edges.,"The film is a bit of a ""slice of life"" with performances taking place at the movie's edges.",en,mbart_vectors,152,ZKB,1,... would be a total loss if not for two supporting performances taking place at the movie's edges.
en:2846,34,42,An inspiring and heartfeltaffirmting film about the desperate attempts of Vietnamese refugees living in a.S. relocation tos to re their families ali alive since 1975.,An inspiring and heartfelt film about the desperate attempts of Vietnamese refugees living in a relocation camp to rebuild their lives alive in 1975.,en,mbart_vectors,153,ZKB,2,An inspiring and heart-affecting film about the desperate attempts of Vietnamese refugees living in U.S. relocation camps to keep their hopes alive in 1975.
en:2851,13,15,Allen Allens funniest and most likeable movie of years.,Allen Allen's funniest and most likeable movie of years.,en,mbart_vectors,158,ZKB,2,Allen's funniest and most likeable movie in years.
en:2853,24,29,"There is a refreshing absence of cynicism in Stuart Little and, a a rarity even even in a family film market.",There is a refreshing absence of cynicism in Stuart Little and it's quite a rarity even in a family film market.,en,mbart_vectors,160,ZKB,2,"There is a refreshing absence of cynicism in Stuart Little 2 -- quite a rarity, even in the family film market."
en:2863,22,26,"Even with the intentionally low standards of fraboyboyboys, Sorority Boys is a bowser.","Even with the intentionally low standards, fraboy-boy, Sorority Boys is a bowser.",en,mbart_vectors,170,ZKB,0,"Even by the intentionally low standards of frat-boy humor, Sorority Boys is a bowser."
en:2875,19,25,"The stunning, dreamlike visuals will impress even those whoers who have no patience for Eurofilmfilms-s","The stunning, dreamlike visuals will impress even those who don't have the patience to Eurofilm.",en,mbart_vectors,182,ZKB,2,"The stunning, dreamlike visuals will impress even those viewers who have little patience for Euro-film pretension."
en:2890,19,24,"For Veggie fanses fans, this is more appetizing than the di dish for paraparagus.","For Veggie fans, this is more appetizing than the dish of Asparagus.",en,mbart_vectors,197,ZKB,2,"For VeggieTales fans, this is more appetizing than a side dish of asparagus."
en:2891,40,42,"While it regards 1967 as a key turning point of the 20th century, it returns again and again to images of dissidents in the streets, it's alarmingly current.","While it regards 1967 as a key turning point in the 20th century, it returns again and again to images of dissidents in the streets, and alarmingly current.",en,mbart_vectors,198,ZKB,1,"While it regards 1967 as the key turning point of the 20th century, and returns again and again to images of dissidents in the streets, it's alarmingly current."
en:2896,40,49,"The Tattoo borrows heavily from the Seven and The Sevenence of Lamb Lambs, it manages to maintain both a - sophisticated intrigue and human-calecale characters that ack the audience out.","The Tattoo borrows heavily from the Seven Brothers, but the Lambs of Lambs manages to maintain both a thrill-filled intrigue and human-cale characters that will captivate the audience.",en,mbart_vectors,203,ZKB,2,"While Tattoo borrows heavily from both Seven and The Silence of the Lambs, it manages to maintain both a level of sophisticated intrigue and human-scale characters that suck the audience in."
en:2899,22,28,"It's the first film of the year so it, the benchmark against which the the Best of contenders have be measured.",It's the first film of the year so it's the benchmark against which the World's Best Films contenders have to measured.,en,mbart_vectors,206,ZKB,2,"It's the best film of the year so far, the benchmark against which all other Best Picture contenders should be measured."
en:2900,13,14,It is one of the biggest disappointments of the year.,It's not one of the biggest disappointments of the year.,en,mbart_vectors,207,ZKB,0,This is one of the biggest disappointments of the year.
en:2902,31,41,"Denis forges a of the theories of class based basedragerage and sisterly obsession andsideor-sided filmft for for, rings the cultural, sexual and social discord.","Denis forges a series of theories on class basedrage and sisterly obsession, razorsided by foreshadowing the rings of cultural, sexual and social discord.",en,mbart_vectors,209,ZKB,1,"Denis forges out of the theories of class - based rage and sisterly obsession a razor-sided tuning fork that rings with cultural, sexual and social discord."
en:2928,31,44,"A thoroughly awful movie with dumb, narrative cha chaotic, sloly sloppy -- a weird amalgam of thethe Girling' and ` `atric comedyThewe''","A thoroughly awful movie with dumb narrative chaotic, sloppy and weird amalgam of characters and plots, but it's a good movie.",en,mbart_vectors,235,ZKB,0,"A thoroughly awful movie -- dumb, narratively chaotic, visually sloppy... a weird amalgam of `The Thing' and a geriatric `Scream.'"
en:2931,35,36,"The movie has no respect for laws, political correctness, common decency, but it displays something more important: respect for its flawed, crazy people.","The movie has no respect for laws, political correctness, common decency, or it displays something more important: respect for its flawed, crazy people.",en,mbart_vectors,238,ZKB,1,"The movie has no respect for laws, political correctness or common decency, but it displays something more important: respect for its flawed, crazy people."
en:2937,32,36,"I would be disingenuous to call Re Re a great film, but I can say that about a of the flicks moving in and out of the multiplex.","I would have disgusted to call Re Re Re a great film, but I can say that about a lot of the flicks moving in and out of the multiplex.",en,mbart_vectors,244,ZKB,1,"It would be disingenuous to call Reno a great film, but you can say that about most of the flicks moving in and out of the multiplex."
en:2941,11,11,Intriguing and downright intoxicating.,Intriguing and downright intoxicating.,en,mbart_vectors,248,ZKB,2,Intriguing and downright intoxicating.
en:2943,26,32,Perhaps the most annoying thing is Who is Cletis Tout Tout It that it's a crime that made by someone who obviously knows nothing about the.,Perhaps the most annoying thing is Who is Cletis Tout Tout Tout? It's a crime that's made by someone who obviously knows nothing about the game.,en,mbart_vectors,250,ZKB,0,Perhaps the most annoying thing about Who Is Cletis Tout? is that it's a crime movie made by someone who obviously knows nothing about crime.
en:2945,22,26,A quirky drama touches the heart and the funny thanks thanks to an energetic and always surprising performance of Rachel Griffiths.,A quirky drama touches the heart and the funny thanks to an energetic and always surprising performance of Rachel Griffiths.,en,mbart_vectors,252,ZKB,2,The quirky drama touches the heart and the funnybone thanks to the energetic and always surprising performance by Rachel Griffiths.
en:2947,11,12,... and baffling from the get-go.,... and baffling from the get-go.,en,mbart_vectors,254,ZKB,0,Bad and baffling from the get-go.
en:2948,25,28,"The movie is a blast of educational energy, bou bouncy animaanimation and catchy songs escort you through the movie 85 minutes.","The movie is a blast of educational energy, bouncy animations and catchy songs escort you through the movie's 85 minutes.",en,mbart_vectors,255,ZKB,2,"The movie is a blast of educational energy, as bouncy animation and catchy songs escort you through the entire 85 minutes."
en:2952,34,38,"The real charm of this trifle is the deadpan comic face of the star, Jean Pauleve, who resembles Slylonelone in a hot sake half-sleep.","The real charm of this trifle is the deadpan comic face of the star, Jean Paul, who resembles Slylone in a hot sake half-sleep.",en,mbart_vectors,259,ZKB,1,"The real charm of this trifle is the deadpan comic face of its star, Jean Reno, who resembles Sly Stallone in a hot sake half-sleep."
en:2959,54,56,"Latete can't avoid a fatal mistake in the modern era: He's changed the male academic from a lower-class Brit to an American, a choice that upsets the novel' exquisit exquisite balance and shreds the fabric of the film.","Late Late can't avoid a fatal mistake in the modern era: He's changed the male academic from a lower-class Brit to an American, a choice that upsets the novel' exquisite balance and shreds the fabric of the film.",en,mbart_vectors,266,ZKB,1,"LaBute can't avoid a fatal mistake in the modern era: He's changed the male academic from a lower-class Brit to an American, a choice that upsets the novel's exquisite balance and shreds the fabric of the film."
en:2963,15,17,Gere gives a good performance in a film that doesn't have a.,Gere gives a good performance in a film that doesn't have a,en,mbart_vectors,270,ZKB,1,Gere gives a good performance in a film that doesn't merit it.
en:2967,20,24,"A film, with his fake backdrops and stately pacing, has settles on a consistent and.","A movie with a fake backdrop and stately pacing, but settles on a consistent and",en,mbart_vectors,274,ZKB,0,"The director, with his fake backdrops and stately pacing, never settles on a consistent tone."
en:2968,21,27,"Why he was given free toeign over this project and he was, directed, starred and produced a beyond beyond the.","Why he was given free to over this project and why he was directed, starred and produced a film beyond the",en,mbart_vectors,275,ZKB,0,"Why he was given free reign over this project -- he wrote, directed, starred and produced -- is beyond me."
en:2969,21,27,"If you enjoy being rewarded with a script that assumes you are't very bright, the Bloodys a you.","If you enjoy being rewarded with a script that assumes you are very bright, the Blood Bowl is a must-see.",en,mbart_vectors,276,ZKB,0,"If you enjoy being rewarded by a script that assumes you aren't very bright, then Blood Work is for you."
en:2970,32,37,"The Rudy Yellow Lodge, itja needs to take a good sweat to clarify his cinematic vision before his next creation and remember the lessons of a tricksterder.","The Rudy Yellow Lodge, it needs to take a good sweat to clarify its cinematic vision before its next creation and remember its lessons from a trickster.",en,mbart_vectors,277,ZKB,0,"Like Rudy Yellow Lodge, Eyre needs to take a good sweat to clarify his cinematic vision before his next creation and remember the lessons of the trickster spider."
en:2982,9,11,"Hard, endearing car caring, warm","Hard, endearing car car caring, warm",en,mbart_vectors,289,ZKB,2,"Hard, endearing, caring, warm."
en:2984,34,38,The way Coppola professes his love for movies is both colorful popjunkjunk and the classics -- unequivocally qualify the art -- is giddily entertaining.,The way Coppola professes his love for movies is both colorful popjunk and the classics unequivocally qualify the art as a giddily entertaining,en,mbart_vectors,291,ZKB,2,The way Coppola professes his love for movies -- both colorful pop junk and the classics that unequivocally qualify as art -- is giddily entertaining.
en:2992,36,41,It wontt bust a gut and it it's not intended to -- it's merely a blandly cinematic surgical examination of what makes a joke a true.,It won't bust a gut and it's not intended to be it's merely a blandly cinematic surgical examination of what makes a joke a real one.,en,mbart_vectors,299,ZKB,1,It won't bust your gut -- and it's not intended to -- it's merely a blandly cinematic surgical examination of what makes a joke a joke.
en:2997,28,35,"A 12--us banthe-the bantere banter of Welcome to Collinwood has a cocky, after-hours loopiness to it.","A 12-of-the-us-the-ter and Welcome to Collinwood has a cocky, after-hours loopiness to it.",en,mbart_vectors,304,ZKB,1,"The doofus-on-the-loose banter of Welcome to Collinwood has a cocky, after-hours loopiness to it."
en:2998,15,16,A's the funniest American comedy since Graffiti Bridge.,A funniest American comedy since Graffiti Bridge.,en,mbart_vectors,305,ZKB,2,It's the funniest American comedy since Graffiti Bridge.
en:3001,24,40,"Itn itelling, heartbreaking to witness, Sel Seldahl and hislinglings sterling performances are this point above the level of a film ""chinalinss,",It is heartbreaking to witness Seldahl and his sterling performances in this film above and beyond the scope of the film's scope.,en,mbart_vectors,308,ZKB,2,"Often gruelling and heartbreaking to witness, but Seldahl and Wollter's sterling performances raise this far above the level of the usual maudlin disease movie."
en:3006,18,25,"It essential essentially what's missing in Blackboard,: the sense of something bigger, and ultimate .","It essentially what's missing is Blackboard, the sense of something bigger and ultimate to",en,mbart_vectors,313,ZKB,1,"That is essentially what's missing from Blackboards -- the sense of something bigger, some ultimate point."
en:3009,27,34,"The dimwitwitted and lazy spinoffoff of the Animal Planet documentary, Croc Crocodile Hunter is entertainmentismism of its most glaring.","The dimwitted, lazy spinoff of the Animal Planet documentary The Crocodile Hunter is entertainmentism at its most glaring.",en,mbart_vectors,316,ZKB,0,"A dim-witted and lazy spin-off of the Animal Planet documentary series, Crocodile Hunter is entertainment opportunism at its most glaring."
en:3021,16,23,A awful movie that is only satisfy the most emotionally drivethued of allmakersers.,"Awful, movie that is not only satisfying, but most emotionally vicious of all.",en,mbart_vectors,328,ZKB,0,An awful movie that will only satisfy the most emotionally malleable of filmgoers.
en:3043,51,67,"It' iss attempt to tackling the's wonderment is a rambling and inherherent manifesto of the vague, of topical excess... the Praise of the,s the ponderous and pretentious endeavor that's unfocused and tedioously apering.","It's a way to tackling the wonderment of a rambling and inherent manifesto -- the vague, topical excess excesses of the Praise of God remains a ponderous and pretentious endeavor that's unfocused and tedious.",en,mbart_vectors,350,ZKB,0,Godard's ode to tackling life's wonderment is a rambling and incoherent manifesto about the vagueness of topical excess... In Praise of Love remains a ponderous and pretentious endeavor that's unfocused and tediously exasperating.
en:3045,26,42,"It never truly come to care about the main characters -- whether or not they windre wind up together, Michel Michele Michels storyitys ather as storying nor a, to pique our.","It never truly come to care about the main characters -- whether or not they wind up together, like Michele's -- or the story's plot, or the characters' interest.",en,mbart_vectors,352,ZKB,0,"We never truly come to care about the main characters and whether or not they'll wind up together, and Michele's spiritual quest is neither amusing nor dramatic enough to sustain interest."
en:3048,15,20,Peralta's mythmaking could have been some informed  -sights,Peralta's mythmaking could have been some informed and hindsight-free,en,mbart_vectors,355,ZKB,1,"Peralta's mythmaking could have used some informed, adult hindsight."
en:3055,22,35,Thes will certainly have to spend their time in a theater thinking up theiromy lists and ways to make their story about to to play. ato.,The filmmakers will certainly have to spend their time in the theater thinking up their lists and ways to use their talents to make a movie.,en,mbart_vectors,362,ZKB,1,Adults will certainly want to spend their time in the theater thinking up grocery lists and ways to tell their kids how not to act like Pinocchio.
en:3056,29,31,"It as distinctive and even as humorous as its needs to be to stand out, but it has clearly been made with affection and care.","It's as distinctive and even more humorous as its needs to be to stand out, and it has clearly been made with affection and care.",en,mbart_vectors,363,ZKB,1,"Not as distinctive or even as humorous as its needs to be to stand out, but it has clearly been made with affection and care."
en:3057,19,20,A generic family comedy unlikely to be appreciated by anyone outside the under-10 years.,A generic family comedy unlikely to be appreciated by anyone outside the under-10 years.,en,mbart_vectors,364,ZKB,0,A generic family comedy unlikely to be appreciated by anyone outside the under-10 set.
en:3061,23,31,Co-direct JonathanAor Jonathan Parker's attempts to fashion a Brazilianlike hyper hyperrealreal-re fallfullyreadfully short.,Co-director Jonathan Parker's attempts to fashion a Brazilian-like hyperrealism fallfully dreadfully,en,mbart_vectors,368,ZKB,0,"Co-writer/director Jonathan Parker's attempts to fashion a Brazil-like, hyper-real satire fall dreadfully short."
en:3070,13,16,It just doesn't have much to to especially with a moral sense.,"It just doesn't have much to do, especially with a moral sense.",en,mbart_vectors,377,ZKB,1,It just doesn't have much else... especially in a moral sense.
en:3071,20,24,Thosemiliafamiliar with Mormon traditions will find themselves Single War Ward occasionally bewildering.,"Thosemiliar with Mormon traditions will find themselves Single Single Ward, occasionally bewildering.",en,mbart_vectors,378,ZKB,1,Those unfamiliar with Mormon traditions may find The Singles Ward occasionally bewildering.
en:3073,17,19,"But the talented cast alone will keep you watching, as will the fight to..","But the talented cast alone will keep you watching, as will the fight to",en,mbart_vectors,380,ZKB,2,"But the talented cast alone will keep you watching, as will the fight scenes."
en:3077,22,24,An important movie to a reminder of the power of film to connect us and to make us examine our values.,An important movie to reminder of the power of film to us and to make us examine our values.,en,mbart_vectors,384,ZKB,2,"An important movie, a reminder of the power of film to move us and to make us examine our values."
en:3079,21,24,A richly imagined and admirably mature film from a gifted director who definitely has something to his heart.,A richly imagined and admirably mature film from a gifted director who definitely has something to his heart.,en,mbart_vectors,386,ZKB,2,A richly imagined and admirably mature work from a gifted director who definitely has something on his mind.
en:3082,21,22,It what's nice is that there's a casual intelligence that permeates the script.,It's nice to see that there's a casual intelligence that permeates the script.,en,mbart_vectors,389,ZKB,2,But what's nice is that there's a casual intelligence that permeates the script.
en:3087,23,28,"Its slight as as if it were an extended,, albeit one made by the smart kids kids of class.","It slights as if it were an extended, short albeit one made by the smart kids of class.",en,mbart_vectors,394,ZKB,1,"Feels slight, as if it were an extended short, albeit one made by the smartest kids in class."
en:3088,12,13,The picture doesn't know it's a movie.,The picture doesn't know it's a movie.,en,mbart_vectors,395,ZKB,1,The picture doesn't know it's a comedy.
en:3094,21,26,"A's a headturturner, thoughtfully written, beautifully read -- finally finally, deeply humanizing.","A very headturner, thoughtfully writtenly read and finally deeply humanizing",en,mbart_vectors,401,ZKB,2,"It's a head-turner -- thoughtfully written, beautifully read and, finally, deeply humanizing."
en:3097,24,33,"It in Black can achieve ultima ultimate insignificance, it's a same-fi comedy spectacle as Walliffle eWall epic.","The film in Black and White achieves ultimate insignificance, it's a great comedy spectacle as Wall's epic.",en,mbart_vectors,404,ZKB,0,Men in Black II achieves ultimate insignificance -- it's the sci-fi comedy spectacle as Whiffle-Ball epic.
en:3099,28,29,Presents a good case while failing to provide a reason for the to care beyond the very basic dictums of human decency.,Presents a good case while failing to provide a reason for the care beyond the very basic dictums of human decency.,en,mbart_vectors,5,ZKH,1,Presents a good case while failing to provide a reason for us to care beyond the very basic dictums of human decency.
en:3101,21,24,"Bread Bre My Sweet has so many flaws, would be easy for as to shred it.","Bread Bread My Sweet has so many flaws, it would be easy for a movie to shred it.",en,mbart_vectors,7,ZKH,0,"Bread, My Sweet has so many flaws it would be easy for critics to shred it."
en:3107,35,40,"If Decesces Wild had been tweaked to to notch, would have become a camp adventure, one of those movies that's so good it starts to become good.","If Deces Wild had been tweaked to a notch, it would have become a camp adventure, one of those movies that's so good, it starts to become good.",en,mbart_vectors,14,ZKH,1,"If Deuces Wild had been tweaked up a notch it would have become a camp adventure, one of those movies that's so bad it starts to become good."
en:3125,10,10,I love the robust middle of this picture.,I love the robust middle of this picture.,en,mbart_vectors,32,ZKH,2,I love the robust middle of this picture.
en:3132,28,28,"The Ring is worth a look, if you don't demand much more than a few cheap thrills from your Halloween entertainment.","The Ring is worth a look, if you don't demand much more than a few cheap thrills from your Halloween entertainment.",en,mbart_vectors,39,ZKH,1,"The Ring is worth a look, if you don't demand much more than a few cheap thrills from your Halloween entertainment."
en:3143,13,14,I love the new footage and still love the old stuff.,I love the new footage and still love the old stuff.,en,mbart_vectors,50,ZKH,2,I like the new footage and still love the old stuff.
en:3144,23,29,"A briefly flirts with player masochism, to to point is its interest is audience sadism -- is evaded completely.",A briefly flirtatious film player masochism to the point of his interest in audience sadism and being evaded completely.,en,mbart_vectors,51,ZKH,1,"It briefly flirts with player masochism, but the point of real interest -- audience sadism -- is evaded completely."
en:3145,12,15,... The Country Bears really be as bad as the trailers.,... The Country Bears really be as bad as the trailers.,en,mbart_vectors,52,ZKH,0,Could The Country Bears really be as bad as its trailers?
en:3149,7,8,The film seems to dead weight.,The film seems to dead weight.,en,mbart_vectors,56,ZKH,0,The film seems a dead weight.
en:3150,41,48,Sparkling often often hilarious romantic jealous comedy comedy... Attal looks so much like a young Robert Downanro that it seems like film should instead be called TheThe Husband Is Travis Bickle'.,Sparkling often hilarious romantic jealous comedy... Attal looks so much like a young Robert Downey that it seems like the film should instead be called The Husband Is Travis Bickle.,en,mbart_vectors,57,ZKH,2,"Sparkling, often hilarious romantic jealousy comedy... Attal looks so much like a young Robert DeNiro that it seems the film should instead be called `My Husband Is Travis Bickle'."
en:3152,21,22,"A lousy movie that's mere merely unwatchable, but also unlistenable.","A lousy movie that's merely unwatchable, but also unlistenable.",en,mbart_vectors,59,ZKH,0,"A lousy movie that's not merely unwatchable, but also unlistenable."
en:3154,34,42,"A strong script, powerful direction and splendid production design allows the to be transported to the world of alawdyslawpilpilpil, who is not only a pianist but but a good human being.","A strong script, powerful direction and splendid production design allows the audience to be transported to the world of Wlawpill, who is not only a pianist but also a good human being.",en,mbart_vectors,61,ZKH,2,"A strong script, powerful direction and splendid production design allows us to be transported into the life of Wladyslaw Szpilman, who is not only a pianist, but a good human being."
en:3157,11,12,It's a fanboy `what if'',It's a fanboy `what if'?,en,mbart_vectors,64,ZKH,1,It's a fanboy `what if?'
en:3160,51,58,"Stephen Reaidan Aidan Quinn, and Alan Bates play Desmond's legalagagles, and when joined by Brosnan, it sight of this grandiloquent quartet lolling in pretty Irish settings is a pleasant enough, to butbut.","Stephen Reaidan, Quinn, and Alan Bates play Desmond's legalags, and when joined by Brosnan, it's sight of this grandiloquent quartet lolling in pretty Irish settings is a pleasant enough, if not, surprise.",en,mbart_vectors,67,ZKH,2,"Stephen Rea, Aidan Quinn, and Alan Bates play Desmond's legal eagles, and when joined by Brosnan, the sight of this grandiloquent quartet lolling in pretty Irish settings is a pleasant enough thing, `tis."
en:3163,14,16,Everything was a superficial as the forced New Jersey low accent accent Uma had.,"Everything was a superficial film, the forced New Jersey low accent Uma had.",en,mbart_vectors,70,ZKH,0,Everything was as superficial as the forced New Jersey lowbrow accent Uma had.
en:3171,23,31,"A zombie movie in every sense of the word, mindless life lifeless, meandering lo loud and andful. andedxious.","A zombie movie in every sense of the word, mindless lifeless, meandering loud loud, and wise.",en,mbart_vectors,78,ZKH,0,"A zombie movie in every sense of the word -- mindless, lifeless, meandering, loud, painful, obnoxious."
en:3176,26,31,"High Crime knows knows the mistakes that bad movies make and is determined not to make,, but maybe that is nobility' the sort.","High Crime knows the mistakes that bad movies make and is determined not to make, but maybe that is nobility's sort of sort.",en,mbart_vectors,83,ZKH,1,"High Crimes knows the mistakes that bad movies make and is determined not to make them, and maybe that is nobility of a sort."
en:3179,10,14,A a blandus-camp-campus wner.,A bland-campus wnwner.,en,mbart_vectors,86,ZKH,0,... a bland murder-on-campus yawner.
en:3182,17,22,"Suffers from rambling, repetitive dialogue in the alyrab ende endemic to digital media.","Suffers from rambling, repetitive dialogue in the wickedness endemic of digital media.",en,mbart_vectors,89,ZKH,0,"Suffers from rambling, repetitive dialogue and the visual drabness endemic to digital video."
en:3185,20,21,Features one of the most affecting depictions of a love affair ever committed in film.,Features one of the most affecting depictions of a love affair ever committed in film.,en,mbart_vectors,92,ZKH,2,Features one of the most affecting depictions of a love affair ever committed to film.
en:3195,31,32,"Even a hardened voyeur would require the patience of Job to get through this interminable, shapeless documentary about a swinging subculture.","Even a hardened voyeur would require the patience of Job to get through this interminable, shapeless documentary about a swinging subculture.",en,mbart_vectors,102,ZKH,0,"Even a hardened voyeur would require the patience of Job to get through this interminable, shapeless documentary about the swinging subculture."
en:3199,31,36,"The film is con contrivance, as artificial as the video games Japanese teens play in a nightclub sequence and and it's still enjoyable film.","The film is contrive, as artificial as the video games Japanese teens play in a nightclub sequence and it's all enjoyable to watch.",en,mbart_vectors,106,ZKH,1,"The film is a contrivance, as artificial as the video games Japanese teens play in a nightclub sequence, but it's an enjoyable one."
en:3200,26,29,"At its worst the screenplay is callow, but at its best it' a young artist thoughts thoughtful consideration of hishood.","At its worst the screenplay is callow, but at its best it's a young artist thoughtful consideration of his fatherhood.",en,mbart_vectors,107,ZKH,1,"At its worst the screenplay is callow, but at its best it is a young artist's thoughtful consideration of fatherhood."
en:3206,21,26,Jeff Jeff is created a breathtakingly assured and stylish work with spare dialogue and express express expressiveness.,Jeff Jeffery created a breathtakingly assured and stylish work with spare dialogue and expressiveness.,en,mbart_vectors,113,ZKH,2,Jeffs has created a breathtakingly assured and stylish work of spare dialogue and acute expressiveness.
en:3230,18,21,Anemic chronicle of money grubbing New Yorkers and a serial loveless hookers..,Anemic chronicle of money grubbing New Yorkers and a serial loveless hooker.,en,mbart_vectors,137,ZKH,1,Anemic chronicle of money grubbing New Yorkers and their serial loveless hook ups.
en:3232,15,17,I I've decided to leave the light on every night from now on.,I've decided to leave the light on every night from now on.,en,mbart_vectors,139,ZKH,1,And I've decided to leave a light on every night from now on.
en:3242,20,24,A rarely rarely dampens her persona persona persona enough to spark genuine chemistry with Townsend.,A rarely dampens her persona enough to spark genuine chemistry with Townsend.,en,mbart_vectors,149,ZKH,1,Aaliyah rarely dampens her diva persona enough to spark genuine chemistry with Townsend.
en:3245,24,25,It would be a total loss if not for two supporting performances taking place at the movie's edges.,It would be a total loss if not for two supporting performances taking place at the movie's edges.,en,mbart_vectors,152,ZKH,1,... would be a total loss if not for two supporting performances taking place at the movie's edges.
en:3246,39,42,An inspiring and heartfeltaffirmting film about a desperate attempts of Vietnamese refugees living in U.S. relocation camps to keep their hopes alive in 1975.,An inspiring and heartfelt film about a desperate attempt to keep Vietnamese refugees living in U.S. relocation camps to keep their hopes alive in 1975.,en,mbart_vectors,153,ZKH,2,An inspiring and heart-affecting film about the desperate attempts of Vietnamese refugees living in U.S. relocation camps to keep their hopes alive in 1975.
en:3251,13,15,Allen Allens funniest and most likeable movie of years.,Allen Allen's funniest and most likeable movie of years.,en,mbart_vectors,158,ZKH,2,Allen's funniest and most likeable movie in years.
en:3253,24,29,"There is a refreshing absence of cynicism in Stuart Little and, a a rarity even even in a family film market.",There is a refreshing absence of cynicism in Stuart Little and his quite a rarity even in a family film market.,en,mbart_vectors,160,ZKH,2,"There is a refreshing absence of cynicism in Stuart Little 2 -- quite a rarity, even in the family film market."
en:3263,23,26,"Even by the intentionally low standards of fraboyboyboy humor, Sorority Boys are a bowser.","Even by the intentionally low standards of fraboy humor, Sorority Boys are a bowser.",en,mbart_vectors,170,ZKH,0,"Even by the intentionally low standards of frat-boy humor, Sorority Boys is a bowser."
en:3275,23,25,"The stunning, dreamlike visuals will impress even those viewers who have little patience for Eurofilmfilm pretensions","The stunning, dreamlike visuals will impress even those viewers who have little patience for Eurofilm pretensions.",en,mbart_vectors,182,ZKH,2,"The stunning, dreamlike visuals will impress even those viewers who have little patience for Euro-film pretension."
en:3290,21,24,"For Veggie fanses fans, this is more appetizing than the side dish of paraparagus.","For Veggie fans, this is more appetizing than the side dish of Asparagus.",en,mbart_vectors,197,ZKH,2,"For VeggieTales fans, this is more appetizing than a side dish of asparagus."
en:3291,41,42,"While it regards 1967 as a key turning point of the 20th century, and returns again and again to images of dissidents in the streets, it's alarmingly current.","While it regards 1967 as a key turning point in the 20th century, and returns again and again to images of dissidents in the streets, it's alarmingly current.",en,mbart_vectors,198,ZKH,1,"While it regards 1967 as the key turning point of the 20th century, and returns again and again to images of dissidents in the streets, it's alarmingly current."
en:3296,46,49,"While Tattoo borrows heavily from both Seven and The Silence of the Lambs, it manages to maintain at a level of sophisticated intrigue and human-likecale characters that suck the audience out.","While Tattoo borrows heavily from both Seven and The Silence of the Lambs, it manages to maintain at a level of sophisticated intrigue and human-like characters that suck the audience out.",en,mbart_vectors,203,ZKH,2,"While Tattoo borrows heavily from both Seven and The Silence of the Lambs, it manages to maintain both a level of sophisticated intrigue and human-scale characters that suck the audience in."
en:3299,25,28,"It's the best film of the year, far, a benchmark against which all other Best Western contenders should be measured.","It's the best film of the year, far far better benchmark against which all other Best Western contenders should be measured.",en,mbart_vectors,206,ZKH,2,"It's the best film of the year so far, the benchmark against which all other Best Picture contenders should be measured."
en:3300,14,14,This is one of the biggest disappointments of the year.,This is one of the biggest disappointments of the year.,en,mbart_vectors,207,ZKH,0,This is one of the biggest disappointments of the year.
en:3302,36,41,"Denis forges out of the theories of class based basedragerage and sisterly obsession --sideor-shad tuning fork that rings with cultural, sexual and social discord.","Denis forges out of the theories of class basedrage and sisterly obsession, razor-shade tuning fork, and rings with cultural, sexual and social discord.",en,mbart_vectors,209,ZKH,1,"Denis forges out of the theories of class - based rage and sisterly obsession a razor-sided tuning fork that rings with cultural, sexual and social discord."
en:3328,38,44,"A thoroughly awful movie with dumb, narrative cha chaotic, visually sloppy -- and weird amalgam of `The Thing' and ` geriatric `Scream''","A thoroughly awful movie of dumb, narrative chaoticly visually sloppy and weird amalgam of `The Thing' and `Thetric`.",en,mbart_vectors,235,ZKH,0,"A thoroughly awful movie -- dumb, narratively chaotic, visually sloppy... a weird amalgam of `The Thing' and a geriatric `Scream.'"
en:3331,35,36,"The movie has no respect for laws, political correctness, common decency, but it displays something more important: respect for its flawed, crazy people.","The movie has no respect for laws, political correctness, common decency, but it displays something more important: respect for its flawed, crazy people.",en,mbart_vectors,238,ZKH,1,"The movie has no respect for laws, political correctness or common decency, but it displays something more important: respect for its flawed, crazy people."
en:3337,33,36,"It would be disingenuous to call Re Re a great film, but you can say that it most of the flicks moving in and out of multiple multiplex.","It would be disingenuous to call Re Re a great film, but you can say that it most of the flicks moving in and out, with multiplex.",en,mbart_vectors,244,ZKH,1,"It would be disingenuous to call Reno a great film, but you can say that about most of the flicks moving in and out of the multiplex."
en:3341,10,11,"Intriguing, downright intoxicating.","Intriguing, downright toxic.",en,mbart_vectors,248,ZKH,2,Intriguing and downright intoxicating.
en:3343,29,32,Perhaps the most annoying thing about Who is Cletis Tout Tout is that it's a crime movie made by someone who obviously knows nothing about the.,Perhaps the most annoying thing about Who is Cletis Tout Tout? is that it's a crime movie made by someone who obviously knows nothing about the crime.,en,mbart_vectors,250,ZKH,0,Perhaps the most annoying thing about Who Is Cletis Tout? is that it's a crime movie made by someone who obviously knows nothing about crime.
en:3345,22,26,"The quirky drama touches the heart and is funny, thanks to its energetic and always surprising performance of Rachel Griffiths.",The quirky drama touches the heart and is funny thanks to its energetic and always surprising performance of Rachel Griffiths.,en,mbart_vectors,252,ZKH,2,The quirky drama touches the heart and the funnybone thanks to the energetic and always surprising performance by Rachel Griffiths.
en:3347,12,12,Bad and baffling from the get-go.,Bad and baffling from the get-go.,en,mbart_vectors,254,ZKH,0,Bad and baffling from the get-go.
en:3348,25,28,"The movie is a blast of educational energy, bou bouncy animaanimation and catchy songs escort you through the entire 60 minutes.","The movie is a blast of educational energy, bouncy animations and catchy songs escort you through the entire 60 minutes.",en,mbart_vectors,255,ZKH,2,"The movie is a blast of educational energy, as bouncy animation and catchy songs escort you through the entire 85 minutes."
en:3352,33,38,"The real charm of this trifle is the deadpan comic face of the star, Jean Reno, who resembles Slylonelone as a for, half-sleep.","The real charm of this trifle is the deadpan comic face of the star, Jean Reno, who resembles Slylone as a for his sake half-sleep.",en,mbart_vectors,259,ZKH,1,"The real charm of this trifle is the deadpan comic face of its star, Jean Reno, who resembles Sly Stallone in a hot sake half-sleep."
en:3359,51,56,"Latete can avoidt avoid a fatal mistake in the modern era: He changeds changed the male academic from a lower-class Brit to an American, a choice that hasholds the novel's exquisite balance and shreds the fabric of the film.",Late Late can't avoid a fatal mistake in the modern era: He changed the male academic from a lower-class Brit to an American with a choice that is the novel's exquisite balance of shreds and fabric and the depths of,en,mbart_vectors,266,ZKH,1,"LaBute can't avoid a fatal mistake in the modern era: He's changed the male academic from a lower-class Brit to an American, a choice that upsets the novel's exquisite balance and shreds the fabric of the film."
en:3363,13,17,Itryless a great performance in a film that doesn't merit it.,It's a poor performance in a film that doesn't merit it.,en,mbart_vectors,270,ZKH,1,Gere gives a good performance in a film that doesn't merit it.
en:3367,24,24,"The director, with his fake backdrops and stately pacing, never settles on a consistent tone.","The director, with his fake backdrops and stately pacing, never settles on a consistent tone.",en,mbart_vectors,274,ZKH,0,"The director, with his fake backdrops and stately pacing, never settles on a consistent tone."
en:3368,20,27,"Why it was given to reign over the project and he wrote, directed star starred and produced it beyond beyond me.","Why it was given to reign over the project and how it wrote, directed stars produced a film beyond its",en,mbart_vectors,275,ZKH,0,"Why he was given free reign over this project -- he wrote, directed, starred and produced -- is beyond me."
en:3369,23,27,If you enjoy being rewarded with a script that assumes you''t very bright and the Blood Work is for you.,If you enjoy being rewarded with a script that assumes you're a very bright and Blood Work is for you.,en,mbart_vectors,276,ZKH,0,"If you enjoy being rewarded by a script that assumes you aren't very bright, then Blood Work is for you."
en:3370,33,37,Like Rudy Yellow Lodgere Eyre needs to take a good sweat to clarify his owntic vision before his own creation and remember the lessons of the trickster.der.,Like Rudy Yellow Lodgere needs to take a good sweat to clarify his own vision before his own creation to remember the lessons of the trickster.,en,mbart_vectors,277,ZKH,0,"Like Rudy Yellow Lodge, Eyre needs to take a good sweat to clarify his cinematic vision before his next creation and remember the lessons of the trickster spider."
en:3382,9,11,"Hard, endearing car caring, warm","Hard, endearing car car caring, warm",en,mbart_vectors,289,ZKH,2,"Hard, endearing, caring, warm."
en:3384,31,38,The way Copses professes his love for movies is both colorful popjunkjunkjunk classic classics that unequivocally qualify him a -- is giddily entertaining.,The way Coppola professes his love for movies is both colorful popjunkjunk and classics that unequivocally qualify for a film that is giddily entertaining.,en,mbart_vectors,291,ZKH,2,The way Coppola professes his love for movies -- both colorful pop junk and the classics that unequivocally qualify as art -- is giddily entertaining.
en:3392,38,41,It won't bust your gut -- it it's not intended to be mere's merely a blandly cinematic surgical examination of what makes a joke a joke.,It won't bust your gut -- it's not intended to be merely a blandly cinematic surgical examination of what makes a joke -- or,en,mbart_vectors,299,ZKH,1,It won't bust your gut -- and it's not intended to -- it's merely a blandly cinematic surgical examination of what makes a joke a joke.
en:3397,27,35,"The 12--- bantheterter-shoote banter of Welcome to Collinwood has a cocky, after-hours loopiness to it.","The 12-year-old banter of Welcome to Collinwood has a cocky, after-hours loopiness to it.",en,mbart_vectors,304,ZKH,1,"The doofus-on-the-loose banter of Welcome to Collinwood has a cocky, after-hours loopiness to it."
en:3398,15,16,One's the funniest American comedy since Graffiti Bridge.,One of the funniest American comedy since Graffiti Bridge.,en,mbart_vectors,305,ZKH,2,It's the funniest American comedy since Graffiti Bridge.
en:3401,36,40,"Often gruelling and heartbreaking to witness, but Selil' Wollterlings sterling performances raise this film above the level of the usual maudlin disease movie.","Often gruelling and heartbreaking to witness, but Selil's sterling performances raise this film above the level of its usual maudlin disease movie.",en,mbart_vectors,308,ZKH,2,"Often gruelling and heartbreaking to witness, but Seldahl and Wollter's sterling performances raise this far above the level of the usual maudlin disease movie."
en:3406,22,25,"That essential essentially what's missing from Blackboard -- -- a sense of something bigger, some ultimate point.","That essentially what's missing from Blackboard is a sense of something bigger, some ultimate point.",en,mbart_vectors,313,ZKH,1,"That is essentially what's missing from Blackboards -- the sense of something bigger, some ultimate point."
en:3409,30,34,"A dimwitwitted and lazy spinoffoff of the Animal Planet documentary series, Crocodile Hunter is entertainmentismism of its most glaring.","A dimwitted and lazy spinoff of the Animal Planet documentary series, Crocodile Hunter is entertainmentism's one of the most glaring",en,mbart_vectors,316,ZKH,0,"A dim-witted and lazy spin-off of the Animal Planet documentary series, Crocodile Hunter is entertainment opportunism at its most glaring."
en:3421,21,23,A awful movie that will satisf satisfy the most emotionally malleable of filmgoers.,Awful movie that will satisfy the most emotionally malleable of filmgoers.,en,mbart_vectors,328,ZKH,0,An awful movie that will only satisfy the most emotionally malleable of filmgoers.
en:3443,56,67,"The''s work to hisling life's wonders is a rambling, incoherent manifesto about a vague, of topical excess... and Praise for Love remains a ponderous and pretentious endeavor that's unfocused and tedioously exasperating.",The film's depths of life's wonders are a rambling and incoherent manifesto about a vaguely topical excess... Praise for Love remains a ponderous and pretentious endeavor that's unfocused and tedious.,en,mbart_vectors,350,ZKH,0,Godard's ode to tackling life's wonderment is a rambling and incoherent manifesto about the vagueness of topical excess... In Praise of Love remains a ponderous and pretentious endeavor that's unfocused and tediously exasperating.
en:3445,36,42,I' truly come to care about the main characters and whether or not they windll wind up together in in Michel Michel's spiritual quest is neither amusing nor dramatic enough to sustain interest.,I've never truly come to care about the main characters and whether or not they wind up together in Michele's spiritual quest -- neither amusing nor dramatic enough to sustain interest.,en,mbart_vectors,352,ZKH,0,"We never truly come to care about the main characters and whether or not they'll wind up together, and Michele's spiritual quest is neither amusing nor dramatic enough to sustain interest."
en:3448,17,20,Peralta mys mythmaking could have used some informed adult adult hindsights,Peralta mythmaking could have used some informed adult hindsights.,en,mbart_vectors,355,ZKH,1,"Peralta's mythmaking could have used some informed, adult hindsight."
en:3455,29,35,Adults certainly certainly want to spend more time in a theater thinking of grocery lists and ways to tell their kids that not to play like Pinocchio.,Adults certainly want to spend more time in the theater thinking of grocery lists and ways to tell their kids that not to be like Pinocchio.,en,mbart_vectors,362,ZKH,1,Adults will certainly want to spend their time in the theater thinking up grocery lists and ways to tell their kids how not to act like Pinocchio.
en:3456,27,31,"It as distinctive as even as humorous, its needs to be, stand out, but it has clearly been made with affection and care.","It's as distinctive and even as humorous as its needs to be, and stand out, as it has clearly been made with affection and care.",en,mbart_vectors,363,ZKH,1,"Not as distinctive or even as humorous as its needs to be to stand out, but it has clearly been made with affection and care."
en:3457,20,20,A generic family comedy unlikely to be appreciated by anyone outside the under-10 set.,A generic family comedy unlikely to be appreciated by anyone outside the under-10 set.,en,mbart_vectors,364,ZKH,0,A generic family comedy unlikely to be appreciated by anyone outside the under-10 set.
en:3461,21,31,Co-direct JonathanAor Jonathan Parker's attempts to fashionablelikeianlike sati sati-re satire fallfullyreadfully short.,"Co-director Jonathan Parker's attempts to fashionable, hyper-real satire fall dreadfully short.",en,mbart_vectors,368,ZKH,0,"Co-writer/director Jonathan Parker's attempts to fashion a Brazil-like, hyper-real satire fall dreadfully short."
en:3470,7,16,It' doesn't make the to to the the sense sense.,It's a story about the power of a sense.,en,mbart_vectors,377,ZKH,1,It just doesn't have much else... especially in a moral sense.
en:3471,13,24,The wholikemiliar with thed's are be it War War Ward occasionally bewildering.,"The film is a bit of a Ward, occasionally bewildering",en,mbart_vectors,378,ZKH,1,Those unfamiliar with Mormon traditions may find The Singles Ward occasionally bewildering.
en:3473,16,19,"... the talented actor alone will keep you watching, and will the fight scenes.","... the talented actor alone will keep you watching, and will give fight scenes.",en,mbart_vectors,380,ZKH,2,"But the talented cast alone will keep you watching, as will the fight scenes."
en:3477,20,24,An important movie to to reminder of the power of film to bring us to to make us examine our values.,An important movie to remind us of the power of film to enable us to make a better examine of values.,en,mbart_vectors,384,ZKH,2,"An important movie, a reminder of the power of film to move us and to make us examine our values."
en:3479,23,24,A richly imagined and admirably mature work from a gifted director who definitely has something in his mind.,A richly imagined and admirably mature work from a gifted director who definitely has something in his mind.,en,mbart_vectors,386,ZKH,2,A richly imagined and admirably mature work from a gifted director who definitely has something on his mind.
en:3482,21,22,What what's nice is that there's a casual intelligence that permeates the script.,What's nice is that there's a casual intelligence that permeates the script.,en,mbart_vectors,389,ZKH,2,But what's nice is that there's a casual intelligence that permeates the script.
en:3487,16,28,Thes likecreamly but if it were a albumed movie film butbeit made made by the smartest kids of class.,The film is a tribute to the work that is made by the smart kids of class.,en,mbart_vectors,394,ZKH,1,"Feels slight, as if it were an extended short, albeit one made by the smartest kids in class."
en:3488,13,13,The picture doesn't know it's a comedy.,The picture doesn't know it's a comedy.,en,mbart_vectors,395,ZKH,1,The picture doesn't know it's a comedy.
en:3494,13,26,"It's a storylinesning, aful, -- andly,, finally finally, deeply humanizing.","It's a story of a woman's courage, finally deepizing.",en,mbart_vectors,401,ZKH,2,"It's a head-turner -- thoughtfully written, beautifully read and, finally, deeply humanizing."
en:3497,14,33,Ation a is isd ate performanceficance in a's a most-fi and spectacle of Walliffle'allall.ats.,"A rare and unforgettable performance, which is a perfect example of a comedy spectacle that's all-Ball.",en,mbart_vectors,404,ZKH,0,Men in Black II achieves ultimate insignificance -- it's the sci-fi comedy spectacle as Whiffle-Ball epic.
en:3499,28,29,Presents a good case while failing to provide a reason for people to care beyond the very basic dictums of human decency.,Presents a good case while failing to provide a reason for people to care beyond the very basic dictums of human decency.,en,mbart_vectors,5,ZKW,1,Presents a good case while failing to provide a reason for us to care beyond the very basic dictums of human decency.
en:3501,22,24,Bread Bre My Sweet has so many flaws that would be easy for critics to shred it.,Bread Bread My Sweet has so many flaws that would be easy for critics to shred and,en,mbart_vectors,7,ZKW,0,"Bread, My Sweet has so many flaws it would be easy for critics to shred it."
en:3507,31,40,"If Decesces Wild had been tweaked to, notch, would have become a camp adventure, but of the movies where sos so bad it starts to become..","If Deces Wild had been tweaked to be notch, it would have become a camp adventure, but of the movies that are so bad it starts to become.",en,mbart_vectors,14,ZKW,1,"If Deuces Wild had been tweaked up a notch it would have become a camp adventure, one of those movies that's so bad it starts to become good."
en:3525,8,10,It' the robust middle of this picture.,It's in the robust middle of this picture.,en,mbart_vectors,32,ZKW,2,I love the robust middle of this picture.
en:3532,25,28,The Ring is worth a watch if if you don't demand more more than a few cheap thrills from your Halloween entertainment.,The Ring is worth a few bucks if you don't demand more than a few cheap thrills from your Halloween entertainment.,en,mbart_vectors,39,ZKW,1,"The Ring is worth a look, if you don't demand much more than a few cheap thrills from your Halloween entertainment."
en:3543,12,14,I love the new footage and I love the old stuff.,I love the new footage and I love the new stuff.,en,mbart_vectors,50,ZKW,2,I like the new footage and still love the old stuff.
en:3544,27,29,"It briefly flirts with player masochism, but the point of its interest is audience sadism -- is evaded completely.","It briefly flirts with player masochism, but the point of its interest in audience sadism is evaded completely.",en,mbart_vectors,51,ZKW,1,"It briefly flirts with player masochism, but the point of real interest -- audience sadism -- is evaded completely."
en:3545,15,15,Could The Country Bears really be as bad as its trailers?,Could The Country Bears really be as bad as its trailers?,en,mbart_vectors,52,ZKW,0,Could The Country Bears really be as bad as its trailers?
en:3549,7,8,The film seems a dead one.,The film seems a dead horse.,en,mbart_vectors,56,ZKW,0,The film seems a dead weight.
en:3550,42,48,"Sparkling often often hilarious romantic jealous comedy comedy... Attal looks so much like a young Robert DeNiro, it seems the movie should instead be called TheThe Husband Is Travis Bickle'.","Sparkling often hilarious romantic jealous comedy... Attal looks so much like a young Robert DeNiro, but it seems the film should instead be called The Husband Is Travis Bickle.",en,mbart_vectors,57,ZKW,2,"Sparkling, often hilarious romantic jealousy comedy... Attal looks so much like a young Robert DeNiro that it seems the film should instead be called `My Husband Is Travis Bickle'."
en:3552,21,22,"A lousy movie that's not merely unwatchable, but also unableable.","A lousy movie that's not merely unwatchable, but also unable.",en,mbart_vectors,59,ZKW,0,"A lousy movie that's not merely unwatchable, but also unlistenable."
en:3554,37,42,"A strong script, powerful direction and splendid production design allows the to be transported to the life of Wlawdyslawpilpilman, who is not only a pianist but but a good human being.","A strong script, powerful direction and splendid production design allows the audience to be transported to the life of Wlawpill who is not only a pianist but a good human being.",en,mbart_vectors,61,ZKW,2,"A strong script, powerful direction and splendid production design allows us to be transported into the life of Wladyslaw Szpilman, who is not only a pianist, but a good human being."
en:3557,10,12,It's a fanboy `what''',It's a fanboy `what's'?,en,mbart_vectors,64,ZKW,1,It's a fanboy `what if?'
en:3560,52,58,"Stephen Reaidan Aidan Quinn, and Alan Bates play Desmond's legalagagles, and when joined by Brosnan, it sight of this grandiloquent quartet lolling in pretty Irish settings is a pleasant enough,, `tis ``","Stephen Reaidan, Quinn, and Alan Bates play Desmond's legalags, and when joined by Brosnan, it's sight of this grandiloquent quartet lolling out pretty Irish settings in a pleasant enough, `tiss`.",en,mbart_vectors,67,ZKW,2,"Stephen Rea, Aidan Quinn, and Alan Bates play Desmond's legal eagles, and when joined by Brosnan, the sight of this grandiloquent quartet lolling in pretty Irish settings is a pleasant enough thing, `tis."
en:3563,14,16,Everything was as superficial as the forced New Jersey low accent accent Uma Thu.,Everything was as superficial as the forced New Jersey low accent Uma Thurman.,en,mbart_vectors,70,ZKW,0,Everything was as superficial as the forced New Jersey lowbrow accent Uma had.
en:3571,25,31,"A zombie movie that every sense of the word: mindless life lifeless, meandering lo loud, obful ob obnoxious.","A zombie movie in every sense of the word: mindless, lifeless, meandering loud painful obnoxious.",en,mbart_vectors,78,ZKW,0,"A zombie movie in every sense of the word -- mindless, lifeless, meandering, loud, painful, obnoxious."
en:3576,23,31,"The Crime knows knows the mistakes that bad movies make and is determined to to make,, and maybe it' thebility of the sort.","The Crimes knows the mistakes that bad movies make and is determined to make, and maybe it's the nobility of the sort.",en,mbart_vectors,83,ZKW,1,"High Crimes knows the mistakes that bad movies make and is determined not to make them, and maybe that is nobility of a sort."
en:3579,10,14,A a blandus-camp-campus wner.,A bland-campus wnwner.,en,mbart_vectors,86,ZKW,0,... a bland murder-on-campus yawner.
en:3582,21,22,"Suffers from rambling, repetitive dialogue and a visual drabness endemic to digital video.","Suffers from rambling, repetitive dialogue and a visual drab endemic to digital video.",en,mbart_vectors,89,ZKW,0,"Suffers from rambling, repetitive dialogue and the visual drabness endemic to digital video."
en:3585,20,21,Features one of the most affecting depictions of a love affair ever committed in film.,Features one of the most affecting depictions of a love affair ever committed in film.,en,mbart_vectors,92,ZKW,2,Features one of the most affecting depictions of a love affair ever committed to film.
en:3595,29,32,"Even a hardened voyeur would require a patience of Job to go through this interminable, shapeless documentary about a swinging subculture.","Even a hardened voyeur would require a bit of patience and Job to get through this interminable, shapeless documentary about a swinging subculture.",en,mbart_vectors,102,ZKW,0,"Even a hardened voyeur would require the patience of Job to get through this interminable, shapeless documentary about the swinging subculture."
en:3599,31,36,The film is a contrivance as as artificial as the video games Japanese teens play in a night se sequence and it it's an enjoyable film.,The film is a contrivance as artificial as the video games Japanese teens play in a night sequence and it's an enjoyable film.,en,mbart_vectors,106,ZKW,1,"The film is a contrivance, as artificial as the video games Japanese teens play in a nightclub sequence, but it's an enjoyable one."
en:3600,27,29,"At its worst it screenplay is callow, but at its best it is a young artist's thoughtful consideration of hishood.","At its worst it's screenplay a callow, but at its best it is a young artist's thoughtful consideration of his fatherhood.",en,mbart_vectors,107,ZKW,1,"At its worst the screenplay is callow, but at its best it is a young artist's thoughtful consideration of fatherhood."
en:3606,24,26,Jeff Jeff has created a breathtakingly assured and stylish work with spare dialogue and acute expressiveness.,Jeff Jeffs has created a breathtakingly assured and stylish work with spare dialogue and acute expressiveness.,en,mbart_vectors,113,ZKW,2,Jeffs has created a breathtakingly assured and stylish work of spare dialogue and acute expressiveness.
en:3630,20,21,Anemic chronicle of money grubbing New Yorkers and their serial loveless hook up..,Anemic chronicle of money grubbing New Yorkers and their serial loveless hook up.,en,mbart_vectors,137,ZKW,1,Anemic chronicle of money grubbing New Yorkers and their serial loveless hook ups.
en:3632,13,17,I I've decided to leave the light in every night of now on.,"I've decided to leave the light of every night here, now on.",en,mbart_vectors,139,ZKW,1,And I've decided to leave a light on every night from now on.
en:3642,21,24,A rarely rarely dampens her diva persona enough to spark genuine chemistry in Townsend.,A rarely dampens her diva persona enough to spark genuine chemistry in Townsend.,en,mbart_vectors,149,ZKW,1,Aaliyah rarely dampens her diva persona enough to spark genuine chemistry with Townsend.
en:3645,24,25,It would be a total loss if not for two supporting performances taking place at the movie's edges.,It would be a total loss if not for two supporting performances taking place at the movie's edges.,en,mbart_vectors,152,ZKW,1,... would be a total loss if not for two supporting performances taking place at the movie's edges.
en:3646,40,42,An inspiring and heartfeltaffecting film about a desperate attempts of Vietnamese refugees living in U.S. relocation camps to keep their hopes alive in 1975.,An inspiring and heartfelt film about a desperate attempt to keep Vietnamese refugees living in U.S. relocation camps to keep their hopes alive in 1975.,en,mbart_vectors,153,ZKW,2,An inspiring and heart-affecting film about the desperate attempts of Vietnamese refugees living in U.S. relocation camps to keep their hopes alive in 1975.
en:3651,13,15,Allen Allens funniest and most likeable movie of years.,Allen Allen's funniest and most likeable movie of years.,en,mbart_vectors,158,ZKW,2,Allen's funniest and most likeable movie in years.
en:3653,25,29,"There is a refreshing absence of cynicism in Stuart Little and, and a rarity even even in the family film market.",There is a refreshing absence of cynicism in Stuart Little and it's quite a rarity even in the family film market.,en,mbart_vectors,160,ZKW,2,"There is a refreshing absence of cynicism in Stuart Little 2 -- quite a rarity, even in the family film market."
en:3663,23,26,"Even by the intentionally low standards of fraboyboyboy humor, Soror Boys Boys is a bowser.","Even by the intentionally low standards of fraboy humor, Soror Boys is a bowser.",en,mbart_vectors,170,ZKW,0,"Even by the intentionally low standards of frat-boy humor, Sorority Boys is a bowser."
en:3675,23,25,"The stunning, dreamlike visuals will impress even those viewers who have little patience for Eurofilmfilm pretensions","The stunning, dreamlike visuals will impress even those viewers who have little patience for Eurofilm pretensions.",en,mbart_vectors,182,ZKW,2,"The stunning, dreamlike visuals will impress even those viewers who have little patience for Euro-film pretension."
en:3690,22,24,"For Veggie fanses fans, this is more appetizing than a side dish of paraparagus.","For Veggie fans, this is more appetizing than a side dish of paraparagus.",en,mbart_vectors,197,ZKW,2,"For VeggieTales fans, this is more appetizing than a side dish of asparagus."
en:3691,40,42,"While it regards 1967 as the key turning point of the 20th century, and returns again and again to images of dissidents, the films, it's alarmingly current.","While it regards 1967 as the key turning point of the 20th century, and returns again and again to images of dissidents, the film's alarmingly current",en,mbart_vectors,198,ZKW,1,"While it regards 1967 as the key turning point of the 20th century, and returns again and again to images of dissidents in the streets, it's alarmingly current."
en:3696,47,49,"While Tattoo borrows heavily from both Seven and The Silence of the Lambs, it manages to maintain both a level of sophisticated intrigue and human-calecale characters that suck the audience out.","While Tattoo borrows heavily from both Seven and The Silence of the Lambs, it manages to maintain both a level of sophisticated intrigue and human-cale characters that suck the audience out.",en,mbart_vectors,203,ZKW,2,"While Tattoo borrows heavily from both Seven and The Silence of the Lambs, it manages to maintain both a level of sophisticated intrigue and human-scale characters that suck the audience in."
en:3699,26,28,"It's the best film of the year so far, a benchmark against which all other Best Picture contenders can be measured.","It's the best film of the year so far, a benchmark against which all other Best Picture contenders can be measured.",en,mbart_vectors,206,ZKW,2,"It's the best film of the year so far, the benchmark against which all other Best Picture contenders should be measured."
en:3700,13,14,It is one of the biggest disappointments of the year.,It's just one of the biggest disappointments of the year.,en,mbart_vectors,207,ZKW,0,This is one of the biggest disappointments of the year.
en:3702,36,41,"Denis forges out of the theories of class based basedragerage and sister ob obsession a razor-shad tuning fork thatringsrings with cultural, sexual and social discord.","Denis forges out of the theories of class basedrage and sister obsession, a razor-shade tuning fork thatrings with cultural, sexual and social discord.",en,mbart_vectors,209,ZKW,1,"Denis forges out of the theories of class - based rage and sisterly obsession a razor-sided tuning fork that rings with cultural, sexual and social discord."
en:3728,35,44,"A thoroughly awful movie -- aly, narrative cha chaotic, visually sloppy -- and amalga amalgam of `The Thing Is and ` geriatric `Scream''",A thoroughly awful movie -- a narrative chaotic visually sloppy -- and its amalgam of `The Thing' and `atric`.,en,mbart_vectors,235,ZKW,0,"A thoroughly awful movie -- dumb, narratively chaotic, visually sloppy... a weird amalgam of `The Thing' and a geriatric `Scream.'"
en:3731,29,36,"It film has no respect for laws of correct correctness or common decency, but it displays something more important: respect for a flawed and talent people.","It has no respect for laws of correctness or common decency, but it displays something more important: respect for the flawed and talented people.",en,mbart_vectors,238,ZKW,1,"The movie has no respect for laws, political correctness or common decency, but it displays something more important: respect for its flawed, crazy people."
en:3737,33,36,"It may be disingenuous to call Reno a great film, but I can say that about most of the flicks that in and out of the multiplex.","It may be disingenuous to call Reno a great film, but I can say that about most of the flicks we've seen in and out of the multiplex.",en,mbart_vectors,244,ZKW,1,"It would be disingenuous to call Reno a great film, but you can say that about most of the flicks moving in and out of the multiplex."
en:3741,11,11,Intriguing and downright intoxicating.,Intriguing and downright intoxicating.,en,mbart_vectors,248,ZKW,2,Intriguing and downright intoxicating.
en:3743,20,32,Perhaps the film importantying thing is thisle theo is is It that it iss a crime that made by someone who obviously knows nothing about crime.,"Perhaps the film is a bit too much for the audience to understand, and the film is a crime that made it to someone who obviously knows nothing about crime.",en,mbart_vectors,250,ZKW,0,Perhaps the most annoying thing about Who Is Cletis Tout? is that it's a crime movie made by someone who obviously knows nothing about crime.
en:3745,14,26,A quirky drama touches the heart of is funny thanks thanks to the talent film talent funny directors the Griffiths and,"A quirky drama touches the heart of a funny, thanks to the talented directors who have done it all: Michael Griffiths, Griffiths, Griffiths.",en,mbart_vectors,252,ZKW,2,The quirky drama touches the heart and the funnybone thanks to the energetic and always surprising performance by Rachel Griffiths.
en:3747,11,12,... and baffling from the get-go.,... and baffling from the get-go.,en,mbart_vectors,254,ZKW,0,Bad and baffling from the get-go.
en:3748,17,28,"The movie is a blast of educational energy, its bouncy ashumour and y music fill you to a movie movie-.","The movie is a blast of educational energy, its bouncy wit, and its depths are vastly overshadowed by the fact that it only lasts 10 minutes.",en,mbart_vectors,255,ZKW,2,"The movie is a blast of educational energy, as bouncy animation and catchy songs escort you through the entire 85 minutes."
en:3752,37,38,"The real charm of this trifle is the deadpan comic face of its star, Jean Reno, who resembles Slylonelone in a hot sake half-sleep.","The real charm of this trifle is the deadpan comic face of its star, Jean Reno, who resembles Slylone in a hot sake half-sleep.",en,mbart_vectors,259,ZKW,1,"The real charm of this trifle is the deadpan comic face of its star, Jean Reno, who resembles Sly Stallone in a hot sake half-sleep."
en:3759,52,56,"Latete can't avoid a fatal mistake in the modern world: He's changed the male academic from a lower-class Brit to an American, the choice that setsets the novel's exquisite balance and shreds the fabric of the film.","Late Late can't avoid a fatal mistake in the modern world. He's changed the male academic from a lower-class Brit to an American, the choice is upset by his novel's exquisite balance and shreds the fabric of the American dream.",en,mbart_vectors,266,ZKW,1,"LaBute can't avoid a fatal mistake in the modern era: He's changed the male academic from a lower-class Brit to an American, a choice that upsets the novel's exquisite balance and shreds the fabric of the film."
en:3763,15,17,Gere gives a good performance but a film that doesn't merit a.,Gere gives a good performance but the film doesn't merit it.,en,mbart_vectors,270,ZKW,1,Gere gives a good performance in a film that doesn't merit it.
en:3767,21,24,"The director, with his fake backdrops and stately pacing never never settles for a consistent performance.","The director, with his fake backdrops and stately pacing never settles for a consistent performance.",en,mbart_vectors,274,ZKW,0,"The director, with his fake backdrops and stately pacing, never settles on a consistent tone."
en:3768,24,27,"Why I was given free reign to this project -- he wrote, directed, starred and produced it is beyond me.","Why I was given free reign to this project -- I wrote, directed, starred and produced it beyond me.",en,mbart_vectors,275,ZKW,0,"Why he was given free reign over this project -- he wrote, directed, starred and produced -- is beyond me."
en:3769,25,27,"If you enjoy being rewarded with a script that assumes you aren't very good, then Blood Work is for you.","If you enjoy being rewarded with a script that assumes you aren't very good, then Blood Work is for you.",en,mbart_vectors,276,ZKW,0,"If you enjoy being rewarded by a script that assumes you aren't very bright, then Blood Work is for you."
en:3770,33,37,Like Rudy Yellow Lodgere Eyre needs to take a good sweat to clarify his cinematic vision before his next creation -- remember the lessons of a tricksterderder.,Like Rudy Yellow Lodgere needs to take a good sweat to clarify his cinematic vision before his next creation -- remember the lessons of a tricksterder.,en,mbart_vectors,277,ZKW,0,"Like Rudy Yellow Lodge, Eyre needs to take a good sweat to clarify his cinematic vision before his next creation and remember the lessons of the trickster spider."
en:3782,9,11,"Hard, endearing car caring, warm","Hard, endearing car car caring, warm",en,mbart_vectors,289,ZKW,2,"Hard, endearing, caring, warm."
en:3784,33,38,The way Coppola professes his love for movies is both colorful popjunkjunk and classic classics -- unequivocally qualify the art -- is giddily entertaining.,"The way Coppola professes his love for movies is both colorful popjunk and classics, unequivocally qualify the art that is giddily entertaining.",en,mbart_vectors,291,ZKW,2,The way Coppola professes his love for movies -- both colorful pop junk and the classics that unequivocally qualify as art -- is giddily entertaining.
en:3792,35,41,It won't bust a gut but it it's not intended to be but's merely a blandly cinematic surgical examination of what makes a joke a true.,It won't bust a gut and it's not intended to be merely a blandly cinematic surgical examination of what makes a joke a good one.,en,mbart_vectors,299,ZKW,1,It won't bust your gut -- and it's not intended to -- it's merely a blandly cinematic surgical examination of what makes a joke a joke.
en:3797,22,35,The ``-- banterterter-tere banter is Welcome to Collin is is a cocky- afterhohours loopiness to it.,"The ``the-of-the-shooter'' is Welcome to Collin, with a cocky, afterhours-hours feels to be",en,mbart_vectors,304,ZKW,1,"The doofus-on-the-loose banter of Welcome to Collinwood has a cocky, after-hours loopiness to it."
en:3798,15,16,One's the funniest American comedy since Graffiti Bridge.,One of the funniest American comedy since Graffiti Bridge.,en,mbart_vectors,305,ZKW,2,It's the funniest American comedy since Graffiti Bridge.
en:3801,35,40,"Often gruelling and heartbreaking to witness, Sel Selil' Wollter's sterling performances raise it far above the standard of the usual maudlin disease movie.","Often gruelling and heartbreaking to witness, Selil's sterling performances raise it far above the standards of its usual maudlin disease movie.",en,mbart_vectors,308,ZKW,2,"Often gruelling and heartbreaking to witness, but Seldahl and Wollter's sterling performances raise this far above the level of the usual maudlin disease movie."
en:3806,18,25,"It is essentially what's missing in Blackboard,, the idea of something bigger, some ultimate -","It is essentially what's missing in Blackboard, the idea of something bigger, some ultimate thrill.",en,mbart_vectors,313,ZKW,1,"That is essentially what's missing from Blackboards -- the sense of something bigger, some ultimate point."
en:3809,31,34,"A dimwitwitted and lazy spinoffoff of the Animal Planet documentary series, Crocodile Hunter is entertainmentismism at its most glaring.","A dimwitted and lazy spinoff of the Animal Planet documentary series, Crocodile Hunter is entertainmentism at its most glaring.",en,mbart_vectors,316,ZKW,0,"A dim-witted and lazy spin-off of the Animal Planet documentary series, Crocodile Hunter is entertainment opportunism at its most glaring."
en:3821,22,23,A awful movie that will only satisfy the most emotionally malleable of filmgoers.,Awful movie that will only satisfy the most emotionally malleable of filmgoers.,en,mbart_vectors,328,ZKW,0,An awful movie that will only satisfy the most emotionally malleable of filmgoers.
en:3843,61,67,"Godard's ode to tackling life's wonders is a rambling and incoherent manifesto about a vague, of topical excess... Pra Praise for Love remains a ponderous and pretentious endeavor that's unfocused and tedioously exasperating.",Godard's ode to tackling life's wonders is a rambling and incoherent manifesto about a vaguely topical excess... Praise for Love remains a ponderous and pretentious endeavor that's unfocused and tediously exasperating.,en,mbart_vectors,350,ZKW,0,Godard's ode to tackling life's wonderment is a rambling and incoherent manifesto about the vagueness of topical excess... In Praise of Love remains a ponderous and pretentious endeavor that's unfocused and tediously exasperating.
en:3845,34,42,It' truly come to grip about the main characters -- whether or not they windll wind up together in the Michel Michel's spiritual quest is neither amusing nor dramatic enough to sustain interest.,"It never truly come to grips about the main characters -- whether or not they wind up together, in Michel's spiritual quest -- neither amusing, nor dramatic enough to sustain interest.",en,mbart_vectors,352,ZKW,0,"We never truly come to care about the main characters and whether or not they'll wind up together, and Michele's spiritual quest is neither amusing nor dramatic enough to sustain interest."
en:3848,15,20,Peralta mys mythmaking could have used some informed  hind-sights,Peralta mythmaking could have used some informed ights.,en,mbart_vectors,355,ZKW,1,"Peralta's mythmaking could have used some informed, adult hindsight."
en:3855,31,35,Adults will certainly want to spend their time in the theater thinking about grocery stores and finding to tell their kids not not to act like Pinocchio.,Adults will certainly want to spend their time in the theater thinking about grocery stores and other ways to tell their kids to not to act like Pinocchio.,en,mbart_vectors,362,ZKW,1,Adults will certainly want to spend their time in the theater thinking up grocery lists and ways to tell their kids how not to act like Pinocchio.
en:3856,28,31,"Not as distinctive or even as humorous as it needs to be, stand out, but it has clearly been made to affection and care.","Not as distinctive or even as humorous as it needs to be, but stand out, as it has clearly been made to affect the care.",en,mbart_vectors,363,ZKW,1,"Not as distinctive or even as humorous as its needs to be to stand out, but it has clearly been made with affection and care."
en:3857,17,20,A family family comedy unlikely to be appreciated by anyone outside of under-10 years.,A family comedy unlikely to be appreciated by anyone outside of under-10 years.,en,mbart_vectors,364,ZKW,0,A generic family comedy unlikely to be appreciated by anyone outside the under-10 set.
en:3861,23,31,"Co-direct Jonathandirector Jonathan Parker's attempts to fashion alikeianlike sati hyperrealreal satire,fullyreadfully short.","Co-director Jonathan Parker's attempts to fashion alike, hyperreal satire, dreadfully short.",en,mbart_vectors,368,ZKW,0,"Co-writer/director Jonathan Parker's attempts to fashion a Brazil-like, hyper-real satire fall dreadfully short."
en:3870,14,16,It doesn doesn't have much else... especially with a moral sense.,It doesn't have much else... especially if it's a moral sense.,en,mbart_vectors,377,ZKW,1,It just doesn't have much else... especially in a moral sense.
en:3871,22,24,Those unfamiliar with Mormon traditions will find The Single Single Ward occasionally bewildering.,Those unfamiliar with Mormon traditions will find The Single Single Ward occasionally bewildering.,en,mbart_vectors,378,ZKW,1,Those unfamiliar with Mormon traditions may find The Singles Ward occasionally bewildering.
en:3873,17,19,"It the talented cast alone will keep you watching, as well the fight scenes.","It's the talented cast alone that keeps you watching, as well as the fight scenes.",en,mbart_vectors,380,ZKW,2,"But the talented cast alone will keep you watching, as will the fight scenes."
en:3877,20,24,An important movie to to reminder of the power of film to move us and to help us examine our own.,An important movie to remind us of the power of film to move us and to help us examine our lives.,en,mbart_vectors,384,ZKW,2,"An important movie, a reminder of the power of film to move us and to make us examine our values."
en:3879,23,24,A richly imagined and admirably mature work of a gifted director who definitely has something on his mind.,A richly imagined and admirably mature work of a gifted director who definitely has something on his mind.,en,mbart_vectors,386,ZKW,2,A richly imagined and admirably mature work from a gifted director who definitely has something on his mind.
en:3882,21,22,It what's nice is that there's a casual intelligence that permeates the script.,It's nice to see that there's a casual intelligence that permeates the script.,en,mbart_vectors,389,ZKW,2,But what's nice is that there's a casual intelligence that permeates the script.
en:3887,24,28,"Feels slight, as if it were extend extended,, albeit it made by the smartest kids of class.","Feels slight, as if it were extended, albeit it's made by the smartest kids of class.",en,mbart_vectors,394,ZKW,1,"Feels slight, as if it were an extended short, albeit one made by the smartest kids in class."
en:3888,12,13,The picture doesn't know what's a comedy.,The picture doesn't know what it's doing. Comedy.,en,mbart_vectors,395,ZKW,1,The picture doesn't know it's a comedy.
en:3894,22,26,"It's a headturturner, thoughtfully written, beautifully read, finally finally, deeply humanizing.","It's a headturner, thoughtfully written, beautiful read, finally deeply humanizing.",en,mbart_vectors,401,ZKW,2,"It's a head-turner -- thoughtfully written, beautifully read and, finally, deeply humanizing."
en:3897,27,33,"Men in Black and achieves ultimate insignificance, it's the sci-fi comedy spectacle of Walliffle eWall epic.","Men in Black and achieve ultimate insignificance, it's the sci-fi comedy spectacle of Wiffle epic.",en,mbart_vectors,404,ZKW,0,Men in Black II achieves ultimate insignificance -- it's the sci-fi comedy spectacle as Whiffle-Ball epic.
en:3899,28,29,Presents a good case while failing to provide a reason for the to care beyond the very basic dictums of human decency.,Presents a good case while failing to provide a reason for the patient's care beyond the very basic dictums of human decency.,en,mbart_vectors,5,ZMG,1,Presents a good case while failing to provide a reason for us to care beyond the very basic dictums of human decency.
en:3901,20,24,Bread Bre Bre Sweet has so many flaws that would be easy for critics to shred..,Bread Bread Sweet has so many flaws that it would be easy for critics to shred it.,en,mbart_vectors,7,ZMG,0,"Bread, My Sweet has so many flaws it would be easy for critics to shred it."
en:3907,31,40,"If Decesces Wild had been tweaked to a bitch, would have become a camp adventure, but of those movies that hass what hard it's to become good.","If Deces Wild had been tweaked to a movie, it would have become a camp adventure, but one of those movies that's just too good to become good.",en,mbart_vectors,14,ZMG,1,"If Deuces Wild had been tweaked up a notch it would have become a camp adventure, one of those movies that's so bad it starts to become good."
en:3925,8,10,A love the robust middle of the picture.,A picture of the robust middle class in a picture-like,en,mbart_vectors,32,ZMG,2,I love the robust middle of this picture.
en:3932,26,28,"The Ring is worth a look, but you don't demand much more than a few more thrills from your Halloween entertainment.","The Ring is worth the look, but you will demand much more than just a few more thrills from your Halloween entertainment.",en,mbart_vectors,39,ZMG,1,"The Ring is worth a look, if you don't demand much more than a few cheap thrills from your Halloween entertainment."
en:3943,10,14,I love the movie footage and I love the old one.,I love the movie footage and I love the old guy.,en,mbart_vectors,50,ZMG,2,I like the new footage and still love the old stuff.
en:3944,23,29,"A briefly flirts with player masochism, to to point is its interest is audience sadism -- is evaded completely.",A briefly flirtatious film player masochism to the point of his interest in audience sadism and being evaded completely.,en,mbart_vectors,51,ZMG,1,"It briefly flirts with player masochism, but the point of real interest -- audience sadism -- is evaded completely."
en:3945,11,15,... The Country Bears be be a bad as its trailers.,"... The Country Bears will be a bad movie, its trailers",en,mbart_vectors,52,ZMG,0,Could The Country Bears really be as bad as its trailers?
en:3949,7,8,The film seems to dead weight.,The film seems to dead weight.,en,mbart_vectors,56,ZMG,0,The film seems a dead weight.
en:3950,39,48,Sparkling and a hilarious romantic jealous comedy comedy... Attal looks so much like a movie Robert DeNiro that it seems the movie should instead be called TheThe Husband and Travis'ckle'.,Sparkling and hilarious romantic jealous comedy... Attal looks so much like a movie star Robert DeNiro that it seems the movie should instead be called The Husband and Travis Bickle.,en,mbart_vectors,57,ZMG,2,"Sparkling, often hilarious romantic jealousy comedy... Attal looks so much like a young Robert DeNiro that it seems the film should instead be called `My Husband Is Travis Bickle'."
en:3952,22,22,"A lousy movie that's not merely unwatchable, but also unlistenable.","A lousy movie that's not merely unwatchable, but also unlistenable.",en,mbart_vectors,59,ZMG,0,"A lousy movie that's not merely unwatchable, but also unlistenable."
en:3954,35,42,"A strong and, powerful direction and splendid production design allows us to be transported into the life of Wlawdyslawpilpilpil, the is not only a pianist but but a good film being.","A strong and powerful direction and splendid production design allows us to be transported into the life of Wlawpilman, the only true pianist in the good world.",en,mbart_vectors,61,ZMG,2,"A strong script, powerful direction and splendid production design allows us to be transported into the life of Wladyslaw Szpilman, who is not only a pianist, but a good human being."
en:3957,10,12,A's a fanboy `what if'',A little fanboy `what if'?,en,mbart_vectors,64,ZMG,1,It's a fanboy `what if?'
en:3960,45,58,"Stephen Reaidan Aidan Quinn, and Alan Bates,smond's legalagagles, when when ited by Brosnan, the sight of this grandiloquent quartet isoms in pretty dar settings is a pleasant surprise thing to `tis ` `","Stephen Reaidan Quinn, Alan Bates, Desmond's legalag, is when taken bynan, in sight of this grandiloquent quartet, in pretty darn settings, is a pleasant, tiss-the-place thing. `tiss-the-place` `tiss-the-place`. `tiss-the-place`. `tiss-the-place`. `tiss-the-place`. `tiss-the-place`. `tiss-the-place`. `tiss-the-place",en,mbart_vectors,67,ZMG,2,"Stephen Rea, Aidan Quinn, and Alan Bates play Desmond's legal eagles, and when joined by Brosnan, the sight of this grandiloquent quartet lolling in pretty Irish settings is a pleasant enough thing, `tis."
en:3963,12,16,Everything is as superficial as the forced New York'- accent Uma had.,"Everything is as superficial as the forced New York, low-brow accent Uma had.",en,mbart_vectors,70,ZMG,0,Everything was as superficial as the forced New Jersey lowbrow accent Uma had.
en:3971,24,31,"A zombie movie in every sense of the word: mindlessless lifeless, meandering and painu, obful ob obnoxious.","A zombie movie in every sense of the word: mindlessless life, meandering and painful obnoxious.",en,mbart_vectors,78,ZMG,0,"A zombie movie in every sense of the word -- mindless, lifeless, meandering, loud, painful, obnoxious."
en:3976,23,31,The Crime knows knows the mistakes bad bad movies make and is determined not to make --. but maybe that is nobility' the sort.,"The Crimes knows the mistakes bad movies make and is determined not to make -- but maybe that is nobility's fault, sort of.",en,mbart_vectors,83,ZMG,1,"High Crimes knows the mistakes that bad movies make and is determined not to make them, and maybe that is nobility of a sort."
en:3979,10,14,A a blandus-camp-campus wner.,A bland-campus wnwner.,en,mbart_vectors,86,ZMG,0,... a bland murder-on-campus yawner.
en:3982,18,22,Suffers a rambling repeti repetitive dialogue and a visual drabness endemic to digital film.,Suffers a rambling repetitive dialogue of a visual drab endemic to digital photography.,en,mbart_vectors,89,ZMG,0,"Suffers from rambling, repetitive dialogue and the visual drabness endemic to digital video."
en:3985,19,21,Features are of the most affecting depictions of a love that ever committed to film.,Features are among the most affecting depictions of a love that ever committed a film.,en,mbart_vectors,92,ZMG,2,Features one of the most affecting depictions of a love affair ever committed to film.
en:3995,26,32,"A the hardened documentar would require the patience of Job to go through an interminable, shapeless documentary about a swinging subculture.","A hardened documentary would require the patience of Job to go through an interminable, shapeless documentary about a swinging subculture.",en,mbart_vectors,102,ZMG,0,"Even a hardened voyeur would require the patience of Job to get through this interminable, shapeless documentary about the swinging subculture."
en:3999,26,36,"It movie is a contrivance of an artificial as the video games Japanese teens play in a night club andatnce, and it's all enjoyable experience.","It is a contrive and artificial game of video games Japanese teens playing in a night club, and it's all to enjoy and",en,mbart_vectors,106,ZMG,1,"The film is a contrivance, as artificial as the video games Japanese teens play in a nightclub sequence, but it's an enjoyable one."
en:4000,23,29,"The its best, screenplay is callow, and at its best the is a young artist's thoughtful consideration of hishood.","The film's screenplay is callow, at its best -- and the young artists thoughtful consideration of his fatherhood.",en,mbart_vectors,107,ZMG,1,"At its worst the screenplay is callow, but at its best it is a young artist's thoughtful consideration of fatherhood."
en:4006,20,26,Jeff has has created a breathtakingly assured performance wellish work with spare dialogue and express sincer expressiveness.,"Jeff has created a breathtakingly assured performance, work of spare dialogue and expressiveness.",en,mbart_vectors,113,ZMG,2,Jeffs has created a breathtakingly assured and stylish work of spare dialogue and acute expressiveness.
en:4030,18,21,Anemic chronicle of money grubbing New Yorkers in their lovelessless hook ups.,Anemic chronicle of money grubbing New Yorkers in their loveless hook ups.,en,mbart_vectors,137,ZMG,1,Anemic chronicle of money grubbing New Yorkers and their serial loveless hook ups.
en:4032,14,17,I I've decided to leave the light on the night from now on.,I've decided to leave the light on the night from now on.,en,mbart_vectors,139,ZMG,1,And I've decided to leave a light on every night from now on.
en:4042,20,24,A rarely rarely dampens its diva persona enough to spark ae chemistry with Townsend.,A rarely dampens of diva persona enough to spark a chemistry with Townsend.,en,mbart_vectors,149,ZMG,1,Aaliyah rarely dampens her diva persona enough to spark genuine chemistry with Townsend.
en:4045,18,25,It a be a total loss if not for its supporting performances in place in the movie's premier..,"It's a total loss -- not for the supporting performances, but for the place it's in.",en,mbart_vectors,152,ZMG,1,... would be a total loss if not for two supporting performances taking place at the movie's edges.
en:4046,30,42,"It aing and heartfeltaffirmting story about the desperate fates of Vietnamese refugees to in a.S. relocation ands to ful their hope ali alive, 1975.","It is a heartfelt story about the desperate fates of Vietnamese refugees who are in a relocation to the USA, but lost their hope in 1975.",en,mbart_vectors,153,ZMG,2,An inspiring and heart-affecting film about the desperate attempts of Vietnamese refugees living in U.S. relocation camps to keep their hopes alive in 1975.
en:4051,13,15,A's funniest and most likeable movie of years.,A funniest and most likeable movie of years.,en,mbart_vectors,158,ZMG,2,Allen's funniest and most likeable movie in years.
en:4053,20,29,"It is a refreshing absence of cynicism in the Little and, a the rarity to especially in a family film market.","It is a refreshing absence of cynicism in the Little Mermaid, and quite a rarity to find in a family film market.",en,mbart_vectors,160,ZMG,2,"There is a refreshing absence of cynicism in Stuart Little 2 -- quite a rarity, even in the family film market."
en:4063,21,26,"It if the intentionally low standards of fraboyboyboy humor, Sorority Boys are a bowser.","It's not the intentionally laid standards of fraboy humor, Sorority Boys and the bowser.",en,mbart_vectors,170,ZMG,0,"Even by the intentionally low standards of frat-boy humor, Sorority Boys is a bowser."
en:4075,21,25,"The stunning, dreamlike visuals impress impress even those viewers who have no patience for Eurofilmfilm pretensions","The stunning, dreamlike visuals will impress even those viewers who have no patience for Eurofilm pre-tensions.",en,mbart_vectors,182,ZMG,2,"The stunning, dreamlike visuals will impress even those viewers who have little patience for Euro-film pretension."
en:4090,21,24,"For Veggie fanses fans, this is more appetizing than a side ofsh ofparaparagus.","For Veggie fans, this is more appetizing than a side ofparagus.",en,mbart_vectors,197,ZMG,2,"For VeggieTales fans, this is more appetizing than a side dish of asparagus."
en:4091,39,42,"It it regards 1967 as the most turning point of 20 20th century, and returns again and again to images of dissidents in the streets, it's alarmingly current.","It regards as regards 1967 as the most turning point of 20th century and returns again and again to images of dissidents in the streets, alarmingly current.",en,mbart_vectors,198,ZMG,1,"While it regards 1967 as the key turning point of the 20th century, and returns again and again to images of dissidents in the streets, it's alarmingly current."
en:4096,42,49,"It itsrows heavily from both Seven and the Silence of the Lambs, it manages to maintain both a level of sophisticated intrigue and human-likecale characters that suck like blood in.","It borrows heavily from both Seven and the Silence of the Lambs, but manages to maintain both a level of sophisticated intrigue and human-like characters that suck at the in.",en,mbart_vectors,203,ZMG,2,"While Tattoo borrows heavily from both Seven and The Silence of the Lambs, it manages to maintain both a level of sophisticated intrigue and human-scale characters that suck the audience in."
en:4099,23,28,"It's the best film of the year, far, a benchmark to which all other Picture Picture contenders can be measured.","It's the best film of the year, far far far better than benchmark film, which many other Picture contenders will be measured.",en,mbart_vectors,206,ZMG,2,"It's the best film of the year so far, the benchmark against which all other Best Picture contenders should be measured."
en:4100,13,14,The is one of the biggest disappointments of the year.,The film is one of the biggest disappointments of the year.,en,mbart_vectors,207,ZMG,0,This is one of the biggest disappointments of the year.
en:4102,34,41,"Denis forges out of the theories of class and based rage and sexual ob obsession --sideor-side tu tuning fork thatringsrings with cultural, sexual and social discord.","Denis forges out of the theories of class and based rage and his obsession with razor-d-ning fork thatrings with cultural, sexual and social discord.",en,mbart_vectors,209,ZMG,1,"Denis forges out of the theories of class - based rage and sisterly obsession a razor-sided tuning fork that rings with cultural, sexual and social discord."
en:4128,32,44,"A thoroughly enjoywful movie with dumb, narrative cha chaotic, andly sloppy, a true amalgam of ` ` Matrixing and and ` `atric `Scream''","A thoroughly enjoyable movie with dumb narrative chaotic characters, sloppy a bit of `The `Scream', and a `Scream'.",en,mbart_vectors,235,ZMG,0,"A thoroughly awful movie -- dumb, narratively chaotic, visually sloppy... a weird amalgam of `The Thing' and a geriatric `Scream.'"
en:4131,32,36,"The movie has no respect for laws, political correctness, common decency, but it displays something of important: the for its flawed, talent people.","The movie has no respect for laws, political correctness, common decency, or displays something of important: respect for its flawed and talented people.",en,mbart_vectors,238,ZMG,1,"The movie has no respect for laws, political correctness or common decency, but it displays something more important: respect for its flawed, crazy people."
en:4137,30,36,"It would be disingenuous to say Reno a "" film, but I can say what about most of the filmscks moving in and out of multiple multiplex.","It would be disingenuous to say that Reno a new film, has nothing to say about most of the films moving on out of multiplex.",en,mbart_vectors,244,ZMG,1,"It would be disingenuous to call Reno a great film, but you can say that about most of the flicks moving in and out of the multiplex."
en:4141,10,11,"Intriguing, downright intoxicating.","Intriguing, downright toxic.",en,mbart_vectors,248,ZMG,2,Intriguing and downright intoxicating.
en:4143,25,32,"It the most annoying thing is Who is Cletis Tout Tout It that it's a crime committed, by someone who obviously knows nothing about crime.",It's the most annoying thing to Who is Cletis Tout Tout? It's a crime committed by someone who obviously knows nothing about crime.,en,mbart_vectors,250,ZMG,0,Perhaps the most annoying thing about Who Is Cletis Tout? is that it's a crime movie made by someone who obviously knows nothing about crime.
en:4145,20,26,"A quirky drama touches the heart of is funny, thanks to its energetic and always surprising performance of Rachel Griffiths.","A quirky drama touches the heart of a funny, thanks to its energetic and always surprising performance of Rachel Griffiths.",en,mbart_vectors,252,ZMG,2,The quirky drama touches the heart and the funnybone thanks to the energetic and always surprising performance by Rachel Griffiths.
en:4147,10,12,"... and baffling, the get-go.",... and baffling as the get-go.,en,mbart_vectors,254,ZMG,0,Bad and baffling from the get-go.
en:4148,23,28,The movie is a blast of educational energy as as bouncy animaanimation and catchy songs escort us through the entire story-.,The movie is a blast of educational energy as bouncy animations and catchy songs escort us through the entire story.,en,mbart_vectors,255,ZMG,2,"The movie is a blast of educational energy, as bouncy animation and catchy songs escort you through the entire 85 minutes."
en:4152,30,38,"The real charm of this trifle is the deadpan comic face of the star, Jean Reno, who resembles alonelonelone as a bit---sleep.","The real charm of this trifle is the deadpan comic face of the star, Jean Reno, who resembles a Stallone and a half-sleeper.",en,mbart_vectors,259,ZMG,1,"The real charm of this trifle is the deadpan comic face of its star, Jean Reno, who resembles Sly Stallone in a hot sake half-sleep."
en:4159,41,56,Latete can avoidt avoid a fatal mistake in a modern era: He changeds changed his narra- class a lower-class Brit to an American with and choice that setsets the novel's exquisite balance in therinks the fabric of the American.,Late Late can't avoid a fatal mistake in a modern era: He changed his academic career from a lower-class Brit to an American with a choice that sets up a novel's exquisite balance in the fabric of the American dream.,en,mbart_vectors,266,ZMG,1,"LaBute can't avoid a fatal mistake in the modern era: He's changed the male academic from a lower-class Brit to an American, a choice that upsets the novel's exquisite balance and shreds the fabric of the film."
en:4163,15,17,Ite gives a good performance but a film that doesn't merit it.,It gives a good performance but the film itself doesn't merit it.,en,mbart_vectors,270,ZMG,1,Gere gives a good performance in a film that doesn't merit it.
en:4167,20,24,"The director, with his back backdrops of stately pacing, has settles for a consistent tone.","The director, with his backdrop of stately pacing, has settled into a consistent tone.",en,mbart_vectors,274,ZMG,0,"The director, with his fake backdrops and stately pacing, never settles on a consistent tone."
en:4168,20,27,"The I was given free reign over this project -- he wrote, directed, andved and produced a a beyond the.","The public was given free reign over this project -- it wrote, directed and produced a film beyond its",en,mbart_vectors,275,ZMG,0,"Why he was given free reign over this project -- he wrote, directed, starred and produced -- is beyond me."
en:4169,23,27,"If you don to rewarded by a script that assumes you are't very bright, the Blood Work is for you.","If you don't enjoy being rewarded by a script that assumes you are very bright, the Blood Work is for you.",en,mbart_vectors,276,ZMG,0,"If you enjoy being rewarded by a script that assumes you aren't very bright, then Blood Work is for you."
en:4170,33,37,The Rudy Yellow Lodgere Eyre needs to take a good sweat to clarify his cinematic vision before his next creation and learn the lessons of a trickster spider.,The Rudy Yellow Lodgere needs to take a good sweat to clarify his cinematic vision before his next creation and learn the lessons of a trickster.,en,mbart_vectors,277,ZMG,0,"Like Rudy Yellow Lodge, Eyre needs to take a good sweat to clarify his cinematic vision before his next creation and remember the lessons of the trickster spider."
en:4182,7,11,"An- endearing car caring, warm","An endearing car caring car, warm",en,mbart_vectors,289,ZMG,2,"Hard, endearing, caring, warm."
en:4184,29,38,"The Cop Coppola professes his love for movies is both theful popjunkjunkjunk his classics that unequivocally qualify him a, is giddily entertaining.",The Coppola professes his love for movies that both are popjunkjunk and are classics that unequivocally qualify for the genre of a giddily entertaining,en,mbart_vectors,291,ZMG,2,The way Coppola professes his love for movies -- both colorful pop junk and the classics that unequivocally qualify as art -- is giddily entertaining.
en:4192,33,41,It''t bust your gut if it it's not intended to be mere's merely a blandly cinematic examinarogaical examination of what a a joke a joke.,"It's a bust your gut movie, but it's not intended to be merely a blandly cinematic examination of what a good joke is.",en,mbart_vectors,299,ZMG,1,It won't bust your gut -- and it's not intended to -- it's merely a blandly cinematic surgical examination of what makes a joke a joke.
en:4197,24,35,"An un-- banthe-the-tere banter of Welcome to Collinwood, a lot-, afterhohours loopiness to it.","An unus-the-the-terterter of Welcome to Collinwood, and its afterhours loops to the",en,mbart_vectors,304,ZMG,1,"The doofus-on-the-loose banter of Welcome to Collinwood has a cocky, after-hours loopiness to it."
en:4198,16,16,It's the funniest American comedy since Graffiti Bridge.,It's the funniest American comedy since Graffiti Bridge.,en,mbart_vectors,305,ZMG,2,It's the funniest American comedy since Graffiti Bridge.
en:4201,34,40,"Itn itelling and heartbreaking to witness, Sel Selsel' Wollter's sterling performances raise a far above the level of the usual maudlin disease movie.","It's a heartbreaking to witness, as Sel Selter's sterling performances raise a far above the level of the usual maudlin disease movie.",en,mbart_vectors,308,ZMG,2,"Often gruelling and heartbreaking to witness, but Seldahl and Wollter's sterling performances raise this far above the level of the usual maudlin disease movie."
en:4206,17,25,"It' essentially what its coming from Blackboard,, the sense of something bigger, to ultimate .","It's essentially a reboot from Blackboard, in the sense of something bigger, and ultimate to",en,mbart_vectors,313,ZMG,1,"That is essentially what's missing from Blackboards -- the sense of something bigger, some ultimate point."
en:4209,28,34,"A dimwitwitted and spinid spinoffoff of the Animal Planet documentary series, Crocodile Hunter is entertainmentismism at its best glaring.","A dimwitted and spinoff of the Animal Planet documentary series, Crocodile Hunter is entertainmentism at its best, glaring",en,mbart_vectors,316,ZMG,0,"A dim-witted and lazy spin-off of the Animal Planet documentary series, Crocodile Hunter is entertainment opportunism at its most glaring."
en:4221,21,23,A awful film that will only satisfy the most emotionally malleable of filmgoers.,"Awful, but that can only satisfy the most emotionally malleable filmgoers.",en,mbart_vectors,328,ZMG,0,An awful movie that will only satisfy the most emotionally malleable of filmgoers.
en:4243,50,67,"The''s most to tackling the's mosts is an cobling, incoherent manifesto of the vague, of topical excess... In Praise for Love remains a ponderous and pretentious endeavor, uns unfocused and tediously apering.","The film's tackling of the immature, incoherent, and incoherent manifesto of the vague, topical excesses... In Praise for Love remains a ponderous and pretentious endeavor, and unfocused and tediously flawed.",en,mbart_vectors,350,ZMG,0,Godard's ode to tackling life's wonderment is a rambling and incoherent manifesto about the vagueness of topical excess... In Praise of Love remains a ponderous and pretentious endeavor that's unfocused and tediously exasperating.
en:4245,33,42,"It never know come to care about the main characters and whether or not they'll wind up, in in Michel Michel's spiritual quest is notther  dramaticing nor dramatic enough to sustain interest.","It never will come to care about the main characters and whether or not they'll wind up, in Michele's spiritual quest for a lifetime, being dramatic enough to sustain interest.",en,mbart_vectors,352,ZMG,0,"We never truly come to care about the main characters and whether or not they'll wind up together, and Michele's spiritual quest is neither amusing nor dramatic enough to sustain interest."
en:4248,15,20,Peralta Pers myths may have used some informed adult adult hindsights,Peralta Peralta's films have used some informed adult hindsights.,en,mbart_vectors,355,ZMG,1,"Peralta's mythmaking could have used some informed, adult hindsight."
en:4255,28,35,Its will certainly have to spend more time in the grotheater thinking of grocery lists and ways to get their kids how to to act like Pinocchio.,It will certainly be fun to spend more time in the kitchen thinking of grocery lists and ways to get their kids to act like Pinocchio.,en,mbart_vectors,362,ZMG,1,Adults will certainly want to spend their time in the theater thinking up grocery lists and ways to tell their kids how not to act like Pinocchio.
en:4256,27,31,"Not as distinctive and as as humorous as it needs to be to stand out, but it has clearly been made in affection and care.","Not as distinctive and yet as humorous as it needs to be to stand out, but it has clearly been made in affection and care.",en,mbart_vectors,363,ZMG,1,"Not as distinctive or even as humorous as its needs to be to stand out, but it has clearly been made with affection and care."
en:4257,16,20,A family family comedy unlike any to appreciate appreciated by anyone in the under-10 set.,A family comedy unlike any I'd appreciated by anyone in the under-10 set.,en,mbart_vectors,364,ZMG,0,A generic family comedy unlikely to be appreciated by anyone outside the under-10 set.
en:4261,22,31,Co-direct Jonathandirector Jonathan She attempts attempts to fashionablelikeianlike real hyper-real satire fallfullyreadfully short.,"Co-director Jonathan Smith attempts to fashionable, hyper-real satire fallfully short.",en,mbart_vectors,368,ZMG,0,"Co-writer/director Jonathan Parker's attempts to fashion a Brazil-like, hyper-real satire fall dreadfully short."
en:4270,15,16,It just doesn't have much else... especially in its moral sense.,It just doesn't have much else... especially in its moral sense.,en,mbart_vectors,377,ZMG,1,It just doesn't have much else... especially in a moral sense.
en:4271,19,24,The unfamiliar with Mormon traditions will find The One Lady and occasionally bewildering.,The unfamiliar Mormon traditions will find The film occasionally bewildering.,en,mbart_vectors,378,ZMG,1,Those unfamiliar with Mormon traditions may find The Singles Ward occasionally bewildering.
en:4273,13,19,"The the talented artist alone can keep on watching, and will the other scenes.","The film's talented director alone can keep on watching, and will be fascinated by scenes.",en,mbart_vectors,380,ZMG,2,"But the talented cast alone will keep you watching, as will the fight scenes."
en:4277,12,24,"It  film, it filmer of the human of love, be and and let let us examine our values.","The film is a portrait of the human race, its depths, its depths and its ability to us examine its values.",en,mbart_vectors,384,ZMG,2,"An important movie, a reminder of the power of film to move us and to make us examine our values."
en:4279,12,24,It man man talentd film talentble talent maner a maned artist who definitely has something on his mind.,It's a film about a man who definitely has something on his mind.,en,mbart_vectors,386,ZMG,2,A richly imagined and admirably mature work from a gifted director who definitely has something on his mind.
en:4282,14,22,It it iss more is that it's a movietyrhythm that permeates the script.,"It's a bit of a ""movie"" and it's not as permeates the script.",en,mbart_vectors,389,ZMG,2,But what's nice is that there's a casual intelligence that permeates the script.
en:4287,16,28,Thes liketruckly but if it were a acted class film bybeit by by by the smartest kids in class.,"The film is a bit of a ""sweet"" movie, made by the smartest kids in class.",en,mbart_vectors,394,ZMG,1,"Feels slight, as if it were an extended short, albeit one made by the smartest kids in class."
en:4288,10,13,It man doesn't know what's a comedy.,It's a film that doesn't know what to comedy.,en,mbart_vectors,395,ZMG,1,The picture doesn't know it's a comedy.
en:4294,13,26,"It's a storylinesning, aful, -- andly,, finally finally, deeply humanizing.","It's a story of a woman's courage, finally deepizing.",en,mbart_vectors,401,ZMG,2,"It's a head-turner -- thoughtfully written, beautifully read and, finally, deeply humanizing."
en:4297,18,33,It' a is iss ate performanceficance in a's a same-fi comedy spectacle as Walliffall eWall epic.,It is a film that is as good as a comedy spectacle as Wall's epic.,en,mbart_vectors,404,ZMG,0,Men in Black II achieves ultimate insignificance -- it's the sci-fi comedy spectacle as Whiffle-Ball epic.
en:4299,26,29,Presents a good case while failing to provide a reason for people to care beyond the very basic dictums of human naturecei.,Presents a good case while failing to provide a reason for people to care beyond the very basic dictums of human nature.,en,mbart_vectors,5,ZPH,1,Presents a good case while failing to provide a reason for us to care beyond the very basic dictums of human decency.
en:4301,21,24,Bread Bre My Sweet has so many thingslaws that would be easy for critics to shred it.,Bread Bread My Sweet has so many things that it would be easy for critics to shred it.,en,mbart_vectors,7,ZPH,0,"Bread, My Sweet has so many flaws it would be easy for critics to shred it."
en:4307,33,40,"If Decesces Wild had been tweaked to a notch, would have become a camp adventure, one of those movies that justs where funny it starts to become a.","If Deces Wild had been tweaked to a notch, it would have become a camp adventure, one of those movies that just so starts to become a",en,mbart_vectors,14,ZPH,1,"If Deuces Wild had been tweaked up a notch it would have become a camp adventure, one of those movies that's so bad it starts to become good."
en:4325,10,10,I love the robust middle of this picture.,I love the robust middle of this picture.,en,mbart_vectors,32,ZPH,2,I love the robust middle of this picture.
en:4332,25,28,"The Ring is worth it look, if you don't demand much more than a few cheap thrills for your favorite entertainment.","The Ring is worth it, look at it, if you don't demand much more than a few cheap thrills for your own entertainment.",en,mbart_vectors,39,ZPH,1,"The Ring is worth a look, if you don't demand much more than a few cheap thrills from your Halloween entertainment."
en:4343,13,14,I like the new footage but still love the old stuff.,I like the new footage but still love the old stuff.,en,mbart_vectors,50,ZPH,2,I like the new footage and still love the old stuff.
en:4344,24,29,"A briefly flirts with player masochism, to to point is real interest is audience sadism -- is evaded completely.",A briefly flirtatious film player masochism to the point of real interest and audience sadism that is evaded completely.,en,mbart_vectors,51,ZPH,1,"It briefly flirts with player masochism, but the point of real interest -- audience sadism -- is evaded completely."
en:4345,11,15,... The Country Bears be be a bad as its trailers.,"... The Country Bears will be a bad movie, its trailers",en,mbart_vectors,52,ZPH,0,Could The Country Bears really be as bad as its trailers?
en:4349,7,8,The film seems to dead weight.,The film seems to dead weight.,en,mbart_vectors,56,ZPH,0,The film seems a dead weight.
en:4350,37,48,"Sparkling often oftenhilahilarious romantic jealous comedy comedy... Attal looks so much like a young Robert DeNiro, it seems like movie should instead be a TheThe Husband and Travis'ckle'.","Sparkling often hilarious romantic jealous comedy... Attal looks so much like a young Robert DeNiro, but it seems like he should instead be a Husband of Travis Bickle.",en,mbart_vectors,57,ZPH,2,"Sparkling, often hilarious romantic jealousy comedy... Attal looks so much like a young Robert DeNiro that it seems the film should instead be called `My Husband Is Travis Bickle'."
en:4352,16,22,The goodney movie that's mere merely unwatchable but but also unableable.,The movie's not merely unwatchable but also unable.,en,mbart_vectors,59,ZPH,0,"A lousy movie that's not merely unwatchable, but also unlistenable."
en:4354,35,42,"A strong script, powerful direction and splendid production design allows us to be transported into the world of thelawdyslawpilpilpil, who is not only a film, but a very human being.","A strong script, powerful direction and splendid production design allows us to be transported into the world of the Wlawpilman, which is not only a film, but a true human being.",en,mbart_vectors,61,ZPH,2,"A strong script, powerful direction and splendid production design allows us to be transported into the life of Wladyslaw Szpilman, who is not only a pianist, but a good human being."
en:4357,11,12,It's a fanboy `what if'',It's a fanboy `what if'?,en,mbart_vectors,64,ZPH,1,It's a fanboy `what if?'
en:4360,48,58,"Stephen Reaidan Aidan Quinn, and Alan Bates play Desmond's legalagagles, when when joined by Brosnan, sight sight of this grandiloquent quartet lolling out pretty dar settings is a pleasant enough, to `tis ` `","Stephen Reaidan, Quinn, and Alan Bates play Desmond's legalags, but when joined by Brosnan, sight of this grandiloquent quartet lolling out pretty much all settings is a pleasant enough, `tiss ` `tiss `tiss `tiss`.",en,mbart_vectors,67,ZPH,2,"Stephen Rea, Aidan Quinn, and Alan Bates play Desmond's legal eagles, and when joined by Brosnan, the sight of this grandiloquent quartet lolling in pretty Irish settings is a pleasant enough thing, `tis."
en:4363,12,16,Everything is so superficial as the forced New Jersey low accent accent Uma Thu.,Everything is so superficial and the forced New Jersey low accent Uma Thurman,en,mbart_vectors,70,ZPH,0,Everything was as superficial as the forced New Jersey lowbrow accent Uma had.
en:4371,25,31,"A zombie movie in every sense of the word -- mindlessless lifeless, meandering and painu, obful ob obnoxious.",A zombie movie in every sense of the word -- mindlessless life meandering to painful obnoxious.,en,mbart_vectors,78,ZPH,0,"A zombie movie in every sense of the word -- mindless, lifeless, meandering, loud, painful, obnoxious."
en:4376,21,31,"The Crime knows knows the mistakes that bad movies make and is determined to to make,, but maybe there there nobility in the film.","The Crimes knows the mistakes that bad movies make and is determined to make, but maybe there is no nobility to do it.",en,mbart_vectors,83,ZPH,1,"High Crimes knows the mistakes that bad movies make and is determined not to make them, and maybe that is nobility of a sort."
en:4379,10,14,A a film--camp-campus yawner.,A film of an arus-campus yawner.,en,mbart_vectors,86,ZPH,0,... a bland murder-on-campus yawner.
en:4382,20,22,"Suffers from rambling, repetitive dialogue of the visual drabness endemic to digital film.","Suffers from rambling, repetitive dialogue of the visual drab endemic of digital film.",en,mbart_vectors,89,ZPH,0,"Suffers from rambling, repetitive dialogue and the visual drabness endemic to digital video."
en:4385,19,21,Features one of the most affecting depictions of love love that ever committed to film.,Features one of the most affecting depictions of love that ever committed a filmmaker.,en,mbart_vectors,92,ZPH,2,Features one of the most affecting depictions of a love affair ever committed to film.
en:4395,28,32,"A a hardened voyeur would require a patience of Job to go through this interminable, shapeless documentary about a swinging subculture.","A hardened voyeur would require a lot of patience and Job to get through this interminable, shapeless documentary about a swinging subculture.",en,mbart_vectors,102,ZPH,0,"Even a hardened voyeur would require the patience of Job to get through this interminable, shapeless documentary about the swinging subculture."
en:4399,30,36,"The film is con contrivance as as artificial as the sex games Japanese teens play in a nightclub sequence, and it's all enjoyable film.",The film is contrive as artificial as the sex games Japanese teens play in a nightclub sequence and it's all enjoyable to watch.,en,mbart_vectors,106,ZPH,1,"The film is a contrivance, as artificial as the video games Japanese teens play in a nightclub sequence, but it's an enjoyable one."
en:4400,28,29,"At its worst the screenplay is callow, but at its best it is a young and's thoughtful consideration of fatherhood.","At its worst the screenplay is callow, but at its best it is a young and thoughtful consideration of fatherhood.",en,mbart_vectors,107,ZPH,1,"At its worst the screenplay is callow, but at its best it is a young artist's thoughtful consideration of fatherhood."
en:4406,22,26,Jeff Jeff is created a breathtakingly breathd and stylish work with spare dialogue and acute expressiveness.,Jeff Jeffery created a breathtakingly breathtakingly stylish work with spare dialogue and acute expressiveness.,en,mbart_vectors,113,ZPH,2,Jeffs has created a breathtakingly assured and stylish work of spare dialogue and acute expressiveness.
en:4430,17,21,Anemic chronicle of money grubbing in Yorkers and a serial loveless hookers..,Anemic chronicle of money grubbing New Yorkers and a serial loveless hooker.,en,mbart_vectors,137,ZPH,1,Anemic chronicle of money grubbing New Yorkers and their serial loveless hook ups.
en:4432,14,17,I I've decided to leave the film on every night from now on.,I've decided to leave the TV on every night from now on.,en,mbart_vectors,139,ZPH,1,And I've decided to leave a light on every night from now on.
en:4442,18,24,A rarely rarely dampens a diva persona and to be genuine chemistry in Townsend.,A rarely dampens and diva persona that seems to have genuine chemistry in Townsend.,en,mbart_vectors,149,ZPH,1,Aaliyah rarely dampens her diva persona enough to spark genuine chemistry with Townsend.
en:4445,22,25,I would be a total loss if not for the supporting performances taking place in the movie's edges.,I would have a total loss if not for the supporting performances taking place in the movie's edges.,en,mbart_vectors,152,ZPH,1,... would be a total loss if not for two supporting performances taking place at the movie's edges.
en:4446,41,42,A inspiring and heart-affecting film about the desperate attempts of Vietnamese refugees living in U.S. relocation camps to keep their hopes alive in 1975.,A inspiring and heart-affecting film about the desperate attempts of Vietnamese refugees living in U U.S. relocation camps to keep their hopes alive in 1975.,en,mbart_vectors,153,ZPH,2,An inspiring and heart-affecting film about the desperate attempts of Vietnamese refugees living in U.S. relocation camps to keep their hopes alive in 1975.
en:4451,13,15,Allen Allens funniest and most likeable movie in history.,Allen Allen's funniest and most likeable movie in history.,en,mbart_vectors,158,ZPH,2,Allen's funniest and most likeable movie in years.
en:4453,23,29,"There is a refreshing absence of cynicism in Stuart Little and, a a rarity even even in a family film --.",There is a refreshing absence of cynicism in Stuart Little and his quite a rarity even in a family film like this.,en,mbart_vectors,160,ZPH,2,"There is a refreshing absence of cynicism in Stuart Little 2 -- quite a rarity, even in the family film market."
en:4463,21,26,Even by the intentionally in standards of fraboyboyboy humor Sor Soror Boys Boys is a bowser.,"Even by the intentionally inadequate standards of fraboy humor, Sorority Boys is a bowser.",en,mbart_vectors,170,ZPH,0,"Even by the intentionally low standards of frat-boy humor, Sorority Boys is a bowser."
en:4475,16,25,"The stunning, dreamlike visuals will impress even those ofers who have a patience to thesstylesviews","The stunning, dreamlike visuals will impress even those of us who have a patience to be happy.",en,mbart_vectors,182,ZPH,2,"The stunning, dreamlike visuals will impress even those viewers who have little patience for Euro-film pretension."
en:4490,19,24,"The Veggie,es,, this is more appetizing than a side ofsh ofparaparagus.",The Veggie's story this week is more appetizing than a side ofparagus.,en,mbart_vectors,197,ZPH,2,"For VeggieTales fans, this is more appetizing than a side dish of asparagus."
en:4491,41,42,"But it regards 1967 as the key turning point of the 20th century, and returns again and again to images of dissidents in the streets, it's alarmingly current.","But it regards 1967 as the key turning point of the 20th century and returns again and again to images of dissidents in the streets, it's alarmingly current.",en,mbart_vectors,198,ZPH,1,"While it regards 1967 as the key turning point of the 20th century, and returns again and again to images of dissidents in the streets, it's alarmingly current."
en:4496,44,49,"The Tattoo borrows heavily from both Seven and The Silence of the Lambs, it manages to maintain a a mix of sophisticated intrigue and human-calecale characters that suck the audience..","The Tattoo borrows heavily from both Seven and The Silence of the Lambs, but manages to maintain a balance of sophisticated intrigue and human-cale characters that suck the audience.",en,mbart_vectors,203,ZPH,2,"While Tattoo borrows heavily from both Seven and The Silence of the Lambs, it manages to maintain both a level of sophisticated intrigue and human-scale characters that suck the audience in."
en:4499,25,28,"It's the best film of the year so it, the benchmark against all all the Best Picture contenders should be measured.",It's the best film of the year so it's the benchmark against all the Best Picture contenders should be measured.,en,mbart_vectors,206,ZPH,2,"It's the best film of the year so far, the benchmark against which all other Best Picture contenders should be measured."
en:4500,14,14,This is one of the biggest disappointments of the year.,This is one of the biggest disappointments of the year.,en,mbart_vectors,207,ZPH,0,This is one of the biggest disappointments of the year.
en:4502,31,41,"Denis forges out of the theories of class and basedragerage and sisterly obsession,sideor-dd tuning for that that isfla the cultural, sexual and social norm.","Denis forges out of the theories of class and basedrage on sisterly obsessions, razor-d-ning for that of cultural, sexual and social sensitivity.",en,mbart_vectors,209,ZPH,1,"Denis forges out of the theories of class - based rage and sisterly obsession a razor-sided tuning fork that rings with cultural, sexual and social discord."
en:4528,38,44,"A thoroughly awful movie with dumb, narrative cha chaotic, visually sloppy -- and weird amalgam of `The Thing Th and a geriatric `Scream''","A thoroughly awful movie with dumb, narrative chaotic visually sloppy characters, a weird amalgam of `The Thing Thing' and a geriatric `Scream'.",en,mbart_vectors,235,ZPH,0,"A thoroughly awful movie -- dumb, narratively chaotic, visually sloppy... a weird amalgam of `The Thing' and a geriatric `Scream.'"
en:4531,25,36,"The movie has a respect for theuit political correctness, common decency, but it displays a of of: the for its flawed moral ,.","The movie has a respect for the political correctness of common decency, but it displays a lack of respect for its flawed morals.",en,mbart_vectors,238,ZPH,1,"The movie has no respect for laws, political correctness or common decency, but it displays something more important: respect for its flawed, crazy people."
en:4537,33,36,"It can be disingenuous to call Re Re a great film, but I can say that about most of the flicks moving in and out of the multiplex.","It can be disingenuous to call Re Re Re a great film, but I can say that about most of the flicks moving in and out of the multiplex.",en,mbart_vectors,244,ZPH,1,"It would be disingenuous to call Reno a great film, but you can say that about most of the flicks moving in and out of the multiplex."
en:4541,11,11,Intriguing and downright intoxicating.,Intriguing and downright intoxicating.,en,mbart_vectors,248,ZPH,2,Intriguing and downright intoxicating.
en:4543,29,32,Perhaps the most annoying thing about Who Is Clestin Tout Tout is that it's a crime movie made by someone who obviously knows nothing about the.,Perhaps the most annoying thing about Who Is Clestin Tout Tout? is that it's a crime movie made by someone who obviously knows nothing about the crime.,en,mbart_vectors,250,ZPH,0,Perhaps the most annoying thing about Who Is Cletis Tout? is that it's a crime movie made by someone who obviously knows nothing about crime.
en:4545,21,26,A quirky drama iss the heart of the funny thanks thanks to the energetic and always surprising performance of Rachel Griffiths.,"A quirky drama that will take your heart to the funny, thanks to the energetic and always surprising performance of Rachel Griffiths.",en,mbart_vectors,252,ZPH,2,The quirky drama touches the heart and the funnybone thanks to the energetic and always surprising performance by Rachel Griffiths.
en:4547,11,12,... and baffling from the get-go.,... and baffling from the get-go.,en,mbart_vectors,254,ZPH,0,Bad and baffling from the get-go.
en:4548,24,28,"It film is a blast of educational energy, bou bouncy animaanimation and catchy songs escort you through the entire 85 minutes.","It is a blast of educational energy, bouncy animations and catchy songs escort you through the entire 85 minutes.",en,mbart_vectors,255,ZPH,2,"The movie is a blast of educational energy, as bouncy animation and catchy songs escort you through the entire 85 minutes."
en:4552,22,38,"The charm charm of the trifle is its deadpan comic that, the hero, who-eve, who resembles Stallonelonelone as a for, half-sleep.","The charm of the trifle is a deadly comic, and it is a film that resembles Stallone, a for its sake half-sleep.",en,mbart_vectors,259,ZPH,1,"The real charm of this trifle is the deadpan comic face of its star, Jean Reno, who resembles Sly Stallone in a hot sake half-sleep."
en:4559,47,56,"Latela can avoidt avoid a fatal mistake in a modern era: a changeds changed the male academic class a lower-class to to an American, a choice that upsets the novel's balancee balance and shreds the fabric of the film.","Late Late can't avoid a fatal mistake in a modern era: a changed minded male academic who has a lower-class education to offer, an American-centric choice that upsets the novel's equilibrium and shreds the fabric of the film.",en,mbart_vectors,266,ZPH,1,"LaBute can't avoid a fatal mistake in the modern era: He's changed the male academic from a lower-class Brit to an American, a choice that upsets the novel's exquisite balance and shreds the fabric of the film."
en:4563,13,17,Gere gives a good performance with a movie that doesn't have a.,Gere gives a good performance but a performance that doesn't come from the,en,mbart_vectors,270,ZPH,1,Gere gives a good performance in a film that doesn't merit it.
en:4567,20,24,"A director, with his fake backdrops and stately performancerody, never settles on a consistent performance.","A director, with a fake backdrop and stately performances, never settles on a consistent line.",en,mbart_vectors,274,ZPH,0,"The director, with his fake backdrops and stately pacing, never settles on a consistent tone."
en:4568,16,27,The it was so free toeign over the project -- and wrote direct directed star starred and produced it beyond beyond the.,"The film was a free to overview project and wrote directed stars, produced a film beyond its",en,mbart_vectors,275,ZPH,0,"Why he was given free reign over this project -- he wrote, directed, starred and produced -- is beyond me."
en:4569,20,27,"I you enjoy being rewarded with a script that assumes a''t very bright, the Blood iss for you.","I really enjoy being rewarded with a script that assumes a very bright, bold, and Bloody Blood is the reason for the",en,mbart_vectors,276,ZPH,0,"If you enjoy being rewarded by a script that assumes you aren't very bright, then Blood Work is for you."
en:4570,23,37,"The Rudy Yellow,, here needs to do a good looker hisify his ideastic skills before the next film, remember the lessons of a tricksterder.","The Rudy Yellow Boy needs to have a good time with his friends before the next movie, to remember the lessons of a trickster.",en,mbart_vectors,277,ZPH,0,"Like Rudy Yellow Lodge, Eyre needs to take a good sweat to clarify his cinematic vision before his next creation and remember the lessons of the trickster spider."
en:4582,7,11,"An- endearing car caring, warm","An endearing car caring car, warm",en,mbart_vectors,289,ZPH,2,"Hard, endearing, caring, warm."
en:4584,25,38,"The way Coppola professes his love for movies is the colorful and-junk and classic classics -- makefoldlly makefy him a, is adily entertaining.","The way Coppola professes his love for movies is a colorful and junk-junk-like film, classics and a bit of fun, but it's also a giddily entertaining",en,mbart_vectors,291,ZPH,2,The way Coppola professes his love for movies -- both colorful pop junk and the classics that unequivocally qualify as art -- is giddily entertaining.
en:4592,33,41,"It won't best your mind, it it's not intended to be but's merely a blandly cinematic examinarogaical examination of what makes a joke a joke.","It won't be your favorite, but it's not intended to be merely a blandly cinematic examination of what makes a joke a good one.",en,mbart_vectors,299,ZPH,1,It won't bust your gut -- and it's not intended to -- it's merely a blandly cinematic surgical examination of what makes a joke a joke.
en:4597,23,35,"A 12--- banthe-the bantere banter of Welcome to Collinwood is a lot-, afterhohours loopiness to it.","A rare, un-us-the-the-terter and Welcome to Collinwood, with a few afterhours loops in it.",en,mbart_vectors,304,ZPH,1,"The doofus-on-the-loose banter of Welcome to Collinwood has a cocky, after-hours loopiness to it."
en:4598,14,16,It's the funniest American comedy since Graffiti's,It's the funniest American comedy since Graffiti's,en,mbart_vectors,305,ZPH,2,It's the funniest American comedy since Graffiti Bridge.
en:4601,32,40,"Often aesome and heartbreaking to witness, Sel Selsel' Wollter's sterling performance raise raise this far too the level of the usual maudlin disease --.","Often a heartbreaking film, to witness, Selil's sterling performances raise this far too much question of the usual maudlin disease --",en,mbart_vectors,308,ZPH,2,"Often gruelling and heartbreaking to witness, but Seldahl and Wollter's sterling performances raise this far above the level of the usual maudlin disease movie."
en:4606,17,25,"That essential essentially what's missing in Blackboard is: a sense of something that, some ultimate -",That essentially what's missing is Blackboard's unique sense of something -- some ultimate thrill.,en,mbart_vectors,313,ZPH,1,"That is essentially what's missing from Blackboards -- the sense of something bigger, some ultimate point."
en:4609,29,34,A dimwitwitted and lazy spinoffoff of the Animal Farm documentary series Croc Crocodile Hunter is entertainmentismism at its most glaring.,A dimwitted and lazy spinoff of the Animal Farm documentary series Crocodile Hunter's entertainmentism at its most glaring.,en,mbart_vectors,316,ZPH,0,"A dim-witted and lazy spin-off of the Animal Planet documentary series, Crocodile Hunter is entertainment opportunism at its most glaring."
en:4621,22,23,A awful movie that will only satisfy the most emotionally malleable of filmgoers.,Awful movie that will only satisfy the most emotionally malleable of filmgoers.,en,mbart_vectors,328,ZPH,0,An awful movie that will only satisfy the most emotionally malleable of filmgoers.
en:4643,53,67,"Godard's ode to tackling the's wonderment is a rambling, incoherent manifesto of the vagueness of theal lifees but Praise of the,s the ponderous and pretentious endeavor, uns unbelicused and tedioously exasperating.","Godard's ode to tackling the wonderment of a rambling, inherent manifesto of the vagueness of the Praise of God remains a ponderous and pretentious endeavor, unfocused and tediously exasperating.",en,mbart_vectors,350,ZPH,0,Godard's ode to tackling life's wonderment is a rambling and incoherent manifesto about the vagueness of topical excess... In Praise of Love remains a ponderous and pretentious endeavor that's unfocused and tediously exasperating.
en:4645,34,42,"It never have come to grip about the story characters or whether or not they'll wind up together, Michel Michel''s spiritual quest is neither amusing nor dramatic enough to pique interest.","It never will come to the point about the main characters and whether or not they'll wind up together, Michele's spiritual quest is neither amusing nor dramatic enough to pique his interest.",en,mbart_vectors,352,ZPH,0,"We never truly come to care about the main characters and whether or not they'll wind up together, and Michele's spiritual quest is neither amusing nor dramatic enough to sustain interest."
en:4648,17,20,Peralta mys mythmaking could have used some informed adult adult hindsights,Peralta mythmaking could have used some informed adult hindsights.,en,mbart_vectors,355,ZPH,1,"Peralta's mythmaking could have used some informed, adult hindsight."
en:4655,26,35,Adults certainly certainly want to spend more time in a theater thinking about grocery gros and trying to tell them kids how not to act like themto.,Adults certainly want to spend more time in the theater thinking about grocery grocery stores and ways to tell the kids how not to act like them.,en,mbart_vectors,362,ZPH,1,Adults will certainly want to spend their time in the theater thinking up grocery lists and ways to tell their kids how not to act like Pinocchio.
en:4656,25,31,"It as distinctive as even as humorous as it needs to be, stand out, but it has clearly been made with theion and love.","It's as distinctive as even the humorous one, but it needs to be able to stand on its own, as it has clearly been made with its own and its",en,mbart_vectors,363,ZPH,1,"Not as distinctive or even as humorous as its needs to be to stand out, but it has clearly been made with affection and care."
en:4657,19,20,A generic family comedy unlikely to be appreciated by anyone outside the under-10 years.,A generic family comedy unlikely to be appreciated by anyone outside the under-10 years.,en,mbart_vectors,364,ZPH,0,A generic family comedy unlikely to be appreciated by anyone outside the under-10 set.
en:4661,21,31,Co-direct-director John Parker's attempts to fashion alikeianlike- hyperrealreal-re fallfullyreadfully in.,"Co-director Peter Parker's attempts to fashion alike, hyperreal, and fallfully dreadfully",en,mbart_vectors,368,ZPH,0,"Co-writer/director Jonathan Parker's attempts to fashion a Brazil-like, hyper-real satire fall dreadfully short."
en:4670,14,16,It just doesn't have much else... especially if a sense sense.,It just doesn't have much else... especially if it's a bit sense sense.,en,mbart_vectors,377,ZPH,1,It just doesn't have much else... especially in a moral sense.
en:4671,20,24,Thosemiliafamiliar with Mormon traditions may be themselves Single War Ward occasionally bewildering.,"Thosemiliar with Mormon traditions may be Single Single Ward, occasionally bewildering.",en,mbart_vectors,378,ZPH,1,Those unfamiliar with Mormon traditions may find The Singles Ward occasionally bewildering.
en:4673,13,19,"... the talented film of will keep you watching, and will the fight to..","... the talented people who will keep you watching, who will fight to",en,mbart_vectors,380,ZPH,2,"But the talented cast alone will keep you watching, as will the fight scenes."
en:4677,21,24,An important movie to to reminder of the power of film to move people and to make us examine our values.,An important movie to reminder of the power of film to move people and to make them examine their values.,en,mbart_vectors,384,ZPH,2,"An important movie, a reminder of the power of film to move us and to make us examine our values."
en:4679,22,24,A richly imagined and admirably mature film from a talented director who definitely has something on his mind.,A richly imagined and admirably mature film from a talented director who definitely has something on his mind.,en,mbart_vectors,386,ZPH,2,A richly imagined and admirably mature work from a gifted director who definitely has something on his mind.
en:4682,20,22,What what's nice is that there's a casual intelligence that permeates the whole.,What's nice is that there's a casual intelligence that permeates the whole thing.,en,mbart_vectors,389,ZPH,2,But what's nice is that there's a casual intelligence that permeates the script.
en:4687,19,28,"Thes slight, as if they were a extended al al albeit made made by the smart kids kids of the.",The slights as they came were all extended to albeit made by the smart kids of the,en,mbart_vectors,394,ZPH,1,"Feels slight, as if it were an extended short, albeit one made by the smartest kids in class."
en:4688,11,13,The picture doesn't know it's true movie.,The picture doesn't know it's true to,en,mbart_vectors,395,ZPH,1,The picture doesn't know it's a comedy.
en:4694,22,26,"It's a headturturner, thoughtfully written, beautifully read, finally finally, deeply humanizing.","It's a headturner, thoughtfully writtenly read, finally deeply humanizing.",en,mbart_vectors,401,ZPH,2,"It's a head-turner -- thoughtfully written, beautifully read and, finally, deeply humanizing."
en:4697,19,33,The' Black II achieves ultimate insignificance in and's the most-fi spectacle spectacle of itWEiff' isDoall'clip.,The film Black II achieves ultimate insignificance in the form of a spectacle that is unlike any other.,en,mbart_vectors,404,ZPH,0,Men in Black II achieves ultimate insignificance -- it's the sci-fi comedy spectacle as Whiffle-Ball epic.
en:0:avg,29,29,Presents a good case while failing to provide a reason for us to care beyond the very basic dictums of human decency.,Presents a good case while failing to provide a reason for us to care beyond the very basic dictums of human decency.,en,mbart_vectors_avg,5,average,1,Presents a good case while failing to provide a reason for us to care beyond the very basic dictums of human decency.
en:2:avg,21,24,"Bread Bre My Sweet has so many flaws, would be easy for critics to shred..","Bread Bread My Sweet has so many flaws, it would be easy for critics to shred.",en,mbart_vectors_avg,7,average,0,"Bread, My Sweet has so many flaws it would be easy for critics to shred it."
en:8:avg,37,40,"If Decesces Wild had been tweaked up a notch, would have become a camp adventure, one of those movies that's so bad it starts to become..","If Deces de Wild had been tweaked up a notch, it would have become a camp adventure, one of those movies that's so bad it starts to become.",en,mbart_vectors_avg,14,average,1,"If Deuces Wild had been tweaked up a notch it would have become a camp adventure, one of those movies that's so bad it starts to become good."
en:26:avg,10,10,I love the robust middle of this picture.,I love the robust middle of this picture.,en,mbart_vectors_avg,32,average,2,I love the robust middle of this picture.
en:33:avg,28,28,"The Ring is worth a look, if you don't demand much more than a few cheap thrills from your Halloween entertainment.","The Ring is worth a look, if you don't demand much more than a few cheap thrills from your Halloween entertainment.",en,mbart_vectors_avg,39,average,1,"The Ring is worth a look, if you don't demand much more than a few cheap thrills from your Halloween entertainment."
en:44:avg,14,14,I like the new footage and still love the old stuff.,I like the new footage and still love the old stuff.,en,mbart_vectors_avg,50,average,2,I like the new footage and still love the old stuff.
en:45:avg,28,29,"It briefly flirts with player masochism, but the point of real interest is audience sadism -- is evaded completely.","It briefly flirts with player masochism, but the point of real interest is audience sadism, and is evaded completely.",en,mbart_vectors_avg,51,average,1,"It briefly flirts with player masochism, but the point of real interest -- audience sadism -- is evaded completely."
en:46:avg,15,15,Could The Country Bears really be as bad as its trailers?,Could The Country Bears really be as bad as its trailers?,en,mbart_vectors_avg,52,average,0,Could The Country Bears really be as bad as its trailers?
en:50:avg,8,8,The film seems a dead weight.,The film seems a dead weight.,en,mbart_vectors_avg,56,average,0,The film seems a dead weight.
en:51:avg,45,48,"Sparkling, often hilarious romantic jealous comedy comedy, Attal looks so much like a young Robert DeNiro that it seems the film should instead be called `My Husband Is Travis'ckle'.","Sparkling, often hilarious romantic jealous comedy... Attal looks so much like a young Robert DeNiro that it seems the film should instead be called `My Husband Is Travis'.",en,mbart_vectors_avg,57,average,2,"Sparkling, often hilarious romantic jealousy comedy... Attal looks so much like a young Robert DeNiro that it seems the film should instead be called `My Husband Is Travis Bickle'."
en:53:avg,21,22,"A lousy movie that's not merely unwatchable, but also unableable.","A lousy movie that's not merely unwatchable, but also unable.",en,mbart_vectors_avg,59,average,0,"A lousy movie that's not merely unwatchable, but also unlistenable."
en:55:avg,38,42,"A strong script, powerful direction and splendid production design allows us to be transported into the life of Wlawdyspil Pilpilpil, who is not only a pianist, but a good human being.","A strong script, powerful direction and splendid production design allows us to be transported into the life of Wlawpilman, who is not only a pianist, but a good human being.",en,mbart_vectors_avg,61,average,2,"A strong script, powerful direction and splendid production design allows us to be transported into the life of Wladyslaw Szpilman, who is not only a pianist, but a good human being."
en:58:avg,10,12,It's a fanboy `what''',It's a fanboy `what's'?,en,mbart_vectors_avg,64,average,1,It's a fanboy `what if?'
en:61:avg,53,58,"Stephen Reaidan Aidan Quinn, and Alan Bates play Desmond legals legalagagles, and when joined by Brosnan, the sight of this grandiloquent quartet lolling in pretty Irish settings is a pleasant enough,, `tis `","Stephen Reaidan, Quinn, and Alan Bates play Desmond's legalags, and when joined by Brosnan, the sight of this grandiloquent quartet lolling in pretty Irish settings is a pleasant enough, `tiss-tiss'.",en,mbart_vectors_avg,67,average,2,"Stephen Rea, Aidan Quinn, and Alan Bates play Desmond's legal eagles, and when joined by Brosnan, the sight of this grandiloquent quartet lolling in pretty Irish settings is a pleasant enough thing, `tis."
en:64:avg,15,16,Everything was as superficial as the forced New Jersey low accent accent Uma had.,Everything was as superficial as the forced New Jersey low accent Uma had.,en,mbart_vectors_avg,70,average,0,Everything was as superficial as the forced New Jersey lowbrow accent Uma had.
en:72:avg,27,31,"A zombie movie in every sense of the word -- mindless life lifeless, meandering lo loud, obful ob obnoxious.","A zombie movie in every sense of the word -- mindless lifeless, meandering loud painful obnoxious.",en,mbart_vectors_avg,78,average,0,"A zombie movie in every sense of the word -- mindless, lifeless, meandering, loud, painful, obnoxious."
en:77:avg,29,31,"High Crime knows knows the mistakes that bad movies make and is determined not to make,, and maybe that is nobility of a sort.","High Crime knows the mistakes that bad movies make and is determined not to make, and maybe that is nobility of a sort.",en,mbart_vectors_avg,83,average,1,"High Crimes knows the mistakes that bad movies make and is determined not to make them, and maybe that is nobility of a sort."
en:80:avg,10,14,It a bland--camp-campus wner.,It's a bland-campus-wwner.,en,mbart_vectors_avg,86,average,0,... a bland murder-on-campus yawner.
en:83:avg,22,22,"Suffers from rambling, repetitive dialogue and the visual drabness endemic to digital video.","Suffers from rambling, repetitive dialogue and the visual drabness endemic to digital video.",en,mbart_vectors_avg,89,average,0,"Suffers from rambling, repetitive dialogue and the visual drabness endemic to digital video."
en:86:avg,21,21,Features one of the most affecting depictions of a love affair ever committed to film.,Features one of the most affecting depictions of a love affair ever committed to film.,en,mbart_vectors_avg,92,average,2,Features one of the most affecting depictions of a love affair ever committed to film.
en:96:avg,31,32,Even a hardened voyeur would require the patience of Job to get through this interminable shape shapeless documentary about the swinging subculture.,Even a hardened voyeur would require the patience of Job to get through this interminable shapeless documentary about the swinging subculture.,en,mbart_vectors_avg,102,average,0,"Even a hardened voyeur would require the patience of Job to get through this interminable, shapeless documentary about the swinging subculture."
en:100:avg,35,36,"The film is a contrivance, as artificial as the video games Japanese teens play in a night se sequence, but it's an enjoyable one.","The film is a contrivance as artificial as the video games Japanese teens play in a night sequence, but it's an enjoyable one.",en,mbart_vectors_avg,106,average,1,"The film is a contrivance, as artificial as the video games Japanese teens play in a nightclub sequence, but it's an enjoyable one."
en:101:avg,29,29,"At its worst the screenplay is callow, but at its best it is a young artist's thoughtful consideration of fatherhood.","At its worst the screenplay is callow, but at its best it is a young artist's thoughtful consideration of fatherhood.",en,mbart_vectors_avg,107,average,1,"At its worst the screenplay is callow, but at its best it is a young artist's thoughtful consideration of fatherhood."
en:107:avg,24,26,Jeff Jeff has created a breathtakingly assured and stylish work of spare dialogue andcutecute expressiveness.,Jeff Jeffs has created a breathtakingly assured and stylish work of spare dialogue andcute expressiveness.,en,mbart_vectors_avg,113,average,2,Jeffs has created a breathtakingly assured and stylish work of spare dialogue and acute expressiveness.
en:131:avg,21,21,Anemic chronicle of money grubbing New Yorkers and their serial loveless hook ups.,Anemic chronicle of money grubbing New Yorkers and their serial loveless hook ups.,en,mbart_vectors_avg,137,average,1,Anemic chronicle of money grubbing New Yorkers and their serial loveless hook ups.
en:133:avg,17,17,And I've decided to leave a light on every night from now on.,And I've decided to leave a light on every night from now on.,en,mbart_vectors_avg,139,average,1,And I've decided to leave a light on every night from now on.
en:143:avg,22,24,A rarely rarely dampens her diva persona enough to spark genuine chemistry with Townsend.,A rarely dampens her diva persona enough to spark genuine chemistry with Townsend.,en,mbart_vectors_avg,149,average,1,Aaliyah rarely dampens her diva persona enough to spark genuine chemistry with Townsend.
en:146:avg,24,25,It would be a total loss if not for two supporting performances taking place at the movie's edges.,It would be a total loss if not for two supporting performances taking place at the movie's edges.,en,mbart_vectors_avg,152,average,1,... would be a total loss if not for two supporting performances taking place at the movie's edges.
en:147:avg,41,42,An inspiring and heart-affecting film about the desperate attempts of Vietnamese refugees living in U.S. relocation camps to keep their hope ali alive in 1975.,An inspiring and heart-affecting film about the desperate attempts of Vietnamese refugees living in U.S. relocation camps to keep their hope alive in 1975.,en,mbart_vectors_avg,153,average,2,An inspiring and heart-affecting film about the desperate attempts of Vietnamese refugees living in U.S. relocation camps to keep their hopes alive in 1975.
en:152:avg,14,15,Allen Allens funniest and most likeable movie in years.,Allen Allen Allen's funniest and most likeable movie in years.,en,mbart_vectors_avg,158,average,2,Allen's funniest and most likeable movie in years.
en:154:avg,28,29,There is a refreshing absence of cynicism in Stuart Little 2 -- quite a rarity even even in the family film market.,There is a refreshing absence of cynicism in Stuart Little 2 -- quite a rarity even in the family film market.,en,mbart_vectors_avg,160,average,2,"There is a refreshing absence of cynicism in Stuart Little 2 -- quite a rarity, even in the family film market."
en:164:avg,23,26,"Even by the intentionally low standards of fraboyboyboy humor, Soror Boys Boys is a bowser.","Even by the intentionally low standards of fraboy humor, Soror Boys is a bowser.",en,mbart_vectors_avg,170,average,0,"Even by the intentionally low standards of frat-boy humor, Sorority Boys is a bowser."
en:176:avg,23,25,"The stunning, dreamlike visuals will impress even those viewers who have little patience for Eurofilmfilm pretensions","The stunning, dreamlike visuals will impress even those viewers who have little patience for Eurofilm pretensions.",en,mbart_vectors_avg,182,average,2,"The stunning, dreamlike visuals will impress even those viewers who have little patience for Euro-film pretension."
en:191:avg,22,24,"For Veggie fanses fans, this is more appetizing than a side dish of paraparagus.","For Veggie fans, this is more appetizing than a side dish ofparagus.",en,mbart_vectors_avg,197,average,2,"For VeggieTales fans, this is more appetizing than a side dish of asparagus."
en:192:avg,42,42,"While it regards 1967 as the key turning point of the 20th century, and returns again and again to images of dissidents in the streets, it's alarmingly current.","While it regards 1967 as the key turning point of the 20th century, and returns again and again to images of dissidents in the streets, it's alarmingly current.",en,mbart_vectors_avg,198,average,1,"While it regards 1967 as the key turning point of the 20th century, and returns again and again to images of dissidents in the streets, it's alarmingly current."
en:197:avg,47,49,"While Tattoo borrows heavily from both Seven and The Silence of the Lambs, it manages to maintain both a level of sophisticated intrigue and human-calecale characters that suck the audience..","While Tattoo borrows heavily from both Seven and The Silence of the Lambs, it manages to maintain both a level of sophisticated intrigue and human-cale characters that suck the audience.",en,mbart_vectors_avg,203,average,2,"While Tattoo borrows heavily from both Seven and The Silence of the Lambs, it manages to maintain both a level of sophisticated intrigue and human-scale characters that suck the audience in."
en:200:avg,28,28,"It's the best film of the year so far, the benchmark against which all other Best Picture contenders should be measured.","It's the best film of the year so far, the benchmark against which all other Best Picture contenders should be measured.",en,mbart_vectors_avg,206,average,2,"It's the best film of the year so far, the benchmark against which all other Best Picture contenders should be measured."
en:201:avg,14,14,This is one of the biggest disappointments of the year.,This is one of the biggest disappointments of the year.,en,mbart_vectors_avg,207,average,0,This is one of the biggest disappointments of the year.
en:203:avg,37,41,"Denis forges out of the theories of class based basedragerage and sister ob obsession a razor-shad tuning fork that rings with cultural, sexual and social discord.","Denis forges out of the theories of class basedrage and sister obsession, a razor-shade tuning fork that rings with cultural, sexual and social discord.",en,mbart_vectors_avg,209,average,1,"Denis forges out of the theories of class - based rage and sisterly obsession a razor-sided tuning fork that rings with cultural, sexual and social discord."
en:229:avg,36,44,"A thoroughly awful movie with dumb, narrative cha chaotic, sloly sloppy -- a weird amalgam of ` Th Thing Th and a geritrictric `Scream''","A thoroughly awful movie with dumb narrative chaotic visuals, a weird amalgam of ` Thing Thing' and a geriatric `Scream'.",en,mbart_vectors_avg,235,average,0,"A thoroughly awful movie -- dumb, narratively chaotic, visually sloppy... a weird amalgam of `The Thing' and a geriatric `Scream.'"
en:232:avg,35,36,"The movie has no respect for laws, political correctness, common decency, but it displays something more important: respect for its flawed, crazy people.","The movie has no respect for laws, political correctness, common decency, but it displays something more important: respect for its flawed, crazy people.",en,mbart_vectors_avg,238,average,1,"The movie has no respect for laws, political correctness or common decency, but it displays something more important: respect for its flawed, crazy people."
en:238:avg,36,36,"It would be disingenuous to call Reno a great film, but you can say that about most of the flicks moving in and out of the multiplex.","It would be disingenuous to call Reno a great film, but you can say that about most of the flicks moving in and out of the multiplex.",en,mbart_vectors_avg,244,average,1,"It would be disingenuous to call Reno a great film, but you can say that about most of the flicks moving in and out of the multiplex."
en:242:avg,11,11,Intriguing and downright intoxicating.,Intriguing and downright intoxicating.,en,mbart_vectors_avg,248,average,2,Intriguing and downright intoxicating.
en:244:avg,30,32,Perhaps the most annoying thing about Who Is Clestin Tout Tout is that it's a crime movie made by someone who obviously knows nothing about crime.,Perhaps the most annoying thing about Who Is Clestin Tout Tout is that it's a crime movie made by someone who obviously knows nothing about crime.,en,mbart_vectors_avg,250,average,0,Perhaps the most annoying thing about Who Is Cletis Tout? is that it's a crime movie made by someone who obviously knows nothing about crime.
en:246:avg,25,26,"The quirky drama touches the heart and the funny, thanks to the energetic and always surprising performance by Rachel Griffiths.","The quirky drama touches the heart and the funny, thanks to the energetic and always surprising performance by Rachel Griffiths.",en,mbart_vectors_avg,252,average,2,The quirky drama touches the heart and the funnybone thanks to the energetic and always surprising performance by Rachel Griffiths.
en:248:avg,12,12,Bad and baffling from the get-go.,Bad and baffling from the get-go.,en,mbart_vectors_avg,254,average,0,Bad and baffling from the get-go.
en:249:avg,27,28,"The movie is a blast of educational energy, as bouncy animaanimation and catchy songs escort you through the entire 85 minutes.","The movie is a blast of educational energy, as bouncy animations and catchy songs escort you through the entire 85 minutes.",en,mbart_vectors_avg,255,average,2,"The movie is a blast of educational energy, as bouncy animation and catchy songs escort you through the entire 85 minutes."
en:253:avg,37,38,"The real charm of this trifle is the deadpan comic face of its star, Jean Reno, who resembles Slylonelone in a hot sake half-sleep.","The real charm of this trifle is the deadpan comic face of its star, Jean Reno, who resembles Slylone in a hot sake half-sleep.",en,mbart_vectors_avg,259,average,1,"The real charm of this trifle is the deadpan comic face of its star, Jean Reno, who resembles Sly Stallone in a hot sake half-sleep."
en:260:avg,54,56,"Latete can't avoid a fatal mistake in the modern era: He's changed the male academic from a lower-class Brit to an American, a choice that upsets the novel' exquisit exquisite balance and shreds the fabric of the film.","Late Late can't avoid a fatal mistake in the modern era: He's changed the male academic from a lower-class Brit to an American, a choice that upsets the novel's exquisite balance and shreds the fabric of the film.",en,mbart_vectors_avg,266,average,1,"LaBute can't avoid a fatal mistake in the modern era: He's changed the male academic from a lower-class Brit to an American, a choice that upsets the novel's exquisite balance and shreds the fabric of the film."
en:264:avg,17,17,Gere gives a good performance in a film that doesn't merit it.,Gere gives a good performance in a film that doesn't merit.,en,mbart_vectors_avg,270,average,1,Gere gives a good performance in a film that doesn't merit it.
en:268:avg,23,24,"The director, with his fake backss and stately pacing, never settles on a consistent tone.","The director, with his fake backs, stately pacing, never settles on a consistent tone.",en,mbart_vectors_avg,274,average,0,"The director, with his fake backdrops and stately pacing, never settles on a consistent tone."
en:269:avg,26,27,"Why he was given free reign over this project -- he wrote direct directed, starred and produced -- is beyond me.","Why he was given free reign over this project -- he wrote directed, starred and produced -- is beyond me.",en,mbart_vectors_avg,275,average,0,"Why he was given free reign over this project -- he wrote, directed, starred and produced -- is beyond me."
en:270:avg,27,27,"If you enjoy being rewarded by a script that assumes you aren't very bright, then Blood Work is for you.","If you enjoy being rewarded by a script that assumes you aren't very bright, then Blood Work is for you.",en,mbart_vectors_avg,276,average,0,"If you enjoy being rewarded by a script that assumes you aren't very bright, then Blood Work is for you."
en:271:avg,35,37,Like Rudy Yellow Lodgere Eyre needs to take a good sweat to clarify his cinematic vision before his next creation and remember the lessons of the trickster.der.,"Like Rudy Yellow Lodgere, Eyre needs to take a good sweat to clarify his cinematic vision before his next creation and remember the lessons of the trickster.",en,mbart_vectors_avg,277,average,0,"Like Rudy Yellow Lodge, Eyre needs to take a good sweat to clarify his cinematic vision before his next creation and remember the lessons of the trickster spider."
en:283:avg,9,11,"Hard, endearing car caring, warm","Hard, endearing car car caring, warm",en,mbart_vectors_avg,289,average,2,"Hard, endearing, caring, warm."
en:285:avg,35,38,The way Coppola professes his love for movies is both colorful popjunkjunkjunk the classics that unequivocally qualify as art -- is giddily entertaining.,The way Coppola professes his love for movies is both colorful popjunkjunk and the classics that unequivocally qualify as art and is giddily entertaining.,en,mbart_vectors_avg,291,average,2,The way Coppola professes his love for movies -- both colorful pop junk and the classics that unequivocally qualify as art -- is giddily entertaining.
en:293:avg,40,41,It won't bust your gut -- and it's not intended to be it's merely a blandly cinematic surgical examination of what makes a joke a joke.,"It won't bust your gut -- and it's not intended to be, it's merely a blandly cinematic surgical examination of what makes a joke a joke.",en,mbart_vectors_avg,299,average,1,It won't bust your gut -- and it's not intended to -- it's merely a blandly cinematic surgical examination of what makes a joke a joke.
en:298:avg,27,35,The 12--- banthe-ter-tere banter of Welcome to Collinwood has a cocky- after-hours loopiness to it.,The 12-year-old banter of Welcome to Collinwood has a cocky-hours-like loopiness to it.,en,mbart_vectors_avg,304,average,1,"The doofus-on-the-loose banter of Welcome to Collinwood has a cocky, after-hours loopiness to it."
en:299:avg,16,16,It's the funniest American comedy since Graffiti Bridge.,It's the funniest American comedy since Graffiti Bridge.,en,mbart_vectors_avg,305,average,2,It's the funniest American comedy since Graffiti Bridge.
en:302:avg,37,40,"Often gruelling and heartbreaking to witness, but Selsel' Wollterlings sterling performances raise this far above the level of the usual maudlin disease movie.","Often gruelling and heartbreaking to witness, but Selsel's sterling performances raise this far above the level of the usual maudlin disease movie.",en,mbart_vectors_avg,308,average,2,"Often gruelling and heartbreaking to witness, but Seldahl and Wollter's sterling performances raise this far above the level of the usual maudlin disease movie."
en:307:avg,23,25,"That is essentially what's missing from Blackboard,, the sense of something bigger, some ultimate point.","That is essentially what's missing from Blackboard, in the sense of something bigger, some ultimate point.",en,mbart_vectors_avg,313,average,1,"That is essentially what's missing from Blackboards -- the sense of something bigger, some ultimate point."
en:310:avg,30,34,"The dimwitwitted and lazy spinoffoff of the Animal Planet documentary series, Crocodile Hunter is entertainmentismism at its most glaring.",The dimwitted and lazy spinoff of the Animal Planet documentary series Crocodile Hunter is entertainmentism at its most glaring.,en,mbart_vectors_avg,316,average,0,"A dim-witted and lazy spin-off of the Animal Planet documentary series, Crocodile Hunter is entertainment opportunism at its most glaring."
en:322:avg,21,23,A awful movie that will only satisfy the most emotionally malableable of filmgoers.,"Awful, movie that will only satisfy the most emotionally malable of filmgoers.",en,mbart_vectors_avg,328,average,0,An awful movie that will only satisfy the most emotionally malleable of filmgoers.
en:344:avg,65,67,Godard's ode to tackling life's wonderment is a rambling and incoherent manifesto about the vagueness of topical excess... In Praise of Love remains a ponderous and pretentious endeavor''s unfocused and tedioously exasperating.,Godard's ode to tackling life's wonderment is a rambling and incoherent manifesto about the vagueness of topical excess... In Praise of Love remains a ponderous and pretentious endeavor's unfocused and tedious exasperating.,en,mbart_vectors_avg,350,average,0,Godard's ode to tackling life's wonderment is a rambling and incoherent manifesto about the vagueness of topical excess... In Praise of Love remains a ponderous and pretentious endeavor that's unfocused and tediously exasperating.
en:346:avg,38,42,"We never truly come to care about the main characters and whether or not they windll wind up,, and Michel''s spiritual quest is neimus amusing nor dramatic enough to sustain interest.","We never truly come to care about the main characters and whether or not they wind up, and Michel's spiritual quest is neimusing nor dramatic enough to sustain interest.",en,mbart_vectors_avg,352,average,0,"We never truly come to care about the main characters and whether or not they'll wind up together, and Michele's spiritual quest is neither amusing nor dramatic enough to sustain interest."
en:349:avg,17,20,Peralta mys mythmaking could have used some informed adult adult hindsights,Peralta mythmaking could have used some informed adult hindsights.,en,mbart_vectors_avg,355,average,1,"Peralta's mythmaking could have used some informed, adult hindsight."
en:356:avg,35,35,Adults will certainly want to spend their time in the theater thinking up grocery lists and ways to tell their kids how not to act like Pinocchio.,Adults will certainly want to spend their time in the theater thinking up grocery lists and ways to tell their kids how not to act like Pinocchio.,en,mbart_vectors_avg,362,average,1,Adults will certainly want to spend their time in the theater thinking up grocery lists and ways to tell their kids how not to act like Pinocchio.
en:357:avg,31,31,"Not as distinctive or even as humorous as its needs to be to stand out, but it has clearly been made with affection and care.","Not as distinctive or even as humorous as its needs to be to stand out, but it has clearly been made with affection and care.",en,mbart_vectors_avg,363,average,1,"Not as distinctive or even as humorous as its needs to be to stand out, but it has clearly been made with affection and care."
en:358:avg,20,20,A generic family comedy unlikely to be appreciated by anyone outside the under-10 set.,A generic family comedy unlikely to be appreciated by anyone outside the under-10 set.,en,mbart_vectors_avg,364,average,0,A generic family comedy unlikely to be appreciated by anyone outside the under-10 set.
en:362:avg,24,31,Co-direct JonathanAor Jonathan Parker's attempts to fashion a Brazilianlike hyper hyperrealreal satire fallfullyreadfully short.,Co-director Jonathan Parker's attempts to fashion a Brazilian-real-re-re-re-re-re-re-re-re-re-re-re-re-re-re-re-re-re-re-re-re-re-re-re-re-re-re-re-re-re-re-re-re-re-re-re-re-re-re-re-re-re-re-re-re-re-re-re-re-re-re-re-re-re-re-,en,mbart_vectors_avg,368,average,0,"Co-writer/director Jonathan Parker's attempts to fashion a Brazil-like, hyper-real satire fall dreadfully short."
en:371:avg,16,16,It just doesn't have much else... especially in a moral sense.,It just doesn't have much else... especially in a moral sense.,en,mbart_vectors_avg,377,average,1,It just doesn't have much else... especially in a moral sense.
en:372:avg,23,24,Those unfamiliar with Mormon traditions may find The Single Single Ward occasionally bewildering.,Those unfamiliar with Mormon traditions may find The Single Single Ward occasionally bewildering.,en,mbart_vectors_avg,378,average,1,Those unfamiliar with Mormon traditions may find The Singles Ward occasionally bewildering.
en:374:avg,19,19,"But the talented cast alone will keep you watching, as will the fight scenes.","But the talented cast alone will keep you watching, as will the fight scenes.",en,mbart_vectors_avg,380,average,2,"But the talented cast alone will keep you watching, as will the fight scenes."
en:378:avg,24,24,"An important movie, a reminder of the power of film to move us and to make us examine our values.","An important movie, a reminder of the power of film to move us and to make us examine our values.",en,mbart_vectors_avg,384,average,2,"An important movie, a reminder of the power of film to move us and to make us examine our values."
en:380:avg,24,24,A richly imagined and admirably mature work from a gifted director who definitely has something on his mind.,A richly imagined and admirably mature work from a gifted director who definitely has something on his mind.,en,mbart_vectors_avg,386,average,2,A richly imagined and admirably mature work from a gifted director who definitely has something on his mind.
en:383:avg,22,22,But what's nice is that there's a casual intelligence that permeates the script.,But what's nice is that there's a casual intelligence that permeates the script.,en,mbart_vectors_avg,389,average,2,But what's nice is that there's a casual intelligence that permeates the script.
en:388:avg,27,28,"Feels slight, as if it were an extended,, albeit one made by the smartest kids in class.","Feels slight, as if it were an extended, albeit one made by the smartest kids in class.",en,mbart_vectors_avg,394,average,1,"Feels slight, as if it were an extended short, albeit one made by the smartest kids in class."
en:389:avg,13,13,The picture doesn't know it's a comedy.,The picture doesn't know it's a comedy.,en,mbart_vectors_avg,395,average,1,The picture doesn't know it's a comedy.
en:395:avg,23,26,"It's a headturturner -- thoughtfully written, beautifully read, finally finally, deeply humanizing.","It's a headturner -- thoughtfully written, beautifully read, finally finally deeply humanizing.",en,mbart_vectors_avg,401,average,2,"It's a head-turner -- thoughtfully written, beautifully read and, finally, deeply humanizing."
en:398:avg,29,33,"Men in Black II achieves ultimate insignificance, it's the sci-fi comedy spectacle as Walliffle epicall epic.","Men in Black II achieves ultimate insignificance, it's the sci-fi comedy spectacle as Wall's epic.",en,mbart_vectors_avg,404,average,0,Men in Black II achieves ultimate insignificance -- it's the sci-fi comedy spectacle as Whiffle-Ball epic.
