trial,tf_correct,tf_scored,tf_text,free_text,lang,condition,sentence_id,reader,label,gold
en:0,21,29,Presents a case case for attempting to provide a reason to his to care beyond the very basicss of human defeni.,Presents a case which seems to provide a reason to care beyond the very basics of human defence.,en,mbart_vectors,5,ZAB,1,Presents a good case while failing to provide a reason for us to care beyond the very basic dictums of human decency.
en:2,17,24,"Bullad My My Sweet has so many flaws, would be easy to yous to shred","Bullshit, My Sweet has so many flaws, it just happens to be easy to shred.",en,mbart_vectors,7,ZAB,0,"Bread, My Sweet has so many flaws it would be easy for critics to shred it."
en:8,28,40,"If Debutces hade been aeaked up to bitch, would have become a camp and, one that those movies that's so funny that nevers to become good.","If Debut had been a bit lighter, it would have become a camp and adventure, one that few movies has become so, and one that has, and it continues to become good.",en,mbart_vectors,14,ZAB,1,"If Deuces Wild had been tweaked up a notch it would have become a camp adventure, one of those movies that's so bad it starts to become good."
en:26,9,10,A love the robust middle of this picture.,A sweet and poignant middle-aged comedy.,en,mbart_vectors,32,ZAB,2,I love the robust middle of this picture.
en:33,23,28,"The movie is worth a movie, if you don't mind much more than a few cheap laughthrills from the Halloween entertainment.",The movie is worth a lot more if you don't mind the refrains of a few cheap-sale movies cut from the Halloween entertainment.,en,mbart_vectors,39,ZAB,1,"The Ring is worth a look, if you don't demand much more than a few cheap thrills from your Halloween entertainment."
en:44,11,14,to' the new footage and still love the old one.,to the new footage and still love to make a,en,mbart_vectors,50,ZAB,2,I like the new footage and still love the old stuff.
en:45,16,29,"It briefly flirts with movie furochism, but in point is the drama is thesness -- is fadcliped..","It briefly flirts with movie criticism, but in the long run, it's pretty real and the audience is giddy.",en,mbart_vectors,51,ZAB,1,"It briefly flirts with player masochism, but the point of real interest -- audience sadism -- is evaded completely."
en:46,13,15,Could The Rock Bears really be as bad as its trailers.,Could The Rockers really be as bad as its title suggests.,en,mbart_vectors,52,ZAB,0,Could The Country Bears really be as bad as its trailers?
en:50,6,8,The film seems dead deadly.,The film seems deadly dull.,en,mbart_vectors,56,ZAB,0,The film seems a dead weight.
en:51,33,48,"Sparkling, often hilarious romantic comedyllyusy comedy that Attala looks so like like a young Robert DeNiro novel it just almost film should instead be called andWar Warband is Travis'ele..","Sparkling, often hilarious romantic comedy about a boy who looks so much like his new best friend Deleuze. It seems oddly American, just because it's released after being released by Brian.",en,mbart_vectors,57,ZAB,2,"Sparkling, often hilarious romantic jealousy comedy... Attal looks so much like a young Robert DeNiro that it seems the film should instead be called `My Husband Is Travis Bickle'."
en:53,18,22,"A loudy movie,'s not merely unfunable, but also unsettable.","A loud and loud movie, not merely unfunny, but also unsettling.",en,mbart_vectors,59,ZAB,0,"A lousy movie that's not merely unwatchable, but also unlistenable."
en:55,27,42,"The strong,, powerful art and splendid production design that this to feel transported into the life of a.dysbond,ymber, who is not only a great, but also great human being.","The strongest, most poignant musical is the one where the splendid production design allows it to be transported into life's east-west circle. It is only slightly surreal, if not entirely true, to human nature.",en,mbart_vectors,61,ZAB,2,"A strong script, powerful direction and splendid production design allows us to be transported into the life of Wladyslaw Szpilman, who is not only a pianist, but a good human being."
en:58,8,12,It's a fanboy'however'',It's a fanboy's `tomboy'.,en,mbart_vectors,64,ZAB,1,It's a fanboy `what if?'
en:61,28,58,"Stephen,edudio a A,n, and Anna Bates,stiny's legal escapavilles, and when youed by the., the sorts a eloseust quartet lou off Hollywood much languages is a pleasant enough,, `s `'","Stephen, a Aunt Susan, is trying to play the typical Stanley Kubrick character's legal escapades, and when you've met him, the sort of idyllic stunt you'll find pretty much in a pleasant enough, weirdo-romantic thriller. `D.",en,mbart_vectors,67,ZAB,2,"Stephen Rea, Aidan Quinn, and Alan Bates play Desmond's legal eagles, and when joined by Brosnan, the sight of this grandiloquent quartet lolling in pretty Irish settings is a pleasant enough thing, `tis."
en:64,9,16,Everything was superficial superficial as the forced New Jersey-- characters Thu given,Everything was superficial and superficial -- the forced New Jersey-style entertainment was uneasy to have.,en,mbart_vectors,70,ZAB,0,Everything was as superficial as the forced New Jersey lowbrow accent Uma had.
en:72,18,31,"a funny movie, every sense, the word, palpless, lungless, slu-, imud, stupidful, stupidstructxious.","a zombie movie, every minute is lost, and, most,,,,,,,,,,,,,,,,,,,,,,,,,,,,,,,,,,,,,,,,,,,,,,,,,,,,,,,,,,,,,,,,,,,,,,,,,,,,,,,,,,,,,,,,,,,,,,,,,,,,,,,,,,,,,,,,,,",en,mbart_vectors,78,ZAB,0,"A zombie movie in every sense of the word -- mindless, lifeless, meandering, loud, painful, obnoxious."
en:77,15,31,"The-s just the mistakes that make movies make, it determined to to make them worse just just is is the no. the movie.","The Crimes series just does the mistakes that other movies make, and it is almost as if it is notorious.",en,mbart_vectors,83,ZAB,1,"High Crimes knows the mistakes that bad movies make and is determined not to make them, and maybe that is nobility of a sort."
en:80,7,14,"A a bland,-bomb-aus projectcht..","A bland, boring murder-bomber.",en,mbart_vectors,86,ZAB,0,... a bland murder-on-campus yawner.
en:83,12,22,Faufrage a ablings fromtive dialogue and the visual sreckness ofmic to the video.,"Faucets aloud from a repetitive dialogue, and the visual slickness of the",en,mbart_vectors,89,ZAB,0,"Suffers from rambling, repetitive dialogue and the visual drabness endemic to digital video."
en:86,19,21,Features one of the most affecting depictions of how love affair ever committed to the.,Features one of the most affecting depictions of how love may ever have been committed to the film.,en,mbart_vectors,92,ZAB,2,Features one of the most affecting depictions of a love affair ever committed to film.
en:96,19,32,"Even a wedened voyeur will have to patience of someone, put through his inkinable, linearly documentary about his swinging politicalculture.","Even a weak, liberal critic will have to find solace in his inability to maintain a plausible documentary about his disturbing experience.",en,mbart_vectors,102,ZAB,0,"Even a hardened voyeur would require the patience of Job to get through this interminable, shapeless documentary about the swinging subculture."
en:100,27,36,"The film is a contrivance, as in as the reality game, teens watch in a night of,quence, but it's also unable one.","The film is a contrivance, as in its natural creation, and as in the reality, if you're a night-club fan, you'll miss the message.",en,mbart_vectors,106,ZAB,1,"The film is a contrivance, as artificial as the video games Japanese teens play in a nightclub sequence, but it's an enjoyable one."
en:101,21,29,"It its worst, screenplay is capped, but at its very it' pa thought artist's thoughtful consideration of hishood.","Its worst screenplay is cold and silent, but its best is the film's thoughtful consideration of the author.",en,mbart_vectors,107,ZAB,1,"At its worst the screenplay is callow, but at its best it is a young artist's thoughtful consideration of fatherhood."
en:107,23,26,Jeffers has created a breathtakingly detailedd and stylish work of spare dialogue and acute affectiveness.,Jeffers has created a breathtakingly detailed and stylish work of spare dialogue with acute affectiveness.,en,mbart_vectors,113,ZAB,2,Jeffs has created a breathtakingly assured and stylish work of spare dialogue and acute expressiveness.
en:131,11,21,Aneka andle of a hunbing New Yorkers over a TVless is hook up..,"Anekale and unearthlikely brief, amusing musical from New Yorkers and a lifetimeless hookup.",en,mbart_vectors,137,ZAB,1,Anemic chronicle of money grubbing New Yorkers and their serial loveless hook ups.
en:133,13,17,And I'm decided to hi the light on every night since now on.,And I'm decided to hire a lighter flicker for every night that passes on.,en,mbart_vectors,139,ZAB,1,And I've decided to leave a light on every night from now on.
en:143,15,24,Aalbert rarely featurespens her confidenceva of with to create ae chemistry. asend.,Aalbert rarely features in his executive persona is enough to create a genuine scandal.,en,mbart_vectors,149,ZAB,1,Aaliyah rarely dampens her diva persona enough to spark genuine chemistry with Townsend.
en:146,19,25,The a have a total loss if not for the supporting performances taking place at the movie's end..,"The movie has a total loss of taste, not for the supporting performances taking place at the movie's end.",en,mbart_vectors,152,ZAB,1,... would be a total loss if not for two supporting performances taking place at the movie's edges.
en:147,29,42,An inspiring and heartwarmwarmfirmting film about what desperate attempts of Jackieese refugees to in re.S. re re.s. keep their hopes atve. 2007..,An inspiring and heartwarming film about the desperate attempts of Jackie Kennedy to survive the remake of 1997.,en,mbart_vectors,153,ZAB,2,An inspiring and heart-affecting film about the desperate attempts of Vietnamese refugees living in U.S. relocation camps to keep their hopes alive in 1975.
en:152,11,15,Adams's funniest movie most likeable movie is.,Adams' funniest movie is the most likeable one.,en,mbart_vectors,158,ZAB,2,Allen's funniest and most likeable movie in years.
en:154,17,29,"There is a refreshing outlook of witicism in the'', and a bitity in in in the film film program.","There is a refreshing outlook of wit and wit, in vast sums of films that have lost their wit, in the film's adaption.",en,mbart_vectors,160,ZAB,2,"There is a refreshing absence of cynicism in Stuart Little 2 -- quite a rarity, even in the family film market."
en:164,17,26,"Even by the veryally low-s, thetboyfood humor, Sorrelity Boys is a phen..","Even by the very lowest standards, the humor, the optimism, and the lighting",en,mbart_vectors,170,ZAB,0,"Even by the intentionally low standards of frat-boy humor, Sorority Boys is a bowser."
en:176,20,25,The stunning dream dreamlike visuals will impress even those viewers who have little patience with the-film.tensions,The stunning dreams will impress even those viewers who have little patience with their wartime-film-fanfare pretensions.,en,mbart_vectors,182,ZAB,2,"The stunning, dreamlike visuals will impress even those viewers who have little patience for Euro-film pretension."
en:191,17,24,"For thosegie fanses fans, this is a akinetizing than a side-sh of shamphalgus.","For those of you, this is a more relaxing, poetic poem than a",en,mbart_vectors,197,ZAB,2,"For VeggieTales fans, this is more appetizing than a side dish of asparagus."
en:192,33,42,"While it oftens as as the key turning point of 20 20th century, and returns to and again, those that dissidents, the street,, it's alarmingly current.","While it often seems that 1967's films, the key turning point of 20/20, are a paroxysm of modernity, and returns to maps and videos, as if these films were parallels to our own lives.",en,mbart_vectors,198,ZAB,1,"While it regards 1967 as the key turning point of the 20th century, and returns again and again to images of dissidents in the streets, it's alarmingly current."
en:197,29,49,"While Tattoo borrows avily from both Fire and The Silence, the Lambs, it's to  its its  of phistication humour andelikehat war. areck. fun in.","While Tattoo borrows a heavily heavily portraying character from both Evergreen and The Silence, it's flawed and flawed, allowing for its humourous characters to become an audience.",en,mbart_vectors,203,ZAB,2,"While Tattoo borrows heavily from both Seven and The Silence of the Lambs, it manages to maintain both a level of sophisticated intrigue and human-scale characters that suck the audience in."
en:200,22,28,"The's the best film of the year, far, but benchmark against all all other Best Picture filmsders should be faced.","The best film of the year is the one that stands the benchmark against all other Best Picture films, but it's rather dull.",en,mbart_vectors,206,ZAB,2,"It's the best film of the year so far, the benchmark against which all other Best Picture contenders should be measured."
en:201,13,14,It is one of the biggest disappointments of the year.,It's one of the biggest disappointments of the year.,en,mbart_vectors,207,ZAB,0,This is one of the biggest disappointments of the year.
en:203,19,41,"Denisees out the the pileries of class based which onsquare and primitivhood passionsession --sideor largerthind waymult, that, rings with sexual, sexual, social discord.","Denise has nothing to hide from the films, except its spectacularly passionate performances, and his rather flawed, humorous predictions, which square with that rash, sexual-porno-gods.",en,mbart_vectors,209,ZAB,1,"Denis forges out of the theories of class - based rage and sisterly obsession a razor-sided tuning fork that rings with cultural, sexual and social discord."
en:229,27,44,"A thoroughly amusful movie, narrall, narratively lootic, andly sloppy -- asside amalgam of `Ci Nighting' and `cuteatric tritritrip''","A thoroughly amusing movie, narratively cluttered and visually sloppy -- it's a nostalgic amalgamation of `Cinépolis' and `Rainbow.'",en,mbart_vectors,235,ZAB,0,"A thoroughly awful movie -- dumb, narratively chaotic, visually sloppy... a weird amalgam of `The Thing' and a geriatric `Scream.'"
en:232,25,36,"The movie has no respect for war, political correctness, common delicai, and it's something that than than its for its flawed, funny people.","The movie has no respect for war, political correctness, or common sense, but it still displays something that is considerably more toad-ready than its flawed, funny people.",en,mbart_vectors,238,ZAB,1,"The movie has no respect for laws, political correctness or common decency, but it displays something more important: respect for its flawed, crazy people."
en:238,25,36,"It would be aappointuous to call Reese a great film, but it'' it it most of the flicks is in the out of the 35x.",It would be a disappointingly long film to try to film in a theater that flicks off the widescreen.,en,mbart_vectors,244,ZAB,1,"It would be disingenuous to call Reno a great film, but you can say that about most of the flicks moving in and out of the multiplex."
en:242,9,11,Intriguing and downright dangeroustoxicating,Intriguing and downright dangerous.,en,mbart_vectors,248,ZAB,2,Intriguing and downright intoxicating.
en:244,25,32,"Perhaps the most etying thing about Thele themens?? is that it's a crime movie, by someone who obviously knows nothing about crime.",Perhaps the most ethical movie to come about is the one about Marquis de la Fontaine.,en,mbart_vectors,250,ZAB,0,Perhaps the most annoying thing about Who Is Cletis Tout? is that it's a crime movie made by someone who obviously knows nothing about crime.
en:246,21,26,The quirky drama touches the heart of is funny ones to the energetic and always surprising performances Rachel Griffiths.,"The quirky drama touches the heart of a funny story, funnyly mixed with the energetically surprising performances of Rachel McAdams.",en,mbart_vectors,252,ZAB,2,The quirky drama touches the heart and the funnybone thanks to the energetic and always surprising performance by Rachel Griffiths.
en:248,6,12,"Aly glaffling, start start-go.",A solid and glaringly convoluted story.,en,mbart_vectors,254,ZAB,0,Bad and baffling from the get-go.
en:249,15,28,"The movie is a blast from educational energy, a wellncy asanimation and ay story do the to a nighttyth.","The movie is a blast from the educational era, full of witless animation and a perpetual sense of humour.",en,mbart_vectors,255,ZAB,2,"The movie is a blast of educational energy, as bouncy animation and catchy songs escort you through the entire 85 minutes."
en:253,23,38,"It real charm of this trifle is the stuly comic face of his star, Jean-my, who resembles aquinomalone' his pretty water to-a.","It's real charm, this trifle is the stunner version of Jean-Pierre, and it resembles a sore, sore Joe.",en,mbart_vectors,259,ZAB,1,"The real charm of this trifle is the deadpan comic face of its star, Jean Reno, who resembles Sly Stallone in a hot sake half-sleep."
en:260,39,56,"Latellet' avoidt avoid a fatal mistake in the real era; He's been the male academic from a lower-class citizen to a American, andchie that shss his film's exquisite balance. shreds the film of the film.","Late on, it's a fatal mistake to let in the form of a male academic from a lower-class background, and in an American society that has long been undesirable to read.",en,mbart_vectors,266,ZAB,1,"LaBute can't avoid a fatal mistake in the modern era: He's changed the male academic from a lower-class Brit to an American, a choice that upsets the novel's exquisite balance and shreds the fabric of the film."
en:264,15,17,Gere gives a good performance in a film that just't merit merit.,Gere gives a good performance in a film that just doesn't merit merit.,en,mbart_vectors,270,ZAB,1,Gere gives a good performance in a film that doesn't merit it.
en:268,18,24,"A old, with his fake backdrops and his- pacing, never settles for consistent consistent tone.","A solid, funny director, with his fake backdrops and movie-like pacing that never settles into consistent tone.",en,mbart_vectors,274,ZAB,0,"The director, with his fake backdrops and stately pacing, never settles on a consistent tone."
en:269,16,27,"He he was so a reign? a project? it wrote, directed, produced produced and produced is is beyond Marvel.","He was a free reign, a project that, wrote, directed, and produced is beyond Marvel's limits.",en,mbart_vectors,275,ZAB,0,"Why he was given free reign over this project -- he wrote, directed, starred and produced -- is beyond me."
en:270,21,27,"If you' being rewarded with a script that assumes you''t a bright, and Blood Work for for you.","If you're lucky enough to find a script that automatically assumes that your Blood Works for you, you'll find that the",en,mbart_vectors,276,ZAB,0,"If you enjoy being rewarded by a script that assumes you aren't very bright, then Blood Work is for you."
en:271,22,37,"Like ay,,' whosere' no put a good loty clarify its cinematic vision before giving next creation and remember the lessons from the spister.der.","Like a Boyhood, which, while its may not be a good movie, clarifies its cinematic vision before the very last creation and remembers the antagonistic stirrings that",en,mbart_vectors,277,ZAB,0,"Like Rudy Yellow Lodge, Eyre needs to take a good sweat to clarify his cinematic vision before his next creation and remember the lessons of the trickster spider."
en:283,11,11,"Hard, endearing, caring, warm.","Hard, endearing, caring, warm.",en,mbart_vectors,289,ZAB,2,"Hard, endearing, caring, warm."
en:285,26,38,The way Coppola obsesses his love for movies is both colorful and andjunk and has haal that perpetuaequivocally definefy him art. is giddyly entertaining.,"The way Coppola obsesses his movie with both colorful pop music and lyrical wariness, which, unlike the films that has unequivocally built up an art form",en,mbart_vectors,291,ZAB,2,The way Coppola professes his love for movies -- both colorful pop junk and the classics that unequivocally qualify as art -- is giddily entertaining.
en:293,28,41,"It won't bust your gut if if if's mere surprising to, because's merely a cinema, cinematic examinarogaical examination -- what makes a joke about joke.","It won't bust your gut if you don't care about the cinematic oddity of the film, but it's a cruelly simple and flat-out-poltable comedy that makes a joke.",en,mbart_vectors,299,ZAB,1,It won't bust your gut -- and it's not intended to -- it's merely a blandly cinematic surgical examination of what makes a joke a joke.
en:298,17,35,"The bestpey--the-a-grounde approachter is Phillip to thesion has has its dicky, mouth-hours-iness..","The under-the-hood romantic relationship to the SpongeBob has a bunch of tricky, under-the-hood films to",en,mbart_vectors,304,ZAB,1,"The doofus-on-the-loose banter of Welcome to Collinwood has a cocky, after-hours loopiness to it."
en:299,12,16,It's fun funniest American comedy of Thefiti..,It's funniest and the most flattering of,en,mbart_vectors,305,ZAB,2,It's the funniest American comedy since Graffiti Bridge.
en:302,25,40,"Often gruelinglling, heartbreaking, watch, the letma' Davister's impressiveling performances raise the one above the usual of usual usual maudlin- movie.","Often grueling, heartbreaking and poignant, Ernesto from the Cleveland legend's relentless performances will not to fly above the level of usual maudlinity.",en,mbart_vectors,308,ZAB,2,"Often gruelling and heartbreaking to witness, but Seldahl and Wollter's sterling performances raise this far above the level of the usual maudlin disease movie."
en:307,14,25,"The the essentially what makess missing in the Pan,, the sense that something bigger, some ultimate thriller of","The film is essentially one step back from making the sense of something bigger, some ultimate thriller.",en,mbart_vectors,313,ZAB,1,"That is essentially what's missing from Blackboards -- the sense of something bigger, some ultimate point."
en:310,18,34,"A dim,witting, perpetuaggy spinoffoff, an Animal Planet seriesy,, whichele Bot' an opportunist at its most glaring.","A dim, flabby-feeding series, a sort of Underground Parall, in which Edgar Rice Morgan's entertainment opportunism is the most glaring.",en,mbart_vectors,316,ZAB,0,"A dim-witted and lazy spin-off of the Animal Planet documentary series, Crocodile Hunter is entertainment opportunism at its most glaring."
en:322,16,23,A awful movie will will not satisfy the most emotionally volatilevoleable film filmmakersers.,"A awful movie, which will not satisfy the most emotionally volatile filmmakers.",en,mbart_vectors,328,ZAB,0,An awful movie that will only satisfy the most emotionally malleable of filmgoers.
en:344,41,67,"Godard's approach to theling life's mostous is a banalbling and overaneordinaent manifesto about the fague impression of hisal eventses while myise of a remains a gloriously ende absurdentious endeavor.,sfortunacused and exdioously exasperating.","Godard's approach to reconstructing life's wonderous ramblings is a lopsided, over-the-top performance -- and it remains neither glorious nor exasperating.",en,mbart_vectors,350,ZAB,0,Godard's ode to tackling life's wonderment is a rambling and incoherent manifesto about the vagueness of topical excess... In Praise of Love remains a ponderous and pretentious endeavor that's unfocused and tediously exasperating.
en:346,28,42,"It never truly come to a about the characters characters, if they not they'll come up in in is if''s spiritual quest is neither a realisting nor dramatic, to sustain interest.","It's never truly come to a point where the comic characters themselves have been suspended, and the TV shows have become a spiritual stand-in, while the film has become a spiritual stand-out, and has not come to sustain interest.",en,mbart_vectors,352,ZAB,0,"We never truly come to care about the main characters and whether or not they'll wind up together, and Michele's spiritual quest is neither amusing nor dramatic enough to sustain interest."
en:349,13,20,"Perspec's mysteical could have been some,d, veteran-sight.","Perspectives could have been better, but it's",en,mbart_vectors,355,ZAB,1,"Peralta's mythmaking could have used some informed, adult hindsight."
en:356,26,35,Adults will certainly want to spend time time in the theater thinking of theovyy stuffs and ways to tell a stories it to to act like Pinocchio.,Adults will certainly want to spend time in the theater thinking of the legendary Pinocchio and the ways to tell it -- but it's not to act like Pinocchio.,en,mbart_vectors,362,ZAB,1,Adults will certainly want to spend their time in the theater thinking up grocery lists and ways to tell their kids how not to act like Pinocchio.
en:357,22,31,"Not as distinctive, even humor humorous as its title to make, show by from but it has clearly been achieve with affection and care.","Not as distinctive, even if it's not entirely humorous, as its title implies, it has clearly been aged with affection and care.",en,mbart_vectors,363,ZAB,1,"Not as distinctive or even as humorous as its needs to be to stand out, but it has clearly been made with affection and care."
en:358,12,20,a solid family comedy unlike any to be receivedd by anyone outside of castgrounds.,a solid family comedy unlike any other to be viewed outside of New York.,en,mbart_vectors,364,ZAB,0,A generic family comedy unlikely to be appreciated by anyone outside the under-10 set.
en:362,22,31,"Directorxau Jonathandirector Jonathan Parker's attempts to create a trulyianlike, hyper-real-re fall ratherreadfully short.","Director's best-seller as well as his own, virtually-real-rape-trip.",en,mbart_vectors,368,ZAB,0,"Co-writer/director Jonathan Parker's attempts to fashion a Brazil-like, hyper-real satire fall dreadfully short."
en:371,10,16,just just doesn't have the appeal to especially not the moral sense.,just doesn't have the appeal of... especially the moral and spiritual sense.,en,mbart_vectors,377,ZAB,1,It just doesn't have much else... especially in a moral sense.
en:372,17,24,Those unfamiliar with Mormon traditions will not The Never War War a intellectually awildering.,Those unfamiliar with Mormon traditions will find The Never Warm Warm.,en,mbart_vectors,378,ZAB,1,Those unfamiliar with Mormon traditions may find The Singles Ward occasionally bewildering.
en:374,14,19,"The the talented fans will will keep watching watching, and will the fight scenes.","The talented fighters will keep flipping, and the stupid people will fight the fight.",en,mbart_vectors,380,ZAB,2,"But the talented cast alone will keep you watching, as will the fight scenes."
en:378,14,24,It important film to to reminder to the power of themakers us us past to make us remember our values.,It is important to remember that it does not maintain the momentum of the film and to make it entertaining.,en,mbart_vectors,384,ZAB,2,"An important movie, a reminder of the power of film to move us and to make us examine our values."
en:380,18,24,It richly craftd and entirelybly perform musical from a gifted director who definitely has something to his mind.,It's richly imagined and entirely appropriately performed -- from a gifted screenwriter who definitely has something to say about his,en,mbart_vectors,386,ZAB,2,A richly imagined and admirably mature work from a gifted director who definitely has something on his mind.
en:383,19,22,It it's nice is that there's a  intelligence that permeates the script.,It's nice to have a movie where intelligence and perception permeate the script.,en,mbart_vectors,389,ZAB,2,But what's nice is that there's a casual intelligence that permeates the script.
en:388,22,28,"Feels slight, like if it were an extended, film andbeit one made by the mostest kids in the.","Feels slight, like it were an extended, long-suffering movie made by the same kids who",en,mbart_vectors,394,ZAB,1,"Feels slight, as if it were an extended short, albeit one made by the smartest kids in class."
en:389,13,13,The picture doesn't know it's a comedy.,The picture doesn't know it's a comedy.,en,mbart_vectors,395,ZAB,1,The picture doesn't know it's a comedy.
en:395,20,26,"...'s a war-turner, whichfully written, beautifully illustra and finally finally, deeply humanizing.","... a turnout craze, which, simply written, is beautifully illustrated.",en,mbart_vectors,401,ZAB,2,"It's a head-turner -- thoughtfully written, beautifully read and, finally, deeply humanizing."
en:398,12,33,A in a is iss ate artficance in a iss a kind-fi comedy that that an.uffle theAle hasats.,A wonderfully funny and sometimes a bit creepy comedy to be entertaining to an otherwise otherwise-slight-authentic audience.,en,mbart_vectors,404,ZAB,0,Men in Black II achieves ultimate insignificance -- it's the sci-fi comedy spectacle as Whiffle-Ball epic.
en:400,18,29,Presents a good case while failing to provide the solid for his to take beyond basic basic basics of of the deceptioni.,Presents a good case while failing to provide the right reason to care beyond a basic basic one of deception.,en,mbart_vectors,5,ZDM,1,Presents a good case while failing to provide a reason for us to care beyond the very basic dictums of human decency.
en:402,17,24,"Myad My Sweet Sweet, so many flaws it would be easy to yous to shred it","My Sweet, Sweet as snow, is so many flaws it would be easy to shred.",en,mbart_vectors,7,ZDM,0,"Bread, My Sweet has so many flaws it would be easy for critics to shred it."
en:408,25,40,"The aanil Wild had been writteneaked up to bitch, would have become a cartoon,, and that those that that iss so bad it hass to become good.","The Wild had been written in a manner that it would not have become a TV adventure, and it has become so bad that it has become a good",en,mbart_vectors,14,ZDM,1,"If Deuces Wild had been tweaked up a notch it would have become a camp adventure, one of those movies that's so bad it starts to become good."
en:426,7,10,A think the vi middle of this picture.,"A solid middle-aged film, vividly illustrated by this picture.",en,mbart_vectors,32,ZDM,2,I love the robust middle of this picture.
en:433,24,28,"That movie is worth a look, but you don't mind much more than a few cheap thrills from your Halloween entertainment.","That's a movie worth seeing, but it just doesn't have the appeal of a few cheap thrills on your Halloween entertainment.",en,mbart_vectors,39,ZDM,1,"The Ring is worth a look, if you don't demand much more than a few cheap thrills from your Halloween entertainment."
en:444,10,14,"A' the new footage, still love the old one.","A new footage of a great American gang, still love the stuff.",en,mbart_vectors,50,ZDM,2,I like the new footage and still love the old stuff.
en:445,14,29,"Thess flirts with pre-ochism, but over point is view interest is whichsness -- is completelypiced..","The movie tends to flirt with pre-adolescent homophobia, but its point of interest is far too",en,mbart_vectors,51,ZDM,1,"It briefly flirts with player masochism, but the point of real interest -- audience sadism -- is evaded completely."
en:446,10,15,The The Rock Bears really be bad bad as its titles.,The Lay of Their Hands really be bad as its title suggests.,en,mbart_vectors,52,ZDM,0,Could The Country Bears really be as bad as its trailers?
en:450,7,8,The film seems a deadly.,The film seems a deadly deadly to,en,mbart_vectors,56,ZDM,0,The film seems a dead weight.
en:451,30,48,"Sparkling, often hilarious romantic comedytusy comedy that Attal looks so much like his Robert man Parker Niro novel it seems he film should instead focus called:The Warband is Travis'kile..","Sparkling, often hilarious romantic comedy about a man who looks much like Robert Opperheim's character and it seems that it just happens to be the case.",en,mbart_vectors,57,ZDM,2,"Sparkling, often hilarious romantic jealousy comedy... Attal looks so much like a young Robert DeNiro that it seems the film should instead be called `My Husband Is Travis Bickle'."
en:453,18,22,"A loudy movie that's not merely funable, but also unsettable.","A loud and steady movie that's not merely hilarious, but unsettlingly uncomfortable.",en,mbart_vectors,59,ZDM,0,"A lousy movie that's not merely unwatchable, but also unlistenable."
en:455,26,42,"The strong,, powerful art and splendid production design that the to see transported into the life of a.dysbond,ymber, who is only only a great, but also good actor being.","The strongest, most poignant script and splendid production design that could have been adapted for this life-long struggle against the inevitability of Atlas, is not only brilliant, but also a good one.",en,mbart_vectors,61,ZDM,2,"A strong script, powerful direction and splendid production design allows us to be transported into the life of Wladyslaw Szpilman, who is not only a pianist, but a good human being."
en:458,7,12,fan's a fanboy'tomever'',fan of a fanboy `tom',en,mbart_vectors,64,ZDM,1,It's a fanboy `what if?'
en:461,28,58,"Stephen Ched is the Boy,n, and David Greens,stiny's legal lapsvilles, and you youed by the., the titles this eloseust quartet loving over Hollywood much languages is pleasant pleasant enough bul, `t.","Stephen Ching is a legend, and will play a lot of golf in his coca-coll, and the storyline is pretty pleasant if not funny, `swing.'",en,mbart_vectors,67,ZDM,2,"Stephen Rea, Aidan Quinn, and Alan Bates play Desmond's legal eagles, and when joined by Brosnan, the sight of this grandiloquent quartet lolling in pretty Irish settings is a pleasant enough thing, `tis."
en:464,6,16,"Everything was superficial superficial as possible superficial,- theatr- accent to Thu given",Everything was superficial and hastily forced to fill a stalemate that no one had had.,en,mbart_vectors,70,ZDM,0,Everything was as superficial as the forced New Jersey lowbrow accent Uma had.
en:472,17,31,"a fantastic movie, every word, the word, calmless, inless, sluless, imud, imful, stupidstructxious.","a zombie movie, every minute is, in sum, one minute, dead, painful, stupid,",en,mbart_vectors,78,ZDM,0,"A zombie movie in every sense of the word -- mindless, lifeless, meandering, loud, painful, obnoxious."
en:477,15,31,Cop-s just the mistakes and make movies make and it determined to to make it again just has that is the no. movie.,"Cops & Janes just does the same but the movie is decidedly lame, and it's decidedly no-lovers.",en,mbart_vectors,83,ZDM,1,"High Crimes knows the mistakes that bad movies make and is determined not to make them, and maybe that is nobility of a sort."
en:480,5,14,"a a murder,ousbomb-screenus projectw..","A murderous, lust-driven thriller.",en,mbart_vectors,86,ZDM,0,... a bland murder-on-campus yawner.
en:483,9,22,afice to ablings fromtive dialogue and visual sortlyreckness ofmic to the.,"a rambling, provocative dialogue and visually implausible cast of characters.",en,mbart_vectors,89,ZDM,0,"Suffers from rambling, repetitive dialogue and the visual drabness endemic to digital video."
en:486,16,21,Features one of the most affecting depictions of how film story ever formula to a.,Features one of the most affecting depictions of how romantic a film could ever become.,en,mbart_vectors,92,ZDM,2,Features one of the most affecting depictions of a love affair ever committed to film.
en:496,20,32,"Even the oncedened, would have the patience of a to come through this interminable documentar tire- documentary about his mudding politicalculture.",Even the once morbidly humorous critics would have to resort to putting their wits through this inadequate documentary about a disturbingly similar experience.,en,mbart_vectors,102,ZDM,0,"Even a hardened voyeur would require the patience of Job to get through this interminable, shapeless documentary about the swinging subculture."
en:500,26,36,"The film is a contrivance, in allly the reality game and teens play in a momentmare sequence, but it's also entirelyable one.","The film is a contrivance, in which artificial intelligence is relentless, and the video games Japanese teens play in a moment of absolute, but it's purely unpleasant.",en,mbart_vectors,106,ZDM,1,"The film is a contrivance, as artificial as the video games Japanese teens play in a nightclub sequence, but it's an enjoyable one."
en:501,23,29,"At its worst the screenplay is capped, cold at its best it' pa sincer artist's thoughtful consideration of hishood.","At its worst the screenplay is capped with wry humor, and at its best is the psychological consideration given to the film.",en,mbart_vectors,107,ZDM,1,"At its worst the screenplay is callow, but at its best it is a young artist's thoughtful consideration of fatherhood."
en:507,21,26,It has has created a breathtakingly detailedd and spareish work of spare dialogue and acute affectiveness.,It has created a breathtakingly detailed and spare dialogue that delivers acute affection.,en,mbart_vectors,113,ZDM,2,Jeffs has created a breathtakingly assured and stylish work of spare dialogue and acute expressiveness.
en:531,11,21,Aneka andle of a mongbing from Yorkers and their usual kill for hook...,Aneka chronicle of a bunch of unhappy Clevelanders and their dreadful hooks.,en,mbart_vectors,137,ZDM,1,Anemic chronicle of money grubbing New Yorkers and their serial loveless hook ups.
en:533,9,17,"You decided decidedm decided to find it light on every movie, now on.","You decided to find a light on every page, but from now on it will",en,mbart_vectors,139,ZDM,1,And I've decided to leave a light on every night from now on.
en:543,15,24,It rarebert rarely featurespens her confidenceva of with to spark genuine chemistry. asend.,"It's rarely an ex-prime star's idea anymore -- it's genuine,",en,mbart_vectors,149,ZDM,1,Aaliyah rarely dampens her diva persona enough to spark genuine chemistry with Townsend.
en:546,18,25,"The the have a total loss if not for the supporting performances, place at the movie's end..","The movie has total no support for the supporting performances, but the overall place is the movie's strongest.",en,mbart_vectors,152,ZDM,1,... would be a total loss if not for two supporting performances taking place at the movie's edges.
en:547,22,42,An emotionaling and heartwarmwarmfirmting film that a humane desires to aese filmes to in re.S. in re to to to re their hopes alive. the.,"An emotionally touching and heart-rending film that, instead of filling the film with flashbacks to the famine, provides a remarkable remake of the original.",en,mbart_vectors,153,ZDM,2,An inspiring and heart-affecting film about the desperate attempts of Vietnamese refugees living in U.S. relocation camps to keep their hopes alive in 1975.
en:552,6,15,Adams's film andly film like likeable film is.,Adams's film is like a cult classic.,en,mbart_vectors,158,ZDM,2,Allen's funniest and most likeable movie in years.
en:554,14,29,"The' a refreshing humour of witicism and this'', quite a filmity in given if the film film game.","The film is an irritating flaunt of wit and simplicity, none of which is quite a film in the larger picture.",en,mbart_vectors,160,ZDM,2,"There is a refreshing absence of cynicism in Stuart Little 2 -- quite a rarity, even in the family film market."
en:564,15,26,"Even by the low of low-s, hiszzboyfood humor, Sorrelity Boys is a phen..","Even by the low point, the humor, the humor, and the fertility is phenomenal.",en,mbart_vectors,170,ZDM,0,"Even by the intentionally low standards of frat-boy humor, Sorority Boys is a bowser."
en:576,18,25,"A stunning, dreamlike moods will impress even those whoers who have found patience with war-film.tension.","A stunning dream, which will impress even those who have found their patience in a war-fight-film.",en,mbart_vectors,182,ZDM,2,"The stunning, dreamlike visuals will impress even those viewers who have little patience for Euro-film pretension."
en:591,16,24,"What thosegie fanses fans, this is more chilletizing than a side ofsh. thatphalgus.","What a sweet tale for all those Froome fans, this is more akin than a side of",en,mbart_vectors,197,ZDM,2,"For VeggieTales fans, this is more appetizing than a side dish of asparagus."
en:592,27,42,"It it oftens as as the key turning point of the 21th century, and returns to and again, the that thedents and the absurd,, it seemss aingly slow.","Its relevance to 1967 as the key turning point of the 21st century, and returns to 2002 as a fresh reminder of the primitive ways films have",en,mbart_vectors,198,ZDM,1,"While it regards 1967 as the key turning point of the 20th century, and returns again and again to images of dissidents in the streets, it's alarmingly current."
en:597,33,49,"Tattoo Tattoo borrows fromvily from both Theth The Silence, the Lambs, it manages to maintain a its  of sophisticated intrigue and a-likehat fascina in areck. show in.","Tattoo borrows from both The Silence of the Lambs, but it manages to maintain a spectacularly rich outlook on the human condition in",en,mbart_vectors,203,ZDM,2,"While Tattoo borrows heavily from both Seven and The Silence of the Lambs, it manages to maintain both a level of sophisticated intrigue and human-scale characters that suck the audience in."
en:600,14,28,"The's the best of of the year, far, but benchmark to any the the films- wouldds is be nod.","The best film of the year is far too cliché to be truthful, and the Twilight Zone is no exception.",en,mbart_vectors,206,ZDM,2,"It's the best film of the year so far, the benchmark against which all other Best Picture contenders should be measured."
en:601,13,14,is is one of the biggest disappointments of the year.,is one of the biggest disappointments of the year.,en,mbart_vectors,207,ZDM,0,This is one of the biggest disappointments of the year.
en:603,15,41,"Aeestures of the veryries of sex theory which onsquare on primitivly passionsession,sideor largerthind waymult, . rings  sexual sensibil and social discord.","A movie that for decades has materialized on its own, while instead of facing a banality, is now very much symptomatic for sexual and social discord.",en,mbart_vectors,209,ZDM,1,"Denis forges out of the theories of class - based rage and sisterly obsession a razor-sided tuning fork that rings with cultural, sexual and social discord."
en:629,22,44,"A thoroughly alok,, byll, narratively lostotic -- andly imppy -- andvenue amalgam of anreal Beatlesrone' and `atric,Relum.'",A thoroughly aloof and somewhat dull narrative -- narratively lost in an amalgam of an amalgamatic amalgam of,en,mbart_vectors,235,ZDM,0,"A thoroughly awful movie -- dumb, narratively chaotic, visually sloppy... a weird amalgam of `The Thing' and a geriatric `Scream.'"
en:632,23,36,"... film has no respect for its, the correctness, common delicancy, and instead's something more important than its for human flawed,  people.","... with no respect to its heroes, the superficial superficiality of its superficiality is what's most important -- it's an appealing, flawed comedy.",en,mbart_vectors,238,ZDM,1,"The movie has no respect for laws, political correctness or common decency, but it displays something more important: respect for its flawed, crazy people."
en:638,21,36,"The may be aappointuous if say Reese a great film, but it can say that it as of the filmscks is in the out of the cityxes.","The film may be a disappointingly low-budget one -- it's not about any film, but about as moving in general as it is to move in the widescreen.",en,mbart_vectors,244,ZDM,1,"It would be disingenuous to call Reno a great film, but you can say that about most of the flicks moving in and out of the multiplex."
en:642,9,11,downiguing and downright dangeroustoxicating.,"down and down, and down and down.",en,mbart_vectors,248,ZDM,2,Intriguing and downright intoxicating.
en:644,25,32,Perhaps the most etying thing about Whole themens hass is that it's a crime movie made by someone who obviously has nothing about crime.,Perhaps the most elogic movie to come from Gene Simerick's novel is a crime movie made by someone who obviously has nothing to,en,mbart_vectors,250,ZDM,0,Perhaps the most annoying thing about Who Is Cletis Tout? is that it's a crime movie made by someone who obviously knows nothing about crime.
en:646,12,26,The crimerky drama pits the heart of is funny ones large its psycholog performance surprising surprising performances Rachel Mc..,"The crime drama touches the heart of every thrillseeker, funny enough to send a laugh at a surprising performance from Rachel McAdams.",en,mbart_vectors,252,ZDM,2,The quirky drama touches the heart and the funnybone thanks to the energetic and always surprising performance by Rachel Griffiths.
en:648,7,12,"A and glaffling, start start-go.",A solid and glaringly unhelpful film.,en,mbart_vectors,254,ZDM,0,Bad and baffling from the get-go.
en:649,19,28,"The film is an blast of educational energy, a wellncy asanimation and catchy story, you through an entire 90 minutes.","The film is an alot of educational energy, a perpetual sense of humour and a muddle through which you will walk through an entire 90 minutes.",en,mbart_vectors,255,ZDM,2,"The movie is a blast of educational energy, as bouncy animation and catchy songs escort you through the entire 85 minutes."
en:653,18,38,"It real real of this movieppy is the perly comic face that Jean film, Jean-nier, and resembles a.nomalone' a half,.-a.","It's real real funny, and it is a dull, deadly comic piece that resembles a dead horse's mouth.",en,mbart_vectors,259,ZDM,1,"The real charm of this trifle is the deadpan comic face of its star, Jean Reno, who resembles Sly Stallone in a hot sake half-sleep."
en:660,33,56,"Hetece''t avoid a fatal mistake in the real sense, he's been the male academic life a lower-class citizenon a exceptional- and talent that raresets the film's exquisite balance. shreds the film. the.","He can't avoid a fatal mistake in the modern movie because he's been married to a man in a lower class, and the film's supreme white supremacity is shrewd.",en,mbart_vectors,266,ZDM,1,"LaBute can't avoid a fatal mistake in the modern era: He's changed the male academic from a lower-class Brit to an American, a choice that upsets the novel's exquisite balance and shreds the fabric of the film."
en:664,15,17,Gere gives a good performance but a film that doesn't merit merit.,Gere gives a good performance but doesn't merit a film that doesn't merit,en,mbart_vectors,270,ZDM,1,Gere gives a good performance in a film that doesn't merit it.
en:668,18,24,"The director, and his fake backdrop and and his- pacing, never settles for a consistent form.","The director, and the fake cast of pacing, are nevertheless consistent in their consistent",en,mbart_vectors,274,ZDM,0,"The director, with his fake backdrops and stately pacing, never settles on a consistent tone."
en:669,16,27,"But should should given a reign over this r -- it wrote it directed, produced- and produced for is beyond beyond.","But he also given away as a reign of terror as he wrote, and produced it far too",en,mbart_vectors,275,ZDM,0,"Why he was given free reign over this project -- he wrote, directed, starred and produced -- is beyond me."
en:670,21,27,"You you' a rewarded by a script that assumes you''t very bright, then Bloodys for you.","You may find yourself indulging in a script that assumes to be very bright, then Bloody Mary to be flawed, and",en,mbart_vectors,276,ZDM,0,"If you enjoy being rewarded by a script that assumes you aren't very bright, then Blood Work is for you."
en:671,18,37,"a ad Ford,, whichle just to put a good loty clarify its cinematic vision before giving next creation is let the movie from thester.der.","a dark, inane tale, which, while its style may put a lot of spot on the cinematic vision, is nowhere near the ideal creation.",en,mbart_vectors,277,ZDM,0,"Like Rudy Yellow Lodge, Eyre needs to take a good sweat to clarify his cinematic vision before his next creation and remember the lessons of the trickster spider."
en:683,9,11,"A, endearing, poiing, warm.","A endearing, poignant, warm",en,mbart_vectors,289,ZDM,2,"Hard, endearing, caring, warm."
en:685,18,38,... Hunger Coppola andses to war for movies is both theful and andfla -- the unal -- haveequivocally provefy us funny. is giddyly entertaining.,"... what if you grew up in Hollywood, and had a great time watching the pacing of the Hollywood movies, is unlikely to become",en,mbart_vectors,291,ZDM,2,The way Coppola professes his love for movies -- both colorful pop junk and the classics that unequivocally qualify as art -- is giddily entertaining.
en:693,20,41,"The''t lastst until gut if if it wills not necessarily to be by's aly a play, psychologtic attemptrogaical experiencetion of a a a a a true.",The film's bust is a poorly laid one and is not intended to become a cinematic production at all.,en,mbart_vectors,299,ZDM,1,It won't bust your gut -- and it's not intended to -- it's merely a blandly cinematic surgical examination of what makes a joke a joke.
en:698,17,35,"A underpey--the-the-grounde filmter of a to thesion' is its loty, sini-hours viiness..","A really-small, drop-down-the-ramp film, which instead of slinging down your hips to",en,mbart_vectors,304,ZDM,1,"The doofus-on-the-loose banter of Welcome to Collinwood has a cocky, after-hours loopiness to it."
en:699,12,16,is's a funniest American comedy since thefiti..,is a funniest American comedy since the Fifi Bridge.,en,mbart_vectors,305,ZDM,2,It's the funniest American comedy since Graffiti Bridge.
en:702,23,40,"an aelinglling, breaking, watch, Anna asma and Kipter's impressiveling performances raise the one above the usual of the usual maudlinity..","a gruelingly compelling film, its purist, heterosexual actors and their impressive performances raise a level far above the usual maudlinity that has",en,mbart_vectors,308,ZDM,2,"Often gruelling and heartbreaking to witness, but Seldahl and Wollter's sterling performances raise this far above the level of the usual maudlin disease movie."
en:707,13,25,"...',ly what makess missing in the Pan,, the film of something bigger, some ultimateless","... essentially absent from the film, making it look like something bigger, some ultimate",en,mbart_vectors,313,ZDM,1,"That is essentially what's missing from Blackboards -- the sense of something bigger, some ultimate point."
en:710,21,34,"A dim,adting, perpetuaggy spinoffoff of the Animal Planet documentary;; whichodile is is entertainment opportunistic -- its most glaring.","A dim, flabby and under-represented documentary about the antiques world of Edgar and the entertainmentism that is not the most glaring.",en,mbart_vectors,316,ZDM,0,"A dim-witted and lazy spin-off of the Animal Planet documentary series, Crocodile Hunter is entertainment opportunism at its most glaring."
en:722,13,23,"A awful movie, only not bey the emotional emotionally volatilevoleable film filmmakersers.","A awful movie, only because of the emotionally volatile cast and the unable to",en,mbart_vectors,328,ZDM,0,An awful movie that will only satisfy the most emotionally malleable of filmgoers.
en:744,36,67,"Godard's ode is aling a's mostous is a ratherbling novel teaneordinaent sati that its fague impression of hisal eventses while myise of a,s a glorious ende overentious endeavor.,sparacused and exdioously exasperating.","Godard's ode is a particularly glaring accomplishment -- a miraculous literary project, with its banal premise and absurdely realistic execution.",en,mbart_vectors,350,ZDM,0,Godard's ode to tackling life's wonderment is a rambling and incoherent manifesto about the vagueness of topical excess... In Praise of Love remains a ponderous and pretentious endeavor that's unfocused and tediously exasperating.
en:746,26,42,"It' truly believe to a about the main characters, if they not they windll wind up in in is Michel''s spiritual quest is neither a comedying nor dramatic. to lead a.","It's never truly true to the point where the main characters are just talked about, and when they're not, they're just awkwardly scripted and over-acted.",en,mbart_vectors,352,ZDM,0,"We never truly come to care about the main characters and whether or not they'll wind up together, and Michele's spiritual quest is neither amusing nor dramatic enough to sustain interest."
en:749,13,20,"Perception's mystes is have used some solidd, cum-sight.","Perceptions of luxury may have used some of its material,",en,mbart_vectors,355,ZDM,1,"Peralta's mythmaking could have used some informed, adult hindsight."
en:756,22,35,Its will certainly spend to spend their time in the theater thinking of theovyy stuffs and finding to get a story that things to like like Pinocchio.,It will certainly not spend their time in the theater thinking of a movie of legendary art and ways to get it right.,en,mbart_vectors,362,ZDM,1,Adults will certainly want to spend their time in the theater thinking up grocery lists and ways to tell their kids how not to act like Pinocchio.
en:757,20,31,It as distinctively even humor humorous as its movie to make to make in from and it has clearly been made by humorion and care.,"It's a distinctively flawed film, even if it's not exactly what it needs to make, as it has clearly been made during the movie and the TV.",en,mbart_vectors,363,ZDM,1,"Not as distinctive or even as humorous as its needs to be to stand out, but it has clearly been made with affection and care."
en:758,10,20,The solid family comedy unlike any to be receivedd outside outside outside of castgrounds.,The generic filmmaker's job is unlike any other comedy or drama to emerge from,en,mbart_vectors,364,ZDM,0,A generic family comedy unlikely to be appreciated by anyone outside the under-10 set.
en:762,19,31,"Directorxdirect Markdirector Parker Parker's attempts to create a trulyianlike, hyper-real-re is deepreadfully.","Director's slam-dunk rhetoric as well as his own, break-your-self-adventure style.",en,mbart_vectors,368,ZDM,0,"Co-writer/director Jonathan Parker's attempts to fashion a Brazil-like, hyper-real satire fall dreadfully short."
en:771,7,16,But doesn isn't work the appeal to especially not a movie sense.,But it just isn't especially anime... especially when it's a comedy.,en,mbart_vectors,377,ZDM,1,It just doesn't have much else... especially in a moral sense.
en:772,16,24,A unfamiliar with Mormon traditions will not The War War War a intellectually awildering.,A fableous attempt to find the Ward Ward filmsfilial.,en,mbart_vectors,378,ZDM,1,Those unfamiliar with Mormon traditions may find The Singles Ward occasionally bewildering.
en:774,15,19,"The the casted cast alone will keep you watching, and fight the fight scenes.","The cast alone will keep you watching, and the fight scenes will",en,mbart_vectors,380,ZDM,2,"But the talented cast alone will keep you watching, as will the fight scenes."
en:778,15,24,It important movie to to movieer of the power of moviesmakers move people through to make us believe our values.,"It is a powerful, intriguing movie that will remind us of the power of movies to move forward and to make us believe, our values.",en,mbart_vectors,384,ZDM,2,"An important movie, a reminder of the power of film to move us and to make us examine our values."
en:780,19,24,It richly detailedd and admirably feature work from a stared director who definitely has something to his mind.,It's richly imagined and entirely unattractively featured -- a film from a director who definitely has something on his mind.,en,mbart_vectors,386,ZDM,2,A richly imagined and admirably mature work from a gifted director who definitely has something on his mind.
en:783,18,22,It it's nice is that there's so lot intelligence that permeates the script.,It's nice to see that there's no formal intelligence to permeate the script.,en,mbart_vectors,389,ZDM,2,But what's nice is that there's a casual intelligence that permeates the script.
en:788,19,28,"ss slight, as if it were extend extended, film andbeit somewhat that by the mostest kids in.","slight, as if it were extended, and as if it were extended, and as if it were",en,mbart_vectors,394,ZDM,1,"Feels slight, as if it were an extended short, albeit one made by the smartest kids in class."
en:789,11,13,The picture just't know it's comedy comedy.,The picture just doesn't feel like comedy.,en,mbart_vectors,395,ZDM,1,The picture doesn't know it's a comedy.
en:795,16,26,"...'s an sham-turner story whichfully written, beautifully lit, spiritual ultima, humanly humanizing.","... an uncomfortable thriller, which, while may be philosophical, is beautifully humanizing.",en,mbart_vectors,401,ZDM,2,"It's a head-turner -- thoughtfully written, beautifully read and, finally, deeply humanizing."
en:798,15,33,The in Black achieve achieves ate brilficance with with's a sort-fi comedy of that its.iffle.Onow bringats tri,The Black Box achieves a magnificent momentum in its comedy as an absolute understatement of,en,mbart_vectors,404,ZDM,0,Men in Black II achieves ultimate insignificance -- it's the sci-fi comedy spectacle as Whiffle-Ball epic.
en:800,21,29,Presents a good example while failing to provide the solid for his to take beyond the very basicss of human defeni.,Presents a good example of a filmmaker who can provide little more than a simple script to guide to a very basic hassle of human defence.,en,mbart_vectors,5,ZDN,1,Presents a good case while failing to provide a reason for us to care beyond the very basic dictums of human decency.
en:802,16,24,"Bread and Sweet Sweet has many many flaws,' be a to critics to shred.","Bread and Sweet has its flaws, but it's also an awful lot cheerfuler and shredder.",en,mbart_vectors,7,ZDN,0,"Bread, My Sweet has so many flaws it would be easy for critics to shred it."
en:808,24,40,"The theedatber Wild had been aeaked to to bitch, would not become a camp and, one that those that that's not funny it starts to become.","The Delightful Young had been a long shot, but it's not what it would become if it were a tournament, and that's why it's become",en,mbart_vectors,14,ZDN,1,"If Deuces Wild had been tweaked up a notch it would have become a camp adventure, one of those movies that's so bad it starts to become good."
en:826,9,10,A love the robust middle of this picture.,A sweet and poignant middle-aged comedy.,en,mbart_vectors,32,ZDN,2,I love the robust middle of this picture.
en:833,19,28,"The movie is worth seeing movie, but you don't mind much from from a few hours laughthrills from your Halloween entertainment.","The movie is worth seeing, but it just doesn't have the appeal of a few Halloween special effects.",en,mbart_vectors,39,ZDN,1,"The Ring is worth a look, if you don't demand much more than a few cheap thrills from your Halloween entertainment."
en:844,7,14,in thought the movie movieage of the love the old one.,in the movie is the kind of love that will,en,mbart_vectors,50,ZDN,2,I like the new footage and still love the old stuff.
en:845,16,29,"While'ly flirts with sex-ochism, but in point is view interest is thesness -- is lostvaded..","While it briefly flirts with sex, in the point of view that its audience is sadistic, it is effectively lost.",en,mbart_vectors,51,ZDN,1,"It briefly flirts with player masochism, but the point of real interest -- audience sadism -- is evaded completely."
en:846,9,15,The The Rock Bears be be as bad as the titles.,The Sex and the City films can be as bad as the clips,en,mbart_vectors,52,ZDN,0,Could The Country Bears really be as bad as its trailers?
en:850,3,8,It movie seems dead deadly,It seems like a deadly,en,mbart_vectors,56,ZDN,0,The film seems a dead weight.
en:851,22,48,"aling, romantic romanticflarious romantic comedytusy comedy is isen has so much like his Roberter De Niro novel it should rather film should instead be called aThe Warband and aitor'as''.","a sparkling romantic comedy about a man who was so much like Robert De Niro, but it just isn't as funny as it should be called, and",en,mbart_vectors,57,ZDN,2,"Sparkling, often hilarious romantic jealousy comedy... Attal looks so much like a young Robert DeNiro that it seems the film should instead be called `My Husband Is Travis Bickle'."
en:853,18,22,"A loudy movie that's mere merely unfunable, but also unableable.",A loud and fuzzy movie that's merely unable to un-unable,en,mbart_vectors,59,ZDN,0,"A lousy movie that's not merely unwatchable, but also unlistenable."
en:855,18,42,"The strong and, powerfully, splendidly that that it to feel transported from a everless a.dysbond andymski, a is not only a great, but is great actor being.","A strong and powerful movie, which is splendidly adapted from the splendid novel that could be delivered in a stale and breathtaking manner.",en,mbart_vectors,61,ZDN,2,"A strong script, powerful direction and splendid production design allows us to be transported into the life of Wladyslaw Szpilman, who is not only a pianist, but a good human being."
en:858,7,12,fan's a fanboy'tomever'',fan of a fanboy `tom',en,mbart_vectors,64,ZDN,1,It's a fanboy `what if?'
en:861,25,58,"Stephen Reed is alec,n, and Daniel Adamss,stiny's tennis stuffvilles, when when youed by the., the els the eloseust quartet loving off pretty much languages is a thing, laugh. `s really","Stephen Reed's ""Sex and the City"" is, basically, a cult classic, when compared to the original, which is the quirkyste one with a lot of humor.",en,mbart_vectors,67,ZDN,2,"Stephen Rea, Aidan Quinn, and Alan Bates play Desmond's legal eagles, and when joined by Brosnan, the sight of this grandiloquent quartet lolling in pretty Irish settings is a pleasant enough thing, `tis."
en:864,9,16,Everything was superficial superficial as the forced New Age theatr- accent to Thu,Everything was superficial and the forced to gaze at a low-level audiencemate is,en,mbart_vectors,70,ZDN,0,Everything was as superficial as the forced New Jersey lowbrow accent Uma had.
en:872,17,31,"... film film, every sense, the word, palpless, inless, slu-, imud, imful, imstructxious.","... has every sense of what could, in order to be gloomily, universal, palpable, and",en,mbart_vectors,78,ZDN,0,"A zombie movie in every sense of the word -- mindless, lifeless, meandering, loud, painful, obnoxious."
en:877,15,31,High-s has how mistakes it other movies make and it determined to to make it a just has that' the no. a movie.,"High-Speed Crimes has the guts to make such a movie, but it's just a no-loyal movie.",en,mbart_vectors,83,ZDN,1,"High Crimes knows the mistakes that bad movies make and is determined not to make them, and maybe that is nobility of a sort."
en:880,7,14,"A a bland,-bomb-aus projectcht..","A bland, boring murder-bomber.",en,mbart_vectors,86,ZDN,0,... a bland murder-on-campus yawner.
en:883,9,22,Faufice a ablings totive dialogue and movie sortsreckness thatmic to the.,Faucet's clever dialogue and immediate theater productions are endearing to mimic the,en,mbart_vectors,89,ZDN,0,"Suffers from rambling, repetitive dialogue and the visual drabness endemic to digital video."
en:886,16,21,Features one of the most affecting andpictions of how man affair ever made to.,"Features one of the most affecting and affecting movies of all time, if not",en,mbart_vectors,92,ZDN,2,Features one of the most affecting depictions of a love affair ever committed to film.
en:896,16,32,Like a wedened voyeur may have the patience of aim come through his in anable documentar linear- documentary of his mudding politicalculture.,"Like a dazed voyeur, I may have to resort to the patience of an inability to cope with a banal documentary.",en,mbart_vectors,102,ZDN,0,"Even a hardened voyeur would require the patience of Job to get through this interminable, shapeless documentary about the swinging subculture."
en:900,22,36,"This film is a wonderfultemporvance to as is as the reality game, plays play during a nightmare,quence, but it's entirely unable one.","This is a wonderfully animated film, as well as a quirky one, and it's a f***ing pleasure to watch.",en,mbart_vectors,106,ZDN,1,"The film is a contrivance, as artificial as the video games Japanese teens play in a nightclub sequence, but it's an enjoyable one."
en:901,16,29,"The best worst, filmplay is capped, but instead its best it' the psycholog psycholog's deepful and of theirhood.","The film's worst case scenario is quite cathartic, but its overall psychological appeal is worthy of a screenplay similar to that of the author.",en,mbart_vectors,107,ZDN,1,"At its worst the screenplay is callow, but at its best it is a young artist's thoughtful consideration of fatherhood."
en:907,21,26,Jeffers has created a breathtakingly detailedd and spareish dialogue of spare dialogue and acute imiveness.,Jeffers has created a breathtakingly detailed and spare dialogue that delivers acute and acute affect.,en,mbart_vectors,113,ZDN,2,Jeffs has created a breathtakingly assured and stylish work of spare dialogue and acute expressiveness.
en:931,7,21,Aneka andle of a-bing andman and and a family kill.ers..,Aneka and acutely emotional piece of advice to a chronically unhappy patient.,en,mbart_vectors,137,ZDN,1,Anemic chronicle of money grubbing New Yorkers and their serial loveless hook ups.
en:933,11,17,"And decided decidedm decided to light it light on every night, now on.","And decided to find light on every night, but instead decided to",en,mbart_vectors,139,ZDN,1,And I've decided to leave a light on every night from now on.
en:943,14,24,Aaldo'ly featurespens her confidencesob of with to create ae chemistry with asend.,Aaldo's fears of fame and of genuine chemistry overflowed with apostle-arab,en,mbart_vectors,149,ZDN,1,Aaliyah rarely dampens her diva persona enough to spark genuine chemistry with Townsend.
en:946,17,25,The not not a poor was if not for the supporting performances taking place at the movie's end..,"The movie will not stand on its own for two years, taking place at a movie theater near",en,mbart_vectors,152,ZDN,1,... would be a total loss if not for two supporting performances taking place at the movie's edges.
en:947,23,42,... emotionaling and heartwarmwarmfirmting film about what desperate attempts of Jackieese refugees to in re.S. re re... re them res atve. a.,... inspiring and a remarkable one about what a humane attempt to survive on a Vietnamese beach is re re re re re re re.,en,mbart_vectors,153,ZDN,2,An inspiring and heart-affecting film about the desperate attempts of Vietnamese refugees living in U.S. relocation camps to keep their hopes alive in 1975.
en:953,15,38,"It real charm of this filmppy is dead sly image effect, a film, with-nier, and resembles Francis.nomalone' a half, war-a.","It's real charm, but it is also a dull, deadly comic comedy, resembling a Hollywood star's marvelous, bloody splashes of comedy on a Saturday night.",en,mbart_vectors,259,ZDN,1,"The real charm of this trifle is the deadpan comic face of its star, Jean Reno, who resembles Sly Stallone in a hot sake half-sleep."
en:960,23,56,Latellet is't avoid a mistake mistake in his form sense -- its's been his subject actor professor a lower-class academican a A academic andged among hasss his female's lowere edit. bringrugs the male of the human.,"Late on, Twilight can't avoid a mistake in the form of a movie that's been been been written by male academics from a lower-class background, and it's a very poor attempt at learning from a human tragedy.",en,mbart_vectors,266,ZDN,1,"LaBute can't avoid a fatal mistake in the modern era: He's changed the male academic from a lower-class Brit to an American, a choice that upsets the novel's exquisite balance and shreds the fabric of the film."
en:964,13,17,Gere gives a good performance but a film that just't.,Gere gives a good performance but the film just doesn't,en,mbart_vectors,270,ZDN,1,Gere gives a good performance in a film that doesn't merit it.
en:968,15,24,"The director, with his fake pas and and stale- pacing, setttheles for consistent consistent tone.","The director, with his fake pacing and movie-making skills, settles the consistent tone",en,mbart_vectors,274,ZDN,0,"The director, with his fake backdrops and stately pacing, never settles on a consistent tone."
en:969,12,27,"The did was given a reign over a project, it' it ""ed and and- and produced is is a extraordinar.","The film was given a fresh, breathtakingly acting star, and it's so star-sized that it's no longer",en,mbart_vectors,275,ZDN,0,"Why he was given free reign over this project -- he wrote, directed, starred and produced -- is beyond me."
en:970,19,27,"You you' a rewarded by a script that assumes you''t really bright, then thisys for you.","You will find it to be remembered by a script that assumes it's bright, then it is for you.",en,mbart_vectors,276,ZDN,0,"If you enjoy being rewarded by a script that assumes you aren't very bright, then Blood Work is for you."
en:971,11,37,"a ay a,' itsre' to take a good longy putify his positiontic  of sending otherwise book. to that movie learned..ke.","a solid tale, and a tremendous amount of humor is put into his novel, to put emphasis on the poignant combinations of sex,",en,mbart_vectors,277,ZDN,0,"Like Rudy Yellow Lodge, Eyre needs to take a good sweat to clarify his cinematic vision before his next creation and remember the lessons of the trickster spider."
en:983,8,11,"Hard, endearing, anding and warm","Hard, endearing, and tenderly warm.",en,mbart_vectors,289,ZDN,2,"Hard, endearing, caring, warm."
en:985,17,38,The way Coppola andses his love for movies is the theful and culturetheater -- in like ones -- havesully shapefy him movies. is deaddyly funnying.,The way Coppola and his crew depict his struggles for movies that portrays him as a playwright rather than a playwright.,en,mbart_vectors,291,ZDN,2,The way Coppola professes his love for movies -- both colorful pop junk and the classics that unequivocally qualify as art -- is giddily entertaining.
en:993,20,41,But won't lastst your gut until no it wons not the to be because's asly a gameer realisttic formroundical projecttion. the has us film a real.,But you won't get a glimpse of how this film is made and how it has been used in the real world.,en,mbart_vectors,299,ZDN,1,It won't bust your gut -- and it's not intended to -- it's merely a blandly cinematic surgical examination of what makes a joke a joke.
en:998,14,35,"a kindpey--the-the-samee ister is Welcome to thesion is is no newy, self allaurs vi.s effect.",a kind of romantic relationship to a fellow-ganger who is a dead-bad man.,en,mbart_vectors,304,ZDN,1,"The doofus-on-the-loose banter of Welcome to Collinwood has a cocky, after-hours loopiness to it."
en:999,13,16,is's the funniest American comedy since Thefiti..,is the funniest American comedy since The Friend.,en,mbart_vectors,305,ZDN,2,It's the funniest American comedy since Graffiti Bridge.
en:1002,19,40,"an aelinglling and heartbreaking, watch, Sandra ultimater' Kleinter's impressiveling performances show the far- the usual of cinema movie cinemathemalins..","a very grueling and heartbreaking film, with its glaring performances of Sandra Bullock's 'Spider-Man', this far-right actress is the one who will",en,mbart_vectors,308,ZDN,2,"Often gruelling and heartbreaking to witness, but Seldahl and Wollter's sterling performances raise this far above the level of the usual maudlin disease movie."
en:1007,6,25,"...',ly a makess missing in this Pan,, something appeal that ... bigger, more biggertelyless","... essentially a long-term black and white film, staring at something bigger, more palpable than",en,mbart_vectors,313,ZDN,1,"That is essentially what's missing from Blackboards -- the sense of something bigger, some ultimate point."
en:1010,14,34,"A kind,witting and laggy offoff of an Fogs documentary on on aodile'' a,ist. its bestring.",A kind of dim-dumb and laggy-feeding documentary about an aristocratic Angel on the verge of falling.,en,mbart_vectors,316,ZDN,0,"A dim-witted and lazy spin-off of the Animal Planet documentary series, Crocodile Hunter is entertainment opportunism at its most glaring."
en:1022,15,23,"A awful movie, only not satisfy the most emotionally volatilevoleable film filmmakersers.","A awful movie, only to satisfy the most emotionally volatile filmmakers.",en,mbart_vectors,328,ZDN,0,An awful movie that will only satisfy the most emotionally malleable of filmgoers.
en:1044,33,67,Godard's ap to aling a's as is a rambling exercise overaneherent manifesto that how pergue hope of loves con. while ay of a remains the mysteryous one inentious manifestoavor. remainslikecused upondioously overaperating.,Godard's aptly documented and glaringly poignant filmmaker's wonders over a period of 20 years is a briefly overlooked one.,en,mbart_vectors,350,ZDN,0,Godard's ode to tackling life's wonderment is a rambling and incoherent manifesto about the vagueness of topical excess... In Praise of Love remains a ponderous and pretentious endeavor that's unfocused and tediously exasperating.
en:1046,23,42,"It' truly believe to grip about the main characters, if they not they'll wind up in in their if''s spirituality is neither a comedying nor a.. a.","It's never truly true, if you're about to cast your child in a movie that's abject, spiritual and ultimately amusing, just as it is neither spiritual nor",en,mbart_vectors,352,ZDN,0,"We never truly come to care about the main characters and whether or not they'll wind up together, and Michele's spiritual quest is neither amusing nor dramatic enough to sustain interest."
en:1049,8,20,Theeztes mysteical could have been a twdersight.,The mysterious first half could have been made,en,mbart_vectors,355,ZDN,1,"Peralta's mythmaking could have used some informed, adult hindsight."
en:1056,17,35,Its will certainly not to spend a time thinking the cinematheater thinking of theovyy stores -- thinking to get their true that to to be.occhio.,It will certainly not make them stop thinking about the movie in the manner in which it did in the days before it became a movie.,en,mbart_vectors,362,ZDN,1,Adults will certainly want to spend their time in the theater thinking up grocery lists and ways to tell their kids how not to act like Pinocchio.
en:1057,17,31,It a distinctive as even humor humorous as its title to be to let in from but it has its been a humorion..,"It's a distinctively distinctive movie, even if it's not exactly what Hollywood needs to get out of its stand-alone comedy, but it has its distinctive merit.",en,mbart_vectors,363,ZDN,1,"Not as distinctive or even as humorous as its needs to be to stand out, but it has clearly been made with affection and care."
en:1058,11,20,a solid family comedy unlike any to be welcomed by outside outside of filmgrounds.,a solid family comedy unlike any other to be received outside of New York.,en,mbart_vectors,364,ZDN,0,A generic family comedy unlikely to be appreciated by anyone outside the under-10 set.
en:1062,17,31,"authorxau/director Kim Franz's attempts to recrea a humanianlike, post-realistismre... onreadfully flat.","author's attempts to recreate a fashionable, banal, bigoted Dick's life as",en,mbart_vectors,368,ZDN,0,"Co-writer/director Jonathan Parker's attempts to fashion a Brazil-like, hyper-real satire fall dreadfully short."
en:1071,8,16,I' doesn't feel the appeal to especially not the moral sense.,I don't have to look at it like it's especially Hollywood-favorite.,en,mbart_vectors,377,ZDN,1,It just doesn't have much else... especially in a moral sense.
en:1072,14,24,A unfamiliar with Mormon traditions are be the Mona Boy am aally awildering.,"A fable-shaped film, the Mormon traditions are generally unambiguous and",en,mbart_vectors,378,ZDN,1,Those unfamiliar with Mormon traditions may find The Singles Ward occasionally bewildering.
en:1074,11,19,"the the talented  will will keep watching watching, and if thes.","the talented spectators will keep watching, and the cruelly talented people will",en,mbart_vectors,380,ZDN,2,"But the talented cast alone will keep you watching, as will the fight scenes."
en:1078,13,24,It important movie to it reminder to the power of the and keep us all to keep us believe our.,"It's a powerful, if not vital, movie to remind us of the powers of film and to challenge us to be truly",en,mbart_vectors,384,ZDN,2,"An important movie, a reminder of the power of film to move us and to make us examine our values."
en:1080,13,24,... solidly talentd and entirelybly  musical from a maned ac who has has his to his mind.,"... to be viewed as a brilliantly crafted, freshly scripted comedy from a man who has never been to a",en,mbart_vectors,386,ZDN,2,A richly imagined and admirably mature work from a gifted director who definitely has something on his mind.
en:1083,9,22,If if ifs the is that there's no stythri in'tainates all entire.,If there is a movie that's as if there were no movies today.,en,mbart_vectors,389,ZDN,2,But what's nice is that there's a casual intelligence that permeates the script.
en:1088,14,28,"ss solight, as if it were an olded movie film funnybeit brief that by a actor guys people. the.","slight, and so slight it was an in-betire-movies slight. Then, as if it were an all-movies slight.",en,mbart_vectors,394,ZDN,1,"Feels slight, as if it were an extended short, albeit one made by the smartest kids in class."
en:1089,12,13,The picture is't know it's a comedy.,"The picture is funny, but it's a comedy.",en,mbart_vectors,395,ZDN,1,The picture doesn't know it's a comedy.
en:1095,14,26,"...'s an war-sning -- whichfully written, beautifully lit, finally finally, finallyly lit..","... an hourglass -- which, in sine, was beautifully written, and finally,",en,mbart_vectors,401,ZDN,2,"It's a head-turner -- thoughtfully written, beautifully read and, finally, deeply humanizing."
en:1098,16,33,The in Black achieve achieves thete brilficance with his's the ultima-fi bril with that.iffle theOnow bringats.,The famine in Black Market achieves ultimate brilliance with his tenacious tenacity and his tenacious determination to,en,mbart_vectors,404,ZDN,0,Men in Black II achieves ultimate insignificance -- it's the sci-fi comedy spectacle as Whiffle-Ball epic.
en:1099,21,29,Presents no good case while failing to provide the solid for his to take beyond the very basicss of human defeni.,Presents no good case while attempting to provide the reason why he did not choose to fight for his very basic claims of human defence.,en,mbart_vectors,5,ZGW,1,Presents a good case while failing to provide a reason for us to care beyond the very basic dictums of human decency.
en:1101,18,24,"Bullad My My Sweet, so many flaws, would be easy to critics to shred it","Bullshit, My Sweet, is so full of flaws, it would be easy to shred it",en,mbart_vectors,7,ZGW,0,"Bread, My Sweet has so many flaws it would be easy for critics to shred it."
en:1107,25,40,"The onlyedatil Wild had been aeaked to a bitch, would have become a y, one that those movies that iss so funny that nevers to become good.","The delightful thrill of a man who had been a writer and would have been a director, is one of those movies that never starts to become good.",en,mbart_vectors,14,ZGW,1,"If Deuces Wild had been tweaked up a notch it would have become a camp adventure, one of those movies that's so bad it starts to become good."
en:1125,6,10,You love the vi middle- the picture.,You'll love the vivid middle-aged girl picture.,en,mbart_vectors,32,ZGW,2,I love the robust middle of this picture.
en:1132,23,28,"While rest is worth a look, and you can't have much more than a few cheap thrills from your Halloween entertainment.","While Not too Rocky is worth to look at, you'll probably find a few cheap thrills in your Halloween entertainment.",en,mbart_vectors,39,ZGW,1,"The Ring is worth a look, if you don't demand much more than a few cheap thrills from your Halloween entertainment."
en:1143,8,14,"A' the foot footage, still the the old one.","A footage of a time ago, still the same stuff.",en,mbart_vectors,50,ZGW,2,I like the new footage and still love the old stuff.
en:1144,11,29,"Thess flirts with pre-ochism, and ultima overall is viewism is issistic -- is alreadypiteed..","The movie tends to flirt with pre-adolescent homophobia, with empty, self-hating talk that is already lost in a",en,mbart_vectors,51,ZGW,1,"It briefly flirts with player masochism, but the point of real interest -- audience sadism -- is evaded completely."
en:1145,7,15,...n Monster ofs be be as bad as the titles.,... and it could be as bad as the DVD-verse.,en,mbart_vectors,52,ZGW,0,Could The Country Bears really be as bad as its trailers?
en:1149,7,8,The film seems a deadly.,The film seems a deadly dull one.,en,mbart_vectors,56,ZGW,0,The film seems a dead weight.
en:1150,34,48,"Sparkling, often hilarious romantic comedytusy comedy that Attal looks so much like his young Robert DeNiro' it seems the film should instead be called MyMy Boyband and apped'cker...","Sparkling, often hilarious romantic comedy that at first glance looks so much like a young Robert DeNiro novel, but it seems the film should instead be called My Warm-Up Tray.",en,mbart_vectors,57,ZGW,2,"Sparkling, often hilarious romantic jealousy comedy... Attal looks so much like a young Robert DeNiro that it seems the film should instead be called `My Husband Is Travis Bickle'."
en:1152,18,22,"A loudy movie that's mere merely unfunable, but also unableable.",A loud and fuzzy movie that's merely unable to un-unable,en,mbart_vectors,59,ZGW,0,"A lousy movie that's not merely unwatchable, but also unlistenable."
en:1154,25,42,"The strong,, powerful direction and splendid production that that the to be transported to a ever of a.dysbond,ymski, who is not only a great, but is very human being.","The strongest, most emotionally sad musical, its splendid direction and splendid production that allows us to be transported to a Hollywood apartment, where, like a film made",en,mbart_vectors,61,ZGW,2,"A strong script, powerful direction and splendid production design allows us to be transported into the life of Wladyslaw Szpilman, who is not only a pianist, but a good human being."
en:1157,7,12,fan's a fanboy'tomever'',fan of a fanboy's `tom',en,mbart_vectors,64,ZGW,1,It's a fanboy `what if?'
en:1160,29,58,"Stephen Ched is a A,n, and other Bates,stiny's kala balovilles, and when youed by the., the ones a galloseust quartet loud in pretty Hollywood language is is pleasant pleasant enough bul, `t.","Stephen Ching is a brilliant actor, but his attempts to play the Lemonade, and when delivered, to have a lot of the eloquent quartet loud and loud.",en,mbart_vectors,67,ZGW,2,"Stephen Rea, Aidan Quinn, and Alan Bates play Desmond's legal eagles, and when joined by Brosnan, the sight of this grandiloquent quartet lolling in pretty Irish settings is a pleasant enough thing, `tis."
en:1163,6,16,The was superficial superficial as possible Jersey New Jersey Jersey- fansi,The film was superficial and superficially forced to have its audience believed,en,mbart_vectors,70,ZGW,0,Everything was as superficial as the forced New Jersey lowbrow accent Uma had.
en:1171,16,31,"... film film, which sense, the word,,less, lungless, slu-, imud, imful, imstructxious.","... in a way, it's all the bull, the lungless, sluggish, impersonal, banal, and over-the-top.",en,mbart_vectors,78,ZGW,0,"A zombie movie in every sense of the word -- mindless, lifeless, meandering, loud, painful, obnoxious."
en:1176,14,31,"Cop-s just the mistakes of make movies make, it determined to to los them look and has has' the no of movie.","Cops & Kings just does not make the mistakes that other movies make, and it has little to no noise about it.",en,mbart_vectors,83,ZGW,1,"High Crimes knows the mistakes that bad movies make and is determined not to make them, and maybe that is nobility of a sort."
en:1179,5,14,"a a murder,ousbomb-screenus projectw..","A murderous, lust-driven thriller.",en,mbart_vectors,86,ZGW,0,... a bland murder-on-campus yawner.
en:1182,10,22,Afice to ablings fromtive dialogue and visual visuallyreckness ofmic to theizar.,"A rambling movie, from a pure dialogue, to a visual cast of endemic characters.",en,mbart_vectors,89,ZGW,0,"Suffers from rambling, repetitive dialogue and the visual drabness endemic to digital video."
en:1185,17,21,iss one of the most affecting depictions of how love affair ever formula to a.,is one of the most affecting depictions of how a love affair ever has been committed to the film.,en,mbart_vectors,92,ZGW,2,Features one of the most affecting depictions of a love affair ever committed to film.
en:1195,18,32,"Even the wedened, would have the patience of this, find through this in-able documentar linearly documentary about his mudding politicalculture.","Even the hardened, cynical critics would likely have been disappointed if this inability to sort through the banal equation of stupidity was not their primary cognitively-stable experience.",en,mbart_vectors,102,ZGW,0,"Even a hardened voyeur would require the patience of Job to get through this interminable, shapeless documentary about the swinging subculture."
en:1199,24,36,"The film is a contrivance, as in as the spot game, teens watch during a night of,quence, and is's also enjoyable.","The film is a contrivance, as in its natural creation, and as in a nightclub scandal, where everything is pure and",en,mbart_vectors,106,ZGW,1,"The film is a contrivance, as artificial as the video games Japanese teens play in a nightclub sequence, but it's an enjoyable one."
en:1200,22,29,"It its worst the screenplay is cathar, but at its best it is pa thought man's thoughtful and of hishood.","It's its worst movie, cold and poignantly humorous, but its best is the one where the younger psychologist's thoughtful and thoughtless approach is",en,mbart_vectors,107,ZGW,1,"At its worst the screenplay is callow, but at its best it is a young artist's thoughtful consideration of fatherhood."
en:1206,20,26,It has has created a breathtakingly detailedd and stylish work of dialogue dialogue. acute affectiveness.,It has created a breathtakingly detailed and stylish work of dialogue and acute affection.,en,mbart_vectors,113,ZGW,2,Jeffs has created a breathtakingly assured and stylish work of spare dialogue and acute expressiveness.
en:1230,11,21,Aka andle of a andbing from Yorkers over their usual kills hook ups.,"A chronicle of a sumless timebomb, New Yorkers may have forgotten about.",en,mbart_vectors,137,ZGW,1,Anemic chronicle of money grubbing New Yorkers and their serial loveless hook ups.
en:1232,11,17,You decided decidedm decided to hi the light on every night from now on.,You decided to leave light on every night from now on.,en,mbart_vectors,139,ZGW,1,And I've decided to leave a light on every night from now on.
en:1242,16,24,Aalbert rarely featurespens her confidenceva of with to create ae chemistry with asend.,Aalbert rarely features in his executive persona is big enough for a sparkling cheerleader.,en,mbart_vectors,149,ZGW,1,Aaliyah rarely dampens her diva persona enough to spark genuine chemistry with Townsend.
en:1245,20,25,The to be a total loss if not for the supporting performances taking place at the movie's end..,The movie will be total loss if not for its supporting performances taking place at the movie's end.,en,mbart_vectors,152,ZGW,1,... would be a total loss if not for two supporting performances taking place at the movie's edges.
en:1246,27,42,An inspiring and heartwarmwarmfirmting film about the desperate needs of someese refugees to in re.S. re re... re their hopes atve. 2007..,An inspiring and heartwarming film about the desperate need to survive the battles of Eastende.,en,mbart_vectors,153,ZGW,2,An inspiring and heart-affecting film about the desperate attempts of Vietnamese refugees living in U.S. relocation camps to keep their hopes alive in 1975.
en:1251,10,15,Adams's funniest film most likeable film is Hollywood.,Adams' funniest film is the one that's,en,mbart_vectors,158,ZGW,2,Allen's funniest and most likeable movie in years.
en:1253,17,29,"This is a refreshing outlook of witicism in this'', a a bizarreity, even if the film film program.","This is a refreshing outlook on the cynical world of publishing, in a bizarre, unoriginal form, even though the film is amusing.",en,mbart_vectors,160,ZGW,2,"There is a refreshing absence of cynicism in Stuart Little 2 -- quite a rarity, even in the family film market."
en:1263,13,26,"Search by the very of low-s, azzboyboy humor, Boysality is is a phen..","Searched by the public and intellectually low-profile, the aforementioned humor, is a phenomenal bow.",en,mbart_vectors,170,ZGW,0,"Even by the intentionally low standards of frat-boy humor, Sorority Boys is a bowser."
en:1275,19,25,"A stunning, dreamlike visuals will impress even those whoers who have little patience for the-ske.tensions",A stunning dreams will impress even those who have little patience for a war-fight documentary.,en,mbart_vectors,182,ZGW,2,"The stunning, dreamlike visuals will impress even those viewers who have little patience for Euro-film pretension."
en:1290,12,24,"What thosegie fanses fans, this is a thanaizing than any play-sh. thatphalgus.","What a wonderful tale, this is more esoterical than any other one of that",en,mbart_vectors,197,ZGW,2,"For VeggieTales fans, this is more appetizing than a side dish of asparagus."
en:1291,25,42,"It it oftens as as the key turning point to his 21th century, and returns to and again, those that dissidents, absurd absurds, and seemss aingly slow.","Its appeals counts as the key to turning point of the 21st century, and returns to the first 20 or 30 years where films have dissipated their effects.",en,mbart_vectors,198,ZGW,1,"While it regards 1967 as the key turning point of the 20th century, and returns again and again to images of dissidents in the streets, it's alarmingly current."
en:1296,36,49,"Tattoo Tattoo borrows avily from both Fire and The Silence, the Lambs, it manages to maintain both the fresh of sophisticated humour and human-likehat characters in overcks the audience..","Tattoo borrows a heavily heavily used story from both Fire and The Silence, and manages to maintain both level of sophisticated humour and human-like characters in the audience.",en,mbart_vectors,203,ZGW,2,"While Tattoo borrows heavily from both Seven and The Silence of the Lambs, it manages to maintain both a level of sophisticated intrigue and human-scale characters that suck the audience in."
en:1299,19,28,"The's the best film of the year, far, but benchmark of other other other Best Picture filmsders is be beatd.","The best film of the year is the one that is the benchmark for other Best Picture films, but it's rare to be beat.",en,mbart_vectors,206,ZGW,2,"It's the best film of the year so far, the benchmark against which all other Best Picture contenders should be measured."
en:1300,13,14,is is one of the biggest disappointments of the year.,is one of the biggest disappointments of the year.,en,mbart_vectors,207,ZGW,0,This is one of the biggest disappointments of the year.
en:1302,21,41,"Denisees out of the hiries of class and which onsquare and primitivhood passionsession --sideor largerthind,mult, that, rings with sexual, sexual and social discord.","Denise has nothing to hide from the films, except for the fact that it's basically a gimmick, instead of matching theater, sexual entertainment and political discord.",en,mbart_vectors,209,ZGW,1,"Denis forges out of the theories of class - based rage and sisterly obsession a razor-sided tuning fork that rings with cultural, sexual and social discord."
en:1328,27,44,"A solidly lomusful movie, narrall, narratively lootic, andly sppy, is weird amalgam of `Sp Thing' and ` nostalgiatric `Gtrip''","A solid, thoroughly loud, narratively inane and mostly nostalgic, it's a weird amalgam of `The Thing' and a nostalgic `Ciné'.",en,mbart_vectors,235,ZGW,0,"A thoroughly awful movie -- dumb, narratively chaotic, visually sloppy... a weird amalgam of `The Thing' and a geriatric `Scream.'"
en:1331,22,36,"The movie has no respect for politicaluit political correctness, de senselicai, but it stills something that than than its for human flawed,  people.","The movie has no respect for political correctness, but it's certainly one that shows the likes of the flawed people who cast themselves as censors.",en,mbart_vectors,238,ZGW,1,"The movie has no respect for laws, political correctness or common decency, but it displays something more important: respect for its flawed, crazy people."
en:1337,25,36,"The might be aappointuous to call Reese a great film, but I'' that about most of the flicks is in and out of the cityxes.","The movie may be a disappointingly poor cut, but it will certainly be the one to say that the flicks are moving in and out of multiple clues.",en,mbart_vectors,244,ZGW,1,"It would be disingenuous to call Reno a great film, but you can say that about most of the flicks moving in and out of the multiplex."
en:1341,9,11,downiguing and downright dangeroustoxicating.,"down and down, and down and down.",en,mbart_vectors,248,ZGW,2,Intriguing and downright intoxicating.
en:1343,24,32,For the most etying thing about The Is Clemens?? is that it's a movie made made by someone who obviously has nothing about crime.,"For the most time, this thing will probably be the quintessential James Bond movie. It's a movie made by someone who obviously has nothing to do with crime.",en,mbart_vectors,250,ZGW,0,Perhaps the most annoying thing about Who Is Cletis Tout? is that it's a crime movie made by someone who obviously knows nothing about crime.
en:1345,17,26,The dramarky drama meets the heart and the funny oness to its often and always surprising performance of Rachel Mc..,"The drama is as funny as the humor, and always surprisingly surprisingly well performed by Rachel McAdams.",en,mbart_vectors,252,ZGW,2,The quirky drama touches the heart and the funnybone thanks to the energetic and always surprising performance by Rachel Griffiths.
en:1347,10,12,a and glaffling from the get-go.,awful and glaring from the get-go.,en,mbart_vectors,254,ZGW,0,Bad and baffling from the get-go.
en:1348,18,28,"The film is an blast of educational energy, as wellncy andhumour and sexy songs that you through thety hour.","The film is an alot of educational energy, as well as a muddle of songs and songs that will put you through a",en,mbart_vectors,255,ZGW,2,"The movie is a blast of educational energy, as bouncy animation and catchy songs escort you through the entire 85 minutes."
en:1352,25,38,"It real charm of this trifle is the wayly comic face of its Jean, Jean-nier, who resembles theheldnomalone in a fog,.-a.","It's real charm of this trifle, and the dull imagery that faces us in the Jean-Luc Reed novel, who resembles a typical Hollywood comedy of theakeas.",en,mbart_vectors,259,ZGW,1,"The real charm of this trifle is the deadpan comic face of its star, Jean Reno, who resembles Sly Stallone in a hot sake half-sleep."
en:1359,34,56,Latellet' avoidt avoid a fatal mistake in the form era; He's been the male academic from a lower-class citizenon a exceptional- and talent that raress all human's exquisite script. shreds the infantil of the.,"Late on, it's a fatal mistake to make in a new American comedy as it has been released from lower-class English.",en,mbart_vectors,266,ZGW,1,"LaBute can't avoid a fatal mistake in the modern era: He's changed the male academic from a lower-class Brit to an American, a choice that upsets the novel's exquisite balance and shreds the fabric of the film."
en:1363,13,17,Itry gives a good performance but a film that doesn't merit.,It gives a good performance but doesn't merit a film that doesn't merit,en,mbart_vectors,270,ZGW,1,Gere gives a good performance in a film that doesn't merit it.
en:1367,19,24,"The director, with his fake backdrop and and vice- pacing, seemstheles on a consistent tone.","The director, with his fake backdrop and vice versa, seems to have a consistent tone.",en,mbart_vectors,274,ZGW,0,"The director, with his fake backdrops and stately pacing, never settles on a consistent tone."
en:1368,18,27,"He he was given a reign in this project, it wrote, directed, and produced and produced for is beyond.","He was given a free reign by what this project, wrote, directed, and produced far beyond its",en,mbart_vectors,275,ZGW,0,"Why he was given free reign over this project -- he wrote, directed, starred and produced -- is beyond me."
en:1369,19,27,"If you' it rewarded with a script that assumes you''t very bright, and Blood ons a you.","If you're lucky enough to find a script that honors the very bright, white Blood of T.V.",en,mbart_vectors,276,ZGW,0,"If you enjoy being rewarded by a script that assumes you aren't very bright, then Blood Work is for you."
en:1370,19,37,"a ay,,, whosere' to put a good lot to clarify his cinematic vision before he next creation, remember to movie learned..ke.","a romantic tale, and its cutting-edge stage actress, Marina Doyle, needs to put a lot of effort into clarifying her cinematic vision before she should be remembered.",en,mbart_vectors,277,ZGW,0,"Like Rudy Yellow Lodge, Eyre needs to take a good sweat to clarify his cinematic vision before his next creation and remember the lessons of the trickster spider."
en:1382,11,11,"Hard, endearing, caring, warm.","Hard, endearing, caring, warm.",en,mbart_vectors,289,ZGW,2,"Hard, endearing, caring, warm."
en:1384,23,38,The way Coppola andses to love for movies is the theful and culturejunk and the nostalgis that typicallyqueslly formfy him funny. is giddyly entertaining.,The way Coppola and his gangmates delightfully play the movies -- the colorful junk art that classical SF classics typically sell.,en,mbart_vectors,291,ZGW,2,The way Coppola professes his love for movies -- both colorful pop junk and the classics that unequivocally qualify as art -- is giddily entertaining.
en:1392,27,41,"I won't suitbble your gut if it it's not exactly to, but's aly a psycholog, cinematic examinarogaical examination of what makes a jokey joke.","I won't recommend this film to anyone who wishes to become a cruel, stereotypical humane oddity.",en,mbart_vectors,299,ZGW,1,It won't bust your gut -- and it's not intended to -- it's merely a blandly cinematic surgical examination of what makes a joke a joke.
en:1397,17,35,"a underpey--the-the-grounde ister is a to theder is is a nicey, mouth-hours-iness..",a 12-year-old male to a 21-year-old who just flickses his dick on,en,mbart_vectors,304,ZGW,1,"The doofus-on-the-loose banter of Welcome to Collinwood has a cocky, after-hours loopiness to it."
en:1398,10,16,The's a funniest American drama of thefiti..,The funniest is the one about the spotted,en,mbart_vectors,305,ZGW,2,It's the funniest American comedy since Graffiti Bridge.
en:1401,18,40,"Often gruelinglling, heartbreaking, watch, the inma' Priceter's marriageling marriages are a film- the film of a triellins..","Often grueling, and from a heartbreaking romance, Narsh's killer performances are a remarkable one, and the film's plot is a",en,mbart_vectors,308,ZGW,2,"Often gruelling and heartbreaking to witness, but Seldahl and Wollter's sterling performances raise this far above the level of the usual maudlin disease movie."
en:1406,13,25,"That it,ly what makess missing from a Pan,, the sense that being bigger, ultima morete thriller.","That it essentially kept on making me feel remotely like watching a biopic, something bigger, ultimately pointless.",en,mbart_vectors,313,ZGW,1,"That is essentially what's missing from Blackboards -- the sense of something bigger, some ultimate point."
en:1409,18,34,"A dim,adting, perpetuaggy--off, an Fog Planet documentary series, whichodile Hunter' an opportunistic, his most glaring.","A dim, flabby and under-represented character from an Animal Planet documentary series, the Lewis Hamilton entertainment model is not the most glaring",en,mbart_vectors,316,ZGW,0,"A dim-witted and lazy spin-off of the Animal Planet documentary series, Crocodile Hunter is entertainment opportunism at its most glaring."
en:1421,17,23,A amusful movie that will only satisfy the emotional emotionally volatilevoleable of filmmakersers.,A film that will only satisfy the emotionally volatile and mystical of the filmmakers.,en,mbart_vectors,328,ZGW,0,An awful movie that will only satisfy the most emotionally malleable of filmgoers.
en:1443,42,67,"Godard's apous theling his's mostous is a banalbling, overaneordinaent manifesto about a fague impression of hisal them. while aise of Love remains a glorious ende overentious endeavor that's unumcused and exdioously exasperating.","Godard's aptly documented and impressively poignant trilogy is a banal, over-the-top literary achievement that overwhelms all other aspirational endeavors.",en,mbart_vectors,350,ZGW,0,Godard's ode to tackling life's wonderment is a rambling and incoherent manifesto about the vagueness of topical excess... In Praise of Love remains a ponderous and pretentious endeavor that's unfocused and tediously exasperating.
en:1445,19,42,"It' truly believe to a about the main characters, the they not they're be up in in is ife's reactionity is ather complete realisting nor.. give a.","It's never truly a movie about the main characters, if not the most comic themes, is the film about the stagework that's taken over from the original script.",en,mbart_vectors,352,ZGW,0,"We never truly come to care about the main characters and whether or not they'll wind up together, and Michele's spiritual quest is neither amusing nor dramatic enough to sustain interest."
en:1448,15,20,"Perspec's mystemaking could have used some,d, urban materialsight.","Perspective's mysterious artwork could have used some,pure adult material.",en,mbart_vectors,355,ZGW,1,"Peralta's mythmaking could have used some informed, adult hindsight."
en:1455,25,35,Adults will certainly not to spend their time in the theater thinking up theovyy lists and finding to sum their story that to to have. Pinocchio.,"Adults will certainly not spend their time thinking up the thrills of the day in these films, but it will surely be",en,mbart_vectors,362,ZGW,1,Adults will certainly want to spend their time in the theater thinking up grocery lists and ways to tell their kids how not to act like Pinocchio.
en:1456,14,31,The as distinctive as even humor humorous as a moviemu be given show for from and it' its been a humorion and.,"The film is as distinctively unpleasant as its TV series, and it's even more plausibly humorous than its TV series, despite its amusingly similar premises.",en,mbart_vectors,363,ZGW,1,"Not as distinctive or even as humorous as its needs to be to stand out, but it has clearly been made with affection and care."
en:1457,10,20,The solid family comedy thatus any to be evend by a outside the USgrounds.,The generic family comedy is almost as fresh and as sincere as the film's underground cast.,en,mbart_vectors,364,ZGW,0,A generic family comedy unlikely to be appreciated by anyone outside the under-10 set.
en:1461,20,31,"Directorxau Jonathandirector Jonathan Parker's attempts at create a trulyianclass, hyper-real-re fall ratherreadfully short.","Director's wise-man Joseph Campbell's short, fashionable, racially-over-the-top satire is basically awkward.",en,mbart_vectors,368,ZGW,0,"Co-writer/director Jonathan Parker's attempts to fashion a Brazil-like, hyper-real satire fall dreadfully short."
en:1470,9,16,But just doesn't have the to to especially when a movie.,But it just isn't especially creepy... especially when it's a comedy.,en,mbart_vectors,377,ZGW,1,It just doesn't have much else... especially in a moral sense.
en:1471,17,24,A unfamiliar with Mormon traditions will find The Monas am aally unawildering.,"A fable-shaped film, with Mormon traditions as its leitmotif, and",en,mbart_vectors,378,ZGW,1,Those unfamiliar with Mormon traditions may find The Singles Ward occasionally bewildering.
en:1473,16,19,"The the talented cast alone will keep you watching, and will the funny scenes.","The talented cast alone will keep you watching, and the funny scenes will",en,mbart_vectors,380,ZGW,2,"But the talented cast alone will keep you watching, as will the fight scenes."
en:1477,14,24,It important movie to it reminder to the power of moviesmakers keep people forward to make us remember our values.,"It's a powerful, tempting movie that will remind us of the war and to make us remember the values that have shaped our lives.",en,mbart_vectors,384,ZGW,2,"An important movie, a reminder of the power of film to move us and to make us examine our values."
en:1479,12,24,"It filmly craftd and entirelybly giftly, a filmed artist who definitely is a to his mind.",It's richly crafted and entirely admirable -- by a woman who definitely is not a fan of theatre.,en,mbart_vectors,386,ZGW,2,A richly imagined and admirably mature work from a gifted director who definitely has something on his mind.
en:1482,16,22,It it's nice is that there's so liter outlook that permeates the film.,It's nice to be told that there's no magical intelligence that permeates this film.,en,mbart_vectors,389,ZGW,2,But what's nice is that there's a casual intelligence that permeates the script.
en:1487,21,28,"Feels slight, like if it were an extended, film andbeit one that by the smartest person. class.","Feels slight, like you were an extended, lumpy band, and unattractive one by the smallest class.",en,mbart_vectors,394,ZGW,1,"Feels slight, as if it were an extended short, albeit one made by the smartest kids in class."
en:1488,13,13,The picture doesn't know it's a comedy.,The picture doesn't know it's a comedy.,en,mbart_vectors,395,ZGW,1,The picture doesn't know it's a comedy.
en:1494,15,26,"...'s an sham-sning, whichfully written, beautifully illustra, finally finally, unly humanizing.","... an uncomfortable thriller, which, while obviously, is humane, is also spiritual.",en,mbart_vectors,401,ZGW,2,"It's a head-turner -- thoughtfully written, beautifully read and, finally, deeply humanizing."
en:1497,21,33,Black in Black achieve achieves ultimate fameficance in it's the comedy-fi comedy spectacle that an.iffle anaow.pic.,Black and White achieves ultimate fame with its bizarre and wonderfully humorous ensemble of comedic material.,en,mbart_vectors,404,ZGW,0,Men in Black II achieves ultimate insignificance -- it's the sci-fi comedy spectacle as Whiffle-Ball epic.
en:1499,24,29,Presents no good case while failing to provide a reason for his to care beyond the very basicss of human deceptioni.,Presents no good case while failing to provide a reason for the scepticism that extends beyond the very basics of human deceiving.,en,mbart_vectors,5,ZJM,1,Presents a good case while failing to provide a reason for us to care beyond the very basic dictums of human decency.
en:1501,15,24,"Bullad My My Sweet has to much holelaws, would be easy to critics to shred","Bullshit, My Sweet has to be told, it would be easy to shred",en,mbart_vectors,7,ZJM,0,"Bread, My Sweet has so many flaws it would be easy for critics to shred it."
en:1507,28,40,"The theedatiled had been aeaked up to bitch, would have become a camp and, one of those movies that's so bad that nevers to become good.","The Delightful Wild had been lighted up, but it would have become a TV adventure, one of those movies that that's so bad that it never starts to become good.",en,mbart_vectors,14,ZJM,1,"If Deuces Wild had been tweaked up a notch it would have become a camp adventure, one of those movies that's so bad it starts to become good."
en:1525,7,10,You' the robust middle of this movie.,You'll love the robust middle of this film.,en,mbart_vectors,32,ZJM,2,I love the robust middle of this picture.
en:1532,22,28,"While rest is worth a lot, if you don't mind much more from a cheap cheap thrills from your Halloween entertainment.","While Not every movie is worth a thrill, if you don't mind the cheap thrills from your Halloween entertainment.",en,mbart_vectors,39,ZJM,1,"The Ring is worth a look, if you don't demand much more than a few cheap thrills from your Halloween entertainment."
en:1543,10,14,You thoughtd movie footage and still love the old stuff.,"After the movie's climax is over, still love the old stuff.",en,mbart_vectors,50,ZJM,2,I like the new footage and still love the old stuff.
en:1544,15,29,"The'ly flirts with movie furochism, but in point is it interest is thesness -- is alreadycliped..","The movie briefly flirts with pre-adolescent sex, but at the point of real interest, its appeal is almost completely lost.",en,mbart_vectors,51,ZJM,1,"It briefly flirts with player masochism, but the point of real interest -- audience sadism -- is evaded completely."
en:1545,13,15,Could The Rock Bears really be as bad as its trailers.,Could The Rockers really be as bad as its title suggests.,en,mbart_vectors,52,ZJM,0,Could The Country Bears really be as bad as its trailers?
en:1549,7,8,The film seems a deadly.,The film seems a deadly deadly to,en,mbart_vectors,56,ZJM,0,The film seems a dead weight.
en:1550,34,48,"Sparkling, often hilarious romantic comedyllyus comedy comedy that Attal looks so much like a young Robert DeGenero' it seems odd film should instead be called aThe Warband is Travis'ele..","Sparkling, often hilarious romantic comedy that at first glance looks pretty much like a young Robert DeGeneres novel, but that it seems so much more sinister than what it should have been, when first released.",en,mbart_vectors,57,ZJM,2,"Sparkling, often hilarious romantic jealousy comedy... Attal looks so much like a young Robert DeNiro that it seems the film should instead be called `My Husband Is Travis Bickle'."
en:1552,20,22,"A lousy movie that's not merely unfunable, but also un-able.","A loud and loud movie that's not merely unfunny, but also unannounced.",en,mbart_vectors,59,ZJM,0,"A lousy movie that's not merely unwatchable, but also unlistenable."
en:1554,27,42,"The strong,, powerful art and splendid production design that this to see transported into the life of a.dysbond,ymski, who is not only a great, but also great human being.","The strongest, most poignant musical is the one where the film's splendid production design allows it to be transported into life's otherwise bald and stale mess.",en,mbart_vectors,61,ZJM,2,"A strong script, powerful direction and splendid production design allows us to be transported into the life of Wladyslaw Szpilman, who is not only a pianist, but a good human being."
en:1557,7,12,Itss a fanboy'tomever'',Its a fanboy's `tom',en,mbart_vectors,64,ZJM,1,It's a fanboy `what if?'
en:1560,28,58,"Stephen Reedudio a A,n, and David Greens,stiny's legal lapsvilles, when when youed by the., the sorts this apeoseust quartet loving over Hollywood Hollywood languages is a pleasant enough,, `kay `'","Stephen Reed, a Aunt Susan, is going to play the Stanley Kubrick classic, and when it finally passes, the sort of idyllic, pleasant stuff that is a pleasant enough, `swing.'",en,mbart_vectors,67,ZJM,2,"Stephen Rea, Aidan Quinn, and Alan Bates play Desmond's legal eagles, and when joined by Brosnan, the sight of this grandiloquent quartet lolling in pretty Irish settings is a pleasant enough thing, `tis."
en:1563,9,16,Everything was superficial superficial as the forced New Age theatr- accent to Thu,Everything was superficial and superficial -- the forced New Age to have,en,mbart_vectors,70,ZJM,0,Everything was as superficial as the forced New Jersey lowbrow accent Uma had.
en:1571,19,31,"a fantastic movie in every sense, the word, calmless, banalless, slu-, imud, stupidful, stupidstructxious.","a zombie movie in every word, from the word, to the picture, is, most,,purely, banal, painful and",en,mbart_vectors,78,ZJM,0,"A zombie movie in every sense of the word -- mindless, lifeless, meandering, loud, painful, obnoxious."
en:1576,21,31,High-s just the mistakes that so movies make and is determined to to make them better and it that is the no. the sort.,"High-Speed Crimes just does the mistakes that other bad movies make and is determined to not make it, and it's a no-loyalty project.",en,mbart_vectors,83,ZJM,1,"High Crimes knows the mistakes that bad movies make and is determined not to make them, and maybe that is nobility of a sort."
en:1579,7,14,"A a bland,-bomb-aus projectcht..","A bland, boring murder-bomber.",en,mbart_vectors,86,ZJM,0,... a bland murder-on-campus yawner.
en:1582,10,22,Faufrage a ablings fromtive dialogue and the sortlyreckness ofmic to the.,"Faucets a rambling, non-stuntful dialogue and a cast of endearing,",en,mbart_vectors,89,ZJM,0,"Suffers from rambling, repetitive dialogue and the visual drabness endemic to digital video."
en:1585,16,21,Features one of the most affecting depictions of how man story ever made to a.,Features one of the most affecting depictions of how long American films ever have made.,en,mbart_vectors,92,ZJM,2,Features one of the most affecting depictions of a love affair ever committed to film.
en:1595,21,32,"Even a wedened voyeur would have to patience of his, come through this interminable documentar tire- documentary about his swinging politicalculture.",Even a weaker critic would have to find solace in this inability to sort of survive a banale documentary about his muddying cognitive path.,en,mbart_vectors,102,ZJM,0,"Even a hardened voyeur would require the patience of Job to get through this interminable, shapeless documentary about the swinging subculture."
en:1599,28,36,"The film is a contrivance, as artificial as the reality game and teens play in a nightclub,quence, but is's also indulable.","The film is a contrivance, as artificial as the reality, and its Japanese teens play a lot of nightclub sequences, but is certainly not an enjoyable",en,mbart_vectors,106,ZJM,1,"The film is a contrivance, as artificial as the video games Japanese teens play in a nightclub sequence, but it's an enjoyable one."
en:1600,27,29,"At its worst the screenplay is capped, but at its best it is a young artist's thoughtful consideration of hishood.","At its worst the screenplay is capped, but at its best it is a young artist's thoughtful consideration of his father.",en,mbart_vectors,107,ZJM,1,"At its worst the screenplay is callow, but at its best it is a young artist's thoughtful consideration of fatherhood."
en:1606,24,26,Jeffs has created a breathtakingly detailedd and stylish work of spare dialogue and acute affectiveness.,Jeffs has created a breathtakingly detailed and stylish work of spare dialogue and acute impersonality.,en,mbart_vectors,113,ZJM,2,Jeffs has created a breathtakingly assured and stylish work of spare dialogue and acute expressiveness.
en:1630,9,21,Aneka andle of a-bing from Yorkers over a TVless is hook...,"Anekaly acute and blissful mystery, totem pole for a movie",en,mbart_vectors,137,ZJM,1,Anemic chronicle of money grubbing New Yorkers and their serial loveless hook ups.
en:1632,14,17,And I'm decided to stay it light on every night from now on.,And I'm decided to leave the light of every night from now on.,en,mbart_vectors,139,ZJM,1,And I've decided to leave a light on every night from now on.
en:1642,16,24,Aalbert rarely featurespens her confidenceva of with to create ae chemistry with asend.,Aalbert rarely features in his executive persona is big enough to cheerleast,en,mbart_vectors,149,ZJM,1,Aaliyah rarely dampens her diva persona enough to spark genuine chemistry with Townsend.
en:1645,17,25,It it not a  loss if not for the supporting performances from place at the movie's end..,"It would be a wise loss to say, if not for the supporting performances, the place is a lot more fun.",en,mbart_vectors,152,ZJM,1,... would be a total loss if not for two supporting performances taking place at the movie's edges.
en:1646,27,42,An inspiring and heartfeltwarmfirmting film about the desperate needs to aese cinemaes to in re.S. re re camps. keep them hopes atve. the.,"An inspiring and heartfelt film about the desperate need to survive the battles of the Eastern Sexiest, in re re re reams that will keep you alive.",en,mbart_vectors,153,ZJM,2,An inspiring and heart-affecting film about the desperate attempts of Vietnamese refugees living in U.S. relocation camps to keep their hopes alive in 1975.
en:1651,13,15,Adams's funniest and most likeable movie in Hollywood.,Adams' funniest and most likeable movie in Hollywood.,en,mbart_vectors,158,ZJM,2,Allen's funniest and most likeable movie in years.
en:1653,16,29,There is a refreshing humour of witicism in this''nd it a bitity even even if a film film program.,"There is a refreshing humour and a kinky bit of wit in this little movie, which is quite a bit of the film's game.",en,mbart_vectors,160,ZJM,2,"There is a refreshing absence of cynicism in Stuart Little 2 -- quite a rarity, even in the family film market."
en:1663,17,26,"Even by the veryally low-s, thetboyfood humor, Sorrelity Boys is a phen..","Even by the very least, it intellectually low standards, rivals the humorous Zenoirous series.",en,mbart_vectors,170,ZJM,0,"Even by the intentionally low standards of frat-boy humor, Sorority Boys is a bowser."
en:1675,18,25,"A stunning, dreamlike moviess impress impress even those viewers who have little patience for film-ske.tensions","A stunning dreams, which impress even those viewers who may have little patience for the war-fight documentary.",en,mbart_vectors,182,ZJM,2,"The stunning, dreamlike visuals will impress even those viewers who have little patience for Euro-film pretension."
en:1690,17,24,"For thosegie fanses fans, this is more chillaizing than a side-sh of shamphalgus.","For those Froogs, this is more chilling than a side-strip of that shameful, breathtaking story.",en,mbart_vectors,197,ZJM,2,"For VeggieTales fans, this is more appetizing than a side dish of asparagus."
en:1691,29,42,"While it stills as as the turning moment point of the 20th century, and returns to and again, those that dissidents, the same,, which remains alarmingly current.","While it still has the charm of 1967, and continues to have the same funny, twisty, sometimes apologetic, effects.",en,mbart_vectors,198,ZJM,1,"While it regards 1967 as the key turning point of the 20th century, and returns again and again to images of dissidents in the streets, it's alarmingly current."
en:1696,35,49,"Tattoo Tattoo borrows avily from both Fire Days The Silence, the Lambs, it manages to maintain both the so of sophisticated humour and human-likehat war that suitck. audience..","Tattoo borrows a heavily heavily used story from both The Silence of the Lambs, and manages to maintain both level of sophisticated humour and human-like characters that suits his audience.",en,mbart_vectors,203,ZJM,2,"While Tattoo borrows heavily from both Seven and The Silence of the Lambs, it manages to maintain both a level of sophisticated intrigue and human-scale characters that suck the audience in."
en:1699,21,28,"The's the best film of the year, far, but benchmark against other other other Best Picture filmsders should be faced.","The best film of the year is the one that is so far removed from the benchmark against other Best Picture films, it should be replicated.",en,mbart_vectors,206,ZJM,2,"It's the best film of the year so far, the benchmark against which all other Best Picture contenders should be measured."
en:1700,13,14,is is one of the biggest disappointments of the year.,is one of the biggest disappointments of the year.,en,mbart_vectors,207,ZJM,0,This is one of the biggest disappointments of the year.
en:1702,20,41,"Denisees out the the windowries of class based which onsquare and religioushood passionsession --sideor largerthind,mult, that, rings with sexual, sexual and social discord.","Denise has nothing to hide from the films, except for the semi-realistic imagery of flawed, primitive sex, and social discord.",en,mbart_vectors,209,ZJM,1,"Denis forges out of the theories of class - based rage and sisterly obsession a razor-sided tuning fork that rings with cultural, sexual and social discord."
en:1728,25,44,"It thoroughly alok,, narrall, narratively lootic, visually sloppy, as mere amalgam of bothCi Holidaying' and ` nostalgiatric `Gtrip''","It's a thoroughly aloof, narratively loud and visually faint... making it an umbrella, an eternal mushroom, and",en,mbart_vectors,235,ZJM,0,"A thoroughly awful movie -- dumb, narratively chaotic, visually sloppy... a weird amalgam of `The Thing' and a geriatric `Scream.'"
en:1731,29,36,"The movie has no respect for political, political correctness, common delicancy, but it seemss something more important than its for its flawed, funny people.","The movie has no respect for political correctness or common delicacy, but it seems to have been made more important by its flawed, funny people.",en,mbart_vectors,238,ZJM,1,"The movie has no respect for laws, political correctness or common decency, but it displays something more important: respect for its flawed, crazy people."
en:1737,23,36,"The would be aappointuous if call Reese a great film, but you can say that it most of the movingcks is from the out the the 35xes.","The film would probably be a disappointingly poor performance, if not the most moving, and would have to be cut and delivered in the 35-40 minutes.",en,mbart_vectors,244,ZJM,1,"It would be disingenuous to call Reno a great film, but you can say that about most of the flicks moving in and out of the multiplex."
en:1741,9,11,Intriguing and downright dangeroustoxicating,Intriguing and downright dangerous.,en,mbart_vectors,248,ZJM,2,Intriguing and downright intoxicating.
en:1743,24,32,"Perhaps the most satisfying thing about thisle themens?? is that it's a crime movie, by someone who just knows nothing about crime.","Perhaps the most satisfying thing about The Marmite Kid is that it's a crime movie, written by someone who just does nothing about crime.",en,mbart_vectors,250,ZJM,0,Perhaps the most annoying thing about Who Is Cletis Tout? is that it's a crime movie made by someone who obviously knows nothing about crime.
en:1745,17,26,Big dramarky drama touches on heart of is funny ones to the energetic and always surprising performance by Griffith Griffith..,"Big drama meets heart, and it's funny enough to snuffle through the weeks with the energetic and always surprising performance by Griffith.",en,mbart_vectors,252,ZJM,2,The quirky drama touches the heart and the funnybone thanks to the energetic and always surprising performance by Rachel Griffiths.
en:1747,8,12,a and glaffling from start start-go.,awful and glaring from start to finish.,en,mbart_vectors,254,ZJM,0,Bad and baffling from the get-go.
en:1748,20,28,"The movie is an blast from educational energy, and wellncy animation and breathy songs do you through an entire 60 minutes.","The movie is an absolute waste of educational energy, and a brilliant one in the animation suit, while still filling the entire 60 minutes.",en,mbart_vectors,255,ZJM,2,"The movie is a blast of educational energy, as bouncy animation and catchy songs escort you through the entire 85 minutes."
en:1752,26,38,"It real charm of this trifle is the wayly comic face of its star, Jean-nier, who resembles theheldnomalone in a fog,.-a.","It's real charm, this trifle of the old comic book face of its star, Jean-Pierre Renier, who resembles a typical Francoise fan in a race to the bottom.",en,mbart_vectors,259,ZJM,1,"The real charm of this trifle is the deadpan comic face of its star, Jean Reno, who resembles Sly Stallone in a hot sake half-sleep."
en:1759,32,56,Latellet' avoidt avoid a fatal mistake in the modern era: He's been the academic cast class his lower-class American to a exceptional academic and talent that stuss his film's exquisite balance. shreds the..,"Late on, it's a fatal mistake in the modern era; it's been been tampered with by a lower-class American audience, and the film's supreme balance is shrewd.",en,mbart_vectors,266,ZJM,1,"LaBute can't avoid a fatal mistake in the modern era: He's changed the male academic from a lower-class Brit to an American, a choice that upsets the novel's exquisite balance and shreds the fabric of the film."
en:1763,12,17,Gere gives a performance performance from a film that just't a.,Gere gives a performance from a film that just doesn't,en,mbart_vectors,270,ZJM,1,Gere gives a good performance in a film that doesn't merit it.
en:1767,19,24,"The star, with his fake backdrops and vice- pacing, never settles on consistent consistent consistent.","The star, with his fake backdrops and movie-like pacing that never settles on consistent consistentity.",en,mbart_vectors,274,ZJM,0,"The director, with his fake backdrops and stately pacing, never settles on a consistent tone."
en:1768,17,27,"Why he was given a reign over a project? it', directed, and produced at produced is is beyond Marvel.","Why he was given a free reign over a project that -- wrote, directed, and produced -- is beyond Marvel.",en,mbart_vectors,275,ZJM,0,"Why he was given free reign over this project -- he wrote, directed, starred and produced -- is beyond me."
en:1769,18,27,It you' a rewarded by a script that assumes you''t very likely until then Work Work for a you.,"It's rare to find a movie that has succeeded in making me laugh, and it's not the work of",en,mbart_vectors,276,ZJM,0,"If you enjoy being rewarded by a script that assumes you aren't very bright, then Blood Work is for you."
en:1770,27,37,"Like ay,,, whosere' to take a good loty clarify his cinematic vision before his next creation, remember the lessons of the spister.der.","Like a Boyhood, the movie's Twilight fanboys may not take a good lot of time to clarify his cinematic vision before his next creation.",en,mbart_vectors,277,ZJM,0,"Like Rudy Yellow Lodge, Eyre needs to take a good sweat to clarify his cinematic vision before his next creation and remember the lessons of the trickster spider."
en:1782,8,11,"Hard, endearing, anding, beautiful,","Hard, endearing, and poignant.",en,mbart_vectors,289,ZJM,2,"Hard, endearing, caring, warm."
en:1784,26,38,... way Coppola andses to love for movies is the theful and culturejunk and the classics that unequivocally definefy him art. is giddyly entertaining.,... a way to capture what is typically called a playful mood -- and the classics that unequivocally suggest that this art is often entertaining.,en,mbart_vectors,291,ZJM,2,The way Coppola professes his love for movies -- both colorful pop junk and the classics that unequivocally qualify as art -- is giddily entertaining.
en:1792,28,41,"I''t dobble your gut if and it's not necessarily to appeal by's merely a psycholog, cinematic examinarogaical examination of what makes a joke about joke.","I don't care what you think of this film because it's a merely a cinematic oddity and instead is a sad, lyrical examination of what makes a joke joke.",en,mbart_vectors,299,ZJM,1,It won't bust your gut -- and it's not intended to -- it's merely a blandly cinematic surgical examination of what makes a joke a joke.
en:1797,18,35,"a underpey--the-the-grounde ister is Spon to thesion has has its dicky, mouth-hours-iness. it.","a very under-the-radar character with a wicked appetite, which basically finisces to the",en,mbart_vectors,304,ZJM,1,"The doofus-on-the-loose banter of Welcome to Collinwood has a cocky, after-hours loopiness to it."
en:1798,12,16,is's fun funniest American comedy since Thefiti..,is the funniest American comedy since the Friendly Bridge.,en,mbart_vectors,305,ZJM,2,It's the funniest American comedy since Graffiti Bridge.
en:1801,28,40,"an aelinglling and heartbreaking to watch, but Sellar and Hartter's impressiveling performances push the far above the usual of usual usual maudlin- movie.","a very grueling and heartbreaking film, to watch, but Danielle and Sandra's impressive performances push this far above the usual maudlinity of movie.",en,mbart_vectors,308,ZJM,2,"Often gruelling and heartbreaking to witness, but Seldahl and Wollter's sterling performances raise this far above the level of the usual maudlin disease movie."
en:1806,15,25,"That is essentially one makess missing from this Pan,, the sense of something bigger, bigger biggerteless","That is essentially one film missing from making the sense of something bigger, bigger, more palpable.",en,mbart_vectors,313,ZJM,1,"That is essentially what's missing from Blackboards -- the sense of something bigger, some ultimate point."
en:1809,23,34,"A kind,witting and laggy spinoffoff of the Animal Planet documentary series, whichodile Hunter' an opportunistic -- his most glaring.","A kindly, dim-dreaded and laggy-feeding documentary about the Animal Planet documentary series, which, while Hamilton's entertainment opportunism is not the most glaring.",en,mbart_vectors,316,ZJM,0,"A dim-witted and lazy spin-off of the Animal Planet documentary series, Crocodile Hunter is entertainment opportunism at its most glaring."
en:1821,17,23,A awful movie that only not satisfy the most emotionally volatilevoleable of filmmakersers.,A awful movie that only satisfies the most emotionally volatile of filmmakers.,en,mbart_vectors,328,ZJM,0,An awful movie that will only satisfy the most emotionally malleable of filmgoers.
en:1843,43,67,Godard's apous theling his's mostous is a banalbling and overaneordinaent manifesto about the fague impression of hisal eventses while aise of a remains a glorious ende overentious endeavor that's unumcused and exdioously exasperating.,Godard's aptly documented and impressively poignant performances are a pall to a banalised manifesto about a smallish human being's vital quest for complete control.,en,mbart_vectors,350,ZJM,0,Godard's ode to tackling life's wonderment is a rambling and incoherent manifesto about the vagueness of topical excess... In Praise of Love remains a ponderous and pretentious endeavor that's unfocused and tediously exasperating.
en:1845,29,42,"It never truly come to a about the main characters, if they not they windre wind up in in is if''s spiritual quest is neither amusing nor necessary enough to sustain interest.","It's never truly come to bear about the main characters, if not to stretch them, apart from their spiritual life, and its spiritual life is neither amusing nor necessary to sustain.",en,mbart_vectors,352,ZJM,0,"We never truly come to care about the main characters and whether or not they'll wind up together, and Michele's spiritual quest is neither amusing nor dramatic enough to sustain interest."
en:1848,15,20,"Perspec's mystemaking could have used some,d, urban materialsight.","Perspective's mysterious artwork could have used some,pure adult material.",en,mbart_vectors,355,ZJM,1,"Peralta's mythmaking could have used some informed, adult hindsight."
en:1855,29,35,Adults will certainly want to spend their time in the theater thinking of theovyy lists and ways to make their story that not to act like Pinocchio.,"Adults will certainly want to spend their time in the theater thinking of the legendary theatermen and the ways to get their act done, but that's not an act Pinocchio should be doing.",en,mbart_vectors,362,ZJM,1,Adults will certainly want to spend their time in the theater thinking up grocery lists and ways to tell their kids how not to act like Pinocchio.
en:1856,22,31,Not as distinctive or even humor humorous as what title to make to make in from but it has clearly been made with love and and care.,"Not as distinctive or even humorous as what it appears to have been when it comes to stand-up comedy, and it has clearly been made with humor and reality.",en,mbart_vectors,363,ZJM,1,"Not as distinctive or even as humorous as its needs to be to stand out, but it has clearly been made with affection and care."
en:1857,11,20,a solid family comedy unlike any to be welcomed by outside outside of USgrounds.,a solid family comedy unlike any other to be viewed outside of New York.,en,mbart_vectors,364,ZJM,0,A generic family comedy unlikely to be appreciated by anyone outside the under-10 set.
en:1861,19,31,"Directorxdirect Jonathandirector Jonathan Parker's attempts at create a trulyianlike, real-real-re is ratherreadfully short.","Director's wise-ass Joseph Campbell's short-sighted, typically-syndicated human-like growth is well",en,mbart_vectors,368,ZJM,0,"Co-writer/director Jonathan Parker's attempts to fashion a Brazil-like, hyper-real satire fall dreadfully short."
en:1870,12,16,just just doesn't have much room to especially in the moral sense.,It just doesn't have much room especially in the moral sense.,en,mbart_vectors,377,ZJM,1,It just doesn't have much else... especially in a moral sense.
en:1871,19,24,Those unfamiliar with Mormon traditions may find The War War War a intellectually awildering.,Those unfamiliar with Mormon traditions may find The War Horse an increasingly glaring,en,mbart_vectors,378,ZJM,1,Those unfamiliar with Mormon traditions may find The Singles Ward occasionally bewildering.
en:1873,15,19,"But the talented fight will will keep you watching, as the the fight tos.","But the talented fighters will not stop you watching, as the fighters will",en,mbart_vectors,380,ZJM,2,"But the talented cast alone will keep you watching, as will the fight scenes."
en:1877,15,24,It important film to to reminder to the power of the to move us to to make us remember our.,It is important to remember that the film does not move on to make it popular again.,en,mbart_vectors,384,ZJM,2,"An important movie, a reminder of the power of film to move us and to make us examine our values."
en:1879,19,24,It richly detailedd and admirably feature work from a stared director who definitely has something to his mind.,"It's richly imagined and entirely unattractively entertaining to see a director who, while definitely not a star, is",en,mbart_vectors,386,ZJM,2,A richly imagined and admirably mature work from a gifted director who definitely has something on his mind.
en:1882,15,22,But it ifs more is that there's so liter outlook that permeates the entire.,But it's not as if there's no magical intelligence that permeates the film.,en,mbart_vectors,389,ZJM,2,But what's nice is that there's a casual intelligence that permeates the script.
en:1887,24,28,"Feels slight, as if it were an extended, film andbeit one made by the smart kids kids in class.","Feels slight, as if it were an extended, long-form flier that was made by the stupid kids in class.",en,mbart_vectors,394,ZJM,1,"Feels slight, as if it were an extended short, albeit one made by the smartest kids in class."
en:1888,11,13,The picture just't know it's comedy comedy.,The picture just doesn't feel like comedy.,en,mbart_vectors,395,ZJM,1,The picture doesn't know it's a comedy.
en:1894,18,26,"...'s a war-turner, whichfully written, beautifully lit, finally finally, unly humanizing.","... a turd of youth, which, in my opinion, is beautifully lit, and finally, humanizing",en,mbart_vectors,401,ZJM,2,"It's a head-turner -- thoughtfully written, beautifully read and, finally, deeply humanizing."
en:1897,20,33,Men in the achieve achieves ultimate fameficance with it's a sort-fi comedy spectacle that an.iffle aneyle.pic.,"Men in the movie achieves ultimate fame with its bizarre, sci-fi comedy spectacle as an over-simplified epic.",en,mbart_vectors,404,ZJM,0,Men in Black II achieves ultimate insignificance -- it's the sci-fi comedy spectacle as Whiffle-Ball epic.
en:1899,21,29,Presents no good case while failing to provide the solid to his to care beyond the very basicss of human defeni.,Presents no good case while attempting to provide the reason why he chooses to care beyond the very basics of human defence.,en,mbart_vectors,5,ZJN,1,Presents a good case while failing to provide a reason for us to care beyond the very basic dictums of human decency.
en:1901,18,24,"Bullad My My Sweet has so many flaws, would be easy to critics to shred.","Bullshit, My Sweet has so many flaws, it just might be easy to shred.",en,mbart_vectors,7,ZJN,0,"Bread, My Sweet has so many flaws it would be easy for critics to shred it."
en:1907,26,40,"The onlyedatil Wild had been writteneaked up to bitch, would not become a TV and, one of those movies that iss so bad that nevers to become good.","The Deeds of a Wilder Woman had been written up in a short, cut and paste that would not become a TV adventure, one of those movies that is so bad that it never becomes a good.",en,mbart_vectors,14,ZJN,1,"If Deuces Wild had been tweaked up a notch it would have become a camp adventure, one of those movies that's so bad it starts to become good."
en:1925,8,10,You don the robust middle of this picture.,You'll love the robust middle of this picture.,en,mbart_vectors,32,ZJN,2,I love the robust middle of this picture.
en:1932,21,28,"While rest is worth a look, but you don't have more more from a few  thrills from your Halloween entertainment.","While Ring is worth a look, you'll probably not find the film with more thrills than a few seconds of torture from your Halloween entertainment.",en,mbart_vectors,39,ZJN,1,"The Ring is worth a look, if you don't demand much more than a few cheap thrills from your Halloween entertainment."
en:1943,11,14,Feel feel the movie footage and still love the old stuff.,Feels like the new footage and still love the old stuff.,en,mbart_vectors,50,ZJN,2,I like the new footage and still love the old stuff.
en:1944,16,29,"The'ly flirts with movie furochism, but the point is view interest is thesness -- is alreadyagered..","The movie briefly flirts with pre-conceptive sex, but the point of view is completely lost.",en,mbart_vectors,51,ZJN,1,"It briefly flirts with player masochism, but the point of real interest -- audience sadism -- is evaded completely."
en:1945,13,15,Could The Rock Bears really be as bad as its trailers.,Could The Rockers really be as bad as its title suggests.,en,mbart_vectors,52,ZJN,0,Could The Country Bears really be as bad as its trailers?
en:1949,6,8,The film seems a deadly to,The film seems a deadly dead weight.,en,mbart_vectors,56,ZJN,0,The film seems a dead weight.
en:1950,36,48,"Sparkling, often hilarious romantic comedytus comedy comedy that Attal looks so much like a young Robert DeGenero' it seems odd film should instead be called MyMy Husband is Travis'kile..","Sparkling, often hilarious romantic comedy that at first glance looks so like a young Robert DeNiro's Debut, but that it seems almost entirely is a stumbling script, and my first thought was, ""However, Atlas Coppio is perverted.",en,mbart_vectors,57,ZJN,2,"Sparkling, often hilarious romantic jealousy comedy... Attal looks so much like a young Robert DeNiro that it seems the film should instead be called `My Husband Is Travis Bickle'."
en:1952,19,22,"A loudy movie that's not merely unfunable, but also unableable.","A loud and fuzzy movie that's not merely unfunny, but unable",en,mbart_vectors,59,ZJN,0,"A lousy movie that's not merely unwatchable, but also unlistenable."
en:1954,29,42,"A powerful,, powerful direction and splendid set that that us to see transported into the life of a.dysbond,ymski, who is not only a great, but a good human being.","A powerful, poignant script, powerful direction and splendidly lit set-up movie. Its dramatic, breathtaking human potential is not only expressed in the movie, but in the lifetime.",en,mbart_vectors,61,ZJN,2,"A strong script, powerful direction and splendid production design allows us to be transported into the life of Wladyslaw Szpilman, who is not only a pianist, but a good human being."
en:1957,7,12,Itss a fanboy'tomever'',Its a fanboy's `tom',en,mbart_vectors,64,ZJN,1,It's a fanboy `what if?'
en:1960,32,58,"Stephen,ed is a A,n, and Anna Bates,stiny's legal escapavilles, and when youed by the., the sort of the iloseust quartet lou in pretty Irish languages is not pleasant enough,, `tis `'","Stephen, A Adorable Boy, is trying to play the typical Stanley Kubrick saga, and when it's over, the horrifyingly short film is loud and pleasant, not surprisingly funny. `T.",en,mbart_vectors,67,ZJN,2,"Stephen Rea, Aidan Quinn, and Alan Bates play Desmond's legal eagles, and when joined by Brosnan, the sight of this grandiloquent quartet lolling in pretty Irish settings is a pleasant enough thing, `tis."
en:1963,10,16,Everything was as superficial as the forced New Jersey-- characters Thu given,Everything was as superficial as the forced New Jersey-based chick-lit drama Avatar.,en,mbart_vectors,70,ZJN,0,Everything was as superficial as the forced New Jersey lowbrow accent Uma had.
en:1971,18,31,"a fantastic movie in every sense, word word, palpless, lungless, slu-, imud, stupidful, stupidstructxious.","a zombie movie in every sense, literally, is, calming down, the",en,mbart_vectors,78,ZJN,0,"A zombie movie in every sense of the word -- mindless, lifeless, meandering, loud, painful, obnoxious."
en:1976,19,31,High-s just the mistakes that movies movies make and it determined to to change them worse and has that is the reason to a movie.,"High-Speed Crimes just does not make the mistakes that movies make and it's almost like a dumpster, filled with dust, and maybe that's the notion of a",en,mbart_vectors,83,ZJN,1,"High Crimes knows the mistakes that bad movies make and is determined not to make them, and maybe that is nobility of a sort."
en:1979,8,14,"... a bland,-bomb-aus projectcht..","... a bland, murder-coming-fans film.",en,mbart_vectors,86,ZJN,0,... a bland murder-on-campus yawner.
en:1982,11,22,Faufrage a ablings contemplative dialogue and the visual sreckness ofmic to the reality.,"Faucets, from a rambling dialogue and the visual slickness of a movie.",en,mbart_vectors,89,ZJN,0,"Suffers from rambling, repetitive dialogue and the visual drabness endemic to digital video."
en:1985,18,21,Features one of the most affecting depictions of a film story ever committed to a.,Features one of the most affecting depictions of a film's marvelous events ever committed to,en,mbart_vectors,92,ZJN,2,Features one of the most affecting depictions of a love affair ever committed to film.
en:1995,23,32,"Even the oncedened, would have the patience of a to get through this interminable documentar tire- documentary about the swinging cinemaculture.",Even the most weakened critic would have the patience to get through this interminable documentary about the swinging cinematic experience.,en,mbart_vectors,102,ZJN,0,"Even a hardened voyeur would require the patience of Job to get through this interminable, shapeless documentary about the swinging subculture."
en:1999,25,36,"The film' a contrivance, as its as the real game, teens play in a night of,quence, but it's also entirelyable,,","The film's animation is a contrivance, as is the music and Japanese teens play in a nightclub sequence, but it's also entirely unable to find joy in",en,mbart_vectors,106,ZJN,1,"The film is a contrivance, as artificial as the video games Japanese teens play in a nightclub sequence, but it's an enjoyable one."
en:2000,24,29,"At its worst the screenplay is capped, but at its best it' pa sincer artist's thoughtful consideration of hishood.","At its worst the screenplay is capped, but at its best it's decidedly psychological and",en,mbart_vectors,107,ZJN,1,"At its worst the screenplay is callow, but at its best it is a young artist's thoughtful consideration of fatherhood."
en:2006,24,26,Jeffs has created a breathtakingly detailedd and stylish work of spare dialogue and acute affectiveness.,Jeffs has created a breathtakingly detailed and stylish work of spare dialogue and acute affectiveness.,en,mbart_vectors,113,ZJN,2,Jeffs has created a breathtakingly assured and stylish work of spare dialogue and acute expressiveness.
en:2030,14,21,Aneka andle of aflowbing New Yorkers and their serialless is hook up..,"Anekale and unearthlikely brief, Wishdle's novel from New Yorkers and their serialless hook ups.",en,mbart_vectors,137,ZJN,1,Anemic chronicle of money grubbing New Yorkers and their serial loveless hook ups.
en:2032,13,17,I I'm decided to stay the light on every night from now on.,I'm decided to stay at the light of every night from now on.,en,mbart_vectors,139,ZJN,1,And I've decided to leave a light on every night from now on.
en:2042,18,24,Aalbert rarely featurespens her confidenceva of enough to spark genuine chemistry. asend.,Aalbert rarely features in his executive persona is enough to spark genuine chemistry.,en,mbart_vectors,149,ZJN,1,Aaliyah rarely dampens her diva persona enough to spark genuine chemistry with Townsend.
en:2045,19,25,The it not a total loss if not for two supporting performances taking place in the movie's end..,The movie would surely have a total loss if not for two supporting performances taking place in the movie's end.,en,mbart_vectors,152,ZJN,1,... would be a total loss if not for two supporting performances taking place at the movie's edges.
en:2046,31,42,An inspiring and heartwarmwarmfirmting film about the desperate attempts of Jackieese refugees to in the.S. re re.s. keep their hopes alive. 2007..,An inspiring and heartwarming film about the desperate attempts of Eastern Cinema to survive in the re re re re re reshoots.,en,mbart_vectors,153,ZJN,2,An inspiring and heart-affecting film about the desperate attempts of Vietnamese refugees living in U.S. relocation camps to keep their hopes alive in 1975.
en:2051,13,15,Adams's funniest and most likeable movie of years.,Adams' funniest and most likeable movie of the years.,en,mbart_vectors,158,ZJN,2,Allen's funniest and most likeable movie in years.
en:2053,20,29,"There is a refreshing outlook of witicism in this'', quite a bitity, even in the film film program.","There is a refreshing outlook of wit and wit, in Stuart Little's Little Boy, a film that, even if it's not realistic, is not",en,mbart_vectors,160,ZJN,2,"There is a refreshing absence of cynicism in Stuart Little 2 -- quite a rarity, even in the family film market."
en:2063,15,26,"Even by the intellectus she-s, atboyfood humor, Sorrelity Boys is a phen..","Even by the intellectual standards, the films often lack of humor, and Sorel's Boys is a fuzzy.",en,mbart_vectors,170,ZJN,0,"Even by the intentionally low standards of frat-boy humor, Sorority Boys is a bowser."
en:2075,20,25,The stunningly dreamlike visuals will impress even those viewers who have little patience for film-ske.tensions,The stunningly dreamlike visuals will impress even those viewers who have little patience for film-making.,en,mbart_vectors,182,ZJN,2,"The stunning, dreamlike visuals will impress even those viewers who have little patience for Euro-film pretension."
en:2090,16,24,"For thosegie fanses fans, this is a thanetizing than a -sh of shamphalgus.","For those Froome fans, this is a tumultuous ride, ash-filled and breathtaking.",en,mbart_vectors,197,ZJN,2,"For VeggieTales fans, this is more appetizing than a side dish of asparagus."
en:2091,40,42,"While it regards 1967 as the key turning point to the 20th century, and returns again and again to images of dissidents in the street,, it's alarmingly current.","While it regards 1967 as the key turning point to the 21st century, and returns again and again to images of dissidents in the street, it's alarmingly current.",en,mbart_vectors,198,ZJN,1,"While it regards 1967 as the key turning point of the 20th century, and returns again and again to images of dissidents in the streets, it's alarmingly current."
en:2096,35,49,"While Tattoo borrows avily from both Fire and The Silence of the Lambs, it manages to maintain both level fresh of sophisticated humour and human-likehat war. iscks. show..","While Tattoo borrows a silo from both Fire and The Silence of the Lambs, it manages to maintain both level of sophisticated humour and human-like characters.",en,mbart_vectors,203,ZJN,2,"While Tattoo borrows heavily from both Seven and The Silence of the Lambs, it manages to maintain both a level of sophisticated intrigue and human-scale characters that suck the audience in."
en:2099,23,28,"It's the best film of the year so far, but benchmark against all all other Best Picture filmsders should have.d.","It's the best film of the year so far, but the benchmark against all other Best Picture films is almost undeferred.",en,mbart_vectors,206,ZJN,2,"It's the best film of the year so far, the benchmark against which all other Best Picture contenders should be measured."
en:2100,14,14,This is one of the biggest disappointments of the year.,This is one of the biggest disappointments of the year.,en,mbart_vectors,207,ZJN,0,This is one of the biggest disappointments of the year.
en:2102,16,41,"Denisees out of the hiries of class  particularly onfla on primitivly passionsession -sideor largerthind,mult, that,,fla with sexual confusion political and political discord.","Denise has nothing to hide from the films, except for the semi-realistic imagery of his girlfriend and his rather flabby, sensual companion.",en,mbart_vectors,209,ZJN,1,"Denis forges out of the theories of class - based rage and sisterly obsession a razor-sided tuning fork that rings with cultural, sexual and social discord."
en:2128,30,44,"A thoroughly amusful movie, narrall, narratively castotic, visually imppy -- iscute amalgam of `The Vaming' and a nostalgiatric `Racre''","A thoroughly amusing movie, slowly becoming narratively unstable and visually cruel, viscerally melodramatic and in-depth -- like a nostalgic antique album.",en,mbart_vectors,235,ZJN,0,"A thoroughly awful movie -- dumb, narratively chaotic, visually sloppy... a weird amalgam of `The Thing' and a geriatric `Scream.'"
en:2131,26,36,"The movie has no respect for fact, political correctness, common delicai, but it's something more of -- its for  flawed, funny people.","The movie has no respect for facts, political correctness, or common delicacy, but it's still something more than a flawed, funny people.",en,mbart_vectors,238,ZJN,1,"The movie has no respect for laws, political correctness or common decency, but it displays something more important: respect for its flawed, crazy people."
en:2137,21,36,The would be aappointuous if call theese a great film if if you can' that it most of the flicks is in the the of the 35xes.,The film would be a disappointingly long ride if not for the fact that it flicks past the censorship limit.,en,mbart_vectors,244,ZJN,1,"It would be disingenuous to call Reno a great film, but you can say that about most of the flicks moving in and out of the multiplex."
en:2141,9,11,Intriguing and downright dangeroustoxicating,Intriguing and downright dangerous.,en,mbart_vectors,248,ZJN,2,Intriguing and downright intoxicating.
en:2143,25,32,Perhaps it ultima satisfying thing about The Is themens?? is that it's a crime movie made by someone who obviously knows nothing about crime.,Perhaps it's the time to ease the stress from watching a sex movie becomes an illogical one when it's actually funny.,en,mbart_vectors,250,ZJN,0,Perhaps the most annoying thing about Who Is Cletis Tout? is that it's a crime movie made by someone who obviously knows nothing about crime.
en:2145,21,26,The quirky drama touches the heart of is funny ones to the energetic and always surprising performances Rachel Griffiths.,"The quirky drama touches the heart of every day, funnyly enough to keep people from ever surprising performances from Rachel Griffiths.",en,mbart_vectors,252,ZJN,2,The quirky drama touches the heart and the funnybone thanks to the energetic and always surprising performance by Rachel Griffiths.
en:2147,9,12,Bad and glaffling from start start-go.,Bad and glaring from start to get.,en,mbart_vectors,254,ZJN,0,Bad and baffling from the get-go.
en:2148,19,28,"The movie is an blast from educational,, and wellncy animation and fiery songs do the through the entire 60 minutes.","The movie is an absolute waste of educational material, and a perpetual sense of the muddyness that exists through the entire 60 minutes.",en,mbart_vectors,255,ZJN,2,"The movie is a blast of educational energy, as bouncy animation and catchy songs escort you through the entire 85 minutes."
en:2152,23,38,"The real charm of this trifle is the wayly comedy face that its star, Jean-my, who isembles aheldnomalone in the fog,.-a.","The real charm of this trifle is the way that the film faces its star, Jean-Pierre Diaz, who is essentially a Stallone in the race to",en,mbart_vectors,259,ZJN,1,"The real charm of this trifle is the deadpan comic face of its star, Jean Reno, who resembles Sly Stallone in a hot sake half-sleep."
en:2159,35,56,"Latellet' avoidt avoid a fatal mistake in the real sense, he's been the male academic from his lower-class citizen, a exceptional academic and film that shsets the human's exquisite balance and shreds the human of the.","Late on, Twilight is a fatal mistake to make in the modern comedy. He's been cast as a male academic, working in a non-classical American newspaper. His talents are rare, and his humorous,",en,mbart_vectors,266,ZJN,1,"LaBute can't avoid a fatal mistake in the modern era: He's changed the male academic from a lower-class Brit to an American, a choice that upsets the novel's exquisite balance and shreds the fabric of the film."
en:2163,11,17,Itry gives a good performance of a film that just't a.,It gives a good performance from a film that just doesn't,en,mbart_vectors,270,ZJN,1,Gere gives a good performance in a film that doesn't merit it.
en:2167,20,24,"The director, with his fake backdrops and vice- pacing, never settles on consistent consistent consistent.","The director, with his fake backdrops and vice versa, never settles on consistent, consistent pacing.",en,mbart_vectors,274,ZJN,0,"The director, with his fake backdrops and stately pacing, never settles on a consistent tone."
en:2168,13,27,"Why did was given a reign over a project? it' it directed, andved, shot is is a.","Why did you waste time and money on a project that, on view, has already been directed, and is",en,mbart_vectors,275,ZJN,0,"Why he was given free reign over this project -- he wrote, directed, starred and produced -- is beyond me."
en:2169,19,27,"You you' a rewarded with a script that assumes it''t very bright, then Work Work for for you.","You may find yourself indulging in a script that assumes it's from TV, but it's not from",en,mbart_vectors,276,ZJN,0,"If you enjoy being rewarded by a script that assumes you aren't very bright, then Blood Work is for you."
en:2170,25,37,"a ay,,, whosere' to take a good loty clarify his cinematic vision before his next creation, remember the lessons from the cascaster.der.","a) a creepy yellow thumb, and a tremendous amount of sweaty, silent visionary style that doesn't exactly merit a name.",en,mbart_vectors,277,ZJN,0,"Like Rudy Yellow Lodge, Eyre needs to take a good sweat to clarify his cinematic vision before his next creation and remember the lessons of the trickster spider."
en:2182,8,11,"Hard, endearing, anding, beautiful,","Hard, endearing, and poignant.",en,mbart_vectors,289,ZJN,2,"Hard, endearing, caring, warm."
en:2184,26,38,The Hunger Coppola andses to love for movies is both colorful and culturejunk -- the classics that unequivocally suggestfy us funny. is giddyly entertaining.,"The Hunger Games series is pompous and infuriating -- its appeal is both colorful and hilarious, as is the nostalgia for summer.",en,mbart_vectors,291,ZJN,2,The way Coppola professes his love for movies -- both colorful pop junk and the classics that unequivocally qualify as art -- is giddily entertaining.
en:2192,27,41,"It''t lastst until stomachs and it's not necessarily to, because justs merely a cinema, cinematic narrarogaical examination that what makes a joke a joke.","It's a small warning to say that if you're a cinematic type and your cinematic approximation is a joke, this should be a joke.",en,mbart_vectors,299,ZJN,1,It won't bust your gut -- and it's not intended to -- it's merely a blandly cinematic surgical examination of what makes a joke a joke.
en:2197,18,35,"The bestpey--the-the-grounde approachter is a to thesion has has its nicey, mouth-hours-iness..","The best-time-star of the year is Phillip Phillips, whose sleuthing-hyper-sweatnessiness is a",en,mbart_vectors,304,ZJN,1,"The doofus-on-the-loose banter of Welcome to Collinwood has a cocky, after-hours loopiness to it."
en:2198,14,16,It's the funniest American comedy since thefiti..,It's the funniest American comedy since the Ferrandi Bridge.,en,mbart_vectors,305,ZJN,2,It's the funniest American comedy since Graffiti Bridge.
en:2201,30,40,"Oftentimesmlling to heartbreaking to watch, but Seldan' hister's impressiveling performances raise the film above the level of the usual maudlin disease movie.","Oftentimes a heartbreaking scene is retold to a filmmaker, but Danielle's glaring performances raise the level of Twilight syndrome.",en,mbart_vectors,308,ZJN,2,"Often gruelling and heartbreaking to witness, but Seldahl and Wollter's sterling performances raise this far above the level of the usual maudlin disease movie."
en:2206,14,25,"...',ly what iss missing from the Pan,, the sense that something bigger, some ultimate thriller of","... Captain Marvel is essentially silent, and doesn't make the sense to make something bigger, some ultimate fate is in him.",en,mbart_vectors,313,ZJN,1,"That is essentially what's missing from Blackboards -- the sense of something bigger, some ultimate point."
en:2209,21,34,"A kind,witted and undercking minioffoff of an Animal Planet documentary series, whichodile'' in opportunist -- its most glaring.","A kind of dim-witting and paralyzing documentary, the Animal Planet documentary series is a perpetual marvel of entertainment opportunism in its most glaring",en,mbart_vectors,316,ZJN,0,"A dim-witted and lazy spin-off of the Animal Planet documentary series, Crocodile Hunter is entertainment opportunism at its most glaring."
en:2221,17,23,That awful movie will will not satisfy the most emotionally volatilevoleable of filmmakersers.,"A awful movie, which will only satisfy the most emotionally volatile of filmmakers.",en,mbart_vectors,328,ZJN,0,An awful movie that will only satisfy the most emotionally malleable of filmgoers.
en:2243,45,67,Godard's ap to aling his's wonders is a rambling and overaneordinaent manifesto about the fague impression of hisal eventses while myise of Love remains a glorious ende impressiveentious endeavor thats sublimumcused and exdioously exasperating.,"Godard's apt gift of marvellous simplicity is a rambling and over-the-top manifesto about the famine's affectionate excesses... while the banalous ""Seasons of Love"" remains a sublime endeavor that's unsatisfyingly exasperating.",en,mbart_vectors,350,ZJN,0,Godard's ode to tackling life's wonderment is a rambling and incoherent manifesto about the vagueness of topical excess... In Praise of Love remains a ponderous and pretentious endeavor that's unfocused and tediously exasperating.
en:2245,30,42,"We never truly come to see about the main characters, if they not they windll wind up in in is if''s spiritual quest is neither a comedying nor spiritual enough to sustain interest.","We never truly come to a point where the main characters are just too funny, and they should not wind up in their spiritual quest, but it's neither acute nor dramatic enough to sustain interest.",en,mbart_vectors,352,ZJN,0,"We never truly come to care about the main characters and whether or not they'll wind up together, and Michele's spiritual quest is neither amusing nor dramatic enough to sustain interest."
en:2248,15,20,"Perspec's mystemaking could have used some,d, urban materialsight.","Perspective's mysterious artwork could have used some,pure adult material.",en,mbart_vectors,355,ZJN,1,"Peralta's mythmaking could have used some informed, adult hindsight."
en:2255,26,35,Adults will certainly not to spend their time in the theater thinking of theovyy lists and finding to tell their story how to to have. Pinocchio.,Adults will certainly not want to spend their time in the theater thinking of the legendary stalls and the ways to tell their story. Pinocchio,en,mbart_vectors,362,ZJN,1,Adults will certainly want to spend their time in the theater thinking up grocery lists and ways to tell their kids how not to act like Pinocchio.
en:2256,23,31,"Not as distinctive or even humor humorous as its title to make, make for, but it' clearly been made with affection and emotion.","Not as distinctive or even humorous as its rivalous film, ""The Game of Thrones"", but it's clearly been made with affection and emotion.",en,mbart_vectors,363,ZJN,1,"Not as distinctive or even as humorous as its needs to be to stand out, but it has clearly been made with affection and care."
en:2257,14,20,A family family film unlikely to be welcomed by outside outside the undergrounds.,A family film unlike any other to be viewed outside the US.,en,mbart_vectors,364,ZJN,0,A generic family comedy unlikely to be appreciated by anyone outside the under-10 set.
en:2261,22,31,"Directorxau Jonathandirector Jonathan Parker's attempts to create a trulyianlike, hyper-real-re fall ratherreadfully short.","Director's best-seller as well as his own, virtually-real-rape-trip.",en,mbart_vectors,368,ZJN,0,"Co-writer/director Jonathan Parker's attempts to fashion a Brazil-like, hyper-real satire fall dreadfully short."
en:2270,13,16,It just doesn't have much... to especially in a movie sense.,It just doesn't have much... especially in a movie.,en,mbart_vectors,377,ZJN,1,It just doesn't have much else... especially in a moral sense.
en:2271,18,24,Those unfamiliar with Mormon traditions may well The War War War a intellectually awildering.,Those unfamiliar with Mormon traditions may well be Warm-Up fans.,en,mbart_vectors,378,ZJN,1,Those unfamiliar with Mormon traditions may find The Singles Ward occasionally bewildering.
en:2273,15,19,"But the talented fans will will keep you watching, as if the funny scenes.","But the talented fans will keep watching, as will the smart ones.",en,mbart_vectors,380,ZJN,2,"But the talented cast alone will keep you watching, as will the fight scenes."
en:2277,18,24,An important movie to to reminder of the power of moviesmakers move us to to make us remember our values.,An important movie to remind us of the power of movies to move us to make it truly unique and unique.,en,mbart_vectors,384,ZJN,2,"An important movie, a reminder of the power of film to move us and to make us examine our values."
en:2279,22,24,A richly imagined and admirably feature work from a stared director who definitely has something on his mind.,A richly imagined and admirably featured work from a star director who definitely has something on his mind.,en,mbart_vectors,386,ZJN,2,A richly imagined and admirably mature work from a gifted director who definitely has something on his mind.
en:2282,21,22,But it's nice is that there's a casual intelligence that permeates the script.,But it's nice to see that there's a casual intelligence that permeates the script.,en,mbart_vectors,389,ZJN,2,But what's nice is that there's a casual intelligence that permeates the script.
en:2287,22,28,"Feels slight, as if it were extend extended, film andbeit one that that the smartest kids in class.","Feels slight, as if it were extended, and as if it was one made from the smallest kids in class.",en,mbart_vectors,394,ZJN,1,"Feels slight, as if it were an extended short, albeit one made by the smartest kids in class."
en:2288,12,13,The picture doesn't know it's a comedy or,The picture doesn't know it's a comedy or a romantic comedy.,en,mbart_vectors,395,ZJN,1,The picture doesn't know it's a comedy.
en:2294,20,26,"It's an sham-turner, thoughtfully written, beautifully illustra and deep ultima, deeply humanizing.","It's an uncomfortable thriller, which, while obviously written, is deeply humane.",en,mbart_vectors,401,ZJN,2,"It's a head-turner -- thoughtfully written, beautifully read and, finally, deeply humanizing."
en:2297,19,33,Mendes the II hass thete fameficance -- it's a cree-fi comedy spectacle that an.iffle anale.pic.,Mendes II has the ultimate sense of absolute gravitas -- it's a sci-fi comedy spectacle as an over-simplified epic.,en,mbart_vectors,404,ZJN,0,Men in Black II achieves ultimate insignificance -- it's the sci-fi comedy spectacle as Whiffle-Ball epic.
en:2299,18,29,Presents a good example of givinging to give a solid why its to move beyond the very basicss of human defeni.,"Presents a good example of why, if you ask the question, Americans are beyond the basics of human defence.",en,mbart_vectors,5,ZJS,1,Presents a good case while failing to provide a reason for us to care beyond the very basic dictums of human decency.
en:2301,17,24,"Bullad My My Sweet has so many flaws, would be easy to yous to shred","Bullshit, My Sweet has so many flaws, it just happens to be easy to shred.",en,mbart_vectors,7,ZJS,0,"Bread, My Sweet has so many flaws it would be easy for critics to shred it."
en:2307,27,40,"The theedatiled had been aeaked up to bitch, would not become a camp and, but that those movies that's so bad it starts to become good.","The Deeds of a Wilder Man had been written up in a short, cut and paste, that would not become a tournament, but instead, will become a novel, one that, while it's badly scripted, still has to become good.",en,mbart_vectors,14,ZJS,1,"If Deuces Wild had been tweaked up a notch it would have become a camp adventure, one of those movies that's so bad it starts to become good."
en:2325,5,10,to like the vi middle- the picture.,"to the solid middle-aged viewer, this picture is",en,mbart_vectors,32,ZJS,2,I love the robust middle of this picture.
en:2332,22,28,"Not rest is worth a movie, and you can't have much more than a few cheap thrills from your Halloween entertainment.","Not a particularly good look, but you'll do far too much to impress with a few cheap thrills or your Halloween entertainment.",en,mbart_vectors,39,ZJS,1,"The Ring is worth a look, if you don't demand much more than a few cheap thrills from your Halloween entertainment."
en:2343,8,14,A' a new footage a the love the old one.,"A new footage of a once-beloved gang, and a sad, sad reality.",en,mbart_vectors,50,ZJS,2,I like the new footage and still love the old stuff.
en:2344,14,29,"Thess flirts with movie-ochism, but from point is viewism is thesism -- is alreadypiteed..","The movie tends to flirt with pre-adolescent sex, and the point is that its audience is almost completely",en,mbart_vectors,51,ZJS,1,"It briefly flirts with player masochism, but the point of real interest -- audience sadism -- is evaded completely."
en:2345,12,15,Could The Rock Bears really be bad bad as its trailers.,"Could The Rockers really be so bad, despite its title.",en,mbart_vectors,52,ZJS,0,Could The Country Bears really be as bad as its trailers?
en:2349,4,8,... movie seems dead deadly.,... it seems deadly dull.,en,mbart_vectors,56,ZJS,0,The film seems a dead weight.
en:2350,26,48,"Sparkling,  hilarious romantic comedywelusy novel aboutalal looks as much like a young Robert Rodriguez Niro novel it seems rather film is be be called MyMy Traband and Apped'as...","Sparkling, hilarious romantic comedy about a boy who looks much like a young man and that, instead of being called My Travis, is called",en,mbart_vectors,57,ZJS,2,"Sparkling, often hilarious romantic jealousy comedy... Attal looks so much like a young Robert DeNiro that it seems the film should instead be called `My Husband Is Travis Bickle'."
en:2352,18,22,"A loudy lo that's not merely unfunable, but also untable.","A loud and fuzzy movie that's not merely unfunny, but also unnoticeable.",en,mbart_vectors,59,ZJS,0,"A lousy movie that's not merely unwatchable, but also unlistenable."
en:2354,21,42,"The very,, powerful ac, splendidly, that for to gli transported into the e of a.dys and,ymski, a is not only a great, but is good actor being.","The strongest, most powerful musical, with its splendid art direction, is the one to send the shivers down his neck, and it's a film that should be",en,mbart_vectors,61,ZJS,2,"A strong script, powerful direction and splendid production design allows us to be transported into the life of Wladyslaw Szpilman, who is not only a pianist, but a good human being."
en:2357,7,12,Itss a fanboy'tomever'',Its a fanboy's `tom',en,mbart_vectors,64,ZJS,1,It's a fanboy `what if?'
en:2360,22,58,"A Adamsed is a A,n, and Daniel Adamss,stiny's breath lapvilles, when when youed in the., has sorts this eloseust quartet ofving over the much languages is pleasant pleasant enough,, ifs.","A Adorable Boy, who always seems to be absorbing the inevitable slightest bit of comedy, when compared to the otherwise pleasantly slighted, which has this illiterate triumph over the cruelly cruelly cruelwestern films.",en,mbart_vectors,67,ZJS,2,"Stephen Rea, Aidan Quinn, and Alan Bates play Desmond's legal eagles, and when joined by Brosnan, the sight of this grandiloquent quartet lolling in pretty Irish settings is a pleasant enough thing, `tis."
en:2363,10,16,Everything was as superficial as the forced and Jersey theatr- accents Thu given,Everything was as superficial as the forced and superficial to avert your eyebrows.,en,mbart_vectors,70,ZJS,0,Everything was as superficial as the forced New Jersey lowbrow accent Uma had.
en:2371,18,31,"a fantastic movie in every sense, word word, palpless, banalless, slu-, imud, stupidful, imstructxious.","a zombie movie in every sense, literally, is, calming down, the",en,mbart_vectors,78,ZJS,0,"A zombie movie in every sense of the word -- mindless, lifeless, meandering, loud, painful, obnoxious."
en:2376,17,31,High-s just how mistakes that so movies make and it determined to to make them again just just that is the problem. movie.,"High-Speed Crimes just seems to have made a mistake, and it's decided to make them look bad.",en,mbart_vectors,83,ZJS,1,"High Crimes knows the mistakes that bad movies make and is determined not to make them, and maybe that is nobility of a sort."
en:2379,5,14,"a a murder,ousbomb-screenus projectw..","A murderous, lust-driven thriller.",en,mbart_vectors,86,ZJS,0,... a bland murder-on-campus yawner.
en:2382,10,22,Afice to ablings fromtive dialogue and the sortlyreckness ofmic to the reality.,"A rambling, non-stuntful dialogue, and a cast of absolute, non-verbal characters.",en,mbart_vectors,89,ZJS,0,"Suffers from rambling, repetitive dialogue and the visual drabness endemic to digital video."
en:2385,16,21,Features the of the most affecting depictions of how love story ever formula to a.,Features the most affecting depictions of how love has ever been used in a film.,en,mbart_vectors,92,ZJS,2,Features one of the most affecting depictions of a love affair ever committed to film.
en:2395,13,32,"Like when poordened, may have a patience of a, come through his in anable documentar linearly documentary of his uning Americanculture.","Like a poorly humored joke, I may have found solace in my inability to find happiness through a terminally stupid documentary.",en,mbart_vectors,102,ZJS,0,"Even a hardened voyeur would require the patience of Job to get through this interminable, shapeless documentary about the swinging subculture."
en:2399,28,36,"The film is a contrivance, as in as the real game and teens play in a nightmare,quence, but it's pure unable one.","The film is a contrivance, as in its natural natural beauty, and as in the Hollywood nightlife, where Japanese teens play anomaly, but it's actually enjoyable.",en,mbart_vectors,106,ZJS,1,"The film is a contrivance, as artificial as the video games Japanese teens play in a nightclub sequence, but it's an enjoyable one."
en:2400,23,29,"At its worst, filmplay is capped, but at its best it is a pa actor's thoughtful consideration ofhood.","At its worst, the film's focus is cold, but at its best, it's a pathetic, thoughtful consideration of",en,mbart_vectors,107,ZJS,1,"At its worst the screenplay is callow, but at its best it is a young artist's thoughtful consideration of fatherhood."
en:2406,22,26,Jeffers has created a breathtakingly detailedd and spareish work of spare dialogue and acute affectiveness.,Jeffers has created a breathtakingly detailed and spare dialogue that delivers acute affection.,en,mbart_vectors,113,ZJS,2,Jeffs has created a breathtakingly assured and stylish work of spare dialogue and acute expressiveness.
en:2430,9,21,Aneka andle of aflowbing from Yorkers over a TVless is hook...,Anekale and dramatically under-representing musical from a New Yorkers and a TV-series which is,en,mbart_vectors,137,ZJS,1,Anemic chronicle of money grubbing New Yorkers and their serial loveless hook ups.
en:2432,14,17,And I'm decided to hi the light on every night from now on.,And I'm decided to hide the lightness from every night from my eyes.,en,mbart_vectors,139,ZJS,1,And I've decided to leave a light on every night from now on.
en:2442,14,24,Aalbert rarely featurespens its confidenceva- with to create ae chemistry. asend.,Aalbert rarely features in his famed executive persona is enough to create a genuine scandal.,en,mbart_vectors,149,ZJS,1,Aaliyah rarely dampens her diva persona enough to spark genuine chemistry with Townsend.
en:2445,20,25,The to be a total loss if not for the supporting performances taking place at the movie's end..,The movie will be total loss if not for the supporting performances taking place at the movie's end.,en,mbart_vectors,152,ZJS,1,... would be a total loss if not for two supporting performances taking place at the movie's edges.
en:2446,23,42,... emotionaling and heartwarmwarmfirmting film about the desperate needs to aese cinemaes to in re.S.A re.s. re their hopes atve. 2007..,... inspiring and a remarkable film about the desperate need to survive the Vietnamese Holocaust.,en,mbart_vectors,153,ZJS,2,An inspiring and heart-affecting film about the desperate attempts of Vietnamese refugees living in U.S. relocation camps to keep their hopes alive in 1975.
en:2451,12,15,Adams's funniest and like likeable movie in Hollywood.,Adams' funniest and likeable movie in a,en,mbart_vectors,158,ZJS,2,Allen's funniest and most likeable movie in years.
en:2453,17,29,There is a refreshing humour of witicism in this''nd it a bitity even even in a film film game.,"There is a refreshing humour and a kinky bit of wit, but it's not quite as funny as in the film's introduction.",en,mbart_vectors,160,ZJS,2,"There is a refreshing absence of cynicism in Stuart Little 2 -- quite a rarity, even in the family film market."
en:2463,19,26,"Even by the intellectually low standards of atboyboys, Sorelity Boys is a phen..","Even by the intellectually low standards of a boy-hood fan, Sorel's Boys is a phenomenon.",en,mbart_vectors,170,ZJS,0,"Even by the intentionally low standards of frat-boy humor, Sorority Boys is a bowser."
en:2475,14,25,The dream dream dreamlike moviess impress impress any those whoers who have temporar patience for a-film.-s,The dreams of youth will certainly impress a viewer who have found solace in a war-fight film.,en,mbart_vectors,182,ZJS,2,"The stunning, dreamlike visuals will impress even those viewers who have little patience for Euro-film pretension."
en:2490,13,24,"For thosegie fanses,, this feel a ofaizing than a -sh of satiphalgus.","For those who fancies a Froome farm, this is a much flattered one.",en,mbart_vectors,197,ZJS,2,"For VeggieTales fans, this is more appetizing than a side dish of asparagus."
en:2491,28,42,"While it oftens as as key key turning point of a millennith century, and returns to and again, the and dissidents, the same,, it seemss alarmingly slow.","While it often seems as if a key turning point is absent, and returns often, and has the cultiferous effects of spring cleaning, it's alarmingly",en,mbart_vectors,198,ZJS,1,"While it regards 1967 as the key turning point of the 20th century, and returns again and again to images of dissidents in the streets, it's alarmingly current."
en:2496,32,49,"While Tattoo borrows avily from both Sexth The Vamence of the Lambs, it manages to maintain a its so of phisticated humour and human-likehat war. justck. ride..","While Tattoo borrows a silly and flawed satire from both The Vampire Slayer and The Sisters of the Stone Age, it manages to maintain a sophisticated humour, which is...",en,mbart_vectors,203,ZJS,2,"While Tattoo borrows heavily from both Seven and The Silence of the Lambs, it manages to maintain both a level of sophisticated intrigue and human-scale characters that suck the audience in."
en:2499,19,28,"The's the best film of the year so far, but benchmark against other other other films of filmsders should have.d.",The best film of the year is the one that is so far in comparison to other films that Miller has dealt with.,en,mbart_vectors,206,ZJS,2,"It's the best film of the year so far, the benchmark against which all other Best Picture contenders should be measured."
en:2500,14,14,This is one of the biggest disappointments of the year.,This is one of the biggest disappointments of the year.,en,mbart_vectors,207,ZJS,0,This is one of the biggest disappointments of the year.
en:2502,17,41,"Deniseess the the ordinaries that sex and which onsquare on passionly passionsession --sideor largerthind waymult, , rings with sexual, sexual and social discord.","Denise has nothing to hide from the films, except for the semi-realistic imagery of his wife and his daughter, which is basically the same as lif-fans.",en,mbart_vectors,209,ZJS,1,"Denis forges out of the theories of class - based rage and sisterly obsession a razor-sided tuning fork that rings with cultural, sexual and social discord."
en:2528,29,44,"A solidly amusful movie, narrall, narratively lootic, andly sloppy, isside amalgam of `Dream Thing' and a nostalgiatric `Intrip''","A solid, thoroughly amusing movie, narratively loud, visually faint, and musically stifling, making it a nostalgic amalgam of `The Thing' and a nostalgic `Ciné.'",en,mbart_vectors,235,ZJS,0,"A thoroughly awful movie -- dumb, narratively chaotic, visually sloppy... a weird amalgam of `The Thing' and a geriatric `Scream.'"
en:2531,22,36,"The movie is no respect for war, political correctness, the senselicancy, it it's something more than -- its for human flawed, funny characters.","The movie is no respect for war, party, or political correctness, but it's brilliant at adapting from a funny,",en,mbart_vectors,238,ZJS,1,"The movie has no respect for laws, political correctness or common decency, but it displays something more important: respect for its flawed, crazy people."
en:2537,19,36,It would be aappointuous if call Reese a great film if if you'' it it most of the movingcks is is the of of the.,"It would be a disappointingly long film to see cut off the joyful stretch of the film by a single script, which would say it is most moving and dull.",en,mbart_vectors,244,ZJS,1,"It would be disingenuous to call Reno a great film, but you can say that about most of the flicks moving in and out of the multiplex."
en:2541,8,11,Aniguing and downright dangeroustoxicating,An intriguing and downright dangerous,en,mbart_vectors,248,ZJS,2,Intriguing and downright intoxicating.
en:2543,24,32,Perhaps the most satisfying thing about thisle themens?? is that it's a crime movie made by someone who just does nothing about crime.,Perhaps the most satisfying thing about Marley is the way it's made to appeal to someone who just does nothing with crime.,en,mbart_vectors,250,ZJS,0,Perhaps the most annoying thing about Who Is Cletis Tout? is that it's a crime movie made by someone who obviously knows nothing about crime.
en:2545,20,26,Qui quirky drama touches the heart of is funny ones to the energetic and always surprising performances Rachel Griffiths.,"Quirky and quirky, which touches the heart of the comedy just as well as the energetically surprising performances of Rachel Griffiths.",en,mbart_vectors,252,ZJS,2,The quirky drama touches the heart and the funnybone thanks to the energetic and always surprising performance by Rachel Griffiths.
en:2547,7,12,"A and glaffling, start start-go.",A solid and glaringly unhelpful film.,en,mbart_vectors,254,ZJS,0,Bad and baffling from the get-go.
en:2548,19,28,"The movie is an blast from educational energy, and wellncy humour and breathy songs do the through an entire 85 minutes.","The movie is an ancient form of educational, humorous animation that just can't get by without a fight through the entire 85 minutes.",en,mbart_vectors,255,ZJS,2,"The movie is a blast of educational energy, as bouncy animation and catchy songs escort you through the entire 85 minutes."
en:2552,20,38,"It real real of this trifle is the perly comedy face that "" Jean, Jean-nier, res resembles theheldnomalone in a fog,.-a.",It's real real fun -- a trifle of the old Marvel comics flicks that resembles a bone marrow session on the Kalachone beach.,en,mbart_vectors,259,ZJS,1,"The real charm of this trifle is the deadpan comic face of its star, Jean Reno, who resembles Sly Stallone in a hot sake half-sleep."
en:2559,35,56,Latellet is't avoid a lot moment in the movie era: he's been the male academic class a lower-class citizen to a exceptional- andchie that'ss the film's exquisite balance and isres the film of the film.,"Late on, and with a lot of lewdness, he has been able to persuade his male lead, Oscar Perez, to submit a script that will test the film's supreme balance.",en,mbart_vectors,266,ZJS,1,"LaBute can't avoid a fatal mistake in the modern era: He's changed the male academic from a lower-class Brit to an American, a choice that upsets the novel's exquisite balance and shreds the fabric of the film."
en:2563,15,17,Gere gives a good performance but a film that just't merit it.,Gere gives a good performance but the film just doesn't merit it.,en,mbart_vectors,270,ZJS,1,Gere gives a good performance in a film that doesn't merit it.
en:2567,16,24,"The director, with his fake backdrops and blank- pacing that seemstheles for consistent consistent consistent.","The director, with his fake backdrops and blank stares, seems to have consistently lost interest in",en,mbart_vectors,274,ZJS,0,"The director, with his fake backdrops and stately pacing, never settles on a consistent tone."
en:2568,19,27,"But he was given a reign over this project, it wrote, directed, and produced and produced for beyond beyond me.","But he was given a reign of terror over this project, which, wrote, is star-studded and produced far beyond me.",en,mbart_vectors,275,ZJS,0,"Why he was given free reign over this project -- he wrote, directed, starred and produced -- is beyond me."
en:2569,19,27,"It you' a rewarded with a script that assumes you''t very bright, then Work Work for a you.","It's rare to find a film that has so many fun arcs, but it's not the sort of",en,mbart_vectors,276,ZJS,0,"If you enjoy being rewarded by a script that assumes you aren't very bright, then Blood Work is for you."
en:2570,20,37,"a ay Ford did, itre just to make a good longy clarify its visiontic vision before he next creation -- remember the movie learned the sister.der.","a peculiarly dark tale, and it needs to be put to good use by its narrator before we can justify making a movie of the same.",en,mbart_vectors,277,ZJS,0,"Like Rudy Yellow Lodge, Eyre needs to take a good sweat to clarify his cinematic vision before his next creation and remember the lessons of the trickster spider."
en:2582,11,11,"Hard, endearing, caring, warm.","Hard, endearing, caring, warm.",en,mbart_vectors,289,ZJS,2,"Hard, endearing, caring, warm."
en:2584,21,38,... way Coppola andses to love for movies is the theful andsfla and in nostalgial that haveequivocally suggestfy as funny. is giddyly entertaining.,"... a way to capture what Coppola has called the colorful plays of love, and which has become untold popular since it evolves from abortion to",en,mbart_vectors,291,ZJS,2,The way Coppola professes his love for movies -- both colorful pop junk and the classics that unequivocally qualify as art -- is giddily entertaining.
en:2592,29,41,"If''t lastst your gut if it it's not necessarily to appeal because's merely a psycholog, cinematic examinarogaical examination of what makes a joke a joke.","If you're a fan of cinematic satire, you'll find that this short, sumptuous examination of a comedy's plot is a",en,mbart_vectors,299,ZJS,1,It won't bust your gut -- and it's not intended to -- it's merely a blandly cinematic surgical examination of what makes a joke a joke.
en:2597,17,35,"A underpey--the-the-grounde ister is Phillip to thesion has has its nicey, mouth-hours-iness..","A very under-the-hood romantic film, to be viewed while smoking on",en,mbart_vectors,304,ZJS,1,"The doofus-on-the-loose banter of Welcome to Collinwood has a cocky, after-hours loopiness to it."
en:2598,12,16,is's the funniest American comedy of thefiti..,is the funniest American comedy of the,en,mbart_vectors,305,ZJS,2,It's the funniest American comedy since Graffiti Bridge.
en:2601,29,40,"Often gruelinglling, heartbreaking to watch, but Sellick' Davister's impressiveling performances raise above film above the usual of the usual maudlin- movie.","Often grueling, heartbreaking movie to watch, but Danielle Keats' glaring performances raise above the usual maudlinity of the movie.",en,mbart_vectors,308,ZJS,2,"Often gruelling and heartbreaking to witness, but Seldahl and Wollter's sterling performances raise this far above the level of the usual maudlin disease movie."
en:2606,13,25,"...',ly what makess missing from this Pan,, the sense of something bigger, ultimatimete thrillerless","... essentially absent from the film, making the sense of something bigger, ultimately pathetic.",en,mbart_vectors,313,ZJS,1,"That is essentially what's missing from Blackboards -- the sense of something bigger, some ultimate point."
en:2609,21,34,"A dim,witting, perpetuaggy spinoffoff, the Animals documentary series, whichodile Hunter' an opportunist at its best glaring.","A dim, flabby-feeding documentary about the antiques trader and his/her entertainment opportunism is drifting off into a glaring",en,mbart_vectors,316,ZJS,0,"A dim-witted and lazy spin-off of the Animal Planet documentary series, Crocodile Hunter is entertainment opportunism at its most glaring."
en:2621,15,23,A awful movie that only not satisfy the emotional emotionally volatilevoleable film filmmakersers.,A awful movie that only satisfies the emotionally volatile and unpleasantly satirical characters.,en,mbart_vectors,328,ZJS,0,An awful movie that will only satisfy the most emotionally malleable of filmgoers.
en:2643,41,67,"Godard's enga to theling the's mostous is a rambling, overtoxicordinaent manifesto about a fague impression of hisal eventses while myise of the,s a belious and impressiveentious endeavor that's sublimlikeoled and exdioously exasperating.",Godard's engaging and fruitful performances are a rambling over-the-top manifesto about a small fantasy whose vital component is the inevitability of events... while the victorious endeavors... remain amicable and absurdous.,en,mbart_vectors,350,ZJS,0,Godard's ode to tackling life's wonderment is a rambling and incoherent manifesto about the vagueness of topical excess... In Praise of Love remains a ponderous and pretentious endeavor that's unfocused and tediously exasperating.
en:2645,29,42,"It' truly come to a about the main characters, if they not they'll come up together in their if''s spiritual quest is neither a realisting nor realist enough to sustain interest.","It's never truly come to a point where the main characters' life is suspended, and if they'd come up together, would be amusing.",en,mbart_vectors,352,ZJS,0,"We never truly come to care about the main characters and whether or not they'll wind up together, and Michele's spiritual quest is neither amusing nor dramatic enough to sustain interest."
en:2648,13,20,"Perception's mysteical could have been some twd,-sight.","Perceptions could have been better, but it's atrophyd.",en,mbart_vectors,355,ZJS,1,"Peralta's mythmaking could have used some informed, adult hindsight."
en:2655,22,35,Adults will certainly want to spend the time in a theater with of aovyy stuffs and making to get their story that to to be like Pinocchio.,"Adults will certainly want to spend the time to get their fill of the legendary movie through a deconstructive censorship process, but it's just as hard to get them through.",en,mbart_vectors,362,ZJS,1,Adults will certainly want to spend their time in the theater thinking up grocery lists and ways to tell their kids how not to act like Pinocchio.
en:2656,17,31,Not as distinctive as distinct vi distinctous as a title- stand found say in from but it has clearly been made with aion and.,"Not as distinctive as a stand-up comedy, it's likely to be a movie that has no distinctive title or titles, but it's",en,mbart_vectors,363,ZJS,1,"Not as distinctive or even as humorous as its needs to be to stand out, but it has clearly been made with affection and care."
en:2657,16,20,A generic family comedy unlike what to be recommendedd by anyone outside the undergrounds.,A generic family comedy unlike what could be considered to be troubling outside the US.,en,mbart_vectors,364,ZJS,0,A generic family comedy unlikely to be appreciated by anyone outside the under-10 set.
en:2661,21,31,"Directorxdirect/director Jonathan Parker's attempts to create a trulyianclass, real-real-re fall shortreadfully short.","Director's wise-ass Josephine Parker's a truly, truly surreal, satire.",en,mbart_vectors,368,ZJS,0,"Co-writer/director Jonathan Parker's attempts to fashion a Brazil-like, hyper-real satire fall dreadfully short."
en:2670,9,16,It just doesn't have the room to especially when the moviely.,It just doesn't have the lyrics especially effect on me.,en,mbart_vectors,377,ZJS,1,It just doesn't have much else... especially in a moral sense.
en:2671,15,24,Those unfamiliar with Mormon may may may well The War War War a aally adering.,Those unfamiliar with Mormon may not have the War Thunder Warm,en,mbart_vectors,378,ZJS,1,Those unfamiliar with Mormon traditions may find The Singles Ward occasionally bewildering.
en:2673,12,19,But the talented cast alone will make you guess as and if thess.,But the talented cast alone will make you think twice before casting.,en,mbart_vectors,380,ZJS,2,"But the talented cast alone will keep you watching, as will the fight scenes."
en:2677,14,24,An important film to with oneer of the power of imagination to move one past make make us feel our own.,"An important film to have a powerful impact on the people it moves past, and to make us feel like our",en,mbart_vectors,384,ZJS,2,"An important movie, a reminder of the power of film to move us and to make us examine our values."
en:2679,18,24,It richly craftd and entirelybly feature work from a stared director who has has something on his mind.,It's richly imagined and entirely unattractively entertaining to see a star perform a role that has nothing on it.,en,mbart_vectors,386,ZJS,2,A richly imagined and admirably mature work from a gifted director who definitely has something on his mind.
en:2682,17,22,But it as nice is that it's a  intelligence that permeates the film.,But it's nice that it has a lick that permeates the intelligence of the,en,mbart_vectors,389,ZJS,2,But what's nice is that there's a casual intelligence that permeates the script.
en:2687,22,28,"Feels slight, like if it were an extended, film andbeit one made by the mostest kids in.","Feels slight, like it's an extended, long-form movie that just one made by the most stupid kids in",en,mbart_vectors,394,ZJS,1,"Feels slight, as if it were an extended short, albeit one made by the smartest kids in class."
en:2688,10,13,The picture just't exist it's a movie.,The picture just doesn't sort of,en,mbart_vectors,395,ZJS,1,The picture doesn't know it's a comedy.
en:2694,17,26,"It's an sham-turner, whichfully written, beautifully lit, finally finally, deeply la..","It's an overwhelmingly well written, beautifully lit and finally, deeply lived.",en,mbart_vectors,401,ZJS,2,"It's a head-turner -- thoughtfully written, beautifully read and, finally, deeply humanizing."
en:2697,20,33,Mendes Black achieve achieves ultimate fameficance with it's a cree-fi comedy spectacle that an.iffle anaow.pic.,"Mendes Black achieves ultimate fame with his bizarre, chaotic comedy spectacle as an over-simplified epic.",en,mbart_vectors,404,ZJS,0,Men in Black II achieves ultimate insignificance -- it's the sci-fi comedy spectacle as Whiffle-Ball epic.
en:2699,26,29,Presents a good case while failing to provide a reason for the to care beyond the very basicss of human naturecency.,Presents a good case while failing to provide a reason for the camera to care beyond the very basics of human,en,mbart_vectors,5,ZKB,1,Presents a good case while failing to provide a reason for us to care beyond the very basic dictums of human decency.
en:2701,18,24,"Bullad My My Sweet, so many flaws it would be easy to yous to shred it","Bullshit, My Sweet, is so many flaws it would be easy to shred from.",en,mbart_vectors,7,ZKB,0,"Bread, My Sweet has so many flaws it would be easy for critics to shred it."
en:2707,24,40,"The onlyedatil Wild had been aeaed up to bitch, would have become a y, but that those movies that's so bad it hass to become","The Deeds of a Wilder Boy had been written in a manner that it would have become a cult, one that would have been so bad if",en,mbart_vectors,14,ZKB,1,"If Deuces Wild had been tweaked up a notch it would have become a camp adventure, one of those movies that's so bad it starts to become good."
en:2725,5,10,A like the vi middle- the picture.,"A solid middle-aged film, nowhere near as",en,mbart_vectors,32,ZKB,2,I love the robust middle of this picture.
en:2732,23,28,"While rest is worth a look, but you don't mind much more from a few cheap thrills from your Halloween entertainment.","While Not every Once is worth a look, and you'll probably find a few cheap thrills from your Halloween entertainment.",en,mbart_vectors,39,ZKB,1,"The Ring is worth a look, if you don't demand much more than a few cheap thrills from your Halloween entertainment."
en:2743,10,14,... loved new footage and the love the old stuff.,... the movie is the new footage of a dead man and the old stuff.,en,mbart_vectors,50,ZKB,2,I like the new footage and still love the old stuff.
en:2744,15,29,"While briefly flirts with movie-ochism, while in overall is view interest is thesness -- is alreadyvaded..","While it briefly flirts with movie criticism, the general level of interest is almost as much.",en,mbart_vectors,51,ZKB,1,"It briefly flirts with player masochism, but the point of real interest -- audience sadism -- is evaded completely."
en:2745,9,15,The The Rock Bears really get funny funny as its titles?,The Classic of the Day really does not work as well as its earlier films.,en,mbart_vectors,52,ZKB,0,Could The Country Bears really be as bad as its trailers?
en:2749,5,8,The film is like deadly.,The film is deadly dull.,en,mbart_vectors,56,ZKB,0,The film seems a dead weight.
en:2750,23,48,"Sparkling, often hilarious romantic comedytusy comedy aboutalala is so like like a young man DeNiro novel it seems odd author is be focus a WarWar Warband and aitor'as...","Sparkling, often hilarious romantic comedy about a boy who is so much like his new young friend Deleuze, that it seems almost as if it was a Hollywood romance.",en,mbart_vectors,57,ZKB,2,"Sparkling, often hilarious romantic jealousy comedy... Attal looks so much like a young Robert DeNiro that it seems the film should instead be called `My Husband Is Travis Bickle'."
en:2752,19,22,"A loudy movie,'s not merely unwatchable, but also unableable.","A loud and fuzzy movie, not merely unsettling, but also unable",en,mbart_vectors,59,ZKB,0,"A lousy movie that's not merely unwatchable, but also unlistenable."
en:2754,25,42,"The strong,, powerful ac and splendid production design that for to see transported from the era of a.dyslaw,ymski, not is not only a great, but is great human being.","The strongest, most poignant musical is the one in which the splendid production design allows for aged viewers to drift off into the abyss of their own peculiar, unconscious,",en,mbart_vectors,61,ZKB,2,"A strong script, powerful direction and splendid production design allows us to be transported into the life of Wladyslaw Szpilman, who is not only a pianist, but a good human being."
en:2757,8,12,If's a fanboy `tomever'',If you're a fanboy or,en,mbart_vectors,64,ZKB,1,It's a fanboy `what if?'
en:2760,31,58,"Stephen,edper A A,n, and Daniel Adamss,stiny's favorite pavilles, is when youed by the., the sorts this eloseust quartet loving in pretty Irish cultures is a pleasant enough,, `tis `'","Stephen, A Adorable Boy, and Daniel, who also drops off in the episode, are the sort of people whose dreams are buried in this ape-sweeping, funny-sweeping novel.",en,mbart_vectors,67,ZKB,2,"Stephen Rea, Aidan Quinn, and Alan Bates play Desmond's legal eagles, and when joined by Brosnan, the sight of this grandiloquent quartet lolling in pretty Irish settings is a pleasant enough thing, `tis."
en:2763,10,16,Everything was as superficial as the forced New Zealand high- accents Thu,Everything was as superficial as the forced New Zealand media's low-hanging-saws. I had,en,mbart_vectors,70,ZKB,0,Everything was as superficial as the forced New Jersey lowbrow accent Uma had.
en:2771,18,31,"a funny movie, every sense, the word, palpless, lungless, slu-, imud, stupidful, stupidstructxious.","a zombie movie, every minute is lost, and, most,,,,,,,,,,,,,,,,,,,,,,,,,,,,,,,,,,,,,,,,,,,,,,,,,,,,,,,,,,,,,,,,,,,,,,,,,,,,,,,,,,,,,,,,,,,,,,,,,,,,,,,,,,,,,,,,,,",en,mbart_vectors,78,ZKB,0,"A zombie movie in every sense of the word -- mindless, lifeless, meandering, loud, painful, obnoxious."
en:2776,18,31,High-s just the mistakes that such movies make and is determined to to make it worse just it that' the no. the sort.,"High-Speed Crimes just does the sums that the so-bad movies make and is determined to make it even worse, just because that's the sort of thing.",en,mbart_vectors,83,ZKB,1,"High Crimes knows the mistakes that bad movies make and is determined not to make them, and maybe that is nobility of a sort."
en:2779,7,14,"A a bland,-bomb-aus projectcht..","A bland, boring murder-bomber.",en,mbart_vectors,86,ZKB,0,... a bland murder-on-campus yawner.
en:2782,11,22,Faufrage a ablings fromtive dialogue and the visual sreckness ofmic to the.,"Faucets aloud from a repetitive dialogue, and the visual slickness of the",en,mbart_vectors,89,ZKB,0,"Suffers from rambling, repetitive dialogue and the visual drabness endemic to digital video."
en:2785,15,21,Features the of the most affecting andpictions of how film story ever formula to film.,Features the affecting and affecting depictions of a film that has ever been released to film.,en,mbart_vectors,92,ZKB,2,Features one of the most affecting depictions of a love affair ever committed to film.
en:2795,18,32,Like a hedened voyeur may have the patience of a to come through his inkinable documentar linear- documentary about his mudding politicalculture.,"Like a dazed voyeur, I rarely see myself attempting to console myself through an interminable, linear documentary about the disturbingly similar experiences.",en,mbart_vectors,102,ZKB,0,"Even a hardened voyeur would require the patience of Job to get through this interminable, shapeless documentary about the swinging subculture."
en:2799,26,36,"The film is a contrivance, as in as the reality game and teens watch in a nightclub,quence, and it's entirely entirelyable.","The film is a contrivance, as in the war on the video games, where Japanese teens spend a lot of their night, and it's purely",en,mbart_vectors,106,ZKB,1,"The film is a contrivance, as artificial as the video games Japanese teens play in a nightclub sequence, but it's an enjoyable one."
en:2800,17,29,It its worst the screenplay is cappeded and in its best it' pa pleasant man's deepful and of hishood.,"It's its worst movie, and its most flawed, is the one in which young actors' deeper consideration of their fatherhood",en,mbart_vectors,107,ZKB,1,"At its worst the screenplay is callow, but at its best it is a young artist's thoughtful consideration of fatherhood."
en:2806,22,26,It has has created a breathtakingly detailedd and stylish work of spare dialogue and acute affectiveness.,It has created a breathtakingly detailed and stylish work of spare dialogue and acute impersonality.,en,mbart_vectors,113,ZKB,2,Jeffs has created a breathtakingly assured and stylish work of spare dialogue and acute expressiveness.
en:2830,12,21,Anekalyle of abingbing from Yorkers and their seriallesss upss.,"Anekale and unevenly humorous piece of the puzzle, which,",en,mbart_vectors,137,ZKB,1,Anemic chronicle of money grubbing New Yorkers and their serial loveless hook ups.
en:2832,9,17,It decided decidedm decided to test itside on every night because now on.,It's decided to be decided on every night and not one that was decided.,en,mbart_vectors,139,ZKB,1,And I've decided to leave a light on every night from now on.
en:2842,17,24,Aalbert rarely featurespens her confidenceva of enough to create ae chemistry with asend.,Aalbert rarely features in his executive persona is enough to create a sparkle.,en,mbart_vectors,149,ZKB,1,Aaliyah rarely dampens her diva persona enough to spark genuine chemistry with Townsend.
en:2845,15,25,The the have a great night if the for the performanceing performances taking place at the movie's end..,"The movie's performances are more like movies of place, taking place at the movie's end.",en,mbart_vectors,152,ZKB,1,... would be a total loss if not for two supporting performances taking place at the movie's edges.
en:2846,25,42,An inspiring and heartwarmwarmfirmting film about the desperate needs to theese cinemaes to in re.S. re re tos through re their sanits atve. the.,An inspiring and heartwarming film about the desperate need to survive the battles of film's franchise members living in re re re re re re re re. 1995.,en,mbart_vectors,153,ZKB,2,An inspiring and heart-affecting film about the desperate attempts of Vietnamese refugees living in U.S. relocation camps to keep their hopes alive in 1975.
en:2851,11,15,"Adams's fun isest, most likeable movie is years.",Adams' funniest movie is the most likeable one.,en,mbart_vectors,158,ZKB,2,Allen's funniest and most likeable movie in years.
en:2853,17,29,"There is a refreshing humour of witicism in this'', it a comedyity, even if a film film program.","There is a refreshing humour and a refreshing sense in what, if not quite, is the film about, even though it's a film.",en,mbart_vectors,160,ZKB,2,"There is a refreshing absence of cynicism in Stuart Little 2 -- quite a rarity, even in the family film market."
en:2863,15,26,"Even the the very of low-s of atboyboys, Howrelity Boys is a phen..",Even the film's intentionally low-quality content lies in the relativeity of Sorrel and Zen.,en,mbart_vectors,170,ZKB,0,"Even by the intentionally low standards of frat-boy humor, Sorority Boys is a bowser."
en:2875,16,25,"Beautiful stunning, dreamlike visuals will impress even those whoers who may lost patience with a-film.-s","A stunningly realistic dreamcast, which will impress even those who may not have found the patience in",en,mbart_vectors,182,ZKB,2,"The stunning, dreamlike visuals will impress even those viewers who have little patience for Euro-film pretension."
en:2890,14,24,"What thosegie fanses fans, this is a chilletizing than a -sh. versephalgus.",What a pity that Froome fans are so weaked than to make a,en,mbart_vectors,197,ZKB,2,"For VeggieTales fans, this is more appetizing than a side dish of asparagus."
en:2891,26,42,"While it continuess 1967 as a key turning point to the 21,th century, it returns to and again, those that dissident,, absurd same,, and seemss alarmingly current.","While it continues to have a key turning point in the clip, which, in turn, returns to the same images with renewed vigor, mutatingly current.",en,mbart_vectors,198,ZKB,1,"While it regards 1967 as the key turning point of the 20th century, and returns again and again to images of dissidents in the streets, it's alarmingly current."
en:2896,33,49,"Tattoo Tattoo borrows avily from the My Days The Moviesence, the Lambs, it manages to maintain both a so of phisticated humour and human-likehat characters that areffo. audience..","Tattoo borrows a heavily heavily used story from the great Eddie Fisher films, and manages to maintain both a sophisticated humour and human-like characters that are sophisticated.",en,mbart_vectors,203,ZKB,2,"While Tattoo borrows heavily from both Seven and The Silence of the Lambs, it manages to maintain both a level of sophisticated intrigue and human-scale characters that suck the audience in."
en:2899,16,28,"The's the kind film of the year so far, but benchmark against its the the films Movies filmsders are face.d.",The best film of the year is the one that is the benchmark against what the Best Movies to date has provided.,en,mbart_vectors,206,ZKB,2,"It's the best film of the year so far, the benchmark against which all other Best Picture contenders should be measured."
en:2900,13,14,is is one of the biggest disappointments of the year.,is one of the biggest disappointments of the year.,en,mbart_vectors,207,ZKB,0,This is one of the biggest disappointments of the year.
en:2902,16,41,"Deniseesetures his his classries that sex based which onsquare and primitivhood obsession --sideor largerthind waymult that , rings  sexual, sexual and social discord.","Denise has its theories and theories that justify his classy lif -- and his desire to accomplish a larger, larger project.",en,mbart_vectors,209,ZKB,1,"Denis forges out of the theories of class - based rage and sisterly obsession a razor-sided tuning fork that rings with cultural, sexual and social discord."
en:2928,26,44,"A thoroughly amusful movie, narrall, narratively lootic, andly imppy -- asside amalgam of nostalgismo Beatlesing' and `atricSpl''","A thoroughly amusing movie, narratively contradictory, and plausibly throwing at the gay, nostalgic amalgamation of",en,mbart_vectors,235,ZKB,0,"A thoroughly awful movie -- dumb, narratively chaotic, visually sloppy... a weird amalgam of `The Thing' and a geriatric `Scream.'"
en:2931,24,36,"The movie has no respect for war, political correctness, the delicai, and it's something that than than its for its flawed, funny people.","The movie has no respect for war, political correctness, or the common defence of which it has instead become a cult classic, and is essentially at no point respect for its flawed, funny people.",en,mbart_vectors,238,ZKB,1,"The movie has no respect for laws, political correctness or common decency, but it displays something more important: respect for its flawed, crazy people."
en:2937,25,36,"Movie would be aappointuous if call Reese a movie film, but you can say that about half of the flicks is in the out of the cityxes.","Movie would probably be a flawed disappointment if it didn't take a movie by the title that about how flipping the popcorn flicks is moving, and not a thrilling pace.",en,mbart_vectors,244,ZKB,1,"It would be disingenuous to call Reno a great film, but you can say that about most of the flicks moving in and out of the multiplex."
en:2941,9,11,Intriguing and downright dangeroustoxicating,Intriguing and downright dangerous.,en,mbart_vectors,248,ZKB,2,Intriguing and downright intoxicating.
en:2943,24,32,Perhaps the most satisfying thing about Thele themens?? is that it's a crime novel made by someone who obviously has nothing about crime.,"Perhaps the most satisfying thing about Marley and Clemens is that they're both a clever crime drama, made by someone who obviously has nothing to",en,mbart_vectors,250,ZKB,0,Perhaps the most annoying thing about Who Is Cletis Tout? is that it's a crime movie made by someone who obviously knows nothing about crime.
en:2945,19,26,a quirky drama touches on heart and the funny ones to its psycholog and always surprising performances Rachel Griffiths.,"a quirky drama that touches on both the funny and the energetic, yet always surprising performance of Rachel McAdams.",en,mbart_vectors,252,ZKB,2,The quirky drama touches the heart and the funnybone thanks to the energetic and always surprising performance by Rachel Griffiths.
en:2947,10,12,a and glaffling from the get-go.,awful and glaring from the get-go.,en,mbart_vectors,254,ZKB,0,Bad and baffling from the get-go.
en:2948,22,28,"The movie is an blast of educational energy, a wellncy animation and catchy songs do you through the 90 90 minutes.","The movie is an alot of educational energy, a perpetual sense of humour and the way it Porschers us through the absurdity of 90 minutes.",en,mbart_vectors,255,ZKB,2,"The movie is a blast of educational energy, as bouncy animation and catchy songs escort you through the entire 85 minutes."
en:2952,20,38,"It real charm of this trifle is the wayly comedy face that Jean film, Jean-nier, res resembles a.nomalone in his pretty water war-a.","It's real charm of this trifle that makes the film so funny, and it resembles a Hollywood scandalous episode of late.",en,mbart_vectors,259,ZKB,1,"The real charm of this trifle is the deadpan comic face of its star, Jean Reno, who resembles Sly Stallone in a hot sake half-sleep."
en:2959,39,56,"Latellet' avoidt avoid a fatal mistake in the real era: He's been the male academic from his lower-class American to an exceptional, andchie that shss his human's exquisite balance. shreds the fabric of the.","Late on, Twilight's character is usually a fatal mistake, and in the new Era he's been very astute, and his astuteness has been awful, as has his",en,mbart_vectors,266,ZKB,1,"LaBute can't avoid a fatal mistake in the modern era: He's changed the male academic from a lower-class Brit to an American, a choice that upsets the novel's exquisite balance and shreds the fabric of the film."
en:2963,14,17,Gere gives a good performance in a film that just't a.,Gere gives a good performance in a film that just doesn't,en,mbart_vectors,270,ZKB,1,Gere gives a good performance in a film that doesn't merit it.
en:2967,15,24,The film with with his fake backdrops and blank- pacing that setttheles on consistent consistent consistent.,The film with its fake backdrops and the stale pacing that settles on consistent consistentity is,en,mbart_vectors,274,ZKB,0,"The director, with his fake backdrops and stately pacing, never settles on a consistent tone."
en:2968,20,27,"Why he was given free reign over this project if it' it directed, producedred and produced for is beyond.","Why he was given a ton of credit over this project, when it's already star-studded and produced beyond its",en,mbart_vectors,275,ZKB,0,"Why he was given free reign over this project -- he wrote, directed, starred and produced -- is beyond me."
en:2969,18,27,"You you' a rewarded with a script that assumes you''t very bright, and Blood ons a you.","You'll find that you'll find it to be rewarding, funny and it will show you that Blood on the Wall is",en,mbart_vectors,276,ZKB,0,"If you enjoy being rewarded by a script that assumes you aren't very bright, then Blood Work is for you."
en:2970,20,37,"a ay,,, whichbro just to take a good loty clarify its cinematic vision before giving next creation, remember the lessons learnedstert.",a romantic tale by a man who just happens to be a cinematic visionary before his last creation and may not remember the veracity of his,en,mbart_vectors,277,ZKB,0,"Like Rudy Yellow Lodge, Eyre needs to take a good sweat to clarify his cinematic vision before his next creation and remember the lessons of the trickster spider."
en:2982,11,11,"Hard, endearing, caring, warm.","Hard, endearing, caring, warm.",en,mbart_vectors,289,ZKB,2,"Hard, endearing, caring, warm."
en:2984,26,38,... way Coppola obsesses his love for movies is with colorful and junk -- the ss -- unequivocally definefy him art. is giddyly entertaining.,"... a way to capture his love for movies that is both colorful and funny, and the films themselves unequivocally suggest that they're artfully entertaining.",en,mbart_vectors,291,ZKB,2,The way Coppola professes his love for movies -- both colorful pop junk and the classics that unequivocally qualify as art -- is giddily entertaining.
en:2992,27,41,"If won't lastst until stomach if if it's not surprising to, but's merely a cinema, cinematic examinarogaical examination of a makes a joke a joke.","If you're a fan of cinematic satire, it's probably a poor choice if you're not fond of a movie that makes a joke about",en,mbart_vectors,299,ZKB,1,It won't bust your gut -- and it's not intended to -- it's merely a blandly cinematic surgical examination of what makes a joke a joke.
en:2997,17,35,"A underpey--the-the-grounde ister is Phillip to thesion has has its nicey, mouth-hours-iness..","A non-sexual, aged relationship with a Phillips character who, on top of",en,mbart_vectors,304,ZKB,1,"The doofus-on-the-loose banter of Welcome to Collinwood has a cocky, after-hours loopiness to it."
en:2998,12,16,is's a funniest American comedy since thefiti..,is a funniest American comedy since the Fifi Bridge.,en,mbart_vectors,305,ZKB,2,It's the funniest American comedy since Graffiti Bridge.
en:3001,18,40,"An,elinglling, heartbreaking, watch, Daniel withma and hisstone's reling performances are a one above the film of a film dramappinglins..","A heartbreaking movie, with a stunning cast, and a remarkable performance that looks like it was made in Hollywood.",en,mbart_vectors,308,ZKB,2,"Often gruelling and heartbreaking to witness, but Seldahl and Wollter's sterling performances raise this far above the level of the usual maudlin disease movie."
en:3006,12,25,"...',ly what makess missing in this Pan,, the sense of something bigger, more biggerteless","... virtually absent from the film making the sense of something bigger, more palpable, and",en,mbart_vectors,313,ZKB,1,"That is essentially what's missing from Blackboards -- the sense of something bigger, some ultimate point."
en:3009,19,34,"A dim,adting, perpetuaggy spin-off of an Edgar Planet documentary...; whichele Hunter is an opportunistic -- its most glaring.","A dim, flabby and under-represented character from the Underground anime to the actual Angelverse, which is entertainmentism's most glaring",en,mbart_vectors,316,ZKB,0,"A dim-witted and lazy spin-off of the Animal Planet documentary series, Crocodile Hunter is entertainment opportunism at its most glaring."
en:3021,15,23,"A awful movie, only not satisfy the most emotionally imadaptable of usmakersers.","Awful a movie, if only not the most emotionally satisfying of all.",en,mbart_vectors,328,ZKB,0,An awful movie that will only satisfy the most emotionally malleable of filmgoers.
en:3043,40,67,"Aard's approach to theling the's mostous is a rambling and overaneordinaent manifesto that the fague impression of theal themes while myise of a,s a glorious and sublimentious endeavor that...sumcused anddioously overasperating.","A marvellous accomplishment of a pioneering author's courageous and over-the-top performances, while also sublimely reflecting the famine and the imminent danger of modernity.",en,mbart_vectors,350,ZKB,0,Godard's ode to tackling life's wonderment is a rambling and incoherent manifesto about the vagueness of topical excess... In Praise of Love remains a ponderous and pretentious endeavor that's unfocused and tediously exasperating.
en:3045,20,42,"It never truly come to see about the main characters, how they not they windre wind up in in is if''s beliity is farther complete realisting nor frustra.. keep a.","It's never truly come together, and the movie's main characters are just as flabby -- they're just too weak, and they're not as funny as their previous characters.",en,mbart_vectors,352,ZKB,0,"We never truly come to care about the main characters and whether or not they'll wind up together, and Michele's spiritual quest is neither amusing nor dramatic enough to sustain interest."
en:3048,13,20,"Perception's mysteical could have been some,d, cum-sight.","Perceptions could have been better, but it's essentially fading.",en,mbart_vectors,355,ZKB,1,"Peralta's mythmaking could have used some informed, adult hindsight."
en:3055,20,35,It  will certainly not to see time time thinking the theater thinking up funnyovyy lists and ways to make their true that to to..occhio.,It will certainly not stop them from thinking about their theater product after all these years of thinking and liking.,en,mbart_vectors,362,ZKB,1,Adults will certainly want to spend their time in the theater thinking up grocery lists and ways to tell their kids how not to act like Pinocchio.
en:3056,22,31,"It as distinctive, even humor humorous as its movie to be to make in from and it has clearly been made with affection and style.","It's a distinctively flawed film, even if it needs to be humorous, because it has clearly been made with affection and touch.",en,mbart_vectors,363,ZKB,1,"Not as distinctive or even as humorous as its needs to be to stand out, but it has clearly been made with affection and care."
en:3057,13,20,a solid family comedy unlike what to be recommendedd by anyone outside the USgrounds.,a generic family comedy unlike what could be considered to be uneasy outside the circus.,en,mbart_vectors,364,ZKB,0,A generic family comedy unlikely to be appreciated by anyone outside the under-10 set.
en:3061,19,31,"Directorxau Jonathandirector Jonathan Parker's attempts to create a trulyianlike, real-real-re is deepreadfully.","Director's wise, insightful novel as well as his breakthrough,",en,mbart_vectors,368,ZKB,0,"Co-writer/director Jonathan Parker's attempts to fashion a Brazil-like, hyper-real satire fall dreadfully short."
en:3070,12,16,just just doesn't have much room to especially not a moral sense.,"just doesn't have much room for it, especially not a moral sense.",en,mbart_vectors,377,ZKB,1,It just doesn't have much else... especially in a moral sense.
en:3071,17,24,Those unfamiliar with Mormon traditions will find the War War War a aally awildering.,Those unfamiliar with Mormon traditions will find the War Horse series intellectually unavoidable.,en,mbart_vectors,378,ZKB,1,Those unfamiliar with Mormon traditions may find The Singles Ward occasionally bewildering.
en:3073,18,19,"But the talented cast alone will keep you watching, as will the fight tos.","But the talented cast alone will keep you watching, as will the fight to",en,mbart_vectors,380,ZKB,2,"But the talented cast alone will keep you watching, as will the fight scenes."
en:3077,18,24,An important movie to it reminder of the power of filmmakers us us past to make us remember our values.,An important movie to remind us of the power of filmmakers who believe in us and to make us remember our values.,en,mbart_vectors,384,ZKB,2,"An important movie, a reminder of the power of film to move us and to make us examine our values."
en:3079,18,24,It richly craftd and entirelybly perform musical from a gifted director who definitely has something to his mind.,It's richly imagined and entirely appropriately performed -- from a gifted screenwriter who definitely has something to say about his,en,mbart_vectors,386,ZKB,2,A richly imagined and admirably mature work from a gifted director who definitely has something on his mind.
en:3082,17,22,It it's nice is that there's so lot outlook that permeates the script.,"It's nice to be sure there's some casual humour to the film, that permeates the",en,mbart_vectors,389,ZKB,2,But what's nice is that there's a casual intelligence that permeates the script.
en:3087,21,28,"Its slight, like if it were an extended, film andbeit one made by the mostest kids in the.","It's slight, slight, and I'm not sure why it's extended, just one made by the most smart kids.",en,mbart_vectors,394,ZKB,1,"Feels slight, as if it were an extended short, albeit one made by the smartest kids in class."
en:3088,10,13,picture picture just't know it's a movie.,picture just doesn't know it's a movie.,en,mbart_vectors,395,ZKB,1,The picture doesn't know it's a comedy.
en:3094,17,26,"...'s a very-sning, whichfully written, beautifully illustra, finally finally, deeply humanizing.","... an uncomfortable thriller, which, while obviously, is deeply humanizing, is",en,mbart_vectors,401,ZKB,2,"It's a head-turner -- thoughtfully written, beautifully read and, finally, deeply humanizing."
en:3097,20,33,The in Black achieve achieves ultimate fameficance with it's a comedy-fi comedy spectacle that an.iffle anEow.pic.,The creepy stuff in Black Cinema achieves ultimate fame with its bizarre comedy spectacle as an over-simplified epic.,en,mbart_vectors,404,ZKB,0,Men in Black II achieves ultimate insignificance -- it's the sci-fi comedy spectacle as Whiffle-Ball epic.
en:3099,21,29,Presents a good case while failing to provide the solid to his to give beyond the very basicss of human defeni.,Presents a good case which fails to provide the reason why people choose to take a journalism approach beyond the very basics of human defence.,en,mbart_vectors,5,ZKH,1,Presents a good case while failing to provide a reason for us to care beyond the very basic dictums of human decency.
en:3101,18,24,Bullad My My Sweet has many many flaws it would be easy to yous to shred it,"Bullshit, My Sweet has many flaws -- it would be easy to shred it",en,mbart_vectors,7,ZKH,0,"Bread, My Sweet has so many flaws it would be easy for critics to shred it."
en:3107,25,40,"The onlyedatil Wild had been aeaed to to bitch, would have become a camp and, one that those movies that's so funny that nevers to become good.","The Deeds of a Wilder Man had been written in a short, cut and paste form, and it's not a great TV adventure, one that's so over-reacting and starts to become a good one.",en,mbart_vectors,14,ZKH,1,"If Deuces Wild had been tweaked up a notch it would have become a camp adventure, one of those movies that's so bad it starts to become good."
en:3125,5,10,to like the vi middle- the picture.,"to the solid middle-aged viewer, this picture is",en,mbart_vectors,32,ZKH,2,I love the robust middle of this picture.
en:3132,23,28,"Not rest is worth a look, but you don't mind much from than a few cheap thrills from your Halloween entertainment.","Not a good look, though, and I don't think it's exactly the same as a few cheap thrills from your Halloween entertainment.",en,mbart_vectors,39,ZKH,1,"The Ring is worth a look, if you don't demand much more than a few cheap thrills from your Halloween entertainment."
en:3143,11,14,"You love the new footage, still love the old stuff.","You'll love the new footage, but still not the stuff.",en,mbart_vectors,50,ZKH,2,I like the new footage and still love the old stuff.
en:3144,15,29,"While'ly flirts with pre-ochism, and in point is view interest is hissness -- is alreadyvaded..","While it briefly flirts with pre-show material, the point is that its audience is often sad and impatient.",en,mbart_vectors,51,ZKH,1,"It briefly flirts with player masochism, but the point of real interest -- audience sadism -- is evaded completely."
en:3145,8,15,The The Rock ofs really be bad bad as the titles.,The Lay of the Dead films really be so bad as to,en,mbart_vectors,52,ZKH,0,Could The Country Bears really be as bad as its trailers?
en:3149,6,8,The film seems dead deadly.,The film seems deadly dull.,en,mbart_vectors,56,ZKH,0,The film seems a dead weight.
en:3150,33,48,"Sparkling, often hilarious romantic comedytusy comedy that Attal looks so like like a young Robert Rodriguez Niro novel it seems odd film should instead be called andThe Warband is Travis'ele..","Sparkling, often hilarious romantic comedy that at first glance looks so like a young Robert Rodriguez novel but after that it seems that the film should instead be called and over-exposed.",en,mbart_vectors,57,ZKH,2,"Sparkling, often hilarious romantic jealousy comedy... Attal looks so much like a young Robert DeNiro that it seems the film should instead be called `My Husband Is Travis Bickle'."
en:3152,18,22,"A loudy movie that's mere merely unfunable, but also unableable.",A loud and fuzzy movie that's merely unable to un-unable,en,mbart_vectors,59,ZKH,0,"A lousy movie that's not merely unwatchable, but also unlistenable."
en:3154,26,42,"The strong,, powerful direction and splendid production design that for to see transported from the ever of a.dysbond,ymber, who is not only a great, but also great human being.","The strongest, most poignant musical, its powerful direction and splendid production design that allows it to be transported from the Ackermann apartment to the Kislow lungs, is only a movie, not a good human being.",en,mbart_vectors,61,ZKH,2,"A strong script, powerful direction and splendid production design allows us to be transported into the life of Wladyslaw Szpilman, who is not only a pianist, but a good human being."
en:3157,8,12,If's a fanboy `tomever'',If you're a fanboy or,en,mbart_vectors,64,ZKH,1,It's a fanboy `what if?'
en:3160,32,58,"Stephen Reed is A A,n, and Anna Bates,stiny's legal escapapicles, and when youed in the., there sorts this apeoseust quartet loving in pretty Hollywood cultures is a pleasant enough bul, reallys.","Stephen Reed, A Atheist, and Alan Bates, who plays the same kind of cocaine, as when first released from the Walt Disney, has this illiterate quartet loud and clear.",en,mbart_vectors,67,ZKH,2,"Stephen Rea, Aidan Quinn, and Alan Bates play Desmond's legal eagles, and when joined by Brosnan, the sight of this grandiloquent quartet lolling in pretty Irish settings is a pleasant enough thing, `tis."
en:3163,9,16,Everything was superficial superficial as the forced New Jersey-- characters Thu given,Everything was superficial and superficial -- the forced New Jersey-style entertainment was uneasy to have.,en,mbart_vectors,70,ZKH,0,Everything was as superficial as the forced New Jersey lowbrow accent Uma had.
en:3171,19,31,"a zombie movie that every sense, the word, palpless, inless, slu-, loud,ful,scenxious,","a zombie movie, with every sense of humor, is, in most cases, deadly,",en,mbart_vectors,78,ZKH,0,"A zombie movie in every sense of the word -- mindless, lifeless, meandering, loud, painful, obnoxious."
en:3176,18,31,High-s just the mistakes that such movies make and determine determined to to make them again just it that' the no. the sort.,"High-Speed Crimes just does the mistakes that other bad movies make and it's almost like a movie that should not make them, just because that's no no.",en,mbart_vectors,83,ZKH,1,"High Crimes knows the mistakes that bad movies make and is determined not to make them, and maybe that is nobility of a sort."
en:3179,7,14,"A a bland,-bomb-aus projectcht..","A bland, boring murder-bomber.",en,mbart_vectors,86,ZKH,0,... a bland murder-on-campus yawner.
en:3182,10,22,Faufice a ablings fromtive dialogue and the sortlyreckness ofmic to the.,"Faucets a rambling, non-stuntful dialogue and a wrooster of sexual theatre.",en,mbart_vectors,89,ZKH,0,"Suffers from rambling, repetitive dialogue and the visual drabness endemic to digital video."
en:3185,18,21,Features one of the most affecting depictions of how love affair ever formula to a.,Features one of the most affecting depictions of how love may ever have been committed to the film.,en,mbart_vectors,92,ZKH,2,Features one of the most affecting depictions of a love affair ever committed to film.
en:3195,18,32,"Even the wedened, would have the patience of a, get through his inkinable documentar linearly documentary about his mudding politicalculture.","Even the harshest, most inane critics would have to resort to togutting, inability to make a plausible documentary about his muddying cerebral path.",en,mbart_vectors,102,ZKH,0,"Even a hardened voyeur would require the patience of Job to get through this interminable, shapeless documentary about the swinging subculture."
en:3199,26,36,"The film is a contrivance, as in as reality real game Japanese teens play in a nightmare,quence, and it's pure unable.","The film is a contrivance, as in its natural, artificial creations. Japanese teens will play a nightmare, and it's pure,",en,mbart_vectors,106,ZKH,1,"The film is a contrivance, as artificial as the video games Japanese teens play in a nightclub sequence, but it's an enjoyable one."
en:3200,18,29,"It its worst, screenplay is capped, but in least fin it' pa pleasant artist's thoughtful and of hishood.","Its worst screenplay is cold and ineffective, cutting off all the joyful psychological consideration given to the film's",en,mbart_vectors,107,ZKH,1,"At its worst the screenplay is callow, but at its best it is a young artist's thoughtful consideration of fatherhood."
en:3206,19,26,Jeffers has created a breathtakingly detailedd work spareish work of spare dialogue and distinct distinct affectiveness.,Jeffers has created a breathtakingly detailed and spare dialogue for his spare dialogue and its expressive,en,mbart_vectors,113,ZKH,2,Jeffs has created a breathtakingly assured and stylish work of spare dialogue and acute expressiveness.
en:3230,9,21,Aneka andle of aflowbing from Yorkers over a TVless is hook...,Anekale and dramatically under-representing musical from a New Yorkers and a TV-series which is,en,mbart_vectors,137,ZKH,1,Anemic chronicle of money grubbing New Yorkers and their serial loveless hook ups.
en:3232,14,17,I I'm decided to leave the light on every night from now on.,I'm sorry to have decided to put light on every night from now on.,en,mbart_vectors,139,ZKH,1,And I've decided to leave a light on every night from now on.
en:3242,18,24,Aalbert rarely featurespens her personava persona enough to create ae chemistry with asend.,Aalbert rarely features in his persona is is is a sparkle indoors.,en,mbart_vectors,149,ZKH,1,Aaliyah rarely dampens her diva persona enough to spark genuine chemistry with Townsend.
en:3245,20,25,The it not a total loss if not for two supporting performances taking place at the movie's end..,The film would be total loss if not for its supporting performances taking place at the movie's end.,en,mbart_vectors,152,ZKH,1,... would be a total loss if not for two supporting performances taking place at the movie's edges.
en:3246,25,42,An inspiring and heartwarmwarmfirmting film about a humane needs to aese cinemaes to in re.S.A re.s. keep their hopes alive. 2007..,An inspiring and heartwarming film about a filmmaker who desperately attempts to survive the relentless battles of the 1920s. The remake looks as if it keeps their hopes in 2007.,en,mbart_vectors,153,ZKH,2,An inspiring and heart-affecting film about the desperate attempts of Vietnamese refugees living in U.S. relocation camps to keep their hopes alive in 1975.
en:3251,11,15,"Adams's fun isest, most likeable movie is years.",Adams' funniest movie is the most likeable one.,en,mbart_vectors,158,ZKH,2,Allen's funniest and most likeable movie in years.
en:3253,17,29,"There is a refreshing humour of witicism in this'', quite an comedyity, even if a film film program.","There is a refreshing humour and a terrific plot, but it's not quite as humorous as its predecessor, and",en,mbart_vectors,160,ZKH,2,"There is a refreshing absence of cynicism in Stuart Little 2 -- quite a rarity, even in the family film market."
en:3263,18,26,"Even by the intellectually low standards of ecceuboyfood humor, Sorrelity Boys is a phen..","Even by the intellectually low standards of a boy, Sorrel's humorous novel is a phenomenon.",en,mbart_vectors,170,ZKH,0,"Even by the intentionally low standards of frat-boy humor, Sorority Boys is a bowser."
en:3275,18,25,"A stunning, dreamlike visuals will impress even those whoers who may little patience for the-ske.tensions",A stunning dreams will impress even those who may have little patience for the war-fighting films.,en,mbart_vectors,182,ZKH,2,"The stunning, dreamlike visuals will impress even those viewers who have little patience for Euro-film pretension."
en:3290,13,24,"What thosegie fanses fans, this is a akinetizing than any movie-sh. shamphalgus.","What a pity that Froome fans are so weepistic about this shiny,",en,mbart_vectors,197,ZKH,2,"For VeggieTales fans, this is more appetizing than a side dish of asparagus."
en:3291,30,42,"While it oftens 1967 as key key turning point to the 21,th century, and returns to and again, those that thedents, the same,, it's alarmingly current.","While it often seems to have a key turning point in the clip, and returns to its original subject matter, is actually a funny phasing.",en,mbart_vectors,198,ZKH,1,"While it regards 1967 as the key turning point of the 20th century, and returns again and again to images of dissidents in the streets, it's alarmingly current."
en:3296,36,49,"While Tattoo borrows avily from both The The The Silence, the Lambs, it manages to maintain a its level of sophisticated humour and human-likehat war that justck. audience..","While Tattoo borrows a breathtakingly heavily humorous romance from both The Silence of the Lambs, it manages to maintain a level of sophisticated humour and human-like characters that just blows his audience away.",en,mbart_vectors,203,ZKH,2,"While Tattoo borrows heavily from both Seven and The Silence of the Lambs, it manages to maintain both a level of sophisticated intrigue and human-scale characters that suck the audience in."
en:3299,20,28,"It's the best film of the year, far, not benchmark against other other other Best films filmsders should have.d.","It's the best film of the year, far too far in comparison to other best films that merely detracts from what should be liked.",en,mbart_vectors,206,ZKH,2,"It's the best film of the year so far, the benchmark against which all other Best Picture contenders should be measured."
en:3300,13,14,This is the of the biggest disappointments of the year.,This is the biggest disappointment of the year.,en,mbart_vectors,207,ZKH,0,This is one of the biggest disappointments of the year.
en:3302,20,41,"Deniseess of the hiries of class and which onsquare and primitivhood passionsession --sideor largerthind waymult, , rings with sexual, sexual and social discord.","Denise has nothing to hide from the films except for the semi-realistic imagery of flawed, heterosexual parishes, and the forced, corrupt sexual objecticons that conformate with homosexual social discord.",en,mbart_vectors,209,ZKH,1,"Denis forges out of the theories of class - based rage and sisterly obsession a razor-sided tuning fork that rings with cultural, sexual and social discord."
en:3328,27,44,"A thoroughly amusful movie, narrall, narratively lootic, andly sloppy -- asside amalgam of `Ci Nighting' and `cuteatric tritritrip''","A thoroughly amusing movie, narratively cluttered and visually sloppy -- it's a nostalgic amalgamation of `Cinépolis' and `Rainbow.'",en,mbart_vectors,235,ZKH,0,"A thoroughly awful movie -- dumb, narratively chaotic, visually sloppy... a weird amalgam of `The Thing' and a geriatric `Scream.'"
en:3331,28,36,"The movie has no respect for war, political correctness, common delicai, but it's something more important than its for its flawed, funny people.","The movie has no respect for war, patriotic sentiment, or common sense, but it still merits a lot of attention when it displays something more important than its flawed, funny people.",en,mbart_vectors,238,ZKH,1,"The movie has no respect for laws, political correctness or common decency, but it displays something more important: respect for its flawed, crazy people."
en:3337,20,36,The would be aappointuous to call Reese a great film if if you'' that it the of the flicks is in the is. the cityxes.,The film would be a disappointingly long ride if not for the fact that it flicks on us all the time and is moving.,en,mbart_vectors,244,ZKH,1,"It would be disingenuous to call Reno a great film, but you can say that about most of the flicks moving in and out of the multiplex."
en:3341,8,11,Aniguing and downright dangeroustoxicating,An intriguing and downright dangerous,en,mbart_vectors,248,ZKH,2,Intriguing and downright intoxicating.
en:3343,26,32,Perhaps the most satisfying thing about Thele themens?? is that it's a crime movie made by someone who obviously knows nothing about crime.,Perhaps the most satisfying thing about Whole sizzle is that it's a crime movie made by someone who obviously knows nothing about crime.,en,mbart_vectors,250,ZKH,0,Perhaps the most annoying thing about Who Is Cletis Tout? is that it's a crime movie made by someone who obviously knows nothing about crime.
en:3345,17,26,The quirky drama touches the funny of is funny ones to its energetically always surprising performances Rachel Griffith..,"The quirky drama touches the funny one another, while driving to its energetic, always surprising performance from Rachel Griffith.",en,mbart_vectors,252,ZKH,2,The quirky drama touches the heart and the funnybone thanks to the energetic and always surprising performance by Rachel Griffiths.
en:3347,10,12,Bad and glaffling from the start-go.,Bad and glaring from the start.,en,mbart_vectors,254,ZKH,0,Bad and baffling from the get-go.
en:3348,22,28,"The movie is an blast of educational,, filled wellncy animation and catchy songs do you through the entire 60 minutes.","The movie is an absolute waste of educational energy, filled with wittful animation and catchy songs that will keep you from getting bored for the entire 60 minutes.",en,mbart_vectors,255,ZKH,2,"The movie is a blast of educational energy, as bouncy animation and catchy songs escort you through the entire 85 minutes."
en:3352,24,38,"The real charm of this trifle is the perly comic face, Jean film, Jean Remy, and resembles the. andlone in a race, to-a.","The real charm of this trifle is the pervasive comedy that makes me starr, the filmy, re-emergencies of Livingstone and the bombastic, bombastic poetry that has been released to a foggy, foggy, foggy.",en,mbart_vectors,259,ZKH,1,"The real charm of this trifle is the deadpan comic face of its star, Jean Reno, who resembles Sly Stallone in a hot sake half-sleep."
en:3359,32,56,"Latellet' avoidt avoid a fatal mistake in the real era: He's been his subject comedy stereotyp a lower-class citizen, a exceptional academic and talent that'ss the film's exquisite balance. shreds the. the.","Late on, and in the realm of the modern era, he's been replaced by a male academic from lower-class America, and the opportunity to test the film's supreme poetry is shrewd.",en,mbart_vectors,266,ZKH,1,"LaBute can't avoid a fatal mistake in the modern era: He's changed the male academic from a lower-class Brit to an American, a choice that upsets the novel's exquisite balance and shreds the fabric of the film."
en:3363,12,17,Thery' a performance performance in a film that just't merit it.,The performance in a film that just doesn't merit it.,en,mbart_vectors,270,ZKH,1,Gere gives a good performance in a film that doesn't merit it.
en:3367,20,24,"The star, with his fake backdrops and his- pacing, never settles on consistent consistent tone.","The star, with his fake backdrops and the movie's consistently patting the stone.",en,mbart_vectors,274,ZKH,0,"The director, with his fake backdrops and stately pacing, never settles on a consistent tone."
en:3368,18,27,"Why do was given a reign over a project, it wrote, directed, produced produced and produced for is beyond.","Why do you think it's all over? It's an ugly, boring project, star-studded and produced far beyond its",en,mbart_vectors,275,ZKH,0,"Why he was given free reign over this project -- he wrote, directed, starred and produced -- is beyond me."
en:3369,19,27,"If you' a rewarded with a script that automaticallys you''t a bright, and Blood Work for for you.","If you're lucky enough to find a script that honors the very bright, white Blood Work for you.",en,mbart_vectors,276,ZKH,0,"If you enjoy being rewarded by a script that assumes you aren't very bright, then Blood Work is for you."
en:3370,22,37,"Like ay,,' whosere' to take a good loty clarify his visiontic vision before he creation creation, remember the lessons from the cascaster.der.","Like a Boyhood, which, while its may not take place in a movie, should clarify its vision before his creations, if you're at all interested in the movie.",en,mbart_vectors,277,ZKH,0,"Like Rudy Yellow Lodge, Eyre needs to take a good sweat to clarify his cinematic vision before his next creation and remember the lessons of the trickster spider."
en:3382,11,11,"Hard, endearing, caring, warm.","Hard, endearing, caring, warm.",en,mbart_vectors,289,ZKH,2,"Hard, endearing, caring, warm."
en:3384,27,38,... way Coppola obsesses his love for movies is both colorful and junk and has nostalgis that unequivocally definefy him funny. is giddyly entertaining.,"... a way to capture his love for movies that are both colorful and nostalgic -- and these films, unlike the ones that unequivocally suggests",en,mbart_vectors,291,ZKH,2,The way Coppola professes his love for movies -- both colorful pop junk and the classics that unequivocally qualify as art -- is giddily entertaining.
en:3392,28,41,"If won't lastst your gut if if it's not necessarily to, because's merely a cinema, cinematic examinarogaical examination that what makes a joke about joke.","If you're a fan of cinematic satire, you'll find that this instead of being a laughable, cruelly uncomfortable satire is a laughable one.",en,mbart_vectors,299,ZKH,1,It won't bust your gut -- and it's not intended to -- it's merely a blandly cinematic surgical examination of what makes a joke a joke.
en:3397,18,35,"The bestpey--the-the-grounde approachter is a to thesion has has its nicey, mouth-hours-iness..","The best-time-star of the year is Phillip Phillips, whose sleuthing-hyper-sweatnessiness is a",en,mbart_vectors,304,ZKH,1,"The doofus-on-the-loose banter of Welcome to Collinwood has a cocky, after-hours loopiness to it."
en:3398,12,16,is's fun funniest American comedy since Thefiti..,is the funniest American comedy since the Friendly Bridge.,en,mbart_vectors,305,ZKH,2,It's the funniest American comedy since Graffiti Bridge.
en:3401,30,40,"Often gruelinglling and heartbreaking, watch, but Sellar and Hartter's impressiveling performances raise the one above the usual of usual usual maudlin disease movie.","Often grueling and heartbreaking, but Hook's relentless and impressive performances raise this film above the level of usual maudlinity.",en,mbart_vectors,308,ZKH,2,"Often gruelling and heartbreaking to witness, but Seldahl and Wollter's sterling performances raise this far above the level of the usual maudlin disease movie."
en:3406,15,25,"That it,ly what makess missing from a Pan,, a sense that something bigger, some ultimate thriller.","That it's essentially just one film, missing from a larger, more ultimate thriller, is why it's ultimately henceforth not",en,mbart_vectors,313,ZKH,1,"That is essentially what's missing from Blackboards -- the sense of something bigger, some ultimate point."
en:3409,22,34,"A kind,witting and laggy spinoffoff from the Animal Planet documentary series, whichodile Hunter' an opportunistic, his most glaring.","A kindly, dim-dumb and never-an-holess movie, in the anthropomorphic and perpetual Warm-Up documentary series.",en,mbart_vectors,316,ZKH,0,"A dim-witted and lazy spin-off of the Animal Planet documentary series, Crocodile Hunter is entertainment opportunism at its most glaring."
en:3421,16,23,"A awful movie, will not satisfy the most emotionally volatilevoleable film filmmakersers.","A awful movie, which will not satisfy the most emotionally volatile filmmakers.",en,mbart_vectors,328,ZKH,0,An awful movie that will only satisfy the most emotionally malleable of filmgoers.
en:3443,41,67,"Butard's life to Motherling a's mostous with a banalbling, overexordinaent manifesto about a fague impression of hisal themes while myise of a remains a glorious and overentious endeavor that's unlikecused and exdioously exasperating.","But what if there's a plaudit to this banal but over-the-top novel's antagonistic premise is that it's a glorious performance, sublimely exasperating and exasperatingly exasperating.",en,mbart_vectors,350,ZKH,0,Godard's ode to tackling life's wonderment is a rambling and incoherent manifesto about the vagueness of topical excess... In Praise of Love remains a ponderous and pretentious endeavor that's unfocused and tediously exasperating.
en:3445,30,42,"It' truly come to a about the main characters, if they not they'll wind up in in is if''s spiritual quest is neither a realisting nor dramatic enough to sustain interest.","It's never truly come to a point where the main characters' life expectancy is not winding up in the Sands, but it's neither amusing nor spiritually dramatic enough to sustain interest.",en,mbart_vectors,352,ZKH,0,"We never truly come to care about the main characters and whether or not they'll wind up together, and Michele's spiritual quest is neither amusing nor dramatic enough to sustain interest."
en:3448,15,20,"Perspec's mystemaking could have used some,d, urban materialsight.","Perspective's mysterious artwork could have used some,pure adult material.",en,mbart_vectors,355,ZKH,1,"Peralta's mythmaking could have used some informed, adult hindsight."
en:3455,28,35,Adults will certainly want to spend time time in the theater thinking of theovyy lists and ways to tell their kids that to to be like Pinocchio.,"Adults will certainly want to spend time in the theater thinking of the legendary boob jobs and the ways to tell their kids about it, but it's not like Pinocchio.",en,mbart_vectors,362,ZKH,1,Adults will certainly want to spend their time in the theater thinking up grocery lists and ways to tell their kids how not to act like Pinocchio.
en:3456,22,31,It as distinctive as even as humorous as its movie to make to make in from and it' clearly been made with affection and care.,"It's a distinctively flawed film, even as its movie's script is often misleading, and it's not as if it has been made with affection and care.",en,mbart_vectors,363,ZKH,1,"Not as distinctive or even as humorous as its needs to be to stand out, but it has clearly been made with affection and care."
en:3457,13,20,The solid family comedy unlike what to be recommendedd by anyone outside the USground year.,The generic family comedy unlike any other comedy to be featured outside the US.,en,mbart_vectors,364,ZKH,0,A generic family comedy unlikely to be appreciated by anyone outside the under-10 set.
en:3461,20,31,"Directorxau Jonathandirector Jonathan Parker's attempts at create a trulyianclass, hyper-real-re fall ratherreadfully short.","Director's wise-man Joseph Campbell's short, fashionable, racially-over-the-top satire is basically awkward.",en,mbart_vectors,368,ZKH,0,"Co-writer/director Jonathan Parker's attempts to fashion a Brazil-like, hyper-real satire fall dreadfully short."
en:3470,6,16,It' feel't make the sense to to not the city sense.,"It's a funny movie, but it's not as dramatic as it sounds.",en,mbart_vectors,377,ZKH,1,It just doesn't have much else... especially in a moral sense.
en:3471,9,24,War whoablemiliar with Warse Wars are be themselves War Waraw a aally awildering.,Ward is a brilliantly humorous and intellectually unambiguous,en,mbart_vectors,378,ZKH,1,Those unfamiliar with Mormon traditions may find The Singles Ward occasionally bewildering.
en:3473,15,19,"If the talented fans will will keep you watching, and will the fight scenes.","If you've got the talent, the fights, the talent, and will keep you watching, will",en,mbart_vectors,380,ZKH,2,"But the talented cast alone will keep you watching, as will the fight scenes."
en:3477,15,24,It important movie to to powerfuler to the power of the to us us to to make us remember our values.,"It's a powerful, intriguing movie to remind us of the power of the film to make us believe, and to provide unique values.",en,mbart_vectors,384,ZKH,2,"An important movie, a reminder of the power of film to move us and to make us examine our values."
en:3479,18,24,"It richly detailedd, entirelybly perform work from a gifted director who definitely has something to his mind.","It's richly imagined, brilliantly performed and from a gifted director, definitely has something to say about his style.",en,mbart_vectors,386,ZKH,2,A richly imagined and admirably mature work from a gifted director who definitely has something on his mind.
en:3482,18,22,It it's nice is that there's so lot intelligence that permeates the script.,It's nice to be told that there's no magical intelligence that permeates the script.,en,mbart_vectors,389,ZKH,2,But what's nice is that there's a casual intelligence that permeates the script.
en:3487,13,28,Thiss likelightly like if it was a olded series film onebeit funny that by the kind kids kids in the.,"This is a great movie, but it's not the kind of stuff that should be made by the small kids.",en,mbart_vectors,394,ZKH,1,"Feels slight, as if it were an extended short, albeit one made by the smartest kids in class."
en:3488,11,13,The picture just't know it's comedy comedy.,The picture just doesn't feel like comedy.,en,mbart_vectors,395,ZKH,1,The picture doesn't know it's a comedy.
en:3494,14,26,"...'s a very-sning, andful human, andly lit and deep finally, deeply spiritualizing.","... a spiritually moving, spiritually deadly project that, finally, is becoming spiritually fulfilling.",en,mbart_vectors,401,ZKH,2,"It's a head-turner -- thoughtfully written, beautifully read and, finally, deeply humanizing."
en:3497,12,33,The in the is iss ate theatrficance in in's a sort-fi spectacle of that its.iffle theBule hasatsly,The film is a spectacle of comedy and an infused spectacle of shock and,en,mbart_vectors,404,ZKH,0,Men in Black II achieves ultimate insignificance -- it's the sci-fi comedy spectacle as Whiffle-Ball epic.
en:3499,24,29,Presents a good case while failing to provide the reason for the to care beyond the very basicss of human deceptioni.,Presents a good case while failing to provide the reason for the very basics of human deceiving.,en,mbart_vectors,5,ZKW,1,Presents a good case while failing to provide a reason for us to care beyond the very basic dictums of human decency.
en:3501,19,24,"Bullad My My Sweet has so many flaws, would be easy to critics to shred.","Bull, My Sweet has so many flaws, it's hard to find any who's",en,mbart_vectors,7,ZKW,0,"Bread, My Sweet has so many flaws it would be easy for critics to shred it."
en:3507,25,40,"The onlyedatil Wild had been aeaed to to bitch, would have become a camp,, a in those movies that iss so bad it nevers to become good.","The delightful thrill of a man who had been a slave to his father and has become a legend, is not the sort of story that starts to become good.",en,mbart_vectors,14,ZKW,1,"If Deuces Wild had been tweaked up a notch it would have become a camp adventure, one of those movies that's so bad it starts to become good."
en:3525,8,10,to think the robust middle of this picture.,to the robust middle of this picture.,en,mbart_vectors,32,ZKW,2,I love the robust middle of this picture.
en:3532,23,28,"While rest is worth a movie, if you don't mind more more than a few cheap thrills from your Halloween entertainment.","While Not every movie is worth a second look, if you don't mind a few cheap thrills from your Halloween entertainment.",en,mbart_vectors,39,ZKW,1,"The Ring is worth a look, if you don't demand much more than a few cheap thrills from your Halloween entertainment."
en:3543,9,14,After thought the new footage of love love the old one.,"After the new footage, you'll love the old one.",en,mbart_vectors,50,ZKW,2,I like the new footage and still love the old stuff.
en:3544,18,29,"The'ly flirts with movie-ochism, but the point of view interest is thesness -- is echoed..","The movie briefly flirts with pre-adolescent homophobia, but the point of view is that it's all lost.",en,mbart_vectors,51,ZKW,1,"It briefly flirts with player masochism, but the point of real interest -- audience sadism -- is evaded completely."
en:3545,11,15,The The La Bears really be as bad as its titles.,The Lay of Their Hands really be as bad as its title,en,mbart_vectors,52,ZKW,0,Could The Country Bears really be as bad as its trailers?
en:3549,7,8,The film seems a deadly.,The film seems a deadly dull one.,en,mbart_vectors,56,ZKW,0,The film seems a dead weight.
en:3550,36,48,"Sparkling, often hilarious romantic comedyllyus comedy comedy that Attal looks so much like a young Robert DeNiro' it seems the film should instead be called ""The Warband is Travis'ele..","Sparkling, often hilarious romantic comedy that at first glance looks a lot like a young Robert DeNiro's Debut, but it seems the film should instead be called ""The Game of Brian"".",en,mbart_vectors,57,ZKW,2,"Sparkling, often hilarious romantic jealousy comedy... Attal looks so much like a young Robert DeNiro that it seems the film should instead be called `My Husband Is Travis Bickle'."
en:3552,18,22,"A loudy movie,'s not merely unfunable, but also un-able.","A loud and loud movie, not merely unfunny, but also un-unable",en,mbart_vectors,59,ZKW,0,"A lousy movie that's not merely unwatchable, but also unlistenable."
en:3554,26,42,"The very,, powerful ac and splendid production design that this to see transported from the life of a.dysbond,ymber, who is not only a great, but also good human being.","The strong, powerful script and splendid production design that ensures that this film will be transported from the moment it was announced that Stagecoach, Omsk and Gibbs is not only popular, but also a good human being.",en,mbart_vectors,61,ZKW,2,"A strong script, powerful direction and splendid production design allows us to be transported into the life of Wladyslaw Szpilman, who is not only a pianist, but a good human being."
en:3557,8,12,It's a fanboy'however'',It's a fanboy's `tomboy'.,en,mbart_vectors,64,ZKW,1,It's a fanboy `what if?'
en:3560,31,58,"Stephen Reed is A A,n, and Anna Bates,stiny's legal escapavilles, and when youed by the., the sorts this apeoseust quartet loving off Hollywood much languages is a pleasant enough,, `t `'","Stephen Reed, A Atheist Boy, and Alan Bates, who plays the same kind of historical affirmations, as when first dubbed ""The Bulls"" -- this ape-sized, hilarious novel is pretty much what makes it a pleasant enough, `tweep.' `tis `.",en,mbart_vectors,67,ZKW,2,"Stephen Rea, Aidan Quinn, and Alan Bates play Desmond's legal eagles, and when joined by Brosnan, the sight of this grandiloquent quartet lolling in pretty Irish settings is a pleasant enough thing, `tis."
en:3563,9,16,Everything was superficial superficial as the forced New Jersey-- characters Thu,Everything was superficial and the forced New Jersey audience could have sworn U.,en,mbart_vectors,70,ZKW,0,Everything was as superficial as the forced New Jersey lowbrow accent Uma had.
en:3571,19,31,"a zombie movie that every sense, the word, palpless, lungless, slu-, imud, stupidful,structxious.","a zombie movie that has every sense of humor, is, in most cases, palpable,",en,mbart_vectors,78,ZKW,0,"A zombie movie in every sense of the word -- mindless, lifeless, meandering, loud, painful, obnoxious."
en:3576,19,31,The-s just the mistakes that other movies make and is determined to to make them worse and has has' the no of the sort.,"The Crimes Series just knows the mistakes that other bad movies make and is determined to make them better, and has little to no nobility of the sort.",en,mbart_vectors,83,ZKW,1,"High Crimes knows the mistakes that bad movies make and is determined not to make them, and maybe that is nobility of a sort."
en:3579,7,14,"A a bland,-bomb-aus projectcht..","A bland, boring murder-bomber.",en,mbart_vectors,86,ZKW,0,... a bland murder-on-campus yawner.
en:3582,11,22,Faufrage a ablings fromtive dialogue and visual visuallyreckness ofmic to the video.,"Faucets are, in essence, a repulsive dialogue and a cast of endemic,",en,mbart_vectors,89,ZKW,0,"Suffers from rambling, repetitive dialogue and the visual drabness endemic to digital video."
en:3585,17,21,Features of of the most affecting depictions of how love affair ever formula to a.,Features of the most affecting depictions of how love and faith ever were committed to the film.,en,mbart_vectors,92,ZKW,2,Features one of the most affecting depictions of a love affair ever committed to film.
en:3595,20,32,"Even the oncedened, would have that patience of someone to come through this interminable documentar tire- documentary about his swinging politicalculture.","Even the harshest, most inane critics would have to resort to toiling the patience of this inanimate documentary about his muddying spirituality.",en,mbart_vectors,102,ZKW,0,"Even a hardened voyeur would require the patience of Job to get through this interminable, shapeless documentary about the swinging subculture."
en:3599,28,36,"The film is a contrivance, as in as the reality game, teens play in a night of,quence, and it's an entirelyable one.","The film is a contrivance, as in its natural creation, and as in the reality TV series, where Japanese teens play a nightmare, and it's an enjoyable",en,mbart_vectors,106,ZKW,1,"The film is a contrivance, as artificial as the video games Japanese teens play in a nightclub sequence, but it's an enjoyable one."
en:3600,24,29,"It its worst, screenplay is cathar, but at its best it is a young artist's thoughtful and of hishood.","It's its worst screenplay, cold and poignantly humorous, but at its best it is a young artist's thoughtful and thoughtful observation of the",en,mbart_vectors,107,ZKW,1,"At its worst the screenplay is callow, but at its best it is a young artist's thoughtful consideration of fatherhood."
en:3606,22,26,Jeffers has created a breathtakingly detailedd and spareish work of spare dialogue and acute affectiveness.,Jeffers has created a breathtakingly detailed and spare dialogue that delivers acute affection.,en,mbart_vectors,113,ZKW,2,Jeffs has created a breathtakingly assured and stylish work of spare dialogue and acute expressiveness.
en:3630,12,21,Aneka andle of aflowbing from Yorkers and their serialless is hook...,"Anekale and unearthlikely brief, The New Yorkers and their serialless fans are",en,mbart_vectors,137,ZKW,1,Anemic chronicle of money grubbing New Yorkers and their serial loveless hook ups.
en:3632,12,17,"I I'm decided to stay it light on every night, now on.","I'm sure it's decided to spend the last night in bed, but",en,mbart_vectors,139,ZKW,1,And I've decided to leave a light on every night from now on.
en:3642,18,24,Aalbert rarely featurespens her confidenceva of enough to spark genuine chemistry. asend.,Aalbert rarely features in his executive persona is enough to spark genuine chemistry.,en,mbart_vectors,149,ZKW,1,Aaliyah rarely dampens her diva persona enough to spark genuine chemistry with Townsend.
en:3645,19,25,The it not a total loss if not for two supporting performances taking place in the movie's end..,The movie would be total loss if not for two supporting performances taking place in the movie's end.,en,mbart_vectors,152,ZKW,1,... would be a total loss if not for two supporting performances taking place at the movie's edges.
en:3646,26,42,An inspiring and heartwarmwarmfirmting film about a humane needs to aese cinemaes to in re.S. re re.s. keep their hopes alive. 2007..,An inspiring and heartwarming film about a filmmaker who desperately attempts to survive on his luxury film.,en,mbart_vectors,153,ZKW,2,An inspiring and heart-affecting film about the desperate attempts of Vietnamese refugees living in U.S. relocation camps to keep their hopes alive in 1975.
en:3651,11,15,"Adams's fun isest, most likeable movie is years.",Adams' funniest movie is the most likeable one.,en,mbart_vectors,158,ZKW,2,Allen's funniest and most likeable movie in years.
en:3653,21,29,"There is a refreshing absence of witicism in Stuart'', which a bizarreity, even in the film film program.","There is a refreshing absence of wit and a refreshing absence of humor, even in Stuart Little's Little Lies, even in the film's title.",en,mbart_vectors,160,ZKW,2,"There is a refreshing absence of cynicism in Stuart Little 2 -- quite a rarity, even in the family film market."
en:3663,19,26,"Even by the intellectually low standards of ecceuboyboy humor, Sorrelity Boys is a phen..","Even by the intellectually low standards of a boy, Sorrel's humorous stunts are phenomenal.",en,mbart_vectors,170,ZKW,0,"Even by the intentionally low standards of frat-boy humor, Sorority Boys is a bowser."
en:3675,16,25,"A stunning, dreamlike moviess impress impress even those whoers who may little patience with their-film.tensions","A stunning dreams, which may not impress even those who may have little patience with the war-film-fanfare.",en,mbart_vectors,182,ZKW,2,"The stunning, dreamlike visuals will impress even those viewers who have little patience for Euro-film pretension."
en:3690,17,24,"For thosegie fanses fans, this is more chillaizing than a side-sh of shamphalgus.","For those Froogs, this is more chilling than a side-strip of that shameful, breathtaking story.",en,mbart_vectors,197,ZKW,2,"For VeggieTales fans, this is more appetizing than a side dish of asparagus."
en:3691,30,42,"While it oftens as as the key turning point to the 21,th century, and returns to and again, the that thedents, the same,, it's alarmingly current.","While it often seems as if it has spent pointless hours turning a funny, humorous film into a funny, breathtaking voyage of the contrary.",en,mbart_vectors,198,ZKW,1,"While it regards 1967 as the key turning point of the 20th century, and returns again and again to images of dissidents in the streets, it's alarmingly current."
en:3696,35,49,"While Tattoo borrows avily from both Fire Days The Silence, the Lambs, it manages to maintain both level so of phisticated humour and human-likehat war. overck the audience..","While Tattoo borrows a heavily heavily humored romance from both The Silence of the Lambs, it manages to maintain both its sophisticated humour and its sophisticated war-themed characters.",en,mbart_vectors,203,ZKW,2,"While Tattoo borrows heavily from both Seven and The Silence of the Lambs, it manages to maintain both a level of sophisticated intrigue and human-scale characters that suck the audience in."
en:3699,21,28,"The's the best film of the year so far, but benchmark against other other other Best Picture filmsders to be beatd.","is the best film of the year so far, with a benchmark against other Best Picture films that otherwise would be measured.",en,mbart_vectors,206,ZKW,2,"It's the best film of the year so far, the benchmark against which all other Best Picture contenders should be measured."
en:3700,13,14,It is one of the biggest disappointments of the year.,It's one of the biggest disappointments of the year.,en,mbart_vectors,207,ZKW,0,This is one of the biggest disappointments of the year.
en:3702,21,41,"Denisees out of the hiries of class, which onsquare and religioushood passionsession -sideor largerthind,mult, that, rings with sexual, sexual and social discord.","Denise has nothing to hide from the films, except for the fact that it focuses on sexuality rather than social discord.",en,mbart_vectors,209,ZKW,1,"Denis forges out of the theories of class - based rage and sisterly obsession a razor-sided tuning fork that rings with cultural, sexual and social discord."
en:3728,27,44,"A thoroughly amusful movie, narrall, narratively lootic, visually sloppy -- assideerm of `Sha Nighting' and `cuteatric tritritrip''","A thoroughly amusing movie, narratively atmospheric and visually sloppy, making an ancient amalgamation of `Sharp' and `Requiem'.",en,mbart_vectors,235,ZKW,0,"A thoroughly awful movie -- dumb, narratively chaotic, visually sloppy... a weird amalgam of `The Thing' and a geriatric `Scream.'"
en:3731,25,36,"There film has no respect for its, the correctness, common decei, but it's something more important -- the for human flawed,  people.","There's no respect for the films' superficialness or common defence, but it's all because of the fact that it's considered to be a flawed, poor, destructive sport.",en,mbart_vectors,238,ZKW,1,"The movie has no respect for laws, political correctness or common decency, but it displays something more important: respect for its flawed, crazy people."
en:3737,23,36,"The might be aappointuous if call Reese a movie film, but I can say that about most of the flicks is in and that. the 35xes.","The film may be a disappointing ride, if not the best, but it can say that about most of the flicks is crappy, and in and out.",en,mbart_vectors,244,ZKW,1,"It would be disingenuous to call Reno a great film, but you can say that about most of the flicks moving in and out of the multiplex."
en:3741,9,11,Intriguing and downright dangeroustoxicating,Intriguing and downright dangerous.,en,mbart_vectors,248,ZKW,2,Intriguing and downright intoxicating.
en:3743,22,32,Perhaps the best popularying thing about ao Funnyop has has is that it's made crime drama made by someone who obviously knows nothing about crime.,Perhaps the best crime drama of the year is the one that has been made by someone who obviously knows nothing about crime.,en,mbart_vectors,250,ZKW,0,Perhaps the most annoying thing about Who Is Cletis Tout? is that it's a crime movie made by someone who obviously knows nothing about crime.
en:3745,11,26,Qui quirky drama touches on heart of is funny ones to its funny host funny funny Griffiths Jim Griffith..,Quirky and quirky dramas touches on a heartfelt one -- like this one from the funny sellers.,en,mbart_vectors,252,ZKW,2,The quirky drama touches the heart and the funnybone thanks to the energetic and always surprising performance by Rachel Griffiths.
en:3747,10,12,a and glaffling from the get-go.,awful and glaring from the get-go.,en,mbart_vectors,254,ZKW,0,Bad and baffling from the get-go.
en:3748,15,28,"The movie is an blast of educational energy, a wellncy,shirts and ay story do the to 60 60ty minutes.","The movie is an alot of educational energy, a perpetual sense of foggyness and a perpetual sense of frustration.",en,mbart_vectors,255,ZKW,2,"The movie is a blast of educational energy, as bouncy animation and catchy songs escort you through the entire 85 minutes."
en:3752,24,38,"The real charm of this trifle is that wayly comedy face that its star, Jean-my, who resembles aqui andlone' a hot race to-a.","The real charm of this trifle is that, while the old comic faces us with laughter, the new ones are all too busy flicking.",en,mbart_vectors,259,ZKW,1,"The real charm of this trifle is the deadpan comic face of its star, Jean Reno, who resembles Sly Stallone in a hot sake half-sleep."
en:3759,34,56,"Latellet' avoidt avoid a fatal mistake in the real sense, he's been the male academic from his lower-class American to a exceptional academic and film that stuss his film's exquisite balance and shreds the infantil of the.","Late on, it's a long time before the modern stars have been able to perceive the male/secretary rivalry from their lower-class, lower-class subjects.",en,mbart_vectors,266,ZKW,1,"LaBute can't avoid a fatal mistake in the modern era: He's changed the male academic from a lower-class Brit to an American, a choice that upsets the novel's exquisite balance and shreds the fabric of the film."
en:3763,14,17,Gere gives a good performance but a film that just't merit.,Gere gives a good performance but the film just doesn't merit it.,en,mbart_vectors,270,ZKW,1,Gere gives a good performance in a film that doesn't merit it.
en:3767,18,24,"A director, with his fake backdrops and his- pacing, never settles for consistent consistent consistent.","A solid, hilarious director's chair and his brilliantly paved pacing never settles for consistent, consistent results.",en,mbart_vectors,274,ZKW,0,"The director, with his fake backdrops and stately pacing, never settles on a consistent tone."
en:3768,17,27,"Why did was given a reign in this project, it,, directed, and produced and produced for beyond beyond me.","Why did you waste time staring at this project? Because this project, wrote, directed, and produced far beyond me.",en,mbart_vectors,275,ZKW,0,"Why he was given free reign over this project -- he wrote, directed, starred and produced -- is beyond me."
en:3769,21,27,If you' being rewarded with a script that automaticallys you aren't very old until then Blood Work for for you.,If you're lucky enough to find a script that automatically assumes you aren't very fond of Blood Work for a,en,mbart_vectors,276,ZKW,0,"If you enjoy being rewarded by a script that assumes you aren't very bright, then Blood Work is for you."
en:3770,26,37,"Like ay,,' whosere' to take a good lot to clarify his cinematic vision before he next creation, remember the lessons of the spister.der.","Like a Boyhood, which, while its temper rarely gives you a good sweat, does put a smile on your cinematic vision before you remember the lessons of the spider.",en,mbart_vectors,277,ZKW,0,"Like Rudy Yellow Lodge, Eyre needs to take a good sweat to clarify his cinematic vision before his next creation and remember the lessons of the trickster spider."
en:3782,11,11,"Hard, endearing, caring, warm.","Hard, endearing, caring, warm.",en,mbart_vectors,289,ZKW,2,"Hard, endearing, caring, warm."
en:3784,23,38,... way Coppola andses to love for movies is with colorful and junk -- in unal -- unequivocally suggestfy them art. is giddyly entertaining.,"... a way to capture what is typically called a Hollywood portrait -- and to give it a funny,",en,mbart_vectors,291,ZKW,2,The way Coppola professes his love for movies -- both colorful pop junk and the classics that unequivocally qualify as art -- is giddily entertaining.
en:3792,28,41,"If won't lastst until stomach if it it's not necessarily to appeal but's merely a psycholog, cinematic examinarogaical examination of what makes a joke a joke.","If you're a buster of cinematic talent and don't care about the aforementioned censorship factor, this should be a laugh-come-lucky one.",en,mbart_vectors,299,ZKW,1,It won't bust your gut -- and it's not intended to -- it's merely a blandly cinematic surgical examination of what makes a joke a joke.
en:3797,17,35,"The bestpey--the-bad-grounde ister is a to theder is is a nicey, mouth-hours-iness..","The best-time-star film to Welcome to the Bones, a movie that basically skips",en,mbart_vectors,304,ZKW,1,"The doofus-on-the-loose banter of Welcome to Collinwood has a cocky, after-hours loopiness to it."
en:3798,12,16,is's fun funniest American comedy since Thefiti..,is the funniest American comedy since the Friendly Bridge.,en,mbart_vectors,305,ZKW,2,It's the funniest American comedy since Graffiti Bridge.
en:3801,27,40,"Often gruelinglling to heartbreaking to watch, but Annama' Davister's impressiveling performances raise the film above the usual of usual usual maudlin- movie.","Often grueling, heartbreaking movie, to watch as Danielle's remarkably believable performances pushes far above the usual maudlinity of a movie.",en,mbart_vectors,308,ZKW,2,"Often gruelling and heartbreaking to witness, but Seldahl and Wollter's sterling performances raise this far above the level of the usual maudlin disease movie."
en:3806,13,25,"The Black essentially one makess missing in the Pan,, the film of something bigger, some ultimateless","The film is essentially missing the point of something bigger, and ultimately has",en,mbart_vectors,313,ZKW,1,"That is essentially what's missing from Blackboards -- the sense of something bigger, some ultimate point."
en:3809,23,34,"A dim,witting, perpetuaggy spinoffoff, the Animal Planet documentary series, whichodile Hunter' an opportunist at its most glaring.","A dim, flabby-feeding documentary about a former-agent star and a former CIA agent who has become increasingly patronizing.",en,mbart_vectors,316,ZKW,0,"A dim-witted and lazy spin-off of the Animal Planet documentary series, Crocodile Hunter is entertainment opportunism at its most glaring."
en:3821,18,23,A awful movie that will only satisfy the most emotionally volatilevoleable film filmmakersers.,A awful movie that will only satisfy the most emotionally volatile filmmakers.,en,mbart_vectors,328,ZKW,0,An awful movie that will only satisfy the most emotionally malleable of filmgoers.
en:3843,41,67,"Godard's apous aling his's mostous is a banalbling, overaneordinaent manifesto about a fague impression of hisal eventses while aise of a remains a glorious and impressiveentious endeavor that,s unlikecused and exdioously exasperating.",Godard's aptly documented and impressively poignant performances are adrift in a banalised fantasy world over a period of film's fabulous success.,en,mbart_vectors,350,ZKW,0,Godard's ode to tackling life's wonderment is a rambling and incoherent manifesto about the vagueness of topical excess... In Praise of Love remains a ponderous and pretentious endeavor that's unfocused and tediously exasperating.
en:3845,30,42,"It' truly come to grip about the main characters, if or not they windll wind up in in in its''s spiritual quest is neither a comedying nor dramatic enough to sustain interest.","It's never truly come to an end when the main characters, if they may be windmill, don't act together, and its spiritual journey is neither amusing nor dramatic enough to sustain interest.",en,mbart_vectors,352,ZKW,0,"We never truly come to care about the main characters and whether or not they'll wind up together, and Michele's spiritual quest is neither amusing nor dramatic enough to sustain interest."
en:3848,14,20,"Perception's mysteical could have used some solidd, cum-sight.","Perceptions could have used some even, but it's cumulative.",en,mbart_vectors,355,ZKW,1,"Peralta's mythmaking could have used some informed, adult hindsight."
en:3855,26,35,Adults will certainly want to spend time time in the theater thinking of theovyy stores and finding to tell their kids that to to act. Pinocchio.,"Adults will certainly want to spend time in the theater thinking of the legendary theatermaker's work, but it's not an act.",en,mbart_vectors,362,ZKW,1,Adults will certainly want to spend their time in the theater thinking up grocery lists and ways to tell their kids how not to act like Pinocchio.
en:3856,19,31,It as distinctive as even as humorous as what title to make to make in from and it' clearly been made by affection and touch.,"It's a distinctly flawed film, even as it often seems to have been made by an unsuspecting actor.",en,mbart_vectors,363,ZKW,1,"Not as distinctive or even as humorous as its needs to be to stand out, but it has clearly been made with affection and care."
en:3857,12,20,a family family comedy unlike what to be recommendedd by anyone outside of filmgrounds.,"a funny family comedy unlike what could be received from outside, about as",en,mbart_vectors,364,ZKW,0,A generic family comedy unlikely to be appreciated by anyone outside the under-10 set.
en:3861,20,31,"Directorxau Jonathandirector Jonathan Parker's attempts at create a trulyianlike, hyper-real-re is shortreadfully short.","Director's wise-man Josephine Parker's a truly, truly surreal, remarkable satire.",en,mbart_vectors,368,ZKW,0,"Co-writer/director Jonathan Parker's attempts to fashion a Brazil-like, hyper-real satire fall dreadfully short."
en:3870,12,16,But just doesn't have much... to especially not a moral sense.,But it just isn't especially funny... especially when it's made of a moral sense.,en,mbart_vectors,377,ZKW,1,It just doesn't have much else... especially in a moral sense.
en:3871,17,24,Those unfamiliar with Mormon traditions will not The Movies War Warrium intellectually awildering.,Those unfamiliar with Mormon traditions will find The Movies Warm,en,mbart_vectors,378,ZKW,1,Those unfamiliar with Mormon traditions may find The Singles Ward occasionally bewildering.
en:3873,17,19,"The the talented cast alone will keep you watching, as the the fight scenes.","The talented cast alone will keep you watching, as the fight scenes are the fight scenes.",en,mbart_vectors,380,ZKW,2,"But the talented cast alone will keep you watching, as will the fight scenes."
en:3877,14,24,It important movie to to powerfuler to the power of the to move us past to keep us remember our.,It's a very important movie to remind us of the powers of the film move us and to challenge us to be truly,en,mbart_vectors,384,ZKW,2,"An important movie, a reminder of the power of film to move us and to make us examine our values."
en:3879,20,24,It richly detailedd and entirelybly feature work from a gifted director who definitely has something on his mind.,It's richly imagined as a brilliantly crafted and executed work by a gifted director who definitely has something on his,en,mbart_vectors,386,ZKW,2,A richly imagined and admirably mature work from a gifted director who definitely has something on his mind.
en:3882,17,22,It it's nice is that there's so lot outlook that permeates the script.,"It's nice to be sure there's some casual humour to the film, that permeates the",en,mbart_vectors,389,ZKW,2,But what's nice is that there's a casual intelligence that permeates the script.
en:3887,21,28,"Feels slight, as if it were extend extended, film andbeit somewhat that by the smartest kids in the.","Feels slight, as if it were extended, and as if it were made by the smartest kids in the class.",en,mbart_vectors,394,ZKW,1,"Feels slight, as if it were an extended short, albeit one made by the smartest kids in class."
en:3888,9,13,The picture just't feel if's comedy comedy.,The picture just doesn't feel like comedy.,en,mbart_vectors,395,ZKW,1,The picture doesn't know it's a comedy.
en:3894,21,26,"It's an sham-turner, thoughtfully written, beautifully illustra and finally finally, deeply humanizing.","It's an uncomfortable thriller, which, while obviously written, is deeply humanizing.",en,mbart_vectors,401,ZKW,2,"It's a head-turner -- thoughtfully written, beautifully read and, finally, deeply humanizing."
en:3897,23,33,Men in Black always achieves ultimate fameficance with it's the sci-fi comedy spectacle that an.iffle aneyle aspic.,Men in Black always achieves ultimate fame with his bizarre comedy spectacle of an otherwise-suffractive epic.,en,mbart_vectors,404,ZKW,0,Men in Black II achieves ultimate insignificance -- it's the sci-fi comedy spectacle as Whiffle-Ball epic.
en:3899,22,29,Presents a good case while failing to provide the solid for his to take beyond the very basicss of human defeni.,Presents a good case while failing to provide the reason for his decision to give his life to a very basic segment of the human defence.,en,mbart_vectors,5,ZMG,1,Presents a good case while failing to provide a reason for us to care beyond the very basic dictums of human decency.
en:3901,18,24,"Bullad and Sweet Sweet has so many flaws, would be easy to critics to shred it","Bull, Sweet has so many flaws, it just might be easy for critics to shred it",en,mbart_vectors,7,ZMG,0,"Bread, My Sweet has so many flaws it would be easy for critics to shred it."
en:3907,21,40,"The onlyedatber Wild had a aeaed to to littlech, would have become a TV and, and that those movies that hass become funny it hass to become good.","The Deeds of a Wilder was a slow and bland tale, that would have become a great transitional adventure, until all of those movies that had become canon have become a good thing.",en,mbart_vectors,14,ZMG,1,"If Deuces Wild had been tweaked up a notch it would have become a camp adventure, one of those movies that's so bad it starts to become good."
en:3925,5,10,A like the vi middle- the picture.,"A solid middle-aged film, nowhere near as",en,mbart_vectors,32,ZMG,2,I love the robust middle of this picture.
en:3932,19,28,"While Ring is a a movie, and you can't have much from from a few  thrills from your Halloween entertainment.","While Ring is worth a movie, it's not exactly the sort of cult stuff that will attract a few thrills from your Halloween entertainment.",en,mbart_vectors,39,ZMG,1,"The Ring is worth a look, if you don't demand much more than a few cheap thrills from your Halloween entertainment."
en:3943,9,14,a' the foot footage and the love the old one.,a side of the footage and a taste for old times.,en,mbart_vectors,50,ZMG,2,I like the new footage and still love the old stuff.
en:3944,15,29,"While'ly flirts with pre-ochism, and in point is view interest is hissness -- is alreadyvaded..","While it briefly flirts with pre-show material, the point is that its audience is often sad and impatient.",en,mbart_vectors,51,ZMG,1,"It briefly flirts with player masochism, but the point of real interest -- audience sadism -- is evaded completely."
en:3945,10,15,The The Rock Bears be be bad bad as its trailers.,"The Sex of the Stoners films can be bad, despite its humorous",en,mbart_vectors,52,ZMG,0,Could The Country Bears really be as bad as its trailers?
en:3949,6,8,The film seems dead deadly.,The film seems deadly dull.,en,mbart_vectors,56,ZMG,0,The film seems a dead weight.
en:3950,28,48,"Sparkling,  hilarious romantic comedywelusy comedy from Attala looks too much like a Robert man DeNiro in it just the film should instead be called aWar Warband and aitor'e...","Sparkling, hilarious romantic comedy about a man who looks much like a Robert DeNiro but that seems to have been the reason why he just called it his ""Blast.",en,mbart_vectors,57,ZMG,2,"Sparkling, often hilarious romantic jealousy comedy... Attal looks so much like a young Robert DeNiro that it seems the film should instead be called `My Husband Is Travis Bickle'."
en:3952,19,22,"A loudy movie,'s not merely unwatchable, but also unableable.","A loud and fuzzy movie, not merely unsettling, but also unable",en,mbart_vectors,59,ZMG,0,"A lousy movie that's not merely unwatchable, but also unlistenable."
en:3954,23,42,"The strong and and powerful ac and splendid production design that for to see transported into the life of a.dysbond,ymber, a is, only a great, but also great actor being.","The strong and powerful art direction and splendid production design that allows for this film to be transported far and wide, from a stale, banal, lofty, lofty and sometimes not-guilty.",en,mbart_vectors,61,ZMG,2,"A strong script, powerful direction and splendid production design allows us to be transported into the life of Wladyslaw Szpilman, who is not only a pianist, but a good human being."
en:3957,7,12,fan's a fanboy'tomever'',fan of a fanboy's `tom',en,mbart_vectors,64,ZMG,1,It's a fanboy `what if?'
en:3960,25,58,"Stephen,ed is a A,n, and Anna Adamss,stiny's legal escapavilles, when when youed by the., this sorts this eloseust quartet inving in pretty much spirits is a pleasant,,, thoughkay really'","Stephen, a Aunt Susan, and David, who also serves as judges, is as flawed as his handsome, handsome little brother, who seems to have stumbled onto this wonderful screen, in pretty much what's a pleasant, perverse, implausible miracle. `We'll. `We'll. `We'll. `We'll.",en,mbart_vectors,67,ZMG,2,"Stephen Rea, Aidan Quinn, and Alan Bates play Desmond's legal eagles, and when joined by Brosnan, the sight of this grandiloquent quartet lolling in pretty Irish settings is a pleasant enough thing, `tis."
en:3963,5,16,"Everything is superficial superficial as superficial superficial, Age youth- accent to.","Everything is superficial and superficial, and has long since been converted to",en,mbart_vectors,70,ZMG,0,Everything was as superficial as the forced New Jersey lowbrow accent Uma had.
en:3971,18,31,"a fantastic movie, every sense, the word, palpless, inless, sluless, imud, imful,structxious.","a zombie movie, every sense of it is, sumless, palpable, and, frankly, painful, immaculate.",en,mbart_vectors,78,ZMG,0,"A zombie movie in every sense of the word -- mindless, lifeless, meandering, loud, painful, obnoxious."
en:3976,15,31,The-s just the mistakes it so movies make and is determined to to make it better just has that' the no. the movie.,"The Crimes series just seems to make the mistakes that other movies make and is determined to make it even worse, just because that's the right sort of thing.",en,mbart_vectors,83,ZMG,1,"High Crimes knows the mistakes that bad movies make and is determined not to make them, and maybe that is nobility of a sort."
en:3979,7,14,"A a bland,-bomb-aus projectcht..","A bland, boring murder-bomber.",en,mbart_vectors,86,ZMG,0,... a bland murder-on-campus yawner.
en:3982,9,22,Faufice a ablings simulative dialogue and visual castlyreckness ofmic to the.,"Faucet's ramblings are a replica of his cast-ironical theatrical stardom, and",en,mbart_vectors,89,ZMG,0,"Suffers from rambling, repetitive dialogue and the visual drabness endemic to digital video."
en:3985,17,21,Features the of the most affecting depictions of a love ever ever formula to a.,Features the most affecting depictions of a love story ever formulated into a film.,en,mbart_vectors,92,ZMG,2,Features one of the most affecting depictions of a love affair ever committed to film.
en:3995,15,32,"... the guydened, might likely the patience of a, come through his inkinable documentar linearly documentary about his uning politicalculture.",... even the poorest of us will likely have to put through a terminally stupid documentary about the muddying friendships.,en,mbart_vectors,102,ZMG,0,"Even a hardened voyeur would require the patience of Job to get through this interminable, shapeless documentary about the swinging subculture."
en:3999,25,36,"The film is a contrivance, a usual as the fair game and teens may in a nightclub andquence and and it's pure entirelyable one.","The film is a contrivance, a battlefield of allegedly talented teens and a flick that's certainly worth seeing if it's truly enjoyable.",en,mbart_vectors,106,ZMG,1,"The film is a contrivance, as artificial as the video games Japanese teens play in a nightclub sequence, but it's an enjoyable one."
en:4000,16,29,"The its best, screenplay is coldpped, cold in its best it' pa solid,'s thoughtful and of hishood.","The movie is more like a screen play, rather than a book, and its very thoughtful and deeply pondering character",en,mbart_vectors,107,ZMG,1,"At its worst the screenplay is callow, but at its best it is a young artist's thoughtful consideration of fatherhood."
en:4006,20,26,Jeffers has created a breathtakingly detailedd and freshish work of spare dialogue and distinctiveness.,Jeffers has created a breathtakingly detailed and poignant work of spare dialogue.,en,mbart_vectors,113,ZMG,2,Jeffs has created a breathtakingly assured and stylish work of spare dialogue and acute expressiveness.
en:4030,12,21,Aneka andle of a andbing from Yorkers over their usuallesss hook ups.,"Anekale and unearthlike mystery, requiring a sum of their wildest lives.",en,mbart_vectors,137,ZMG,1,Anemic chronicle of money grubbing New Yorkers and their serial loveless hook ups.
en:4032,10,17,You decided decidedm decided to stay the light on the night from now on.,You decided to hide the light from a nightmare to a,en,mbart_vectors,139,ZMG,1,And I've decided to leave a light on every night from now on.
en:4042,15,24,Aalbert rarely featurespens its confidenceva of with to create ae chemistry with asend.,"Aalbert is rarely an apologetic persona, is big enough for his sexual chemistry to",en,mbart_vectors,149,ZMG,1,Aaliyah rarely dampens her diva persona enough to spark genuine chemistry with Townsend.
en:4045,17,25,The the have a total loss if not for the supporting performances from place in the movie's end..,The film's total loss is not for the supporting performances but for the overall place it takes in the movie.,en,mbart_vectors,152,ZMG,1,... would be a total loss if not for two supporting performances taking place at the movie's edges.
en:4046,25,42,"What aing, heartfeltwarmfirmting film about the desperate needs of someese refugees to in re.S. in re to to to re their hopes alive. the.","What a remarkable, heartfelt film about the desperate need to survive the famine and in re re re re re re re re re re re re re re re re re re re re re re re.",en,mbart_vectors,153,ZMG,2,An inspiring and heart-affecting film about the desperate attempts of Vietnamese refugees living in U.S. relocation camps to keep their hopes alive in 1975.
en:4051,10,15,The's fun isest and like likeable movie is the.,The fun is fun and likeable in the years.,en,mbart_vectors,158,ZMG,2,Allen's funniest and most likeable movie in years.
en:4053,16,29,"The is a refreshing humour of witicism in Little'', which a comedyity in especially in a family film program.","The film is an infused humour, a bit of wit and a bit of cynicism, in a film that just",en,mbart_vectors,160,ZMG,2,"There is a refreshing absence of cynicism in Stuart Little 2 -- quite a rarity, even in the family film market."
en:4063,11,26,"While if the she of she-s, thezzboyfood humor, Sorrelity Boys' a phen..","While the film often serves as a warning to his little brother, Sorrel and the BF.",en,mbart_vectors,170,ZMG,0,"Even by the intentionally low standards of frat-boy humor, Sorority Boys is a bowser."
en:4075,18,25,"A stunning, dreamlike moviess impress impress even those viewers who have patience patience with their-film.tension.","A stunningly realistic dreamcast, which impresses even those viewers who have lost patience with their wartime-film pretensions.",en,mbart_vectors,182,ZMG,2,"The stunning, dreamlike visuals will impress even those viewers who have little patience for Euro-film pretension."
en:4090,15,24,"What thosegie fanses fans, this is a chillaizing than a side ofsh of thatphalgus.","What a sweet tale, this is more esoterical than a side-show of that",en,mbart_vectors,197,ZMG,2,"For VeggieTales fans, this is more appetizing than a side dish of asparagus."
en:4091,24,42,"It it stills as as the turning moment point to his 21th century, and returns to, again, those of dissidents, mund spraws, and remains aingly current.","Its relevance to 1967 as the turning point of TV history, and returns to 2002 as one of the most disturbing films of this period.",en,mbart_vectors,198,ZMG,1,"While it regards 1967 as the key turning point of the 20th century, and returns again and again to images of dissidents in the streets, it's alarmingly current."
en:4096,32,49,"The itsrowers avily from both Theteen The Silence, the Lambs, it manages to maintain both the so of sophisticated humour and human-likehat characters that iscks in ride in.","The Hunger Games grows larger from both the storylines and the larger ones, and manages to maintain both the sophisticated outlook and the sophisticated characters that we find ourselves in a war-fighted,",en,mbart_vectors,203,ZMG,2,"While Tattoo borrows heavily from both Seven and The Silence of the Lambs, it manages to maintain both a level of sophisticated intrigue and human-scale characters that suck the audience in."
en:4099,17,28,"The's the best film of the year, far, but benchmark to other other other films- filmsders is be.d.","The best film of the year is far too cliché to be true, but the other films that harder than that harder...",en,mbart_vectors,206,ZMG,2,"It's the best film of the year so far, the benchmark against which all other Best Picture contenders should be measured."
en:4100,12,14,The is the of the biggest disappointments of the year.,The biggest disappointment of the year is the disappointment that,en,mbart_vectors,207,ZMG,0,This is one of the biggest disappointments of the year.
en:4102,20,41,"Denisees out of the ordinaries that class and which onsquare and passionhood passionsession,sideor largerthind waymult, that, rings with sexual, sexual and social discord.","Denise has out of the ordinary its theories of class, based on theater and TV, rather than the theater and TV, which aligns with sexual, social and political.[1]",en,mbart_vectors,209,ZMG,1,"Denis forges out of the theories of class - based rage and sisterly obsession a razor-sided tuning fork that rings with cultural, sexual and social discord."
en:4128,26,44,"A solidly dismusk movie, narrall, narratively lootic, andly sloppy, asside amalgam of `The Vaming' and ` `atric `Fpl''","A thoroughly loud, narratively inane and palpablely loud,... making it a sloppy, slightest-loud slight of `The Vampire Slayer' and `The",en,mbart_vectors,235,ZMG,0,"A thoroughly awful movie -- dumb, narratively chaotic, visually sloppy... a weird amalgam of `The Thing' and a geriatric `Scream.'"
en:4131,25,36,"The movie is no respect for fact, political correctness, common delicancy, but it's something that than -- its for human flawed,  people.","The movie is no respect for facts, political correctness, or common delicacy -- it simply displays something that is not at all relevant to the flawed people who act.",en,mbart_vectors,238,ZMG,1,"The movie has no respect for laws, political correctness or common decency, but it displays something more important: respect for its flawed, crazy people."
en:4137,18,36,"It would be aappointuous if say Reese a film film, if would'' it it most of the movingcks is out the out of the cityxes.",It would be a disappointing film if it didn't reflect on the controversy that has been building over the last 10 minutes about how moving things are.,en,mbart_vectors,244,ZMG,1,"It would be disingenuous to call Reno a great film, but you can say that about most of the flicks moving in and out of the multiplex."
en:4141,8,11,Aniguing and downright dangeroustoxicating,An intriguing and downright dangerous,en,mbart_vectors,248,ZMG,2,Intriguing and downright intoxicating.
en:4143,21,32,"But the ultima satisfying thing about thisle themens?? is that it's a crime novel, by someone who obviously has nothing about crime.","But the ultimate goal is to keep doing what Quiroga and Miller did: to make sure that, like, both books are",en,mbart_vectors,250,ZMG,0,Perhaps the most annoying thing about Who Is Cletis Tout? is that it's a crime movie made by someone who obviously knows nothing about crime.
en:4145,15,26,Qui quirky drama touches on heart of is funny ones to its oftenally always surprising performances Rachel Griffith..,"Quirky and quirky, it touches on a heartfelt comedy from a very fertile field, always surprising performances from Rachel McAdams.",en,mbart_vectors,252,ZMG,2,The quirky drama touches the heart and the funnybone thanks to the energetic and always surprising performance by Rachel Griffiths.
en:4147,7,12,"A and glaffling, start start-go.",A solid and glaringly unhelpful film.,en,mbart_vectors,254,ZMG,0,Bad and baffling from the get-go.
en:4148,21,28,"The movie is an blast from educational energy, as wellncy animation and breathy songs that you through the entiretyth.","The movie is an absolute waste of educational energy, as well as a perpetual muddle of songs and advertisements that fill the entirety of",en,mbart_vectors,255,ZMG,2,"The movie is a blast of educational energy, as bouncy animation and catchy songs escort you through the entire 85 minutes."
en:4152,22,38,"It real charm of this trifle is the per metal comic face, Jean film, Jean-my, who resembles aheldnomalone' a half,.-a.","It's real charm of this trifle is the pervasive game of celebrity stardom over a film of Jean-Michel Renier's famed ""Brollan"" trilogy.",en,mbart_vectors,259,ZMG,1,"The real charm of this trifle is the deadpan comic face of its star, Jean Reno, who resembles Sly Stallone in a hot sake half-sleep."
en:4159,29,56,"Latellet' avoidt avoid a fatal mistake in the form era; He's been his subject cast class a lower-class citizen, a American academic and film that'ss his human's exquisite balance of turnres us infantil of the.","Late on, and in a way that's almost a comedy, if not a star-stuck romance, is achieved by using a lot of his executive talents to make a film that,",en,mbart_vectors,266,ZMG,1,"LaBute can't avoid a fatal mistake in the modern era: He's changed the male academic from a lower-class Brit to an American, a choice that upsets the novel's exquisite balance and shreds the fabric of the film."
en:4163,13,17,Itry gives a good performance but a film that just't merit it.,It gives a good performance but doesn't merit it.,en,mbart_vectors,270,ZMG,1,Gere gives a good performance in a film that doesn't merit it.
en:4167,14,24,"The director, with his back-drop and, the- pacing, seems seemsles for consistent consistent tone.","The director, with his backdrop of a solid plot, and simple, consistent tone.",en,mbart_vectors,274,ZMG,0,"The director, with his fake backdrops and stately pacing, never settles on a consistent tone."
en:4168,16,27,"I? was giving a reign over this project, it wrote, directed, andved, produced a is beyond.","I was given a taste for the forty-seven minutes it took to view, edit, and produced this project.",en,mbart_vectors,275,ZMG,0,"Why he was given free reign over this project -- he wrote, directed, starred and produced -- is beyond me."
en:4169,18,27,"You you' a rewarded by a script that automaticallys you''t a bright, and your Work for for you.","You'll find it to be remembered by a scriptwriter who assumes you've seen a very bright, white Blood Work for a",en,mbart_vectors,276,ZMG,0,"If you enjoy being rewarded by a script that assumes you aren't very bright, then Blood Work is for you."
en:4170,25,37,"A ay,,, whosere' to take a good pay clarify his cinematic vision before his next creation and give the lessons from the hamster.der.","A pity that a particularly macho, sexually appealing novelist as Faulkner's character does not clearify his cinematic vision before his last creation and give us the lessons we should learn.",en,mbart_vectors,277,ZMG,0,"Like Rudy Yellow Lodge, Eyre needs to take a good sweat to clarify his cinematic vision before his next creation and remember the lessons of the trickster spider."
en:4182,9,11,"A, endearing, poiing, warm.","A endearing, poignant, warm",en,mbart_vectors,289,ZMG,2,"Hard, endearing, caring, warm."
en:4184,21,38,...  Coppola andses to love for movies is both theful and junk -- has ss -- haveequivocally suggestfy him funny. is giddyly entertaining.,... what should have been a fun and funny movie is now filled with pop junk and hassle-free nostalgia that seems unfilled and stale.,en,mbart_vectors,291,ZMG,2,The way Coppola professes his love for movies -- both colorful pop junk and the classics that unequivocally qualify as art -- is giddily entertaining.
en:4192,24,41,"The''t helpst your gut if if it wills probably intended to appeal because's merely a cinema, cinematic examinarogaical oddition of a a a joke joke joke.",The only reason why you shouldn't buy this film is that it is a merely cinematic oddity to be used as a joke.,en,mbart_vectors,299,ZMG,1,It won't bust your gut -- and it's not intended to -- it's merely a blandly cinematic surgical examination of what makes a joke a joke.
en:4197,16,35,"A underpey--the-a-walle starter of Welcome to thesion' is its lot-, s-hours viiness that.","A very under-the-radar film, with a plethora of nudity and sexual advances to",en,mbart_vectors,304,ZMG,1,"The doofus-on-the-loose banter of Welcome to Collinwood has a cocky, after-hours loopiness to it."
en:4198,14,16,It's the funniest American comedy since thefiti..,It's the funniest American comedy since the Ferrandi Bridge.,en,mbart_vectors,305,ZMG,2,It's the funniest American comedy since Graffiti Bridge.
en:4201,24,40,"Fromn,elinglling, heartbreaking, watch, Anna alsoma' Davister's impressiveling performances raise the film above the usual of the usual maudlin- movie.","From the heartbreaking scene to the wickedly funny one, Danielle's relentless performances will raise the level of the usual maudlinity that movie",en,mbart_vectors,308,ZMG,2,"Often gruelling and heartbreaking to witness, but Seldahl and Wollter's sterling performances raise this far above the level of the usual maudlin disease movie."
en:4206,10,25,"...',ly a as happening from this Pan,, the sense that something bigger, more biggerteless","... a solidly produced film, essentially making the sense that something bigger, more palpable, could",en,mbart_vectors,313,ZMG,1,"That is essentially what's missing from Blackboards -- the sense of something bigger, some ultimate point."
en:4209,18,34,"A kind,witted and underme-offoff from an Fog Planet documentary series, whichele Hunter' an opportunist at his best glaring.","A kind of dim-witting and paralyzing series, the Animal Planet documentary series is a mere stunt, not particularly appealing.",en,mbart_vectors,316,ZMG,0,"A dim-witted and lazy spin-off of the Animal Planet documentary series, Crocodile Hunter is entertainment opportunism at its most glaring."
en:4221,14,23,"A awful a, only not satisfy the most emotionally volatilevoleable film filmmakersers.","A awful atrocity, that only satisfies the most emotionally volatile filmmakers.",en,mbart_vectors,328,ZMG,0,An awful movie that will only satisfy the most emotionally malleable of filmgoers.
en:4243,36,67,"Aard's enga to theling the's mostous is a marbling sati teevitordinaent sati, the fague impression of hisal importancees In aise of a remains a gloriously ende sublimentious endeavor, hass sublimlikecused anddioously overasperating.","A prima facie engaging and inimitably hilarious satire, its inaccurate performances and over-the-top television productions are what keeps the film afloat.",en,mbart_vectors,350,ZMG,0,Godard's ode to tackling life's wonderment is a rambling and incoherent manifesto about the vagueness of topical excess... In Praise of Love remains a ponderous and pretentious endeavor that's unfocused and tediously exasperating.
en:4245,27,42,"It never come come to see about the main characters, if they not they'll wind up in in their if''s spiritual quest is longther dramatic realisting nor spiritual enough to sustain interest.","It's never come to a point where the main characters' spirituality is overwhelming, and they'll wind up in their spiritual life, just like their spiritual life is very, very dramatic and sustained.",en,mbart_vectors,352,ZMG,0,"We never truly come to care about the main characters and whether or not they'll wind up together, and Michele's spiritual quest is neither amusing nor dramatic enough to sustain interest."
en:4248,14,20,"Perignon's mysteical is have used some solidd, adult-sight.",Perignon's mysterious talent may have used some otherwise,en,mbart_vectors,355,ZMG,1,"Peralta's mythmaking could have used some informed, adult hindsight."
en:4255,22,35,"Yous will certainly not to spend time time thinking the theater thinking of theovyy lists, finding to spend their kids that to to act like kidsocchio.","You will certainly not spend time thinking of the movie through the gray-scramble of old school movies, and their kids will certainly not be able to spend time",en,mbart_vectors,362,ZMG,1,Adults will certainly want to spend their time in the theater thinking up grocery lists and ways to tell their kids how not to act like Pinocchio.
en:4256,19,31,It as distinctive as as humor humorous as it title to be to make on from but it' clearly been made by affection and emotion.,"It's as distinctively realistic as its movie's humorous premise, and it's clearly one of the darkest scripture to come to",en,mbart_vectors,363,ZMG,1,"Not as distinctive or even as humorous as its needs to be to stand out, but it has clearly been made with affection and care."
en:4257,11,20,A family family film unlike any to be recommendedd by anyone who of USgrounds.,A family film unlike any other to be viewed after the war.,en,mbart_vectors,364,ZMG,0,A generic family comedy unlikely to be appreciated by anyone outside the under-10 set.
en:4261,19,31,"Directorxdirect Jonathandirector Jonathan Levi's shorts to create a trulyianclass, hyper-real-re fall ratherreadfully short.","Director's wise-ass attempts to recreate a truly, deep-blooded satire that is",en,mbart_vectors,368,ZMG,0,"Co-writer/director Jonathan Parker's attempts to fashion a Brazil-like, hyper-real satire fall dreadfully short."
en:4270,10,16,just just doesn't have much... to especially not the moral and.,"just doesn't have much else to it, especially the morality.",en,mbart_vectors,377,ZMG,1,It just doesn't have much else... especially in a moral sense.
en:4271,16,24,A unfamiliar with Mormon traditions will find The Most Boyawm aally awildering.,A fable-shaped tradition that refuses to exist because it's intellectually unavoidable.,en,mbart_vectors,378,ZMG,1,Those unfamiliar with Mormon traditions may find The Singles Ward occasionally bewildering.
en:4273,12,19,"If if talented  will will keep watching watching, and will the funny scenes.","If you've got a talented writer and keep on watching, you will see the magic.",en,mbart_vectors,380,ZMG,2,"But the talented cast alone will keep you watching, as will the fight scenes."
en:4277,9,24,Like Oscar film for but movieer that the struggle of theatr and  us from to give us remember the values.,Like a movie that has been cut and deleted for years and has nothing to show for its unusually funny productions.,en,mbart_vectors,384,ZMG,2,"An important movie, a reminder of the power of film to move us and to make us examine our values."
en:4279,13,24,... filmly talentd film definitelybly script film by a maned artist who definitely has something to his mind.,"... a movie that definitely is not something for everyone, but it is something on his",en,mbart_vectors,386,ZMG,2,A richly imagined and admirably mature work from a gifted director who definitely has something on his mind.
en:4282,12,22,Per the ifs per about that it's a movietythri per permeates the script.,Perfette for a movie that permeates all the emotions of the day.,en,mbart_vectors,389,ZMG,2,But what's nice is that there's a casual intelligence that permeates the script.
en:4287,12,28,Thes likelightly like if you were a olded series film funnybeit funny that for the kind kids kids in the.,"The kids are getting old fast, so they can't get used to the small stuff in the program.",en,mbart_vectors,394,ZMG,1,"Feels slight, as if it were an extended short, albeit one made by the smartest kids in class."
en:4288,7,13,It film just't feel what's comedy comedy.,It just doesn't feel like comedy.,en,mbart_vectors,395,ZMG,1,The picture doesn't know it's a comedy.
en:4294,14,26,"...'s a very-sning, andful human, andly lit and deep finally, deeply spiritualizing.","... a spiritually moving, spiritually deadly project that, finally, is becoming spiritually fulfilling.",en,mbart_vectors,401,ZMG,2,"It's a head-turner -- thoughtfully written, beautifully read and, finally, deeply humanizing."
en:4297,15,33,The in the is iss ate theatrficance by a's a sum-fi spectacle spectacle that an.iffle theAle haspic.,The film is a spectacle of comedy and as an antique spectacle of antique theater.,en,mbart_vectors,404,ZMG,0,Men in Black II achieves ultimate insignificance -- it's the sci-fi comedy spectacle as Whiffle-Ball epic.
en:4299,23,29,Presents a good case while failing to provide the solid to the to care beyond the very basicss of human naturecency.,Presents a good case while failing to provide the reason why he chooses to care beyond the very basics of human nature.,en,mbart_vectors,5,ZPH,1,Presents a good case while failing to provide a reason for us to care beyond the very basic dictums of human decency.
en:4301,16,24,Bullad My My Sweet has so many thingslaws that just be easy to critics to shred,"Bullshit, My Sweet has so many things to say, it just might be easy to shred",en,mbart_vectors,7,ZPH,0,"Bread, My Sweet has so many flaws it would be easy for critics to shred it."
en:4307,22,40,"The theedatbernat had been aeaed to a bitch, would have become a tour and, a that those movies that's not funny it nevers to become funny.","The Delightful Wild had been a long shot, and it would have become a campad, if nothing else, would have become a movie, and it has become",en,mbart_vectors,14,ZPH,1,"If Deuces Wild had been tweaked up a notch it would have become a camp adventure, one of those movies that's so bad it starts to become good."
en:4325,6,10,You don the robust middle- the picture.,You'll love the robust middle-aged characters in this picture.,en,mbart_vectors,32,ZPH,2,I love the robust middle of this picture.
en:4332,19,28,"While rest is worth a movie, but you don't exactly much more from a de  thrills from your entertainment entertainment.","While Not All of Them is worth seeing, you'll probably find it a cheap thrill in your entertainment.",en,mbart_vectors,39,ZPH,1,"The Ring is worth a look, if you don't demand much more than a few cheap thrills from your Halloween entertainment."
en:4343,9,14,It feeld movie footage like still love the old stuff.,"It feels like the new footage of a dead man, still love the old stuff.",en,mbart_vectors,50,ZPH,2,I like the new footage and still love the old stuff.
en:4344,15,29,"While'ly flirts with pre-ochism, but in point is it interest is itssness -- is alreadychoed..","While it briefly flirts with pre-teen fanboys, in the point at which real interest is lost, and is actually lost.",en,mbart_vectors,51,ZPH,1,"It briefly flirts with player masochism, but the point of real interest -- audience sadism -- is evaded completely."
en:4345,10,15,The The Rock Bears be be bad bad as its trailers.,"The Sex of the Stoners films can be bad, despite its humorous",en,mbart_vectors,52,ZPH,0,Could The Country Bears really be as bad as its trailers?
en:4349,6,8,The film seems dead deadly.,The film seems deadly dull.,en,mbart_vectors,56,ZPH,0,The film seems a dead weight.
en:4350,30,48,"Sparkling, often hilarious romantic comedytusy comedy that Attala looks so much like a young Robert DeNiro novel it seems he film should instead focus a WarSp Warband Perry aitor'e...","Sparkling, often hilarious romantic comedy about a boy whose life looks so much like a new screen novel, it seems odd that it should instead be a series of films.",en,mbart_vectors,57,ZPH,2,"Sparkling, often hilarious romantic jealousy comedy... Attal looks so much like a young Robert DeNiro that it seems the film should instead be called `My Husband Is Travis Bickle'."
en:4352,16,22,"The movieudy movie that's mere merely unfunable, but also unbreakable.","The movie's plot is merely unpleasant, and it's also unable to",en,mbart_vectors,59,ZPH,0,"A lousy movie that's not merely unwatchable, but also unlistenable."
en:4354,25,42,"The strong,, powerful art and splendid production design that us to see transported into the ever of a.dysbond,ymber, who is only only a human but but also human human being.","The strong, powerful script and splendid production design that allows us to see the film from the brilliantly staged hoods.",en,mbart_vectors,61,ZPH,2,"A strong script, powerful direction and splendid production design allows us to be transported into the life of Wladyslaw Szpilman, who is not only a pianist, but a good human being."
en:4357,8,12,If's a fanboy `tomever'',If you're a fanboy or,en,mbart_vectors,64,ZPH,1,It's a fanboy `what if?'
en:4360,29,58,"Stephen Reed is a A,n, and Anna Bates,stiny's legal escapavilles, when when compareded by the., the sorts this eloseust quartet loud them the much waters is a pleasant enough,, `kay `'","Stephen Reed, a Aunt Susan, who used to play the Daniel D., is now aloof, with his handsome, blond, bell-shaped blonde character. The movie is pretty much a pleasant enough, `swings.'",en,mbart_vectors,67,ZPH,2,"Stephen Rea, Aidan Quinn, and Alan Bates play Desmond's legal eagles, and when joined by Brosnan, the sight of this grandiloquent quartet lolling in pretty Irish settings is a pleasant enough thing, `tis."
en:4363,8,16,Everything is superficial superficial as the forced New Jersey theatr- characters Thu,Everything is superficial and superficial -- the forced New Jersey audience to re-focus on,en,mbart_vectors,70,ZPH,0,Everything was as superficial as the forced New Jersey lowbrow accent Uma had.
en:4371,19,31,"a fantastic movie in every sense, the word, palpless, banalless, maliless, imud, imful,structxious.","a zombie movie in every sense, one that, in its most palpable, is, purer,",en,mbart_vectors,78,ZPH,0,"A zombie movie in every sense of the word -- mindless, lifeless, meandering, loud, painful, obnoxious."
en:4376,15,31,The-s just the mistakes it other movies make and it determined to to make them look just just is is the problem. movie.,"The Crimes series just seems to have made a mistake, by choosing to make movies with a human capital instead of a",en,mbart_vectors,83,ZPH,1,"High Crimes knows the mistakes that bad movies make and is determined not to make them, and maybe that is nobility of a sort."
en:4379,5,14,"a a murder,ousbomb-screenus projectw..","A murderous, lust-driven thriller.",en,mbart_vectors,86,ZPH,0,... a bland murder-on-campus yawner.
en:4382,11,22,Faufrage a ablings fromtive dialogue and the visual sreckness ofmic to the.,"Faucets aloud from a repetitive dialogue, and the visual slickness of the",en,mbart_vectors,89,ZPH,0,"Suffers from rambling, repetitive dialogue and the visual drabness endemic to digital video."
en:4385,16,21,Features of of the most affecting depictions of how love story ever formula to a.,Features of the most affecting depictions of how love is ever committed to a film.,en,mbart_vectors,92,ZPH,2,Features one of the most affecting depictions of a love affair ever committed to film.
en:4395,17,32,"Like the wedened, would have a patience of his to come through this interminable documentar linear- documentary of his mudding politicalculture.","Like a lost, fragmented voyeur would have found solace in this inability to put through his inability to make jokes.",en,mbart_vectors,102,ZPH,0,"Even a hardened voyeur would require the patience of Job to get through this interminable, shapeless documentary about the swinging subculture."
en:4399,26,36,"The film is a contrivance, as it as the real game and teens may in a nightclub,quence, and it's entirely entirelyable.","The film is a contrivance, as it is in the series on the odd fact that Japanese teens spend most of their nights in a coma.",en,mbart_vectors,106,ZPH,1,"The film is a contrivance, as artificial as the video games Japanese teens play in a nightclub sequence, but it's an enjoyable one."
en:4400,20,29,"At its worst, filmplay is capped, but at its best is is pa thought man's thoughtful and of hishood.","At its worst, the film is cold and cathartic, but at its best, is its thoughtful and thoughtful companionship.",en,mbart_vectors,107,ZPH,1,"At its worst the screenplay is callow, but at its best it is a young artist's thoughtful consideration of fatherhood."
en:4406,22,26,Jeffers has created a breathtakingly detailedd and spareish work of spare dialogue and acute affectiveness.,Jeffers has created a breathtakingly detailed and spare dialogue that delivers acute affection.,en,mbart_vectors,113,ZPH,2,Jeffs has created a breathtakingly assured and stylish work of spare dialogue and acute expressiveness.
en:4430,10,21,Aneka dialoguele of a-bing from Yorkers and a TVless is hook...,"Aneka chronicle of a sumless, unhappy island of",en,mbart_vectors,137,ZPH,1,Anemic chronicle of money grubbing New Yorkers and their serial loveless hook ups.
en:4432,12,17,I I'm decided to stay it film on every night from now on.,I'm decided to stay away from TV for the rest of my life.,en,mbart_vectors,139,ZPH,1,And I've decided to leave a light on every night from now on.
en:4442,13,24,Aalbert rarely featurespens its confidencestor of with to create ae chemistry. asend.,Aalbert Centre rarely features in his famed executive persona -- a genuine chemistry.,en,mbart_vectors,149,ZPH,1,Aaliyah rarely dampens her diva persona enough to spark genuine chemistry with Townsend.
en:4445,19,25,The would not a total loss if not for the supporting performances taking place in the movie's end..,The film would likely have total loss if not for the supporting performances taking place in the first,en,mbart_vectors,152,ZPH,1,... would be a total loss if not for two supporting performances taking place at the movie's edges.
en:4446,25,42,"... excitinging, heartwarmwarmfirmting film about the desperate needs to aese cinemaes to in re.S. re re.s. keep their hopes alive. 2007..",... inspiringly aloof about the desperate need to survive the Vietnamese Holocaust and re re re re re re re re re re re re re re re re re re re re re re re re re re.,en,mbart_vectors,153,ZPH,2,An inspiring and heart-affecting film about the desperate attempts of Vietnamese refugees living in U.S. relocation camps to keep their hopes alive in 1975.
en:4451,12,15,Adams's funniest and like likeable movie in Hollywood.,Adams' funniest and likeable movie in a,en,mbart_vectors,158,ZPH,2,Allen's funniest and most likeable movie in years.
en:4453,17,29,"This is a refreshing humour of witicism in this'', quite an comedyity, even in a film film..","This is a refreshing outlook on the cynical journey of Stuart Little, which is quite an unpleasant, even in a film film",en,mbart_vectors,160,ZPH,2,"There is a refreshing absence of cynicism in Stuart Little 2 -- quite a rarity, even in the family film market."
en:4463,15,26,"Even by the very of she-s, thetboyfood humor, Sorrelity Boys is a phen..","Even by the very least, it often serves as a war-mongering humor, Sorrelous is a flower.",en,mbart_vectors,170,ZPH,0,"Even by the intentionally low standards of frat-boy humor, Sorority Boys is a bowser."
en:4475,17,25,"A stunning, dreamlike visuals will impress even those whoers who have lost patience for reality-I.-s","A stunning dream of experiences, which will impress even those who have lost patience.",en,mbart_vectors,182,ZPH,2,"The stunning, dreamlike visuals will impress even those viewers who have little patience for Euro-film pretension."
en:4490,13,24,"The thosegie thises,, this feel a akinaizing than a side ofsh of thatphalgus.",The Froese is this time a bit too optimistic than a side of Alpha.,en,mbart_vectors,197,ZPH,2,"For VeggieTales fans, this is more appetizing than a side dish of asparagus."
en:4491,33,42,"It it continuess 1967 as the key turning point of 20 20th century, and returns to and again, those that dissidents, the street,, it's alarmingly current.","Its appeal as it continues to proliferate with films of 20, 30, and 40, and returns to its original form, but these films often dissipate in the present, making them alarmingly slow.",en,mbart_vectors,198,ZPH,1,"While it regards 1967 as the key turning point of the 20th century, and returns again and again to images of dissidents in the streets, it's alarmingly current."
en:4496,34,49,"Tattoo Tattoo borrows avily from both Fire and The Silence, the Lambs, it manages to maintain a its rich of sophisticated humour and human-likehat war in areck. movie in.","Tattoo borrowers from both Fire and The Silence, who manages to maintain a thrilling vibe through a game of sophisticated intrigue and human-like characters that never fade.",en,mbart_vectors,203,ZPH,2,"While Tattoo borrows heavily from both Seven and The Silence of the Lambs, it manages to maintain both a level of sophisticated intrigue and human-scale characters that suck the audience in."
en:4499,21,28,"The's the best film of the year so far, but benchmark against all has the Best Picture filmsders should be tod.",The best film of the year is the one that is the benchmark against all other films that the Best Picture confers upon us.,en,mbart_vectors,206,ZPH,2,"It's the best film of the year so far, the benchmark against which all other Best Picture contenders should be measured."
en:4500,14,14,This is one of the biggest disappointments of the year.,This is one of the biggest disappointments of the year.,en,mbart_vectors,207,ZPH,0,This is one of the biggest disappointments of the year.
en:4502,11,41,"Deniseess his the usualries that sex and particularly onfla on primitivly passionsession --sideor largerthind waymult, that,,fla like sexual, sexual, object.","Denise has nothing but it's theories that his classmate just can't have a movie about his sexuality, and his",en,mbart_vectors,209,ZPH,1,"Denis forges out of the theories of class - based rage and sisterly obsession a razor-sided tuning fork that rings with cultural, sexual and social discord."
en:4528,28,44,"A thoroughly aloful movie, narrall, narratively lootic, andly sloppy, as particularly amalgam of `Ci Nighting' and ` nostalgiatric `Gtrip''","A thoroughly aloof, narratively loud and plausable, making it a particularly nostalgic, thrown by acute dawn.",en,mbart_vectors,235,ZPH,0,"A thoroughly awful movie -- dumb, narratively chaotic, visually sloppy... a weird amalgam of `The Thing' and a geriatric `Scream.'"
en:4531,19,36,"The movie has no respect for politicaluit political correctness, the senselicancy -- but it hass a very than -- its for human flawed characters characters.","The movie has no respect for political correctness, its superficial superficial depravity and its inhuman depravity, it has no respect for morality or",en,mbart_vectors,238,ZPH,1,"The movie has no respect for laws, political correctness or common decency, but it displays something more important: respect for its flawed, crazy people."
en:4537,16,36,"The' be aappointuous if call theese the great film, if it'' it it most of the filmscks is in the out the the filmxes.","The film may be a disappointingly poored film, if not the most realistic one, about how people flit on their films, and it flits out the widescreen.",en,mbart_vectors,244,ZPH,1,"It would be disingenuous to call Reno a great film, but you can say that about most of the flicks moving in and out of the multiplex."
en:4541,9,11,Intriguing and downright dangeroustoxicating,Intriguing and downright dangerous.,en,mbart_vectors,248,ZPH,2,Intriguing and downright intoxicating.
en:4543,27,32,Perhaps the most satisfying thing about Who Is Clemens is? It that it's a crime movie made by someone who obviously has nothing about crime.,Perhaps the most satisfying thing about Who Is the Clemens? is that it's a crime movie made by someone who obviously has nothing to say about it.,en,mbart_vectors,250,ZPH,0,Perhaps the most annoying thing about Who Is Cletis Tout? is that it's a crime movie made by someone who obviously knows nothing about crime.
en:4545,18,26,a quirky drama hass the heart of is funny ones to the energetic and always surprising performances Rachel Griffith..,"a quirky drama with a heartfelt heart and a funny funny one, which is always surprising to read from Rachel Griffith.",en,mbart_vectors,252,ZPH,2,The quirky drama touches the heart and the funnybone thanks to the energetic and always surprising performance by Rachel Griffiths.
en:4547,10,12,a and glaffling from the get-go.,awful and glaring from the get-go.,en,mbart_vectors,254,ZPH,0,Bad and baffling from the get-go.
en:4548,24,28,"The film is a blast of educational energy, a wellncy animation and catchy songs do you through the entire 85 minutes.","The film is a blast of educational energy, a perpetual mackerel of humour and catchy songs that can't be found through the entire 90 minutes.",en,mbart_vectors,255,ZPH,2,"The movie is a blast of educational energy, as bouncy animation and catchy songs escort you through the entire 85 minutes."
en:4552,16,38,"What charm charm of this trifle is the perly image effect on a franchises the-nier, res resembles Monaheldnomalone' a fog, war-a.","What a charming trifle -- a comedy that flies past the dead-snake stage and resembles a typical Hollywood comedy, even if it's not kumbaya.",en,mbart_vectors,259,ZPH,1,"The real charm of this trifle is the deadpan comic face of its star, Jean Reno, who resembles Sly Stallone in a hot sake half-sleep."
en:4559,28,56,"Latellet''t avoid a fatal mistake: the form era, it's been his subject comedy stereotyp a lower-class citizenon a exceptional academic and talent that stuss all film's humore tone. shreds the infantil of the.","Late on, and with a ton of humor, it's been slowly made to resemble a lower-class American comedy, while still giving its TV stars the opportunity to shred their judgment.",en,mbart_vectors,266,ZPH,1,"LaBute can't avoid a fatal mistake in the modern era: He's changed the male academic from a lower-class Brit to an American, a choice that upsets the novel's exquisite balance and shreds the fabric of the film."
en:4563,13,17,Gere gives a good performance but a film that just't.,Gere gives a good performance but it's a performance that doesn't,en,mbart_vectors,270,ZPH,1,Gere gives a good performance in a film that doesn't merit it.
en:4567,16,24,"A old, with his fake backdrops and vice- lackved, never settles on consistent consistent consistent.","A solid, hilarious director, with fake backs and consistently muddles the waters.",en,mbart_vectors,274,ZPH,0,"The director, with his fake backdrops and stately pacing, never settles on a consistent tone."
en:4568,17,27,"The did was so a reign over this project, it wrote, directed, produced produced and produced for is beyond Marvel.","The film was so far far over-the-top, and it's star-studded, star-raised, and it's so far from",en,mbart_vectors,275,ZPH,0,"Why he was given free reign over this project -- he wrote, directed, starred and produced -- is beyond me."
en:4569,18,27,"You you' a rewarded with a script that assumes you''t a bright, and Blood ons for you.","You'll find it to be remembered as a funny script, and to have a very bright, happy mood for the movie.",en,mbart_vectors,276,ZPH,0,"If you enjoy being rewarded by a script that assumes you aren't very bright, then Blood Work is for you."
en:4570,14,37,"a ay a,, itber just to be a good ley hisify its roletic skills before giving next film is remember that lessons fromster.t.",a movie by a young man who just happens to be a star after a long time and may not remember the last movie.,en,mbart_vectors,277,ZPH,0,"Like Rudy Yellow Lodge, Eyre needs to take a good sweat to clarify his cinematic vision before his next creation and remember the lessons of the trickster spider."
en:4582,9,11,"A, endearing, poiing, warm.","A endearing, poignant, warm",en,mbart_vectors,289,ZPH,2,"Hard, endearing, caring, warm."
en:4584,23,38,The way Coppola paintses his passion for movies is the theful andsjunk and the banals that arequeslly formfy us funny. is giddyly entertaining.,The way Coppola paints his films is usually colorful -- a sort of throwback to the junk films where the humor is giddy and sometimes very entertaining.,en,mbart_vectors,291,ZPH,2,The way Coppola professes his love for movies -- both colorful pop junk and the classics that unequivocally qualify as art -- is giddily entertaining.
en:4592,26,41,"If won't makest your nostalgi if if it's not intended to appeal because insteads simplyly a cinema, cinematic examinarogaical examination that what makes a joke so joke.","If you won't find any meaningful cinematic oddity in this film, it's probably because of its blandly cinematic narrative and because of this movie's trailer.",en,mbart_vectors,299,ZPH,1,It won't bust your gut -- and it's not intended to -- it's merely a blandly cinematic surgical examination of what makes a joke a joke.
en:4597,16,35,"a underpey--the-the-grounde ister is a to thesion is is a lots, youth-hours-iness that.",a 12-year-old girl to a 21-year-old couple who just becomes a tourists,en,mbart_vectors,304,ZPH,1,"The doofus-on-the-loose banter of Welcome to Collinwood has a cocky, after-hours loopiness to it."
en:4598,14,16,It's the funniest American comedy since Thefiti..,It's the funniest American comedy since The,en,mbart_vectors,305,ZPH,2,It's the funniest American comedy since Graffiti Bridge.
en:4601,23,40,"Often themlling, heartbreaking, watch, the alsoma' Davister's impressiveling performances raise the far- the usual of usual usual maudlinity..","Often the heartbreaking scenes, from Danielle Keane's remarkable performances to the irritatingly atypical telenovelas, springs from the usual maudlinity that",en,mbart_vectors,308,ZPH,2,"Often gruelling and heartbreaking to witness, but Seldahl and Wollter's sterling performances raise this far above the level of the usual maudlin disease movie."
en:4606,14,25,"That it essentially what makess missing from this Pan,, a fa of something that, some ultimateless",That it essentially kept on making a grim sense of something that could have been worse.,en,mbart_vectors,313,ZPH,1,"That is essentially what's missing from Blackboards -- the sense of something bigger, some ultimate point."
en:4609,22,34,"A kind,witting and laggy spinoffoff, the Animals documentary series, whichodile Hunter' an opportunist, its most glaring.","A kindly, dim-drum-filled and never-before-seen avant-premier film, the Animals documentary series is a perpetual Marxist-era indulgence -- in its most glaring",en,mbart_vectors,316,ZPH,0,"A dim-witted and lazy spin-off of the Animal Planet documentary series, Crocodile Hunter is entertainment opportunism at its most glaring."
en:4621,18,23,A awful movie that will only satisfy the most emotionally volatilevoleable film filmmakersers.,A awful movie that will only satisfy the most emotionally volatile filmmakers.,en,mbart_vectors,328,ZPH,0,An awful movie that will only satisfy the most emotionally malleable of filmgoers.
en:4643,37,67,"Godard's ap is aling a's mostous is a banalbling, overaneordinaent manifesto that the fague impression of theal banal. it myise of a,s a glorious ende impressiveentious endeavor.,sparacused and exdioously exasperating.","Godard's aptly documented and impressively poignant literary output is a banalised, over-simplified fantasy project that essentially remains unumflated and exasperatingly exasperating.",en,mbart_vectors,350,ZPH,0,Godard's ode to tackling life's wonderment is a rambling and incoherent manifesto about the vagueness of topical excess... In Praise of Love remains a ponderous and pretentious endeavor that's unfocused and tediously exasperating.
en:4645,26,42,"It never come come to terms about the animal characters, if they not they'll wind up in in is if''s spiritual quest is neither a comedying nor dramatic enough. interest a.","It's never come to a stage about the animal characters, if they'd just wind up in their spiritual quest, and it's neither a realistic nor a dramatic project.",en,mbart_vectors,352,ZPH,0,"We never truly come to care about the main characters and whether or not they'll wind up together, and Michele's spiritual quest is neither amusing nor dramatic enough to sustain interest."
en:4648,15,20,"Perspec's mystemaking could have used some,d, urban materialsight.","Perspective's mysterious artwork could have used some,pure adult material.",en,mbart_vectors,355,ZPH,1,"Peralta's mythmaking could have used some informed, adult hindsight."
en:4655,23,35,"Adults will certainly want to spend time time thinking the theater thinking of theovyy stuffs, finding to tell it kids that to to act likeocchio.","Adults will certainly want to spend time in the theater thinking of the legendary theatermaker's work, but it's too hard to tell how he's doing",en,mbart_vectors,362,ZPH,1,Adults will certainly want to spend their time in the theater thinking up grocery lists and ways to tell their kids how not to act like Pinocchio.
en:4656,17,31,It as distinctive as even humor humorous as what movie to make given make in from it it' clearly been made with bloodion and pride.,"It's a distinctively hilarious movie, even if it's not exactly what Hollywood has been touting about lately with its TV series ""Slumdog Millionaire"".",en,mbart_vectors,363,ZPH,1,"Not as distinctive or even as humorous as its needs to be to stand out, but it has clearly been made with affection and care."
en:4657,13,20,a solid family comedy unlike what to be recommendedd by anyone outside the USgrounds.,a generic family comedy unlike what could be expected from outside the US.,en,mbart_vectors,364,ZPH,0,A generic family comedy unlikely to be appreciated by anyone outside the under-10 set.
en:4661,17,31,"thexdirect Markdirector Parker Parker's attempts at create a trulyianlike, real-real-re is deepreadfully.","the author's attempts to recreate a fashionable, break-real-world-movie reel that's basically",en,mbart_vectors,368,ZPH,0,"Co-writer/director Jonathan Parker's attempts to fashion a Brazil-like, hyper-real satire fall dreadfully short."
en:4670,11,16,But just doesn't have much... to especially not a movie sense.,"But just doesn't have much else to it, especially not a sense",en,mbart_vectors,377,ZPH,1,It just doesn't have much else... especially in a moral sense.
en:4671,17,24,Those unfamiliar with Mormon traditions may well War War War War a aally awildering.,Those unfamiliar with Mormon traditions may well be Ward's oddly mood-popping,en,mbart_vectors,378,ZPH,1,Those unfamiliar with Mormon traditions may find The Singles Ward occasionally bewildering.
en:4673,13,19,"the the talented  will will not you watching, and will the fight tos.","the talented fighters will be watching, and the cruel, talented fighters will",en,mbart_vectors,380,ZPH,2,"But the talented cast alone will keep you watching, as will the fight scenes."
en:4677,17,24,It important movie to to powerfuler of the power of film to move people through to make us believe our values.,"It's a powerful, tempting movie to remind us of the power of film moves to move us forward and to make us remember our values.",en,mbart_vectors,384,ZPH,2,"An important movie, a reminder of the power of film to move us and to make us examine our values."
en:4679,15,24,"It solidly craftd, entirelybly perform musical from a stared director who definitely has something to his mind.",It's richly imagined and entirely unattractively entertaining to see a star from Mars to return to something on,en,mbart_vectors,386,ZPH,2,A richly imagined and admirably mature work from a gifted director who definitely has something on his mind.
en:4682,16,22,It it's nice is that there's so liter outlook that permeates the film.,It's nice to be told that there's no magical intelligence that permeates this film.,en,mbart_vectors,389,ZPH,2,But what's nice is that there's a casual intelligence that permeates the script.
en:4687,17,28,"Thiss solight, as if it were extend aled  film unbeit somewhat that by the kindest kids in.","This is slight, and I'm not sure why it's extended, and I'm not sure why it's",en,mbart_vectors,394,ZPH,1,"Feels slight, as if it were an extended short, albeit one made by the smartest kids in class."
en:4688,9,13,picture picture just't know it's funny movie.,picture just doesn't know it's from,en,mbart_vectors,395,ZPH,1,The picture doesn't know it's a comedy.
en:4694,20,26,"...'s a war-turner, whichfully written, beautifully illustra and finally finally, deeply humanizing.","... a turnout craze, which, simply written, is beautifully illustrated.",en,mbart_vectors,401,ZPH,2,"It's a head-turner -- thoughtfully written, beautifully read and, finally, deeply humanizing."
en:4697,17,33,The in Black II achieves ultimate fameficance with with's the sort-fi spectacle with that.igle therayow hasats.,The Black Box II achieves ultimate fame with its ultimate gravitas at the spectacle's surface.,en,mbart_vectors,404,ZPH,0,Men in Black II achieves ultimate insignificance -- it's the sci-fi comedy spectacle as Whiffle-Ball epic.
en:0:avg,26,29,Presents a good case while failing to provide a reason for us to care beyond the very basicss of human deceptioni.,Presents a good case while failing to provide a reason for us to care beyond the very basics of human deceiving.,en,mbart_vectors_avg,5,average,1,Presents a good case while failing to provide a reason for us to care beyond the very basic dictums of human decency.
en:2:avg,20,24,"Bullad My My Sweet has so many flaws, would be easy to critics to shred it.","Bullshit, My Sweet has so many flaws, it would be easy to shred it.",en,mbart_vectors_avg,7,average,0,"Bread, My Sweet has so many flaws it would be easy for critics to shred it."
en:8:avg,34,40,"If Deedil Wild had been aeaked up a bitch it would have become a camp and, but of those movies that's so bad it starts to become good.","If Deeded Wild had been a bit lighter up a notch, it would have become a camp and adventure, but one of those movies that's so bad it starts to become good.",en,mbart_vectors_avg,14,average,1,"If Deuces Wild had been tweaked up a notch it would have become a camp adventure, one of those movies that's so bad it starts to become good."
en:26:avg,8,10,You don the robust middle of this picture.,You'll love the robust middle of this picture.,en,mbart_vectors_avg,32,average,2,I love the robust middle of this picture.
en:33:avg,27,28,"The Ring is worth a look, if you don't mind much more than a few cheap thrills from your Halloween entertainment.","The Ring is worth a look, if you don't mind much more than a few cheap thrills from your Halloween entertainment.",en,mbart_vectors_avg,39,average,1,"The Ring is worth a look, if you don't demand much more than a few cheap thrills from your Halloween entertainment."
en:44:avg,11,14,Feel feel the movie footage and still love the old stuff.,Feels like the new footage and still love the old stuff.,en,mbart_vectors_avg,50,average,2,I like the new footage and still love the old stuff.
en:45:avg,22,29,"It briefly flirts with movie furochism, but the point of real interest is thesness -- is ecliped completely.","It briefly flirts with movie criticism, but the point of real interest is that the audience is actually completely disappointed.",en,mbart_vectors_avg,51,average,1,"It briefly flirts with player masochism, but the point of real interest -- audience sadism -- is evaded completely."
en:46:avg,12,15,Could The Story Peoples really be as bad as its titles?,Could The Lay-over films really be as bad as their earlier clips?,en,mbart_vectors_avg,52,average,0,Could The Country Bears really be as bad as its trailers?
en:50:avg,6,8,The film seems a deadly to,The film seems a deadly dead weight.,en,mbart_vectors_avg,56,average,0,The film seems a dead weight.
en:51:avg,39,48,"Sparkling, often hilarious romantic comedyalousy comedy The Attal looks so much like a young Robert DeNiro' it seems the film should instead be called MyMy Boyband Is Travis'cker...","Sparkling, often hilarious romantic comedy that at first glance looks so much like a young Robert DeGeneres novel, but it seems the film should instead be called My Boyband Is Travis.",en,mbart_vectors_avg,57,average,2,"Sparkling, often hilarious romantic jealousy comedy... Attal looks so much like a young Robert DeNiro that it seems the film should instead be called `My Husband Is Travis Bickle'."
en:53:avg,19,22,"A loudy movie that's not merely unfunable, but also unableable.","A loud and fuzzy movie that's not merely unwatchable, but also un-un-un-until",en,mbart_vectors_avg,59,average,0,"A lousy movie that's not merely unwatchable, but also unlistenable."
en:55:avg,33,42,"A strong script, powerful direction and splendid production design that us to be transported into the life of a.dysbond,ymlar, a is not only a great, but a good human being.","A strong script, powerful direction and splendid production design that allows us to be transported into the life of a wicked Berliner, who is not only funny, but a good human being.",en,mbart_vectors_avg,61,average,2,"A strong script, powerful direction and splendid production design allows us to be transported into the life of Wladyslaw Szpilman, who is not only a pianist, but a good human being."
en:58:avg,8,12,It's a fanboy'however'',It's a fanboy's `tomboy'.,en,mbart_vectors_avg,64,average,1,It's a fanboy `what if?'
en:61:avg,39,58,"Stephen Rea, A A,n, and Alan Bates playstiny's legalistpicles, and when youed by the., the sort of this eloseust quartet loving in pretty Irish sets is a pleasant enough,, `t ` `","Stephen Rea, A Atheist, and Alan Bates, who plays the same tennis as Daniel, when first met by Bros., the sort of dreams that this illiterate quartet lovingly looms is. Actually, it's a pleasant big, weird, projective, `s.d.a.r.a.. `.",en,mbart_vectors_avg,67,average,2,"Stephen Rea, Aidan Quinn, and Alan Bates play Desmond's legal eagles, and when joined by Brosnan, the sight of this grandiloquent quartet lolling in pretty Irish settings is a pleasant enough thing, `tis."
en:64:avg,10,16,Everything was as superficial as the forced New Jersey-- characters Thu given,Everything was as superficial as the forced New Jersey-based chick-lit drama Avatar.,en,mbart_vectors_avg,70,average,0,Everything was as superficial as the forced New Jersey lowbrow accent Uma had.
en:72:avg,20,31,"a zombie movie in every sense, the word, palpless, rumless, slu-, imud, stupidful, ustructxious.","a zombie movie in every sense, palpable, in every sense, is, purer,",en,mbart_vectors_avg,78,average,0,"A zombie movie in every sense of the word -- mindless, lifeless, meandering, loud, painful, obnoxious."
en:77:avg,24,31,High-s just the mistakes that so movies make and is determined to to make them better and just that is no reason of a sort.,"High-Speed Crimes just does the chomps that bad movies make and is determined not to make them again, and maybe that is no use of a sort of cult.",en,mbart_vectors_avg,83,average,1,"High Crimes knows the mistakes that bad movies make and is determined not to make them, and maybe that is nobility of a sort."
en:80:avg,8,14,"... a bland,-bomb-aus projectcht..","... a bland, murder-coming-fans film.",en,mbart_vectors_avg,86,average,0,... a bland murder-on-campus yawner.
en:83:avg,12,22,Frofrage a ablings contemplative dialogue and the visual sreckness ofmic to a video.,"Frosh's ramblings, from a pure dialogue and the visual slickness of a movie, are endearing to the virtual reality.",en,mbart_vectors_avg,89,average,0,"Suffers from rambling, repetitive dialogue and the visual drabness endemic to digital video."
en:86:avg,20,21,Features one of the most affecting depictions of a love affair ever committed to a.,Features one of the most affecting depictions of a love affair ever committed to a film.,en,mbart_vectors_avg,92,average,2,Features one of the most affecting depictions of a love affair ever committed to film.
en:96:avg,25,32,Even a wedened voyeur would have the patience of a to get through this interminable documentar tire- documentary about the swinging cinemaculture.,Even a weaker critic would have to find the patience of his Playboy companions to get through this interminable documentary about the swinging cinema.,en,mbart_vectors_avg,102,average,0,"Even a hardened voyeur would require the patience of Job to get through this interminable, shapeless documentary about the swinging subculture."
en:100:avg,30,36,"The film is a contrivance, as in as the reality game and teens play in a nightclub,quence, but it's an entirelyable one.","The film is a contrivance, as in its natural creation, and as in the video games Japanese teens play in a night of cancellation, but it's an entirely unpleasant one.",en,mbart_vectors_avg,106,average,1,"The film is a contrivance, as artificial as the video games Japanese teens play in a nightclub sequence, but it's an enjoyable one."
en:101:avg,27,29,"At its worst the screenplay is cathar, but at its best it is a young artist's thoughtful consideration of hishood.","At its worst the screenplay is cathartic, but at its best it is a young artist's thoughtful consideration of his father.",en,mbart_vectors_avg,107,average,1,"At its worst the screenplay is callow, but at its best it is a young artist's thoughtful consideration of fatherhood."
en:107:avg,23,26,Jeffers has created a breathtakingly detailedd and stylish work of spare dialogue and acute affectiveness.,Jeffers has created a breathtakingly detailed and stylish work of spare dialogue and acute affectiveness.,en,mbart_vectors_avg,113,average,2,Jeffs has created a breathtakingly assured and stylish work of spare dialogue and acute expressiveness.
en:131:avg,14,21,Anekalyle of a andbing from Yorkers and their serialless thu hook ups.,"Anekale and unevenly muddled film, requiring a vast amount of time and their serialless hook ups.",en,mbart_vectors_avg,137,average,1,Anemic chronicle of money grubbing New Yorkers and their serial loveless hook ups.
en:133:avg,16,17,And I'm decided to leave a light on every night from now on.,And I'm decided to leave a light on every night from now on.,en,mbart_vectors_avg,139,average,1,And I've decided to leave a light on every night from now on.
en:143:avg,17,24,Aalbert rarely doespens her executivestress- with to spark genuine chemistry with asend.,"Aalbert Centre rarely features in his executive persona, is enough to spark genuine chemistry with a Sean Connery.",en,mbart_vectors_avg,149,average,1,Aaliyah rarely dampens her diva persona enough to spark genuine chemistry with Townsend.
en:146:avg,22,25,It would be a total loss if not for two supporting performances taking place at the movie's end..,It would be a total loss if not for the performances taking place at the movie's end.,en,mbart_vectors_avg,152,average,1,... would be a total loss if not for two supporting performances taking place at the movie's edges.
en:147:avg,31,42,An inspiring and heartfeltwarmfirmting film about the desperate attempts of Eastese refugees living in the.S. a re.s. keep their hopes veve in 2007..,An inspiring and heartwarming film about the desperate attempts of Eastern Asia to survive in the re re re reams.,en,mbart_vectors_avg,153,average,2,An inspiring and heart-affecting film about the desperate attempts of Vietnamese refugees living in U.S. relocation camps to keep their hopes alive in 1975.
en:152:avg,14,15,Adams's funniest and most likeable movie in years.,Adams' funniest and most likeable movie in years.,en,mbart_vectors_avg,158,average,2,Allen's funniest and most likeable movie in years.
en:154:avg,21,29,"There is a refreshing outlook of witicism in Stuart'', quite a bizarreity, even in the film film program.","There is a refreshing outlook of wit and witt in Stuart's Little 2, but it's not quite a comedy, even in the film program.",en,mbart_vectors_avg,160,average,2,"There is a refreshing absence of cynicism in Stuart Little 2 -- quite a rarity, even in the family film market."
en:164:avg,18,26,"Even by the relativeally low standards of azzboyfood humor, Sorrelity Boys is a phen to.","Even by the relatively low standards of a boy's humor, Sorrelous Boys is a phenomenal bow.",en,mbart_vectors_avg,170,average,0,"Even by the intentionally low standards of frat-boy humor, Sorority Boys is a bowser."
en:176:avg,21,25,"The stunning, dreamlike visuals will impress even those viewers who have little patience for the-ske-tensions","The stunning, dreamlike visuals will impress even those viewers who have little patience for the war-fighting documentary pretensions.",en,mbart_vectors_avg,182,average,2,"The stunning, dreamlike visuals will impress even those viewers who have little patience for Euro-film pretension."
en:191:avg,17,24,"For thosegie fanses fans, this is more chillaizing than a side-sh of shamphalgus.","For those Froogs, this is more chilling than a side-strip of that shameful, breathtaking story.",en,mbart_vectors_avg,197,average,2,"For VeggieTales fans, this is more appetizing than a side dish of asparagus."
en:192:avg,40,42,"While it regards 1967 as the key turning point of the 20th century, and returns again and again to images of dissidents living the street,, it's alarmingly current.","While it regards 1967 as the key turning point of the 20th century, and returns again and again to images of dissidents living in the street, it's alarmingly current.",en,mbart_vectors_avg,198,average,1,"While it regards 1967 as the key turning point of the 20th century, and returns again and again to images of dissidents in the streets, it's alarmingly current."
en:197:avg,44,49,"While Tattoo borrows avily from both Fire and The Silence of the Lambs, it manages to maintain both a level of sophisticated intrigue and human-likehat characters that weck the audience in.","While Tattoo borrows a breathtakingly heavily from both Fire and The Silence of the Lambs, it manages to maintain both a level of sophisticated intrigue and human-like characters that we don't care about.",en,mbart_vectors_avg,203,average,2,"While Tattoo borrows heavily from both Seven and The Silence of the Lambs, it manages to maintain both a level of sophisticated intrigue and human-scale characters that suck the audience in."
en:200:avg,25,28,"It's the best film of the year so far, the benchmark against all all other Best Picture filmsders should be beatd.","It's the best film of the year so far, the benchmark against all other Best Picture films is almost meaningless.",en,mbart_vectors_avg,206,average,2,"It's the best film of the year so far, the benchmark against which all other Best Picture contenders should be measured."
en:201:avg,14,14,This is one of the biggest disappointments of the year.,This is one of the biggest disappointments of the year.,en,mbart_vectors_avg,207,average,0,This is one of the biggest disappointments of the year.
en:203:avg,25,41,"Denis forges out of the hiries of class based based onsquare and religiously passionsession -sideor largerthind,mult, that, rings with sexual, sexual and social discord.","Denis forges out of the hives of his classmate Jerry Brown's piro-show, based on rage and passion, instead of casting a ragged, flawed yarn.",en,mbart_vectors_avg,209,average,1,"Denis forges out of the theories of class - based rage and sisterly obsession a razor-sided tuning fork that rings with cultural, sexual and social discord."
en:229:avg,31,44,"A thoroughly aloful movie, narrall, narratively lootic, andly sloppy and is weird amalgam of `The Thing' and ` nostalgiatric `Ratrip''","A thoroughly aloof, narratively brief and visually sloppy... a weird amalgam of `The Thing' and `Ciné', and a nostalgic `Rainbow'.",en,mbart_vectors_avg,235,average,0,"A thoroughly awful movie -- dumb, narratively chaotic, visually sloppy... a weird amalgam of `The Thing' and a geriatric `Scream.'"
en:232:avg,28,36,"The movie has no respect for fact, political correctness, common delicai, but it seemss something more important than its for its flawed, funny people.","The movie has no respect for facts, political correctness, or common delicacy, but it seems to have been made more important by the flawed, funny people.",en,mbart_vectors_avg,238,average,1,"The movie has no respect for laws, political correctness or common decency, but it displays something more important: respect for its flawed, crazy people."
en:238:avg,31,36,"It would be aappointuous to call Reese a great film, but you can say that about most of the flicks moving in and out of the 35xes.","It would be a disappointingly long ride to see Reese's great film, but you can say that about most of the flicks moving in and out of the 35-40.",en,mbart_vectors_avg,244,average,1,"It would be disingenuous to call Reno a great film, but you can say that about most of the flicks moving in and out of the multiplex."
en:242:avg,9,11,Intriguing and downright dangeroustoxicating,Intriguing and downright dangerous.,en,mbart_vectors_avg,248,average,2,Intriguing and downright intoxicating.
en:244:avg,28,32,Perhaps the most satisfying thing about Who Is Clemens?? It that it's a crime movie made by someone who obviously knows nothing about crime.,Perhaps the most satisfying thing about Who Is The Clemens? It is that it's a crime movie made by someone who obviously knows nothing about crime.,en,mbart_vectors_avg,250,average,0,Perhaps the most annoying thing about Who Is Cletis Tout? is that it's a crime movie made by someone who obviously knows nothing about crime.
en:246:avg,24,26,The quirky drama touches the heart and the funny ones to the energetic and always surprising performance by Rachel Griffiths.,"The quirky drama touches the heart and the funny oneness, thanks to the energetic and always surprising performance by Rachel Griffiths.",en,mbart_vectors_avg,252,average,2,The quirky drama touches the heart and the funnybone thanks to the energetic and always surprising performance by Rachel Griffiths.
en:248:avg,10,12,Bad and glaffling from the start-go.,Bad and glaring from the start.,en,mbart_vectors_avg,254,average,0,Bad and baffling from the get-go.
en:249:avg,25,28,"The movie is a blast of educational energy, as wellncy animation and fiery songs that you through the entire 85 minutes.","The movie is a blast of educational energy, as well as a perpetual rut of humour and catchy songs that can't get you through the entire 85 minutes.",en,mbart_vectors_avg,255,average,2,"The movie is a blast of educational energy, as bouncy animation and catchy songs escort you through the entire 85 minutes."
en:253:avg,27,38,"The real charm of this trifle is the bonely comic face of its star, Jean-my, who reembles Stilqui andlone in a hot race to-a.","The real charm of this trifle is the deadly comic face of its star, Jean-Pierre Reilly, who re-imagines and resembles Mr. Coelho in a hot silicone swimmare.",en,mbart_vectors_avg,259,average,1,"The real charm of this trifle is the deadpan comic face of its star, Jean Reno, who resembles Sly Stallone in a hot sake half-sleep."
en:260:avg,47,56,"Latelette can avoidt avoid a fatal mistake in the modern era: He's been the male academic from a lower-class American to an American, and simple that supsets the film's exquisite balance and shreds the fabric of the film.","Late on, and flat out won't be the same. He's been changed from a lower-class Brit to an exceptionally talented American, and a simple formula that sets the film's supreme balance and shreds the fabric of the film.",en,mbart_vectors_avg,266,average,1,"LaBute can't avoid a fatal mistake in the modern era: He's changed the male academic from a lower-class Brit to an American, a choice that upsets the novel's exquisite balance and shreds the fabric of the film."
en:264:avg,17,17,Gere gives a good performance in a film that doesn't merit it.,Gere gives a good performance in a film that doesn't merit it.,en,mbart_vectors_avg,270,average,1,Gere gives a good performance in a film that doesn't merit it.
en:268:avg,21,24,"The director, with his fake backdrops and vice- pacing, never settles on a consistent tone of","The director, with his fake backdrops and vice versa, never settles on a consistent tone.",en,mbart_vectors_avg,274,average,0,"The director, with his fake backdrops and stately pacing, never settles on a consistent tone."
en:269:avg,25,27,"Why he was given free reign over this project -- he wrote, directed, producedved and produced -- is beyond me.","Why he was given free reign over this project -- he wrote, directed, produced and produced is beyond me.",en,mbart_vectors_avg,275,average,0,"Why he was given free reign over this project -- he wrote, directed, starred and produced -- is beyond me."
en:270:avg,26,27,"If you' being rewarded by a script that assumes you aren't very bright, then Blood Work is for you.","If you're to enjoy being rewarded by a script that assumes you aren't very bright, then Blood Work is for you.",en,mbart_vectors_avg,276,average,0,"If you enjoy being rewarded by a script that assumes you aren't very bright, then Blood Work is for you."
en:271:avg,29,37,"Like ay,,, whosere' to take a good pa to clarify his cinematic vision before his next creation and remember the lessons of the cascaster.der.","Like a Boyhood War, which, while its movie-lovers may wish to put a lot of their patience into a cinematic vision before his next creation, they do not remember the lessons of the tournament.",en,mbart_vectors_avg,277,average,0,"Like Rudy Yellow Lodge, Eyre needs to take a good sweat to clarify his cinematic vision before his next creation and remember the lessons of the trickster spider."
en:283:avg,11,11,"Hard, endearing, caring, warm.","Hard, endearing, caring, warm.",en,mbart_vectors_avg,289,average,2,"Hard, endearing, caring, warm."
en:285:avg,30,38,"The way Coppola obsesses his love for movies is the theful and junk and the classics that unequivocally definefy as art, is giddyly entertaining.",The way Coppola obsesses his love for movies with both colorful pop junk and the filmy classics that unequivocally defines his art. The art is giddy and entertaining.,en,mbart_vectors_avg,291,average,2,The way Coppola professes his love for movies -- both colorful pop junk and the classics that unequivocally qualify as art -- is giddily entertaining.
en:293:avg,34,41,"It won't bust your guts and it's not intended to. because's merely a cinema, cinematic examinarogaical examination of what makes a joke a joke.","It won't bust your guts and it's not intended to put a comedy down. Instead, it's merely a temporary, cinematic demonstration of what makes a joke a joke.",en,mbart_vectors_avg,299,average,1,It won't bust your gut -- and it's not intended to -- it's merely a blandly cinematic surgical examination of what makes a joke a joke.
en:298:avg,21,35,"The underpey--to-a-walle starter of Welcome to theder has has a dicky, under-hours-iness that it.","The under-the-hooder, the paranoid former of Welcome to Bridgestone has a dick-snake effect on it.",en,mbart_vectors_avg,304,average,1,"The doofus-on-the-loose banter of Welcome to Collinwood has a cocky, after-hours loopiness to it."
en:299:avg,14,16,It's the funniest American comedy since thefiti..,It's the funniest American comedy since the Ferrandi Bridge.,en,mbart_vectors_avg,305,average,2,It's the funniest American comedy since Graffiti Bridge.
en:302:avg,34,40,"Often gruelinglling and heartbreaking to watch, but Sellar and Hartter's reling performances raise this far above the level of the usual maudlin- movie.","Often grueling and heartbreaking to watch, but Sellar's relentless and ultimately believable performances will raise this far above the level of the usual maudlin-like movie.",en,mbart_vectors_avg,308,average,2,"Often gruelling and heartbreaking to witness, but Seldahl and Wollter's sterling performances raise this far above the level of the usual maudlin disease movie."
en:307:avg,21,25,"That is essentially what makess missing from Black Pan,, the sense of something bigger, some ultimate point.","That is essentially what makes Captain Marvel unlikely to give us anything bigger, some ultimate point.",en,mbart_vectors_avg,313,average,1,"That is essentially what's missing from Blackboards -- the sense of something bigger, some ultimate point."
en:310:avg,28,34,"A kind,witted and laggy spin-off of the Animal Planet documentary series, theele Hunter is entertainment opportunist at its most glaring.","A kindly, dim-down-the-ramp documentary series, the Angels on the Beach documentary series, and Leviathan's entertainment opportunism at its most glaring.",en,mbart_vectors_avg,316,average,0,"A dim-witted and lazy spin-off of the Animal Planet documentary series, Crocodile Hunter is entertainment opportunism at its most glaring."
en:322:avg,19,23,A awful movie that will only satisfy the most emotionally volatilevoleable of filmmakersers.,A awful movie that will only satisfy the most emotionally volatile of filmmakers.,en,mbart_vectors_avg,328,average,0,An awful movie that will only satisfy the most emotionally malleable of filmgoers.
en:344:avg,48,67,Godard's ap to aling his's wonders is a rambling and overaneordinaent manifesto about the fague impression of hisal eventses In aise of Love remains a glorious and impressiveentious endeavor that's unuscussed and excessivedioously exasperating.,"Godard's apt musings toling down memory lanes is a rambling and over-the-top manifesto about the famine's affectionate tendencies... In a tempo, which remains a glorious and impressive endeavor, it's unusmatic and exasperating.",en,mbart_vectors_avg,350,average,0,Godard's ode to tackling life's wonderment is a rambling and incoherent manifesto about the vagueness of topical excess... In Praise of Love remains a ponderous and pretentious endeavor that's unfocused and tediously exasperating.
en:346:avg,35,42,"We never truly come to a about the main characters, if or not they windll wind up together, and Vincent''s spiritual quest is neither amusing nor realist enough to sustain interest.","We never truly come to a point where we'll see the main characters grow up together, and if Vincent's spiritual quest is neither amusing nor realistic enough to sustain interest.",en,mbart_vectors_avg,352,average,0,"We never truly come to care about the main characters and whether or not they'll wind up together, and Michele's spiritual quest is neither amusing nor dramatic enough to sustain interest."
en:349:avg,15,20,"Perspec's mystemaking could have used some,d, urban materialsight.","Perspective's mysterious artwork could have used some,pure adult material.",en,mbart_vectors_avg,355,average,1,"Peralta's mythmaking could have used some informed, adult hindsight."
en:356:avg,33,35,Adults will certainly want to spend their time in the theater thinking up theovyy lists and ways to tell their kids how not to act like Pinocchio.,Adults will certainly want to spend their time in the theater thinking up the boob tubes and ways to tell their kids how not to act like Pinocchio.,en,mbart_vectors_avg,362,average,1,Adults will certainly want to spend their time in the theater thinking up grocery lists and ways to tell their kids how not to act like Pinocchio.
en:357:avg,28,31,Not as distinctive or even as humorous as its title to be to make out from but it has clearly been made with affection and care.,"Not as distinctive or even as humorous as its title implies, it seems to be made out of popcorn, but it has clearly been made with affection and care.",en,mbart_vectors_avg,363,average,1,"Not as distinctive or even as humorous as its needs to be to stand out, but it has clearly been made with affection and care."
en:358:avg,17,20,A generic family comedy unlikely to be welcomed by anyone outside the underground year.,A generic family comedy unlikely to be welcomed by anyone outside the underground cast.,en,mbart_vectors_avg,364,average,0,A generic family comedy unlikely to be appreciated by anyone outside the under-10 set.
en:362:avg,22,31,"Directorxau Jonathandirector Jonathan Parker's attempts to create a trulyianlike, hyper-real-re fall ratherreadfully short.","Director's best-seller as well as his own, virtually-real-rape-trip.",en,mbart_vectors_avg,368,average,0,"Co-writer/director Jonathan Parker's attempts to fashion a Brazil-like, hyper-real satire fall dreadfully short."
en:371:avg,14,16,It just doesn't have much to to especially in a moral sense.,"It just doesn't have much to do with it, especially in a moral sense.",en,mbart_vectors_avg,377,average,1,It just doesn't have much else... especially in a moral sense.
en:372:avg,19,24,Those unfamiliar with Mormon traditions may not The Moviess Warm intellectually awildering.,Those unfamiliar with Mormon traditions may not find The Movies Wartimeally unavoidable.,en,mbart_vectors_avg,378,average,1,Those unfamiliar with Mormon traditions may find The Singles Ward occasionally bewildering.
en:374:avg,19,19,"But the talented cast alone will keep you watching, as will the fight scenes.","But the talented cast alone will keep you watching, as will the fight scenes.",en,mbart_vectors_avg,380,average,2,"But the talented cast alone will keep you watching, as will the fight scenes."
en:378:avg,23,24,"An important movie, a reminder of the power of film to move us and to make us remember our values.","An important movie, a reminder of the power of film to move us and to make us remember our values.",en,mbart_vectors_avg,384,average,2,"An important movie, a reminder of the power of film to move us and to make us examine our values."
en:380:avg,22,24,A richly imagined and admirably pra work from a gifted director who definitely has something to his mind.,A richly imagined and admirably featured work from a gifted director who definitely has something to say about his art.,en,mbart_vectors_avg,386,average,2,A richly imagined and admirably mature work from a gifted director who definitely has something on his mind.
en:383:avg,21,22,But it's nice is that there's a casual intelligence that permeates the script.,But it's nice to see that there's a casual intelligence that permeates the script.,en,mbart_vectors_avg,389,average,2,But what's nice is that there's a casual intelligence that permeates the script.
en:388:avg,25,28,"Feels slight, as if it were an extended, film andbeit one made by the smartest kids in class.","Feels slight, as if it were an extended, extended program that was not made by the smartest kids in class.",en,mbart_vectors_avg,394,average,1,"Feels slight, as if it were an extended short, albeit one made by the smartest kids in class."
en:389:avg,12,13,The picture doesn't know it's a comedy or,The picture doesn't know it's a comedy or a romantic comedy.,en,mbart_vectors_avg,395,average,1,The picture doesn't know it's a comedy.
en:395:avg,24,26,"It's a tur-turner -- thoughtfully written, beautifully read and finally finally, deeply humanizing.","It's a turner -- thoughtfully written, beautifully read and finally deeply humanizing.",en,mbart_vectors_avg,401,average,2,"It's a head-turner -- thoughtfully written, beautifully read and, finally, deeply humanizing."
en:398:avg,25,33,Men in Black II achieves ultimate fameficance with it's the sci-fi comedy spectacle as an.iffle.Eow.pic.,"Men in Black II achieves ultimate fame with his bizarre, chaotic comedy spectacle as an over-simplified epic.",en,mbart_vectors_avg,404,average,0,Men in Black II achieves ultimate insignificance -- it's the sci-fi comedy spectacle as Whiffle-Ball epic.
