trial,tf_correct,tf_scored,tf_text,free_text,lang,condition,sentence_id,reader,label,gold
en:0,24,29,Presents a case case while tryinging to provide a reason for people to care beyond the very basicss of human deceit.,Presents a case while trying to provide a reason for people to care beyond the very basics of human dignity.,en,word_vectors,5,ZAB,1,Presents a good case while failing to provide a reason for us to care beyond the very basic dictums of human decency.
en:2,18,24,"Broad My My Sweet has so many flaws, would be easy for critics to rerink..","Broad My Sweet has so many flaws, it would be easy for critics to resent it.",en,word_vectors,7,ZAB,0,"Bread, My Sweet has so many flaws it would be easy for critics to shred it."
en:8,30,40,"If Footcimaces hade been trimeaked up a ch, would have become a camp adventure one one of those movies that sos so good it starts to become good.","If Footage had been trimmed up a chop, it would have become a camp adventure one of those movies that so starts to become good.",en,word_vectors,14,ZAB,1,"If Deuces Wild had been tweaked up a notch it would have become a camp adventure, one of those movies that's so bad it starts to become good."
en:26,10,10,I love the robust middle of this picture.,I love the robust middle of this picture.,en,word_vectors,32,ZAB,2,I love the robust middle of this picture.
en:33,23,28,"The movie is worth a watch, but you don't demand much more than a few cheap DVDthrills from the Halloween entertainment.","The movie is worth a watch, but you'll pay much more than a few cheap DVDs from the Halloween entertainment.",en,word_vectors,39,ZAB,1,"The Ring is worth a look, if you don't demand much more than a few cheap thrills from your Halloween entertainment."
en:44,12,14,I love the new footage and still love the old one.,I love the new footage and still love the old one.,en,word_vectors,50,ZAB,2,I like the new footage and still love the old stuff.
en:45,19,29,"It briefly flirts with player Aochism, to the point is real life is the --ness -- is evacliped completely.","It briefly flirts with player A., to the point of realising that the audience is ignorant, and is evaded completely.",en,word_vectors,51,ZAB,1,"It briefly flirts with player masochism, but the point of real interest -- audience sadism -- is evaded completely."
en:46,15,15,Could The Country Bears really be as bad as its trailers?,Could The Country Bears really be as bad as its trailers?,en,word_vectors,52,ZAB,0,Could The Country Bears really be as bad as its trailers?
en:50,7,8,The film seems to dead weight.,The film seems to have dead weight.,en,word_vectors,56,ZAB,0,The film seems a dead weight.
en:51,34,48,"Sparkling often often funnyhilarious romantic,alousy comedy, Ata looks so much like a young Robert DeNiro, it seems like only should instead be called TheThe Husband Is Richardvis Barreckle..","Sparkling often funny romantic, cynical comedy attains looks so much like a young Robert DeNiro, it seems like he should instead be called his wife, whose Husband Is Richard Branson.",en,word_vectors,57,ZAB,2,"Sparkling, often hilarious romantic jealousy comedy... Attal looks so much like a young Robert DeNiro that it seems the film should instead be called `My Husband Is Travis Bickle'."
en:53,17,22,"A louy movie, iss not justly unwatchable, but also uninable.","A louchy movie is not just unwatchable, but also unintelligible.",en,word_vectors,59,ZAB,0,"A lousy movie that's not merely unwatchable, but also unlistenable."
en:55,33,42,"A strong script, powerful direction and splendid production design allows it to be transported into the life of Lihiwy Wis,umski, who is not only a pianist but but a good human being.","A strong script, powerful direction and splendid production design allows it to be transported into a life of luxury, luxury, luxury, luxury. It is the only film that pianists can produce with good human being.",en,word_vectors,61,ZAB,2,"A strong script, powerful direction and splendid production design allows us to be transported into the life of Wladyslaw Szpilman, who is not only a pianist, but a good human being."
en:58,8,12,"'s a fanboy,what if'',",,en,word_vectors,64,ZAB,1,It's a fanboy `what if?'
en:61,41,58,"Stephen Reid, Annalain Jonesn, and Alan Adamss playsmond's legalistagles, and when joined by Dunan, the sight of the cosequent trioet driftlling in pretty American settings is a pleasant enough thing. ``tiss","Stephen Reid, Annan Jones, and Alan Benson plays Schindler's legal arm, and when joined by Dustin Brodsky, the sight of the clever, ruthless trioling in pretty American settings is a pleasant enough thing.",en,word_vectors,67,ZAB,2,"Stephen Rea, Aidan Quinn, and Alan Bates play Desmond's legal eagles, and when joined by Brosnan, the sight of this grandiloquent quartet lolling in pretty Irish settings is a pleasant enough thing, `tis."
en:64,12,16,Everything was superficial superficial as the forced New Jersey low accent accent Umama,Everything was superficial and the forced New Jersey low accent Uma had,en,word_vectors,70,ZAB,0,Everything was as superficial as the forced New Jersey lowbrow accent Uma had.
en:72,21,31,"A zombie movie that every sense of the word,lessless life lifeless, calculadering, painne, irritaful. provocanoxious.","A zombie movie that's every bit as unsettling as the movie itself,lessless lifeless, calculating, painful, provocative.",en,word_vectors,78,ZAB,0,"A zombie movie in every sense of the word -- mindless, lifeless, meandering, loud, painful, obnoxious."
en:77,20,31,The Crime knows knows the mistakes that bad movies make and is determined to to let them any but maybe it there no reason' sort sort.,The crimefighter knows the mistakes that bad movies make and is determined to fix them -- maybe it is no different than the sort,en,word_vectors,83,ZAB,1,"High Crimes knows the mistakes that bad movies make and is determined not to make them, and maybe that is nobility of a sort."
en:80,7,14,"A bland bland,ousmys-theus wner.","A bland, insane, corruption-engendering.",en,word_vectors,86,ZAB,0,... a bland murder-on-campus yawner.
en:83,18,22,"Disfers from abling, repetitive dialogue and the visual stigmarangness endemic to digital video.","Dissident from raging repetitive dialogue in the visual binding, endemic, digital video.",en,word_vectors,89,ZAB,0,"Suffers from rambling, repetitive dialogue and the visual drabness endemic to digital video."
en:86,20,21,Features one of the most affecting imagespictions of a love affair ever committed to film.,"Features one of the most affecting images of love, ever committed to film.",en,word_vectors,92,ZAB,2,Features one of the most affecting depictions of a love affair ever committed to film.
en:96,21,32,"Even a harddered voyeur can have a patience of a to go through this arbitraterminable,lessless documentary about the swing culture cultureculture.",Even a hardfoster voyeur can't have patience to watch Job 2 go through an arbitraryless documentary about the swing culture.,en,word_vectors,102,ZAB,0,"Even a hardened voyeur would require the patience of Job to get through this interminable, shapeless documentary about the swinging subculture."
en:100,31,36,"The film is a bicivance, as artificial as the video of Japanese teens are in a nightclub schedulequence, but it's an enjoyable one.","The film is a bickeringly artificial as the video of Japanese teens in a nightclub setup, but it's an enjoyable one.",en,word_vectors,106,ZAB,1,"The film is a contrivance, as artificial as the video games Japanese teens play in a nightclub sequence, but it's an enjoyable one."
en:101,23,29,"At its worst, screen is is callcko, but at its best it is a young artist thoughts thoughtful consideration of father..","At its worst, the screen is callous, but at its best it is a young artist's thoughtful consideration of father.",en,word_vectors,107,ZAB,1,"At its worst the screenplay is callow, but at its best it is a young artist's thoughtful consideration of fatherhood."
en:107,22,26,"Jim has has created a breathtakingly assured and stylish work, spare dialogue and ancute expressiveness.",Jim has created a breathtakingly assured and stylish work of spare dialogue and ancute expressiveness.,en,word_vectors,113,ZAB,2,Jeffs has created a breathtakingly assured and stylish work of spare dialogue and acute expressiveness.
en:131,15,21,Anemic chronical of money grabbing New Yorkers and the serialless- hookupss.,"Anemic chronical, money grabbing New Yorkers and the serialless love-flickers.",en,word_vectors,137,ZAB,1,Anemic chronicle of money grubbing New Yorkers and their serial loveless hook ups.
en:133,15,17,And I've decided to leave the light on every night and now on.,And I've decided to leave the light on every night and the night on,en,word_vectors,139,ZAB,1,And I've decided to leave a light on every night from now on.
en:143,17,24,Annaishwaiyah rarely stirps her starva persona enough to spark genuine chemistry. Davidsend.,Anna always swirls her Diva persona enough to spark genuine chemistry.,en,word_vectors,149,ZAB,1,Aaliyah rarely dampens her diva persona enough to spark genuine chemistry with Townsend.
en:146,21,25,It a be a total loss if not for the supporting performances taking place at the movie edges edges.,"It's a total loss for the film, not for its supporting performances taking place at the movie edges.",en,word_vectors,152,ZAB,1,... would be a total loss if not for two supporting performances taking place at the movie's edges.
en:147,35,42,An inspiring and affectwarmwarmighteningting film about the desperate attempts of Japaneseese refugees living in.S. relocation camps to keep their hopes alive in 1978.,"An inspiring and affecting film about the desperate attempts of Japanese refugees living in An inspiring, inspiring, inspiring, inspiring, inspiring, inspiring, inspiring, inspiring, inspiring, inspiring, inspiring, affecting, inspiring and affecting and affecting film about the courageous, inspiring and heartwarming and heart",en,word_vectors,153,ZAB,2,An inspiring and heart-affecting film about the desperate attempts of Vietnamese refugees living in U.S. relocation camps to keep their hopes alive in 1975.
en:152,10,15,Anderson's funnyniest and most like movie movie is all.,"Anderson funny, the most like movie of all.",en,word_vectors,158,ZAB,2,Allen's funniest and most likeable movie in years.
en:154,22,29,"There is a refreshingabsenceabsence of sceicism in Stewart Little,, quite a rarity in in in the family film market.",There is a refreshingabsence of scepticism in Stewart Little and it's quite a rarity in the family film market.,en,word_vectors,160,ZAB,2,"There is a refreshing absence of cynicism in Stuart Little 2 -- quite a rarity, even in the family film market."
en:164,19,26,"Even by the intentionally low standards, aboyboyboy humor, Riianoity Boys is a fighterser.","Even by the intentionally low standards, Boyboy humorous, Rival Boys are a Kracher.",en,word_vectors,170,ZAB,0,"Even by the intentionally low standards of frat-boy humor, Sorority Boys is a bowser."
en:176,18,25,The stunning dream dreamlike visuals will impress even those audienceers who have little patience for filmfilmmovie.tensions,The stunning dreamlike visuals will impress even those audiences who have little patience for filmmakers.,en,word_vectors,182,ZAB,2,"The stunning, dreamlike visuals will impress even those viewers who have little patience for Euro-film pretension."
en:191,19,24,For Taxigie fanses fans this this is more appaizing than a side dish of oliveparagus.,For Taxistal fans this is more appalling than a side dish of olive oil.,en,word_vectors,197,ZAB,2,"For VeggieTales fans, this is more appetizing than a side dish of asparagus."
en:192,36,42,"While it's 1978 as the key turning point of the 20th-20, return returns again and again to images of dissidents on the streets, it's alarming current current.","While it's a remarkable comparison, 1978 is the key turning point of the 20th-20c, and returns again and again to images of dissidents on the streets, it's alarming current.",en,word_vectors,198,ZAB,1,"While it regards 1967 as the key turning point of the 20th century, and returns again and again to images of dissidents in the streets, it's alarmingly current."
en:197,36,49,"While Tattoo srows heavily from both Seven and The Silence of the Lambs, it's to be a its suspens of suspensphistication plotintrigue and human-likeatura characters to keepck the audience in.","While Tattoo slashs heavily from both Seven and The Silence of the Lambs, it's a story of love, tension, and human-like characters that puts the audience in",en,word_vectors,203,ZAB,2,"While Tattoo borrows heavily from both Seven and The Silence of the Lambs, it manages to maintain both a level of sophisticated intrigue and human-scale characters that suck the audience in."
en:200,24,28,"It's the best film of the year, it, and benchmark against which all other Best Picture judgeders should be measured.",It's the best film of the year and it's the benchmark against which all other Best Picture judges should be measured.,en,word_vectors,206,ZAB,2,"It's the best film of the year so far, the benchmark against which all other Best Picture contenders should be measured."
en:201,13,14,It is one of the biggest disappointments of the year.,It's one of the biggest disappointments of the year.,en,word_vectors,207,ZAB,0,This is one of the biggest disappointments of the year.
en:203,26,41,Deniseges out of the theories of class- based onrage andlyhood obsessession -- or-bitd spinning k that ringrings a cultural sexual sexual and social sno.,"Denise seeks out to the theories of class-based violence, destructive drivel, andly-nosed obsession, a zig-zag switch that ringes in cultural sexuality and social snobbery.",en,word_vectors,209,ZAB,1,"Denis forges out of the theories of class - based rage and sisterly obsession a razor-sided tuning fork that rings with cultural, sexual and social discord."
en:229,27,44,"A thoroughly horriblewful movie, stupidmblylytively,otic, visually unsppy -- and weird amalgam of TheThe Thingsing' and ` teratric ``Cick''","A thoroughly horrible movie, stupidly flawedly, cluelessly visually unsatisfying, and bizarre amalgamation of The Things and the Cracker. ``",en,word_vectors,235,ZAB,0,"A thoroughly awful movie -- dumb, narratively chaotic, visually sloppy... a weird amalgam of `The Thing' and a geriatric `Scream.'"
en:232,31,36,"The movie has no respect for its, political correctness, common sensecency -- but it displays something of important: respect for its flawed, crazy people.","The movie has no respect for its laws, political correctness or common sense, but it displays something of important respect for its flawed, crazy people.",en,word_vectors,238,ZAB,1,"The movie has no respect for laws, political correctness or common decency, but it displays something more important: respect for its flawed, crazy people."
en:238,27,36,It would be anaingenuous to call Rena a great film but but it'' the about most of the filmscks moving in and out of the studiox.,"It would be anachronistic to call Rena a great film but it's a bit anachronistic to talk about most of the films, flicks moving in and out of the studio.",en,word_vectors,244,ZAB,1,"It would be disingenuous to call Reno a great film, but you can say that about most of the flicks moving in and out of the multiplex."
en:242,7,11,iguing and downward intrufuriating.,,en,word_vectors,248,ZAB,2,Intriguing and downright intoxicating.
en:244,27,32,Perhaps the most irritaying thing about This Is Detmens?? is that it's a crime movie made by someone who obviously knows nothing about crime.,Perhaps the most irritating thing about This Is Existing Tout is that it's a crime movie made by someone who obviously knows nothing about it.,en,word_vectors,250,ZAB,0,Perhaps the most annoying thing about Who Is Cletis Tout? is that it's a crime movie made by someone who obviously knows nothing about crime.
en:246,20,26,The quirky drama touches the heart of is funny thankss to the energetic and always surprising performance of Helen Griffiths.,The quirky drama touches the heart of a funny thanks to the energetic and always surprising performance of Rachel Griffiths.,en,word_vectors,252,ZAB,2,The quirky drama touches the heart and the funnybone thanks to the energetic and always surprising performance by Rachel Griffiths.
en:248,8,12,"It, crffling, the get-go.","It's a bit bitch, the go-go.",en,word_vectors,254,ZAB,0,Bad and baffling from the get-go.
en:249,18,28,"The movie is a blast of educational energy, a itncy animaanimation and they music are you to the night movie-.","The movie is a blast of educational energy, a quincy animation and a thrill of laughter.",en,word_vectors,255,ZAB,2,"The movie is a blast of educational energy, as bouncy animation and catchy songs escort you through the entire 85 minutes."
en:253,27,38,"The real charm of this trifle is the deadly comic face of star star, Jean-no, who reseembles Mrlymanlone, hot hot, sleep-nak.","The real charm of this trifle is the deadly comic face of star Vincent Van Gogh who resembles Slyman, but hot sake sleep.",en,word_vectors,259,ZAB,1,"The real charm of this trifle is the deadpan comic face of its star, Jean Reno, who resembles Sly Stallone in a hot sake half-sleep."
en:260,46,56,"Bellevellet can't avoid a fatal mistake in the modern era, He changeds changed the male academic from a lower-class Brit to an American a a choice that ssets the novel's exquisit balance balance and resrinks the fabric of the film.","Belle can't avoid a fatal mistake in the modern era,'s changed the male academic from a lower-class Brit to an American a choice that struck a spectacular balance, but left unsatisfying the fabric of the film.",en,word_vectors,266,ZAB,1,"LaBute can't avoid a fatal mistake in the modern era: He's changed the male academic from a lower-class Brit to an American, a choice that upsets the novel's exquisite balance and shreds the fabric of the film."
en:264,14,17,Gerge gives a good performance in a movie that doesn't merit recognition.,Gerge gives a good performance in a movie that doesn't merit recognition.,en,word_vectors,270,ZAB,1,Gere gives a good performance in a film that doesn't merit it.
en:268,19,24,The director with with his fake backdrop and andlyly pacing never never settles on consistent consistent tone.,The director with a fake backdrop and stately pacing never settles for consistent tone.,en,word_vectors,274,ZAB,0,"The director, with his fake backdrops and stately pacing, never settles on a consistent tone."
en:269,19,27,"If he was a free reign to a project is a wrote direct directed, starved and produced -- is beyond me.","If he was a free reign then the project he wrote, directed, starved and produced by him is beyond",en,word_vectors,275,ZAB,0,"Why he was given free reign over this project -- he wrote, directed, starred and produced -- is beyond me."
en:270,21,27,"If you enjoy being rewarded with a script, assumes a''t very bright, Blood Bloodwork is for you.","If you enjoy being rewarded with a script, I assume it's a very bright and Dark Blood Work for you.",en,word_vectors,276,ZAB,0,"If you enjoy being rewarded by a script that assumes you aren't very bright, then Blood Work is for you."
en:271,30,37,"Like Andyyard White,, Ire needs to have a good sweat to clarify his cinematic vision before his next creation and remember the lessons of the trickster.der.","Like Andy Warhol, Yellow Cabin, Anile needs to have a good sweat to clarify his cinematic vision before his next creation and remember the lessons of the trickster.",en,word_vectors,277,ZAB,0,"Like Rudy Yellow Lodge, Eyre needs to take a good sweat to clarify his cinematic vision before his next creation and remember the lessons of the trickster spider."
en:283,7,11,", unaring, warming, warm",,en,word_vectors,289,ZAB,2,"Hard, endearing, caring, warm."
en:285,28,38,The way Arnoldpola professes his love for movies of both colorful pop andthri and classic classical -- linguisequivocally qualify him art -- is giddyly entertaining.,"The way Arnold professes his love for movies in both colorful pop and rock classics, it's a calculated calculation, art and wisely entertaining.",en,word_vectors,291,ZAB,2,The way Coppola professes his love for movies -- both colorful pop junk and the classics that unequivocally qualify as art -- is giddily entertaining.
en:293,34,41,"It won't fast your gut, and it's not intended to -- it's justly a blandly cinematic examinarogaical examination -- what makes a joke -- joke.","It won't faff your gut, and it's not intended to be, it's just blandly cinematic, cheapy, examination that makes it a joke or joke.",en,word_vectors,299,ZAB,1,It won't bust your gut -- and it's not intended to -- it's merely a blandly cinematic surgical examination of what makes a joke a joke.
en:298,19,35,The unminationus snackbulllya-walle-ter Welcome Welcome to Lincolnn has has a y after after-surs-ings to it.,"The unfair, ridiculing joke Welcome to Jackson has a wicked after-hours motions to it.",en,word_vectors,304,ZAB,1,"The doofus-on-the-loose banter of Welcome to Collinwood has a cocky, after-hours loopiness to it."
en:299,12,16,It's a mostniest American comedy of graffitifiti Bridge.,"It's a funny American comedy, the graffiti Bridge.",en,word_vectors,305,ZAB,2,It's the funniest American comedy since Graffiti Bridge.
en:302,29,40,"Often gruelingsome and heartbreaking to witness, the Adamslar and Schstone's stelling performances raise this film above the level of the usual,olin disease movie.","Often grueling and heartbreaking to witness, the Adams, Miller, and Schwartz's stellar performances raise this film above the level of its usual, mild-lethal disease movie.",en,word_vectors,308,ZAB,2,"Often gruelling and heartbreaking to witness, but Seldahl and Wollter's sterling performances raise this far above the level of the usual maudlin disease movie."
en:307,18,25,"This is basicallyly what missings missing in Blackboard,, the sense of something bigger some some ultimate point.","It is basically what missing in Blackboard is, the sense of something bigger some ultimate point.",en,word_vectors,313,ZAB,1,"That is essentially what's missing from Blackboards -- the sense of something bigger, some ultimate point."
en:310,23,34,"Divi dim,litted, slowzy off ofoff of the Animal Planet seriesy series Cra Craodile Hunter is entertainment opportunist at its most glaring.","Divided by the slow spin of the Animal Planet series, Crane Hunter is entertainment opportunist at its most discerning.",en,word_vectors,316,ZAB,0,"A dim-witted and lazy spin-off of the Animal Planet documentary series, Crocodile Hunter is entertainment opportunism at its most glaring."
en:322,18,23,An ewful movie that will only satisfy the most emotionally laformable film filmmakersers.,An epic movie that will only satisfy the most emotionally laminated filmmakers.,en,word_vectors,328,ZAB,0,An awful movie that will only satisfy the most emotionally malleable of filmgoers.
en:344,43,67,"Crades's approach to combatling life wonders wonders is a rampbling and interminherent manifesto about the immensgueness of subjectal excessesloveise, Love remains a reous, inentious endeavor, uns unsnecused, unsdioously exasperating.","Crackers to combat life wonderment, are ramping and erroneous manifestos about the slightness of subjective excess.",en,word_vectors,350,ZAB,0,Godard's ode to tackling life's wonderment is a rambling and incoherent manifesto about the vagueness of topical excess... In Praise of Love remains a ponderous and pretentious endeavor that's unfocused and tediously exasperating.
en:346,33,42,It never truly come to care about the plot characters and whether or not they're come up together and and Michael''s spiritual quest is neiing entertainmusing nor dramatic enough to sustain interest.,"It never truly come to mind, what's the point of the two characters and whether or not they'll come up together and Michael's spiritual quest is neiing nor dramatic enough to sustain interest.",en,word_vectors,352,ZAB,0,"We never truly come to care about the main characters and whether or not they'll wind up together, and Michele's spiritual quest is neither amusing nor dramatic enough to sustain interest."
en:349,12,20,"Castroez,s fictionthical could have had some informed adult adulthoodsight.",Castro's mythicalmaking could have had some informed adulthood.,en,word_vectors,355,ZAB,1,"Peralta's mythmaking could have used some informed, adult hindsight."
en:356,30,35,Adults will certainly want to spend more time in the theatrtheater thinking about grocery lists and ways to tell the kids that not to act like Pinocchio.,Adults will certainly want to spend more time in the theatre thinking about grocery stores and ways to tell the kids to eat and not to act like Pinocchio.,en,word_vectors,362,ZAB,1,Adults will certainly want to spend their time in the theater thinking up grocery lists and ways to tell their kids how not to act like Pinocchio.
en:357,25,31,"Not as distinctive, even as humorous as its pred to be, the out in but it has clearly been treated with affection and care.","Not as distinctive, or even as humorous as its predecessor, but to the point where it has clearly been treated with affection and care.",en,word_vectors,363,ZAB,1,"Not as distinctive or even as humorous as its needs to be to stand out, but it has clearly been made with affection and care."
en:358,15,20,A generic family comedy rarelikely to be appreciated by anyone outside of Underclasss.,A generic family comedy rarely gets a mention or appreciated by anyone outside of Underground.,en,word_vectors,364,ZAB,0,A generic family comedy unlikely to be appreciated by anyone outside the under-10 set.
en:362,21,31,"Director-direct Johnjournalistor John Parker attempts attempts to fashion a likeianlike, real-realismre fall dreadfully short.",Director John Parker attempts to fashion a like-minded satirist fall dreadfully short.,en,word_vectors,368,ZAB,0,"Co-writer/director Jonathan Parker's attempts to fashion a Brazil-like, hyper-real satire fall dreadfully short."
en:371,12,16,It just doesn't have to moral to especially in the moral sense.,It just doesn't have to be... especially in its moral sense.,en,word_vectors,377,ZAB,1,It just doesn't have much else... especially in a moral sense.
en:372,20,24,Those familiarfamiliar with themon traditions may find The Singles'd sometimesally bewildering.,Those familiar with the Mormon traditions will find The Singles' Warhorse sometimes bewildering.,en,word_vectors,378,ZAB,1,Those unfamiliar with Mormon traditions may find The Singles Ward occasionally bewildering.
en:374,13,19,"... the talent is one alone can keep on watching, and will the fight scenes.","... the talent is alone and keeps on watching, it will fight scenes.",en,word_vectors,380,ZAB,2,"But the talented cast alone will keep you watching, as will the fight scenes."
en:378,20,24,"It important film, a reminder of power power of film to inspir us and to make us examine our values.",It's important to a reminder of power in a film that tells us and helps make us examine our values.,en,word_vectors,384,ZAB,2,"An important movie, a reminder of the power of film to move us and to make us examine our values."
en:380,19,24,A richly imaginad and admirably mature film from a talented director who definitely has something to his heart.,A richly imaginative and admirably mature film from a talented director who definitely has something to say about his work.,en,word_vectors,386,ZAB,2,A richly imagined and admirably mature work from a gifted director who definitely has something on his mind.
en:383,18,22,... what's nice is that there's a level intelligentintelligence that'meates the script.,... what's nice is that there's a level of intelligentness that permeates the script.,en,word_vectors,389,ZAB,2,But what's nice is that there's a casual intelligence that permeates the script.
en:388,21,28,"Feels mildlight if if if it were an extended short, butbeit one made by smart smart kids kids of class.","Feels mild if it were an extended short, but one made by smart kids in class.",en,word_vectors,394,ZAB,1,"Feels slight, as if it were an extended short, albeit one made by the smartest kids in class."
en:389,13,13,The picture doesn't know it's a comedy.,The picture doesn't know it's a comedy.,en,word_vectors,395,ZAB,1,The picture doesn't know it's a comedy.
en:395,21,26,"A's a headerbangner, thoughtfully written, beautifully read and finally finally, deeply humanizing.","A header is thoughtfully written, beautifully read, and finally deeply humanizing.",en,word_vectors,401,ZAB,2,"It's a head-turner -- thoughtfully written, beautifully read and, finally, deeply humanizing."
en:398,17,33,It' Black is iss ate comedyficance in and's a same-fi comedy spectacle as Sharphaiffle Epicpicob'pic.,"It's a fascinating film, and it's a fascinating one.",en,word_vectors,404,ZAB,0,Men in Black II achieves ultimate insignificance -- it's the sci-fi comedy spectacle as Whiffle-Ball epic.
en:400,23,29,Presents a good case while failing to provide a reason for human to care beyond the basic basic level of of moral deceit.,Presents a good case while failing to provide a reason for human care beyond the basic level of recklessness.,en,word_vectors,5,ZDM,1,Presents a good case while failing to provide a reason for us to care beyond the very basic dictums of human decency.
en:402,17,24,Iad of My Sweet Girl so many faultlaws it would be easy for mes to rerink it.,I'm My Sweet Lady: with so many faults it would be easy for me to resent it.,en,word_vectors,7,ZDM,0,"Bread, My Sweet has so many flaws it would be easy for critics to shred it."
en:408,30,40,"If Theeril Wild had been tweaked up a ch, would have become a camp adventure for but of those that that iss so bad it's to become good.","If The Wild had been tweaked up a stone's-length, it would have become a camp adventure for those who are so bad that they'd have to become good.",en,word_vectors,14,ZDM,1,"If Deuces Wild had been tweaked up a notch it would have become a camp adventure, one of those movies that's so bad it starts to become good."
en:426,8,10,It like the robust middle of this picture.,It's a robust middle of this picture.,en,word_vectors,32,ZDM,2,I love the robust middle of this picture.
en:433,23,28,"It movie is worth a look, but you don't demand much more than a few cheapthrithrills in your Halloween entertainment.",It's worth a look -- but don't demand much more than a few cheapthrills in your Halloween entertainment.,en,word_vectors,39,ZDM,1,"The Ring is worth a look, if you don't demand much more than a few cheap thrills from your Halloween entertainment."
en:444,12,14,"I' the new footage, still love the old stuff.","I love the new footage, but still love the old stuff.",en,word_vectors,50,ZDM,2,I like the new footage and still love the old stuff.
en:445,19,29,"It flirtly flirts with player sexochist, but at point of its interest is the membersism -- is completelycliped completely.","It flirts with a player homophobic, but at point of sale interest is a cult movie, and it's completely",en,word_vectors,51,ZDM,1,"It briefly flirts with player masochism, but the point of real interest -- audience sadism -- is evaded completely."
en:446,14,15,The The Country Bears really be as bad as its trailers?,The Country Bears really be as bad as its trailers.,en,word_vectors,52,ZDM,0,Could The Country Bears really be as bad as its trailers?
en:450,8,8,The film seems a dead weight.,The film seems a dead weight.,en,word_vectors,56,ZDM,0,The film seems a dead weight.
en:451,30,48,"Sparkling often often funnyhilarious romantic,alousy comedy, Ata looks so much like his wifeer FordNiro that it seems like wife should instead be: TheThe Husband Is Richardvis Bellckle..","Sparkling often funny romantic, cynical, humorous, atticistic, attains looks so much like a wife, as Richard Branson, that it seems like we should instead be watching The Man's Husband Is Richard Branson.",en,word_vectors,57,ZDM,2,"Sparkling, often hilarious romantic jealousy comedy... Attal looks so much like a young Robert DeNiro that it seems the film should instead be called `My Husband Is Travis Bickle'."
en:453,17,22,"A pauy movie that's not justly uninable, but also unimaginaable.","A palymouth movie that's not just unintelligible, but also unimaginable.",en,word_vectors,59,ZDM,0,"A lousy movie that's not merely unwatchable, but also unlistenable."
en:455,35,42,"A strong script, powerful direction and splendid production design allows us to be transported into the life of Lihiwy Wis,umski, who is not only a pianist, but a good human being.","A strong script, powerful direction and splendid production design allows us to be transported into the life of Liss, Siss, and is not only a pianist, but a good human being.",en,word_vectors,61,ZDM,2,"A strong script, powerful direction and splendid production design allows us to be transported into the life of Wladyslaw Szpilman, who is not only a pianist, but a good human being."
en:458,8,12,For's a fanboy whatwhat''',For a fanboy what a fanboy!,en,word_vectors,64,ZDM,1,It's a fanboy `what if?'
en:461,38,58,"Stephen Hawked, thelain,n, and Alan Greens playsmond's legalistagles and and when joined by Dalnan, the tone of this cosoquent trioet driftung in pretty American settings is a pleasant enough thing. ``tiss","Stephen Hawking, John Ford, and Alan Greenspan plays Stanislaw's legalist wing, and when joined by Dustin Hoffman, the tone of this clever trioling in pretty American settings is a pleasant enough thing.",en,word_vectors,67,ZDM,2,"Stephen Rea, Aidan Quinn, and Alan Bates play Desmond's legal eagles, and when joined by Brosnan, the sight of this grandiloquent quartet lolling in pretty Irish settings is a pleasant enough thing, `tis."
en:464,11,16,"Everything was as superficial as a forced New York, accent accent Uma had","Everything was as superficial as a forced New Yorker's low accent, I had",en,word_vectors,70,ZDM,0,Everything was as superficial as the forced New Jersey lowbrow accent Uma had.
en:472,21,31,"A zombie movie that every sense of the word,lessless life lifeless, calculadering, ving,ful.noxious.","A zombie movie that every movie has to say, a wordless life, mindless life, calculating, calculating, calculating.",en,word_vectors,78,ZDM,0,"A zombie movie in every sense of the word -- mindless, lifeless, meandering, loud, painful, obnoxious."
en:477,21,31,The Crime knows knows the mistakes that bad movies make and is determined not to make any. but maybe that there no reason' the movie.,"The Crimes knows the mistakes bad movies make and is determined not to make any more, maybe that is no reason to be ashamed.",en,word_vectors,83,ZDM,1,"High Crimes knows the mistakes that bad movies make and is determined not to make them, and maybe that is nobility of a sort."
en:480,6,14,"A a murder,ousga-theus nker.","A thrilling, insane, reckless.",en,word_vectors,86,ZDM,0,... a bland murder-on-campus yawner.
en:483,15,22,"Afice from rambling, repetitive dialogue and a visual rangness thatmic to digital media.",Aside from raging repetitive dialogue and the visual gnomimic endemic to digital media.,en,word_vectors,89,ZDM,0,"Suffers from rambling, repetitive dialogue and the visual drabness endemic to digital video."
en:486,17,21,Features one of the most affecting imagespictions of a woman story ever committed in film.,Features one of the most affecting images of a woman ever committed to filmmaking.,en,word_vectors,92,ZDM,2,Features one of the most affecting depictions of a love affair ever committed to film.
en:496,25,32,"A a harddered voyeur would require the patience of Job to go through this interterminable,lessless documentary about the swinging cultureculture.","A slow, penetrating voyeuristic would require the patience of Job to go through this intermittentless documentary about the swinging culture.",en,word_vectors,102,ZDM,0,"Even a hardened voyeur would require the patience of Job to get through this interminable, shapeless documentary about the swinging subculture."
en:500,31,36,"The film is a cived, artificial artificial as the video games Japanese teens play in a nightclub setupquence, but it's an enjoyable one.","The film is a scapegoat of artificial intelligence, like the video games Japanese teens play in a nightclub setup, but it's an enjoyable one.",en,word_vectors,106,ZDM,1,"The film is a contrivance, as artificial as the video games Japanese teens play in a nightclub sequence, but it's an enjoyable one."
en:501,25,29,"At its worst the screen is is callvor, but at its best it is a young artist's thoughtful consideration of father..","At its worst the screen is callous, and at its best it is a young artist's thoughtful consideration of father.",en,word_vectors,107,ZDM,1,"At its worst the screenplay is callow, but at its best it is a young artist's thoughtful consideration of fatherhood."
en:507,22,26,"It has has created a breathtakingly assured and stylish work, spare dialogue and ancute expressiveness.","It has created a breathtakingly assured and stylish work, spare dialogue and ancute expressiveness.",en,word_vectors,113,ZDM,2,Jeffs has created a breathtakingly assured and stylish work of spare dialogue and acute expressiveness.
en:531,13,21,Anemic chronicles of the grabbing by Yorkers and their love love hook hookers..,Anemic chronicles of the grueling of Americans and their love of hooking.,en,word_vectors,137,ZDM,1,Anemic chronicle of money grubbing New Yorkers and their serial loveless hook ups.
en:533,12,17,It it decidedve decided to put a light on every day from now on.,It's decided to put a light on every day from now on.,en,word_vectors,139,ZDM,1,And I've decided to leave a light on every night from now on.
en:543,16,24,It rarebert rarely stirps her starva persona enough to spark genuine chemistry between Nathansend.,It rarely tithes her star persona enough to spark genuine chemistry between Davis.,en,word_vectors,149,ZDM,1,Aaliyah rarely dampens her diva persona enough to spark genuine chemistry with Townsend.
en:546,19,25,It a be a total loss if it for its supporting performances in place at the movie edges edges.,It's a total loss if you're looking for a supporting performance place at the movie edges.,en,word_vectors,152,ZDM,1,... would be a total loss if not for two supporting performances taking place at the movie's edges.
en:547,28,42,"An inspiring and affectwarmwarmighteningting film, desperat desperate attempts of Japaneseese refugees to in a.S. tolocation tos to fulfill their hopes alive. 1978.","An inspiring and affecting film, which depicts desperate attempts of Japanese refugees to live in a relocation to the land of their hope and hopelessness. 1978",en,word_vectors,153,ZDM,2,An inspiring and heart-affecting film about the desperate attempts of Vietnamese refugees living in U.S. relocation camps to keep their hopes alive in 1975.
en:552,9,15,"Anderson,s voice andest and most likeable movie is all.","Anderson is smart and likeable, but he's",en,word_vectors,158,ZDM,2,Allen's funniest and most likeable movie in years.
en:554,16,29,"It' a refreshingabsenceabsence of culticalm, Stewart and,, quite a rarity in in in the family business market.","It's a refreshingabsence of cynicality, Stewart is a man quite a rarity in the family business.",en,word_vectors,160,ZDM,2,"There is a refreshing absence of cynicism in Stuart Little 2 -- quite a rarity, even in the family film market."
en:564,17,26,"Even by the relativeal low profiles of boyboyboy humor, Narianoity Boys is a fighterser.","Even by the relatively low price, the boyboy humorous Rival Boys is a flawed",en,word_vectors,170,ZDM,0,"Even by the intentionally low standards of frat-boy humor, Sorority Boys is a bowser."
en:576,15,25,A stunning dream dreamlike film will will impress even those whoers who have the patience for filmfilmfilm.tensions,A stunning dream that will impress even those who have the patience to watch filmmakers.,en,word_vectors,182,ZDM,2,"The stunning, dreamlike visuals will impress even those viewers who have little patience for Euro-film pretension."
en:591,18,24,For Taxigie fanses fans this this is more appaizing than a side ofsh of spaghettiparagus.,For Taxister fans this is more appalling than a side of olive.,en,word_vectors,197,ZDM,2,"For VeggieTales fans, this is more appetizing than a side dish of asparagus."
en:592,35,42,"In it's 1978 as the key turning point of the 20th century, and returns again and again, images of dissidents, the 1960s, it's alarming current current.","In regards 1978, it's the key turning point of the 20th century, and returns again and again, with images of dissidents and the most alarming current.",en,word_vectors,198,ZDM,1,"While it regards 1967 as the key turning point of the 20th century, and returns again and again to images of dissidents in the streets, it's alarmingly current."
en:597,35,49,"Tattoo Tattoosrows itsvily from both The Days The Silence of Lamb Lambs, it manages to maintain a a level of sofisticphistication intrigintrigue and human-centrick  that sck the audience in.","Tattoo swings come from both The Silence of Lambs, it manages to maintain a level of sofistication, human-centricity, and a squishy audience in.",en,word_vectors,203,ZDM,2,"While Tattoo borrows heavily from both Seven and The Silence of the Lambs, it manages to maintain both a level of sophisticated intrigue and human-scale characters that suck the audience in."
en:600,21,28,"It's the best film of the year, far, a benchmark for which the the films Picture filmsders should be measured.","It's the best film of the year, far from the benchmark, which is the only film the Picture of the Year should be measured.",en,word_vectors,206,ZDM,2,"It's the best film of the year so far, the benchmark against which all other Best Picture contenders should be measured."
en:601,13,14,It is one of the biggest disappointments of the year.,It's one of the biggest disappointments of the year.,en,word_vectors,207,ZDM,0,This is one of the biggest disappointments of the year.
en:603,21,41,"Itege the of the theories of class, based onrage,lyly obsessession --likeor-bitd spinning pairrings, bindrings a sexual, sexual and social sno.","It's havoc of the theories of class, based on the dearly beloved obsession of a railroad, grinding backs and forcing kinks between sexual and social snobbery.",en,word_vectors,209,ZDM,1,"Denis forges out of the theories of class - based rage and sisterly obsession a razor-sided tuning fork that rings with cultural, sexual and social discord."
en:629,20,44,"It thoroughly horriblewful and, ambly lytive -- unotic -- andly inppy -- and mes amalgam of the80lmaing' and ` ""atric.Theick''","It's thoroughly horrible and stupidly flawedly narrative, and it's a mesmerizing amalgam of the modernist and the age-old.",en,word_vectors,235,ZDM,0,"A thoroughly awful movie -- dumb, narratively chaotic, visually sloppy... a weird amalgam of `The Thing' and a geriatric `Scream.'"
en:632,26,36,"It film has no respect for the, no correctness, common sensecei, but it displays something more important -- respect for the deflawed, crazy people.","It shows no respect for the laws, no manners, no manners, no manners, no normality, no commonity, and it shows something more important than respect for the flawed, crazy people.",en,word_vectors,238,ZDM,1,"The movie has no respect for laws, political correctness or common decency, but it displays something more important: respect for its flawed, crazy people."
en:638,28,36,It may be ignorantingenuous to say Reno a great film but but I can say that about a of the filmscks moving in and out of the studiox.,It may be disingenuous to say that Renaud is a great film but I can say that about a lot of people who are moving in and out of the studio.,en,word_vectors,244,ZDM,1,"It would be disingenuous to call Reno a great film, but you can say that about most of the flicks moving in and out of the multiplex."
en:642,8,11,Deepiguing and downright intrufuriating.,Deep and downrooting.,en,word_vectors,248,ZDM,2,Intriguing and downright intoxicating.
en:644,24,32,Perhaps the most irritaying movie about Who is?mati is? It that it's a crime movie made by someone who obviously knows nothing about it.,Perhaps the most irritating movie of all. Who is the Ex-Nazi? It's a crime movie made by someone who obviously knows nothing about it.,en,word_vectors,250,ZDM,0,Perhaps the most annoying thing about Who Is Cletis Tout? is that it's a crime movie made by someone who obviously knows nothing about crime.
en:646,17,26,"The dramarky drama touches the heart, the funny thankss to the energetic and surprising surprising performance of Helen Mc..","The drama touches the heart, and the funny thanks to the energetic and surprising performance of Kathryn Bigelow.",en,word_vectors,252,ZDM,2,The quirky drama touches the heart and the funnybone thanks to the energetic and always surprising performance by Rachel Griffiths.
en:648,9,12,"and and bitffling, the get-go.",and flabbergasted by the go-go.,en,word_vectors,254,ZDM,0,Bad and baffling from the get-go.
en:649,21,28,"This film is a blast of educational energy,  ncy animaanimation and catchy music escort you through the entire 78 minutes.","This film is a blast of educational energy, flawed animations, flawed animation and clever jingles to escort you through the entire 78 minutes.",en,word_vectors,255,ZDM,2,"The movie is a blast of educational energy, as bouncy animation and catchy songs escort you through the entire 85 minutes."
en:653,19,38,"A real thing of the filmlog is the deadly comic face of star star, Vincent-nier, which reseembles Stan.manlone as a half sleep.-sleep.","A real thing is that the actor is a dead, dead comic face of star Vincent Van Gogh, and it compares to Stan Lee, a dead, dead, dead.",en,word_vectors,259,ZDM,1,"The real charm of this trifle is the deadpan comic face of its star, Jean Reno, who resembles Sly Stallone in a hot sake half-sleep."
en:660,42,56,Iughy can't avoid a fatal mistake in the modern age. he's changed the male academic from a lower gradeclasser to an American -- the choice that ssets the novelists exquisite balance and shrinks the fabric of the modern.,"I can't avoid a fatal mistake in the modern world. He's changed the male academic from a lower grade to an American high school choice and slashes the novel' exquisit balance of colors, textures and the",en,word_vectors,266,ZDM,1,"LaBute can't avoid a fatal mistake in the modern era: He's changed the male academic from a lower-class Brit to an American, a choice that upsets the novel's exquisite balance and shreds the fabric of the film."
en:664,16,17,Gere gives a good performance in a film that doesn't merit recognition.,Gere gives a good performance in a film that doesn't merit recognition.,en,word_vectors,270,ZDM,1,Gere gives a good performance in a film that doesn't merit it.
en:668,15,24,The director is in his fake backgrounddrop and andlyly biacing never never settles for a consistent basis.,"The director is a fake backdrop, alytical,lycing, never settling, a consistent one.",en,word_vectors,274,ZDM,0,"The director, with his fake backdrops and stately pacing, never settles on a consistent tone."
en:669,19,27,"-- he has given the reign over this film --- wrote direct directed, producedved and produced -- is beyond me.",-- he has given up his reign over this country-- he wrote directed starring and produced a film beyond the,en,word_vectors,275,ZDM,0,"Why he was given free reign over this project -- he wrote, directed, starred and produced -- is beyond me."
en:670,21,27,I you enjoy being rewarded by a script that assumes it''t very bright then then Bloodys for you.,I would enjoy being rewarded by a script that assumes that if Bloody Mary is very bright then Bloody Mary is for all.,en,word_vectors,276,ZDM,0,"If you enjoy being rewarded by a script that assumes you aren't very bright, then Blood Work is for you."
en:671,25,37,"The theyard',, itre needs to do a good sweat to clarify his cinematic vision before his next creation is to to trick of the trickster.der.","The Yellow Cabin, it needs to have a good sweat to clarify its cinematic vision before its next creation is a thriller-wonderer or trickster.",en,word_vectors,277,ZDM,0,"Like Rudy Yellow Lodge, Eyre needs to take a good sweat to clarify his cinematic vision before his next creation and remember the lessons of the trickster spider."
en:683,8,11,"A, eyearing, warming, warm.","A striking, warm-blooded",en,word_vectors,289,ZDM,2,"Hard, endearing, caring, warm."
en:685,20,38,"Stan director Coppola professes to love for movies is both theful pop andthri -- the unally -- areequivocally makefy them a, is dyly entertaining.","Stan Lee professes to love his movies, both the pop and the dance, but it's unequivocally awful and awfully hilarious.",en,word_vectors,291,ZDM,2,The way Coppola professes his love for movies -- both colorful pop junk and the classics that unequivocally qualify as art -- is giddily entertaining.
en:693,29,41,"A''t fast a gut, and it's not intended to -- but's justly a blandly cinematic surgeryrogaical proceduretion of what it a man a joke.","A buck, a bad one, and is not intended to be a justly cinematic surgery, but what it is, a surgery.",en,word_vectors,299,ZDM,1,It won't bust your gut -- and it's not intended to -- it's merely a blandly cinematic surgical examination of what makes a joke a joke.
en:698,19,35,"The unomus,slythe-jobe-ter of a to Woodn is is an longy, after-aurs motionings to it.","The unfortunate, snob, slash-ball of a tow-path to Berger, and the after-after-slash, pulsing tow-path.",en,word_vectors,304,ZDM,1,"The doofus-on-the-loose banter of Welcome to Collinwood has a cocky, after-hours loopiness to it."
en:699,13,16,The's the mostniest American comedy since graffitifiti Bridge.,The most funniest American comedy since graffiti Bridge.,en,word_vectors,305,ZDM,2,It's the funniest American comedy since Graffiti Bridge.
en:702,22,40,"An gruelinglling to abreaking, watch, the Adamsin and Rossstone's stelling performances raise it point above the mark of the usual,ellin disease..","A grueling and awe-inspiring film, the witnesses of Adams, Schwartz, and Ross's stellar performance raise it far above the mark of the usual, dolled disease.",en,word_vectors,308,ZDM,2,"Often gruelling and heartbreaking to witness, but Seldahl and Wollter's sterling performances raise this far above the level of the usual maudlin disease movie."
en:707,13,25,"It' basicallyly what missings missing in theboard,, the idea of something bigger some some ultimateless",It's basically what missing is: the slides are the result of something bigger some ultimate masterpiece.,en,word_vectors,313,ZDM,1,"That is essentially what's missing from Blackboards -- the sense of something bigger, some ultimate point."
en:710,20,34,"It whitewitlitted, slowzy offoffoff of the Animal Planet documentary, Cra Craodile is is entertainment opportunist, its most glaring.","A dimwitted, slow-moving documentary, the Animal Planet documentary, The Cracker, is entertainment opportunist, and the most glaring.",en,word_vectors,316,ZDM,0,"A dim-witted and lazy spin-off of the Animal Planet documentary series, Crocodile Hunter is entertainment opportunism at its most glaring."
en:722,16,23,An ewful movie -- is only bey the most emotionally laleable film filmmakersers.,"An epic movie that's not only the movie's emotionally laminating director,",en,word_vectors,328,ZDM,0,An awful movie that will only satisfy the most emotionally malleable of filmgoers.
en:744,44,67,"Crades's ode to recling the's wonder is is a ragbling and esherent manifesto of the deepgueness of theal excesses honorise of God remains a reous, deentious endeavor,'s unsnecused and unsdioously exasperating.","Cramer's ode to reckoning and wonder is a raging delight, a manifesto of its recklessness and poisonous excess.",en,word_vectors,350,ZDM,0,Godard's ode to tackling life's wonderment is a rambling and incoherent manifesto about the vagueness of topical excess... In Praise of Love remains a ponderous and pretentious endeavor that's unfocused and tediously exasperating.
en:746,28,42,"It never truly get to know about the main characters --, or not they windre wind up together and and Michael''s spiritual quest is neiing entertainmusing nor dramatic enough to be us.",It never truly gets to talk about the main characters -- whether or not they wind up together and Michael's spiritual quest is neiingly entertaining nor dramatic -- to the point of,en,word_vectors,352,ZDM,0,"We never truly come to care about the main characters and whether or not they'll wind up together, and Michele's spiritual quest is neither amusing nor dramatic enough to sustain interest."
en:749,11,20,"Castroez,s cultthical may have used some informed or but-sight.",Castro's cult-making movies have used some informed and uninformed,en,word_vectors,355,ZDM,1,"Peralta's mythmaking could have used some informed, adult hindsight."
en:756,26,35,Theys will certainly have to spend their time in the theatrtheater thinking about grocey lists and ways to make the kids that not to eat like Pinocchio.,"They will certainly not spend their time in the theatre thinking about grocery stores and ways to save money, but they'll certainly not spend their time like Pinocchio.",en,word_vectors,362,ZDM,1,Adults will certainly want to spend their time in the theater thinking up grocery lists and ways to tell their kids how not to act like Pinocchio.
en:757,24,31,"It as distinctive, even as humorous as its needs to stand able stand out, it it has clearly been made of careion and care.","It's as distinctive and even more humorous as its needs to stand out, but it has clearly been made of care and care.",en,word_vectors,363,ZDM,1,"Not as distinctive or even as humorous as its needs to be to stand out, but it has clearly been made with affection and care."
en:758,14,20,A generic family comedy rarelikely to be appreciated by any outside of Underclasss.,A generic family comedy rarely to be appreciated on the outside of the under-represented.,en,word_vectors,364,ZDM,0,A generic family comedy unlikely to be appreciated by anyone outside the under-10 set.
en:762,22,31,"Director-direct Johndirector John Parker attempts attempts to fashion a likeianlike, real-realismre fall dreadfully short.","Director Douglas Parker attempts to fashion a like-minded, real-life satirist fall-drunk.",en,word_vectors,368,ZDM,0,"Co-writer/director Jonathan Parker's attempts to fashion a Brazil-like, hyper-real satire fall dreadfully short."
en:771,9,16,It doesn doesn't work to to to especially not a sense sense.,"It doesn't matter what, it's just... special, especially in a sense.",en,word_vectors,377,ZDM,1,It just doesn't have much else... especially in a moral sense.
en:772,18,24,"A familiarfamiliar with Mormon traditions may find The Wolf-,d sometimesally bewildering.","A familiar and unknown of Mormon traditions, find The Wolff sometimes bewildering.",en,word_vectors,378,ZDM,1,Those unfamiliar with Mormon traditions may find The Singles Ward occasionally bewildering.
en:774,11,19,It the film cast cast alone can keep on watching the especially the the fight scenes.,It's the only cast alone that keeps on watching the fight scenes.,en,word_vectors,380,ZDM,2,"But the talented cast alone will keep you watching, as will the fight scenes."
en:778,21,24,"An important movie, a reminder of the power of the, move people and to make us examine our values.","An important movie, a reminder of the power of the word, to move us and to make us examine our values.",en,word_vectors,384,ZDM,2,"An important movie, a reminder of the power of film to move us and to make us examine our values."
en:780,21,24,A richly imaginad and admirably mature work from a directored director who certainly has something on his mind.,A richly imaginative and admirably mature work from a director who certainly has something on his mind.,en,word_vectors,386,ZDM,2,A richly imagined and admirably mature work from a gifted director who definitely has something on his mind.
en:783,18,22,... what's nice is that there's no casual intelligentintelligence that'meates the script.,... what's nice is that there's no casualintelligence that permeates the script.,en,word_vectors,389,ZDM,2,But what's nice is that there's a casual intelligence that permeates the script.
en:788,15,28,Asing aslight as as if it were extend extended long- butbeit short by by smart smart kids kids in the.,"As slight as if it were extended long, but short, but hilarious by the smart kids in the room.",en,word_vectors,394,ZDM,1,"Feels slight, as if it were an extended short, albeit one made by the smartest kids in class."
en:789,12,13,The picture doesn't know it's comedy comedy.,The picture doesn't know it's comedy.,en,word_vectors,395,ZDM,1,The picture doesn't know it's a comedy.
en:795,17,26,"A's a head-hatner, thoughtfully written beautiful beautifully toldable thought frank, humanly humanizing.","A head-hater is thoughtfully written beautifully, and it's a humanizing",en,word_vectors,401,ZDM,2,"It's a head-turner -- thoughtfully written, beautifully read and, finally, deeply humanizing."
en:798,14,33,The' Black can achieves itste ficance in a's a comedy-fi comedy of of Balrongiff'.upob.ats.,The Black Man achieves its spectacularly inefficient performances in a comedy of the Ballack.,en,word_vectors,404,ZDM,0,Men in Black II achieves ultimate insignificance -- it's the sci-fi comedy spectacle as Whiffle-Ball epic.
en:800,24,29,"Presents a good movie, failing to provide a reason for human to care beyond the very basicss of human deceit.",Presents a good movie while failing to provide a reason for its depth and care beyond the very basics of human deceit.,en,word_vectors,5,ZDN,1,Presents a good case while failing to provide a reason for us to care beyond the very basic dictums of human decency.
en:802,14,24,Broad and Sweetster has so many faultlaws that' be a for critics to shrug..,"Broad and Sweet has so many faults, it's hard to be a critic of the depressed.",en,word_vectors,7,ZDN,0,"Bread, My Sweet has so many flaws it would be easy for critics to shred it."
en:808,29,40,"If Thecimaces Wild had been tweaked a a ch, would have become a camp adventure one one of those that that iss when far it starts to become a.","If The Fugitives Wild had been tweaked a stone's-kick, it would have become a camp adventure one of those days, but that is when it starts to become a",en,word_vectors,14,ZDN,1,"If Deuces Wild had been tweaked up a notch it would have become a camp adventure, one of those movies that's so bad it starts to become good."
en:826,10,10,I love the robust middle of this picture.,I love the robust middle of this picture.,en,word_vectors,32,ZDN,2,I love the robust middle of this picture.
en:833,20,28,It film is worth the look -- but you don't demand much more than a few minutes shotjunklls from your Halloween entertainment.,It is worth the look -- but it doesn't demand much more than a few minutes of entertainment from your Halloween entertainment.,en,word_vectors,39,ZDN,1,"The Ring is worth a look, if you don't demand much more than a few cheap thrills from your Halloween entertainment."
en:844,9,14,"I love the new movieage, I love the old foot.","I love the new movie, I love the old movie.",en,word_vectors,50,ZDN,2,I like the new footage and still love the old stuff.
en:845,21,29,"It briefly flirts with the-ochism, but the point is the interest is audience cultism -- is evacliped completely.","It briefly flirts with the homophobic, but the point is, the interest in audience cult is derailed completely.",en,word_vectors,51,ZDN,1,"It briefly flirts with player masochism, but the point of real interest -- audience sadism -- is evaded completely."
en:846,12,15,The The Country Bears be be as bad as the trailers?,The Country Bears will be as bad as the movies.,en,word_vectors,52,ZDN,0,Could The Country Bears really be as bad as its trailers?
en:850,5,8,It film seems to dead man.,It seems to be dead,en,word_vectors,56,ZDN,0,The film seems a dead weight.
en:851,21,48,"Sparkling is the romanticflarious, comedydiusy comedy, butach is so much like a movieer Mulleranro, it is it movie should instead be called TheThe Husband' avis.as...","Sparkling is a romantic comedy, but it's not so much the story of Richard Muller as it is that it should instead be called The Husband of Richard.",en,word_vectors,57,ZDN,2,"Sparkling, often hilarious romantic jealousy comedy... Attal looks so much like a young Robert DeNiro that it seems the film should instead be called `My Husband Is Travis Bickle'."
en:853,17,22,"A pauy movie that iss not justly unwatchable, but also unimaginaable.","A palymouth movie that is not just arbitrarily unwatchable, but also arbitrarily unintelligible.",en,word_vectors,59,ZDN,0,"A lousy movie that's not merely unwatchable, but also unlistenable."
en:855,23,42,"A strong,, powerful and, a music,, it to be transported to the world of Lihiudio Wis,umski, and is not only a pianist, but a good story being.","A strong, powerful and a splendid film that allows to be transported in a style that is... Lash, Cheryl, and not only is pianist but is good at it.",en,word_vectors,61,ZDN,2,"A strong script, powerful direction and splendid production design allows us to be transported into the life of Wladyslaw Szpilman, who is not only a pianist, but a good human being."
en:858,8,12,For's a fanboy whatwhat''',For a fanboy what a fanboy!,en,word_vectors,64,ZDN,1,It's a fanboy `what if?'
en:861,32,58,"Stephen Reid, the.,n, and Johniss,smond's legal rightvilles, when when joined by Jonesnan, the usual of a osoquent trioetlinglling in pretty American setting is is a bit thing thing. indeedems","Stephen Reid, the writer, and the Smith, Jones, Smith, Smith, Smith, legal -- when joined by Jones, the writer, and the silent, ruthless trio, laughing at pretty American settings -- is a thing ``small''.",en,word_vectors,67,ZDN,2,"Stephen Rea, Aidan Quinn, and Alan Bates play Desmond's legal eagles, and when joined by Brosnan, the sight of this grandiloquent quartet lolling in pretty Irish settings is a pleasant enough thing, `tis."
en:864,12,16,"Everything was as superficial as the forced New York, accent accent Uma Uma.",Everything was as superficial as the forced New York Times' low-profile accent Uma Thurman.,en,word_vectors,70,ZDN,0,Everything was as superficial as the forced New Jersey lowbrow accent Uma had.
en:872,19,31,"It word in in every sense of the word,lessless life lifeless, calculadering, painne, irritaful.noxious.","It's a word in every sense of the word, alesslessless lifeless, calculating, painful, cramping.",en,word_vectors,78,ZDN,0,"A zombie movie in every sense of the word -- mindless, lifeless, meandering, loud, painful, obnoxious."
en:877,20,31,"High Crime is is how mistakes that bad movies make and is determined to to make it any but maybe that it no reason, a movie.",High Crime is a series of mistakes that bad movies make and are determined to make -- and maybe that is no reason for a movie.,en,word_vectors,83,ZDN,1,"High Crimes knows the mistakes that bad movies make and is determined not to make them, and maybe that is nobility of a sort."
en:880,7,14,"A bland bland,ousmys-theus wner.","A bland, insane, corruption-engendering.",en,word_vectors,86,ZDN,0,... a bland murder-on-campus yawner.
en:883,13,22,"Disfers to abling, buttive dialogue and a visual stigmarang ende endemic to digital media.",Dissident is a film's dialogue from its visual stigmatizing endemic to digital media.,en,word_vectors,89,ZDN,0,"Suffers from rambling, repetitive dialogue and the visual drabness endemic to digital video."
en:886,18,21,Features one of the most affecting imagespictions of a love affair ever committed by a.,Features one of the most affecting images of a love affair ever committed by a woman.,en,word_vectors,92,ZDN,2,Features one of the most affecting depictions of a love affair ever committed to film.
en:896,19,32,"It a harddered voyeur can have the patience of a, go through the arbitraterminable,lessless documentary on the swinging cultureculture.","It's a hard-focused voyeur, but it'll require the patience of a man to go through a zig-zag documentary about swinging cultures.",en,word_vectors,102,ZDN,0,"Even a hardened voyeur would require the patience of Job to get through this interminable, shapeless documentary about the swinging subculture."
en:900,28,36,"It film is a bitvoluved as as artificial as the video itself Japanese cans play in a nightclub scenequence, but it's an enjoyable one.","It is a bit artificial in the video, as Japanese people play the nighttime routine, but it's an enjoyable one.",en,word_vectors,106,ZDN,1,"The film is a contrivance, as artificial as the video games Japanese teens play in a nightclub sequence, but it's an enjoyable one."
en:901,19,29,"The worst worst on screen can is callgey, but at its best the is a  artist's contemplaful consideration of father..","The worst of screenplay is callous, but the best of it is the artist's consideration of father.",en,word_vectors,107,ZDN,1,"At its worst the screenplay is callow, but at its best it is a young artist's thoughtful consideration of fatherhood."
en:907,22,26,"Jims created created a breathtakingly assured and stylish film, spare dialogue and acute expressiveness.","Jim, created in breathtakingly assured and stylish fashion, has spare dialogue and acute expressiveness.",en,word_vectors,113,ZDN,2,Jeffs has created a breathtakingly assured and stylish work of spare dialogue and acute expressiveness.
en:931,8,21,"Anmic chronicles of the-bing, York,, the families killsnesserss.","Aniac chronic of the grueling, reckless, and unnecessary of the film.",en,word_vectors,137,ZDN,1,Anemic chronicle of money grubbing New Yorkers and their serial loveless hook ups.
en:933,13,17,And I decidedve decided to put the light on every night until now on.,And I decided to put a light on every night until now.,en,word_vectors,139,ZDN,1,And I've decided to leave a light on every night from now on.
en:943,16,24,"Annaishwaiyah,ly disps her Divava persona enough to create genuine chemistry with Wilsonsend.","Anna, emphasizing her star-studded persona, is determined to unleash genuine chemistry with Whitney.",en,word_vectors,149,ZDN,1,Aaliyah rarely dampens her diva persona enough to spark genuine chemistry with Townsend.
en:946,19,25,It and be a great loss if it for two supporting performances taking place at the movie's..,"It's a movie, and it's a movie not for two supporting performances taking place at the movie's",en,word_vectors,152,ZDN,1,... would be a total loss if not for two supporting performances taking place at the movie's edges.
en:947,28,42,An inspiring and affectwarmwarmighteningting story about the desperate attempts of Japaneseese refugees living in A.S. repatri tos to the them familiess alive. Japan.,An inspiring and affecting story about the desperate attempts of Japanese refugees living in Australia to relocate to their homes.,en,word_vectors,153,ZDN,2,An inspiring and heart-affecting film about the desperate attempts of Vietnamese refugees living in U.S. relocation camps to keep their hopes alive in 1975.
en:953,19,38,"A real charm of the movielog is the deadly comic,, the star -- who-no, who reseembles alymanlone as a half sleep.-nak.","A real charm to the film is the deadly comic, the star of the film, that resembles Slyman, a half-naked, half-naked.",en,word_vectors,259,ZDN,1,"The real charm of this trifle is the deadpan comic face of its star, Jean Reno, who resembles Sly Stallone in a hot sake half-sleep."
en:960,32,56,"Latellet can't avoid a major mistake in a modern age, it's changed the male academic from a lower-classer to a upp, andges of'sets all worldists plote tone, theres the story of the book.","Late can't avoid a major mistake in the modern age, when it changed the male academic from a lower-classer to a higher-classer, and it's a mistake to do it again, if it's done right, and it's done well, if it's done right, and it's done right.",en,word_vectors,266,ZDN,1,"LaBute can't avoid a fatal mistake in the modern era: He's changed the male academic from a lower-class Brit to an American, a choice that upsets the novel's exquisite balance and shreds the fabric of the film."
en:964,15,17,Gere gives a good performance in a film that doesn't have.,Gere gives a good performance in a film that doesn't have any,en,word_vectors,270,ZDN,1,Gere gives a good performance in a film that doesn't merit it.
en:968,18,24,"The director of with his fake newsss andlyly pacing, is settles on consistent consistent tone.","The director of his fake news andly-caciling, deliberately-aggressive, and slash-pointing, is a consistent tone.",en,word_vectors,274,ZDN,0,"The director, with his fake backdrops and stately pacing, never settles on a consistent tone."
en:969,17,27,"The it was given free timeeign over the project is the', directed, starved, produced -- is a me.","The film was given free time over the project itself, and the directed starring produced it is a great movie.",en,word_vectors,275,ZDN,0,"Why he was given free reign over this project -- he wrote, directed, starred and produced -- is beyond me."
en:970,20,27,If you can being rewarded by a script that assumes you''t that bright then then thisys for you.,If you can enjoy being rewarded by a script that assumes you're not bright then this movie is for you.,en,word_vectors,276,ZDN,0,"If you enjoy being rewarded by a script that assumes you aren't very bright, then Blood Work is for you."
en:971,13,37,"Thewisey White,, Iland will to take a good career clarify his pointtic role and he audience film, to to time learned the filmster,t:","Their, Yellow Valley, A., will take a good chance to clarify his point, and to make it clear that it's not a case of ""to be a man"" but rather ""to be a woman"".",en,word_vectors,277,ZDN,0,"Like Rudy Yellow Lodge, Eyre needs to take a good sweat to clarify his cinematic vision before his next creation and remember the lessons of the trickster spider."
en:983,9,11,"Hard, unaring, warming, warm.","Hard, unsettling and warm.",en,word_vectors,289,ZDN,2,"Hard, endearing, caring, warm."
en:985,19,38,The way Arnoldpola professes his love for movies is and offul andsarias -- the odds -- arefoldlly makefy him a. is adyly outraing.,"The way Arnold professes his love for movies is to have a heart, a soul, and a heart.",en,word_vectors,291,ZDN,2,The way Coppola professes his love for movies -- both colorful pop junk and the classics that unequivocally qualify as art -- is giddily entertaining.
en:993,19,41,"I''t beatst your gut, but it's not a -- -- but's justly a caseing-tic sceneviical scenetion. the' us person. come.","I've won't fight your good fortune, but I've won't let it get messy, the first time I've seen it, and the second time I've seen it, it's a",en,word_vectors,299,ZDN,1,It won't bust your gut -- and it's not intended to -- it's merely a blandly cinematic surgical examination of what makes a joke a joke.
en:998,15,35,"An unomus jokeballlythe-walle-ter. Welcome to thee' is been loty, un-allurs-.s. it.","An absurd joke, a laugh-the-loaf. Welcome to the world of the unknown.",en,word_vectors,304,ZDN,1,"The doofus-on-the-loose banter of Welcome to Collinwood has a cocky, after-hours loopiness to it."
en:999,14,16,It's the funniest American comedy since graffitifiti..,It's the funniest American comedy since graffiti and,en,word_vectors,305,ZDN,2,It's the funniest American comedy since Graffiti Bridge.
en:1002,23,40,An gruelinglling and heartbreaking to witness is the thelar' hisstonemarks staling performances are this far above the mark of the human diseaseellin disease..,"A grueling and heartbreakingly sad witness to the Walters' staggering performances, this far from the end of the disease.",en,word_vectors,308,ZDN,2,"Often gruelling and heartbreaking to witness, but Seldahl and Wollter's sterling performances raise this far above the level of the usual maudlin disease movie."
en:1007,12,25,"It' basicallyly what missings missing in theboard, is it fact of something bigger than the ultimate..","It's basically what missing is: a slideshow of the Beatles, but it's also something bigger -- ultimately.",en,word_vectors,313,ZDN,1,"That is essentially what's missing from Blackboards -- the sense of something bigger, some ultimate point."
en:1010,17,34,"A dim anddted and slowzy offoffoff of Animal Animal Farm documentary,, Theodile iss a,ist, its best basicring.","A dim and slow off-roading film of Animal Farm documentary, The Cracker's Diary is a movie of awkwardness and awkwardness.",en,word_vectors,316,ZDN,0,"A dim-witted and lazy spin-off of the Animal Planet documentary series, Crocodile Hunter is entertainment opportunism at its most glaring."
en:1022,17,23,An ewful movie that can only satisfy the most emotionally laformable film filmmakersers.,An epic movie that can only satisfy the most emotionally laminated filmmakers.,en,word_vectors,328,ZDN,0,An awful movie that will only satisfy the most emotionally malleable of filmgoers.
en:1044,38,67,"Cradar's ode to combatling life wonders wonders is a rambling, inconherent manifesto for how worldgueness of lifes lovees and Loveise, Love remains a deous and unentious storyavor, isslikecused on undioouslyaperating.","Cramer's ode to tackling life wonderment is a rambling, inconvenient manifesto for the love of all things. Love remains a constant, and it's a constant theme, and it's a constant.",en,word_vectors,350,ZDN,0,Godard's ode to tackling life's wonderment is a rambling and incoherent manifesto about the vagueness of topical excess... In Praise of Love remains a ponderous and pretentious endeavor that's unfocused and tediously exasperating.
en:1046,27,42,"It never truly get to know about the main characters -- whether or not they windre wind up together, Michael Michaele's spirituality is neiing entertainmusing nor entertain. to be us.",It's never truly fair to talk about the main characters -- whether or not they wind up together -- but Schumacher's spirituality is neiing nor entertaining -- and it's,en,word_vectors,352,ZDN,0,"We never truly come to care about the main characters and whether or not they'll wind up together, and Michele's spiritual quest is neither amusing nor dramatic enough to sustain interest."
en:1049,8,20,"Theception,s magicthical could have been a mored consent-ersight.",The filmmaking could have been a lot more,en,word_vectors,355,ZDN,1,"Peralta's mythmaking could have used some informed, adult hindsight."
en:1056,22,35,Theys will certainly be to learn their time thinking the kitchentheater thinking about grocey stores and ways to make their kids that not to eat. adultsocchio.,"They will certainly be tolerated for their food, but the way they're thinking and shopping in ways that make their lives easier is not tolerable.",en,word_vectors,362,ZDN,1,Adults will certainly want to spend their time in the theater thinking up grocery lists and ways to tell their kids how not to act like Pinocchio.
en:1057,21,31,"It distinct distinctive, even humor humorous as its needs to stand to stand out, but it has a been a to aion and a.","Its distinctiveness is even as humorous as its needs to stand up, but it has a lot to do with its own personality.",en,word_vectors,363,ZDN,1,"Not as distinctive or even as humorous as its needs to be to stand out, but it has clearly been made with affection and care."
en:1058,17,20,A generic family comedy likelylikely to be appreciated by those outside the underset set.,A generic family comedy likely to be appreciated by those outside the underset.,en,word_vectors,364,ZDN,0,A generic family comedy unlikely to be appreciated by anyone outside the under-10 set.
en:1062,17,31,Director-direct Johndirector John Parker attempts attempts to fashion a likeianlike style but-sexualismre is intofully short.,"Director John Parker attempts to fashion a like-minded audience, but it's a",en,word_vectors,368,ZDN,0,"Co-writer/director Jonathan Parker's attempts to fashion a Brazil-like, hyper-real satire fall dreadfully short."
en:1071,10,16,I' doesn't have to moral to especially in moral moral sense.,"I'm sure you'll have noticed, except especially in moral sense.",en,word_vectors,377,ZDN,1,It just doesn't have much else... especially in a moral sense.
en:1072,15,24,A familiarknowmiliar with Mormon traditions are be the Singles ad sometimesally behadering.,"A familiar and unknown to Mormon tradition, the Teens are often behaving.",en,word_vectors,378,ZDN,1,Those unfamiliar with Mormon traditions may find The Singles Ward occasionally bewildering.
en:1074,11,19,But the talented woman alone will keep on watching for for it the talenters..,"But the talented woman alone will keep on watching the movie, and it's a great movie.",en,word_vectors,380,ZDN,2,"But the talented cast alone will keep you watching, as will the fight scenes."
en:1078,16,24,"An important movie a a reminder of power power of a in make us, to help us examine our own.",An important movie a reminder of the power of a film that is to entertain and to help us examine the world.,en,word_vectors,384,ZDN,2,"An important movie, a reminder of the power of film to move us and to make us examine our values."
en:1080,14,24,I dreamly imaginad and admirably mature woman from a maned woman who has has a to his heart.,I'd never imagined a remarkably mature woman from the age of 20 who now has a knack for his,en,word_vectors,386,ZDN,2,A richly imagined and admirably mature work from a gifted director who definitely has something on his mind.
en:1083,13,22,But what its certain is that there iss no lottyexistence that'meates the.,"But what it is that there is is, is a lot of it.",en,word_vectors,389,ZDN,2,But what's nice is that there's a casual intelligence that permeates the script.
en:1088,12,28,Asing mildlight as as if it were an aed movie film butbeit brief that of a timeest people. town.,"As slight as it was, it were an awful lot of fun to watch, and the",en,word_vectors,394,ZDN,1,"Feels slight, as if it were an extended short, albeit one made by the smartest kids in class."
en:1089,12,13,The picture is't know it's a comedy.,"The picture is, I'm sure, a comedy.",en,word_vectors,395,ZDN,1,The picture doesn't know it's a comedy.
en:1095,16,26,"A's a head-hatner- thoughtfully writtenly beautifully --, finally finally, beautifully..","A head-hater--wisely--wisely-writtenly-ly-worded poem, and finally a",en,word_vectors,401,ZDN,2,"It's a head-turner -- thoughtfully written, beautifully read and, finally, deeply humanizing."
en:1098,15,33,Living in Black achieve achieves ultimate significaficance by and's a only-fi movie of. it.igle.uplow.ats.,"Living in Black, he achieves ultimate significance -- and it's all in black.",en,word_vectors,404,ZDN,0,Men in Black II achieves ultimate insignificance -- it's the sci-fi comedy spectacle as Whiffle-Ball epic.
en:1099,26,29,Presents a good case while failing to provide a reason for human to care beyond the very basicss of human deceit.,Presents a good case while failing to provide a reason for human care beyond the very basics of human deceit.,en,word_vectors,5,ZGW,1,Presents a good case while failing to provide a reason for us to care beyond the very basic dictums of human decency.
en:1101,18,24,Broad My My Sweet Girl so many faultlaws it would be easy for critics to disrink it.,"Broken My Sweet Heart, so many faults, it would be easy for critics to derail it.",en,word_vectors,7,ZGW,0,"Bread, My Sweet has so many flaws it would be easy for critics to shred it."
en:1107,29,40,"If Thecimaces Wild had been tweaked a a ch, would have become a fire one one of those movies where sos so good it starts to become good.","If The Fugitives had been edited a fraction, it would have become a thrilling adventure one of those movies where so much happens to become good.",en,word_vectors,14,ZGW,1,"If Deuces Wild had been tweaked up a notch it would have become a camp adventure, one of those movies that's so bad it starts to become good."
en:1125,9,10,I love the robust middle of the picture.,I love the robust middle of the picture.,en,word_vectors,32,ZGW,2,I love the robust middle of this picture.
en:1132,22,28,The Ring is worth the look if but you can't demand much more than a few cheapthrithrills in your Halloween entertainment.,The Ring is worth the look -- but you'll demand much more -- than a few cheapthrills in your Halloween entertainment.,en,word_vectors,39,ZGW,1,"The Ring is worth a look, if you don't demand much more than a few cheap thrills from your Halloween entertainment."
en:1143,9,14,"The' the video videoage, still love the old stuff.",The film's most memorable and engaging footage is still one of the most stuffy.,en,word_vectors,50,ZGW,2,I like the new footage and still love the old stuff.
en:1144,13,29,"The flirtly flirted with a shamochism, and it movie is theism is itsism -- is completelycliped completely.","The sexist and cult-loving actor, Homosexual, is a cult-loving,",en,word_vectors,51,ZGW,1,"It briefly flirts with player masochism, but the point of real interest -- audience sadism -- is evaded completely."
en:1145,8,15,The the Bear's be be as bad as the trailers.,The Reds and Whites will be as bad as the movies.,en,word_vectors,52,ZGW,0,Could The Country Bears really be as bad as its trailers?
en:1149,7,8,The film seems a dead man.,The film seems a dead man.,en,word_vectors,56,ZGW,0,The film seems a dead weight.
en:1150,35,48,"Sparkling often often funnyhilarious romantic,alousy comedy, Ata looks so much like a young Robert DeNiro that it seems the movie should instead be called MyMy Husband' avis'ck'..","Sparkling often funny romantic, cynical, reckless, attic. Attic looks so much like a young Robert Bosch that it seems the movie should instead be called My Husband, Richard, Dick.",en,word_vectors,57,ZGW,2,"Sparkling, often hilarious romantic jealousy comedy... Attal looks so much like a young Robert DeNiro that it seems the film should instead be called `My Husband Is Travis Bickle'."
en:1152,17,22,"A pauy movie that iss not justly unwatchable, but also unimaginaable.","A palymouth movie that is not just arbitrarily unwatchable, but also arbitrarily unintelligible.",en,word_vectors,59,ZGW,0,"A lousy movie that's not merely unwatchable, but also unlistenable."
en:1154,30,42,"A strong script, powerful direction and splendid production that that us to be transported to life life of Lihiudio Wis Osuminski, who is not only a pianist but but a good human being.","A strong script, powerful direction and splendid production that allows us to be transported to life of Lissky, Sisak, who is not only a pianist but a good human being.",en,word_vectors,61,ZGW,2,"A strong script, powerful direction and splendid production design allows us to be transported into the life of Wladyslaw Szpilman, who is not only a pianist, but a good human being."
en:1157,9,12,A's a fanboy whatwhat if'',"A fanboy, what if?",en,word_vectors,64,ZGW,1,It's a fanboy `what if?'
en:1160,33,58,"Stephen Hawked, Annalain Jonesn, and Alan Adamss playsmond,s s armvilles, and when joined by Dunan, the  of a cosequet trioet,ung in pretty American settings is a pleasant enough thing. ``bits","Stephen Hawking and Anna Duncan plays Stanislaw, a lion, and when joined by Dustin Hoffman, the lion of a complex trioling in pretty American settings is a pleasant enough thing.",en,word_vectors,67,ZGW,2,"Stephen Rea, Aidan Quinn, and Alan Bates play Desmond's legal eagles, and when joined by Brosnan, the sight of this grandiloquent quartet lolling in pretty Irish settings is a pleasant enough thing, `tis."
en:1163,9,16,It was superficial superficial as a forced New Jersey sweat- accent A had,"It was a superficial and forced New Jersey movie, with an accent A.I. had",en,word_vectors,70,ZGW,0,Everything was as superficial as the forced New Jersey lowbrow accent Uma had.
en:1171,17,31,"It story in, a sense of the word,lessless life lifeless, calculadering, painu, irritaful.noxious.","It's a story in a sense of the timeless lifeless, calculating, louder, rash,",en,word_vectors,78,ZGW,0,"A zombie movie in every sense of the word -- mindless, lifeless, meandering, loud, painful, obnoxious."
en:1176,20,31,"The Crime knows knows the mistakes that bad movies make, is determined to to fix them and and maybe it there no no of the movie.","The Crimes knows the mistakes that bad movies make, and is determined to fix them, and maybe even the nobility of the filmmakers.",en,word_vectors,83,ZGW,1,"High Crimes knows the mistakes that bad movies make and is determined not to make them, and maybe that is nobility of a sort."
en:1179,6,14,"A a murder,ousga-theus nker.","A thrilling, insane, reckless.",en,word_vectors,86,ZGW,0,... a bland murder-on-campus yawner.
en:1182,14,22,"Afice from ragbling, repetitive dialogue and a visual rang ende endemic to the video.","Aside from raging repetitive dialogue and the visual gnomimic endemic to the video,",en,word_vectors,89,ZGW,0,"Suffers from rambling, repetitive dialogue and the visual drabness endemic to digital video."
en:1185,18,21,Its one of the most affecting imagespictions of a love affair ever committed in film.,It's one of the most affecting images of a love affair ever committed in film.,en,word_vectors,92,ZGW,2,Features one of the most affecting depictions of a love affair ever committed to film.
en:1195,25,32,"A a harddered voyeur would require the patience of Job to watch through this endterminable,lessless documentary about the swinging cultureculture.","A slow, penetrating voyeuristic would require the patience of Job to watch this endlesslesslessly shapeless documentary about the swinging cultures.",en,word_vectors,102,ZGW,0,"Even a hardened voyeur would require the patience of Job to get through this interminable, shapeless documentary about the swinging subculture."
en:1199,24,36,"The film is a decivance as as artificial as a video of, teens are, a nighttime setupquence, and an's an enjoyable one.","The film is a deceptively artificial as a video of Japanese teens in a nightclub setup, an enjoyable one.",en,word_vectors,106,ZGW,1,"The film is a contrivance, as artificial as the video games Japanese teens play in a nightclub sequence, but it's an enjoyable one."
en:1200,23,29,"At its worst the screen is, athar, but at its best it is a young and's thoughtful consideration of father..","At its worst the screen is a calloar, but at its best it is a young and thoughtful consideration of father.",en,word_vectors,107,ZGW,1,"At its worst the screenplay is callow, but at its best it is a young artist's thoughtful consideration of fatherhood."
en:1206,22,26,It has has created a breathtakingly assured and stylish work of dialogue dialogue and articulacute expressiveness.,It has created a breathtakingly assured and stylish work of dialogue and articulation.,en,word_vectors,113,ZGW,2,Jeffs has created a breathtakingly assured and stylish work of spare dialogue and acute expressiveness.
en:1230,14,21,Themic of of of money bubing New Yorkers and their love love hook hookupss.,The chronic of money bumping New Yorkers is their love of hookups.,en,word_vectors,137,ZGW,1,Anemic chronicle of money grubbing New Yorkers and their serial loveless hook ups.
en:1232,15,17,It I decidedve decided to leave a light on every night from now on.,I've decided to leave a light on every night from now on.,en,word_vectors,139,ZGW,1,And I've decided to leave a light on every night from now on.
en:1242,16,24,Annaishwaiyah rarely titps her starva persona enough to spark ae sexmistry with Whitsend.,Anna always sparks her star-favourite persona enough to spark a chemistry with Whitney.,en,word_vectors,149,ZGW,1,Aaliyah rarely dampens her diva persona enough to spark genuine chemistry with Townsend.
en:1245,22,25,It it be a total loss if not for two supporting performances taking place at the movie edges edges.,It would be a total loss if not for two supporting performances taking place at the movie edges.,en,word_vectors,152,ZGW,1,... would be a total loss if not for two supporting performances taking place at the movie's edges.
en:1246,30,42,An inspiring and affectwarmwarmighteningting film about the desperate fates of Japaneseese refugees living in.S. repatri camps and fulfill their hopes alive. 1978.,"An inspiring and heartwarming film about the desperate fates of Japanese refugees living in An inspiring, inspiring, inspiring, inspiring, inspiring, inspiring, inspiring, inspiring, inspiring, inspiring, inspiring, inspiring and heartwarming and heartwarming, heartwarming and heartwarming film about the desperately inspiring",en,word_vectors,153,ZGW,2,An inspiring and heart-affecting film about the desperate attempts of Vietnamese refugees living in U.S. relocation camps to keep their hopes alive in 1975.
en:1251,12,15,Anderson's funnyniest and most likeable movie in all.,"Anderson funny, but most likeable in the",en,word_vectors,158,ZGW,2,Allen's funniest and most likeable movie in years.
en:1253,20,29,"It is a refreshingabsenceabsence of sceicism in Stewart Little', a a rarity even even in the film film market.","It is a refreshingabsence of cynicism, and Stewart Little is a rare, even if the film market",en,word_vectors,160,ZGW,2,"There is a refreshing absence of cynicism in Stuart Little 2 -- quite a rarity, even in the family film market."
en:1263,18,26,"A by the intentionally low standards of humorgboyboy humor, Boyaity Boy is a flaser.","Aside by the intentionally low standards of humor, Boyboys is a flawed",en,word_vectors,170,ZGW,0,"Even by the intentionally low standards of frat-boy humor, Sorority Boys is a bowser."
en:1275,17,25,The stunning dream dreamlike visuals will impress even those ofers who have little patience for filmvisionmovie.cons,The stunning dreamlike visuals will impress even those of us who have little patience for filmmakers.,en,word_vectors,182,ZGW,2,"The stunning, dreamlike visuals will impress even those viewers who have little patience for Euro-film pretension."
en:1290,17,24,For Taxigie fanses fans this this is more appaizing than the side ofsh of wineparagus.,For Taxister fans this is more appalling than the side of a sausage.,en,word_vectors,197,ZGW,2,"For VeggieTales fans, this is more appetizing than a side dish of asparagus."
en:1291,36,42,"I I regards 1978 as the key turning point of the 20th century, return returns again and again to images of dissidents on the streets, it's alarming current current.","I see, however, 1978 as the key turning point of the 20th century, and returns again and again to images of dissidents on the streets, alarmingly current.",en,word_vectors,198,ZGW,1,"While it regards 1967 as the key turning point of the 20th century, and returns again and again to images of dissidents in the streets, it's alarmingly current."
en:1296,38,49,"The Tattoosrows heavily from both Seven and The Silence, Lamb Lambs, it manages to maintain both a level of sofisticphistication intrigintrigue and human-likeized characters that theck the audience out.","The Tattoo swsws heavily from both Seven and The Silence, but Adams manages to maintain both a level of sofistication and human-like characters that the audience will love.",en,word_vectors,203,ZGW,2,"While Tattoo borrows heavily from both Seven and The Silence of the Lambs, it manages to maintain both a level of sophisticated intrigue and human-scale characters that suck the audience in."
en:1299,23,28,"It's the best film of the year, far, and benchmark on which all other Best Picture judgeders can be measured.",It's the best film of the year and it's the benchmark by which all other Best Picture judges can be measured.,en,word_vectors,206,ZGW,2,"It's the best film of the year so far, the benchmark against which all other Best Picture contenders should be measured."
en:1300,13,14,It is one of the biggest disappointments of the year.,It's one of the biggest disappointments of the year.,en,word_vectors,207,ZGW,0,This is one of the biggest disappointments of the year.
en:1302,27,41,Deniseges out of the theories of class and based onrage andlyhood obsessession a or-wird spinning k that ringrings a cultural sexual sexual and social sno.,"Denise seeks out of the theories of class and class based aggression andly obsessiveness a bridge, cranking back, that ringes in cultural sexuality and social snob.",en,word_vectors,209,ZGW,1,"Denis forges out of the theories of class - based rage and sisterly obsession a razor-sided tuning fork that rings with cultural, sexual and social discord."
en:1328,25,44,"It thoroughly enjoymusful movie, stupidmblylytively otic -- andly ppy -- a weird amalgam of TheThe Thingsing' and a veteranatric ``Cick''","It's thoroughly a movie about stupid, liarly chaotic people, a weird amalgam of The Things and a gendarmer's ``cacaca''.",en,word_vectors,235,ZGW,0,"A thoroughly awful movie -- dumb, narratively chaotic, visually sloppy... a weird amalgam of `The Thing' and a geriatric `Scream.'"
en:1331,27,36,"The movie has no respect for its, political correctness, moral sensecei, but it displays something very important than respect for its flawed people un people.","The movie has no respect for its political correctness, or its corruption, but it shows something very important -- for its corrupt people.",en,word_vectors,238,ZGW,1,"The movie has no respect for laws, political correctness or common decency, but it displays something more important: respect for its flawed, crazy people."
en:1337,27,36,I may be deingenuous to call Rena a great filmmaker but I can' that about most of the filmscks moving in and out of the Cinemax.,"I'd be remiss to call Reno a great filmmaker, but I'd say that about most of the films moving in and out of the Cinemaplex.",en,word_vectors,244,ZGW,1,"It would be disingenuous to call Reno a great film, but you can say that about most of the flicks moving in and out of the multiplex."
en:1341,8,11,Deepiguing and downright intrufuriating.,Deep and downrooting.,en,word_vectors,248,ZGW,2,Intriguing and downright intoxicating.
en:1343,24,32,It the most irritaying thing about Who Is Simens?ale It that it's a  movie made by someone who obviously knows nothing about crime.,"It's the most irritating thing about Who Is Sick? All the time, it's a hilarious movie made by someone who obviously knows nothing about crime.",en,word_vectors,250,ZGW,0,Perhaps the most annoying thing about Who Is Cletis Tout? is that it's a crime movie made by someone who obviously knows nothing about crime.
en:1345,19,26,The dramarky drama touches the heart and the funny iss to the energetic and always surprising performance of Helen Wei..,"The drama touches the heart and the funny is a thrilling, energizing and always surprising performance of Helen Clark.",en,word_vectors,252,ZGW,2,The quirky drama touches the heart and the funnybone thanks to the energetic and always surprising performance by Rachel Griffiths.
en:1347,8,12,A- borffling from the go-go.,A flabbergage and disgusting from the get go.,en,word_vectors,254,ZGW,0,Bad and baffling from the get-go.
en:1348,18,28,This film is a blast of educational energy as as ncy tunehumour and y songs escort you through the night movie-.,This film is a blast of educational energy as thrills and heartwarming songs escort you through the night.,en,word_vectors,255,ZGW,2,"The movie is a blast of educational energy, as bouncy animation and catchy songs escort you through the entire 85 minutes."
en:1352,27,38,"The real charm of this trifle is the deadly comic face of its creator, Jean-no, who reseembles Stanheldmanlone, a mere- sleep-sleep.","The real charm of this trifle is the deadly comic face of its creator, Jean-Michel Renoir, who resembles Stan Lee a man of sake sleepless.",en,word_vectors,259,ZGW,1,"The real charm of this trifle is the deadpan comic face of its star, Jean Reno, who resembles Sly Stallone in a hot sake half-sleep."
en:1359,39,56,"Bellevellet can't avoid a fatal mistake in the modern era. he's changed the male academic from a lower-class American to a American, and choice that ssets and originalists exquisite style, muddrinks the fabric of the world.","Belle can't avoid a fatal mistake in the modern era. He's changed the male academic from a lower-class woman to an American woman, the choice that struck and struck,''''''''''''','''''','''','''','''',''',''','''',''','''','''','''','''',''''',''''','",en,word_vectors,266,ZGW,1,"LaBute can't avoid a fatal mistake in the modern era: He's changed the male academic from a lower-class Brit to an American, a choice that upsets the novel's exquisite balance and shreds the fabric of the film."
en:1363,14,17,Itry gives a good performance in a film that doesn't merit recognition.,It gives a good performance in a film that doesn't merit recognition.,en,word_vectors,270,ZGW,1,Gere gives a good performance in a film that doesn't merit it.
en:1367,20,24,"The director is with his fake backgrounddrops andlyly pacing, s settles on a consistent tone.","The director is his fake background andly biased, but settles on a consistent tone.",en,word_vectors,274,ZGW,0,"The director, with his fake backdrops and stately pacing, never settles on a consistent tone."
en:1368,20,27,"If he was given free reign in this project is a wrote, directed, andved and produced it is beyond me.","If he was given free reign in this project, it would wrote directed stars, and produced a movie beyond the",en,word_vectors,275,ZGW,0,"Why he was given free reign over this project -- he wrote, directed, starred and produced -- is beyond me."
en:1369,20,27,"If you enjoy being rewarded with a script that assumes a''t very bright, Blood Bloodys a you.","If you enjoy being rewarded with a script that assumes a very dark, Dark Blood, it is all right.",en,word_vectors,276,ZGW,0,"If you enjoy being rewarded by a script that assumes you aren't very bright, then Blood Work is for you."
en:1370,27,37,"...wisey Yellow,, Ire needs to put a good sweat to clarify his cinematic vision before his next creation -- remember the importance of the pastery.der.","... Andy Warhol, Yellow Cabin, Alyssa needs to put a good sweat to clarify his cinematic vision before his next creation -- remember the first of the two.",en,word_vectors,277,ZGW,0,"Like Rudy Yellow Lodge, Eyre needs to take a good sweat to clarify his cinematic vision before his next creation and remember the lessons of the trickster spider."
en:1382,7,11,", unaring, warming, warm",,en,word_vectors,289,ZGW,2,"Hard, endearing, caring, warm."
en:1384,24,38,"The way Gopola professes his love for movies is the colorful and-chick and classic classics that qualilikelly qualify him a, is digdyly entertaining.","The way Gogol professes his love for movies with colorful, thrilling, thrilling, thrilling, thrilling, thrilling, thrilling, thrilling, thrilling, thrilling, thrilling, thrilling, thrilling, thrilling, thrilling, thrilling, thrilling, thrilling, thrilling, thrilling, thrilling, thrilling, thrilling, thrilling.",en,word_vectors,291,ZGW,2,The way Coppola professes his love for movies -- both colorful pop junk and the classics that unequivocally qualify as art -- is giddily entertaining.
en:1392,31,41,"I won't best you gut, and it's not intended to be but's justly a blandly cinematic examinarogaical examination of what makes a joke or joke.","I've won't tell you your gut feelings, and I'm not intended to be a merely mildly cinematic examination of what makes a joke or joke.",en,word_vectors,299,ZGW,1,It won't bust your gut -- and it's not intended to -- it's merely a blandly cinematic surgical examination of what makes a joke a joke.
en:1397,18,35,"A usualwus,punlythe-walle-ter is Welcome to Daln is is a y, after-surs-.s. it.","A diffus, snob, snob. Welcome to Dalton, with a quirky, after-sales-flipping.",en,word_vectors,304,ZGW,1,"The doofus-on-the-loose banter of Welcome to Collinwood has a cocky, after-hours loopiness to it."
en:1398,12,16,It's the mostniest American movie of graffitifiti Bridge.,It's the most funny American movie of the graffiti Bridge.,en,word_vectors,305,ZGW,2,It's the funniest American comedy since Graffiti Bridge.
en:1401,20,40,"Often gruelinglling and heartbreaking to witness, the Cragin' thestone's staling works are the point- the mark of a movie.chinalins..","Often grueling and heartbreaking to witness, the Adams and Miller's staggering successes are the result of a",en,word_vectors,308,ZGW,2,"Often gruelling and heartbreaking to witness, but Seldahl and Wollter's sterling performances raise this far above the level of the usual maudlin disease movie."
en:1406,18,25,"That is basicallyly what missings missing from Microsoftboard,, the sense of something bigger than the ultimate point.","That is basically what missing from Microsoft is, in the sense of something bigger than ultimate point.",en,word_vectors,313,ZGW,1,"That is essentially what's missing from Blackboards -- the sense of something bigger, some ultimate point."
en:1409,23,34,"A dim andlitted, slowzy offoffoff of Animal Animal Planet documentary series Cra Craodile Hunter is entertainment opportunist, its most glaring.","A dim and slow off-road Animal Planet documentary series, Crane Hunter's comedy, the entertainment scandalist's movie, is the most glaring.",en,word_vectors,316,ZGW,0,"A dim-witted and lazy spin-off of the Animal Planet documentary series, Crocodile Hunter is entertainment opportunism at its most glaring."
en:1421,18,23,A amusful movie that will only satisfy the emotional emotionally laleable of filmmakersers.,A film that will only satisfy the emotionally laminate of filmmakers.,en,word_vectors,328,ZGW,0,An awful movie that will only satisfy the most emotionally malleable of filmgoers.
en:1443,48,67,"Craard's ode to combatling life wonders wonderment is a ragbling, erroaneherent manifesto about the gueness of humanal matteres In Lovise of Love remains a reous and inentious endeavor that's overnecused and unsdioously exaperating.","Cramer's ode to combating life wonderment is a raging, inane, inane manifesto about the depth of its universality. In Loving of Love remains a relentless, inane, incompetent endeavor that unimpressively over-exposed is that unimpressively over-exposed.",en,word_vectors,350,ZGW,0,Godard's ode to tackling life's wonderment is a rambling and incoherent manifesto about the vagueness of topical excess... In Praise of Love remains a ponderous and pretentious endeavor that's unfocused and tediously exasperating.
en:1445,19,42,"It never truly have to care about the main characters -- the they not they've be up being in the thee's storyity to ather complete storying nor a, to bring,s It","It's never truly worthwhile to care about the main characters -- the plot, the plot, the plot, the plot, the plot, the plot, the plot, the plot, the plot, the plot, the plot, the plot, the plot, the plot, the plot, the plot, the plot, the plot, the plot.",en,word_vectors,352,ZGW,0,"We never truly come to care about the main characters and whether or not they'll wind up together, and Michele's spiritual quest is neither amusing nor dramatic enough to sustain interest."
en:1448,13,20,"Castroez,s fictionthology could have used some informed adult adulthoodsight.","Castro's fiction could have used some informed adulthood, but",en,word_vectors,355,ZGW,1,"Peralta's mythmaking could have used some informed, adult hindsight."
en:1455,29,35,Adults will certainly have to spend their time in the theatrtheater thinking up grocery lists and ways to save their kids they to to eat like Pinocchio.,Adults will certainly have to spend their time in the theatre thinking up grocery lists and ways to save their money.,en,word_vectors,362,ZGW,1,Adults will certainly want to spend their time in the theater thinking up grocery lists and ways to tell their kids how not to act like Pinocchio.
en:1456,15,31,"It as distinctive as even as humorous as the pred to be, be out from the as' a been the, theion, passion.","It's as distinctive as distinctive, and even more humorous, than the first, but it's also a delightful, delicious, and",en,word_vectors,363,ZGW,1,"Not as distinctive or even as humorous as its needs to be to stand out, but it has clearly been made with affection and care."
en:1457,14,20,A generic family comedy thatlike any to be appreciated by the outside of Under- set.,"A generic family comedy that is well-loved by the audience, but under-appreciated by the under-set.",en,word_vectors,364,ZGW,0,A generic family comedy unlikely to be appreciated by anyone outside the under-10 set.
en:1461,21,31,Director-direct Jonathandirector John Parker attempts attempts to fashion a likeianlike sati real-realismre fall dreadfully short.,"Director John Parker attempts to recreate fashionable, like like-real satire fall dreadfully short.",en,word_vectors,368,ZGW,0,"Co-writer/director Jonathan Parker's attempts to fashion a Brazil-like, hyper-real satire fall dreadfully short."
en:1470,11,16,"It doesn doesn't have much else, especially not a moviely.","It doesn't have much else, especially not a lot of.",en,word_vectors,377,ZGW,1,It just doesn't have much else... especially in a moral sense.
en:1471,17,24,A familiarfamiliar with Mormon traditions will find The Singles atime sometimesally behadering.,"A familiar with Mormon traditions, find The Singles awkwardly behaving.",en,word_vectors,378,ZGW,1,Those unfamiliar with Mormon traditions may find The Singles Ward occasionally bewildering.
en:1473,15,19,"... the talented cast alone will keep on watching, and will the action scenes.","... the talented cast alone will keep on watching, and will not change scenes.",en,word_vectors,380,ZGW,2,"But the talented cast alone will keep you watching, as will the fight scenes."
en:1477,19,24,An important movie a a reminder of power power of the to inspir people and to make us examine our values.,An important movie a reminder of power and power is to be used to educate and to make people examine their values.,en,word_vectors,384,ZGW,2,"An important movie, a reminder of the power of film to move us and to make us examine our values."
en:1479,15,24,"rich richly imaginad and admirable gift,, a gifted woman who definitely knows something to his mind.","richly imaginated and admirably gifted, but who definitely hasn't got something in his mind.",en,word_vectors,386,ZGW,2,A richly imagined and admirably mature work from a gifted director who definitely has something on his mind.
en:1482,17,22,... what nices nice is that there's no casual intelintelligence that permeates the conversation.,... what nice is that there's no casualintelligence that permeates the conversation.,en,word_vectors,389,ZGW,2,But what's nice is that there's a casual intelligence that permeates the script.
en:1487,21,28,"Feels mildlight, but if the were an extended short, butbeit one half by the smartest of of class.","Feels mild to say that the films were an extended, long, but one-time-watchable movie by the smartest of the class.",en,word_vectors,394,ZGW,1,"Feels slight, as if it were an extended short, albeit one made by the smartest kids in class."
en:1488,13,13,The picture doesn't know it's a comedy.,The picture doesn't know it's a comedy.,en,word_vectors,395,ZGW,1,The picture doesn't know it's a comedy.
en:1494,19,26,"A's a head-bangner, thoughtfully written beautiful beautifully read, finally finally, humanly humanizing.","A head-hater is thoughtfully written beautifully read, finally a humanizing",en,word_vectors,401,ZGW,2,"It's a head-turner -- thoughtfully written, beautifully read and, finally, deeply humanizing."
en:1497,20,33,"It in Black can achieve ultima ultimate precisficance, it's the same-fi comedy spectacle as Balhaiff' EpicEob'pic.","It's the Black and White to achieve ultimate precision, it's the same comedy spectacle as Balzac's Epic.",en,word_vectors,404,ZGW,0,Men in Black II achieves ultimate insignificance -- it's the sci-fi comedy spectacle as Whiffle-Ball epic.
en:1499,26,29,Presents a good case while failing to provide a reason for people to care beyond the very basicss of human deceit.,Presents a good case while failing to provide a reason for people to care beyond the very basics of human dignity.,en,word_vectors,5,ZJM,1,Presents a good case while failing to provide a reason for us to care beyond the very basic dictums of human decency.
en:1501,18,24,"Broad My My Sweet has so many flaws, would be easy for critics to rerink..","Broad My Sweet has so many flaws, it would be easy for critics to resent.",en,word_vectors,7,ZJM,0,"Bread, My Sweet has so many flaws it would be easy for critics to shred it."
en:1507,33,40,"If Thecimaces Wilder been tweaked up a ch, would have become a camp adventure one one of those movies that sos so bad it starts to become good.","If The Fugitives Wild had been tweaked up a chop, it would have become a camp adventure one of those movies that so bad it starts to become good.",en,word_vectors,14,ZJM,1,"If Deuces Wild had been tweaked up a notch it would have become a camp adventure, one of those movies that's so bad it starts to become good."
en:1525,9,10,I love the robust middle of this story.,I love the robust middle of this movie.,en,word_vectors,32,ZJM,2,I love the robust middle of this picture.
en:1532,25,28,"The Ring is worth a , if you don't demand much more than a cheap cheapthrithrills from your Halloween entertainment.","The Ring is worth a buck, if you don't demand much more than a cheapthriller from your Halloween entertainment.",en,word_vectors,39,ZJM,1,"The Ring is worth a look, if you don't demand much more than a few cheap thrills from your Halloween entertainment."
en:1543,13,14,I love the new footage and still love the old stuff.,I love the new footage and still love the old stuff.,en,word_vectors,50,ZJM,2,I like the new footage and still love the old stuff.
en:1544,21,29,"brief briefly flirts with player homoochist, but at point of real interest is audience cultism -- is evaviled completely.","briefly flirts with player homophobic, but at point of real interest, audience panic is evaporated completely.",en,word_vectors,51,ZJM,1,"It briefly flirts with player masochism, but the point of real interest -- audience sadism -- is evaded completely."
en:1545,15,15,Could The Country Bears really be as bad as its trailers?,Could The Country Bears really be as bad as its trailers?,en,word_vectors,52,ZJM,0,Could The Country Bears really be as bad as its trailers?
en:1549,8,8,The film seems a dead weight.,The film seems a dead weight.,en,word_vectors,56,ZJM,0,The film seems a dead weight.
en:1550,37,48,"Sparkling often often funnyhilarious romantic,alousy comedy, Ata looks so much like a young Robert DeNiro that it seems the film should instead be called TheThe Husband Is Richardvis Bellckle..","Sparkling often funny romantic, cynical, humourous, attic. Attic looks so much like a young Robert DeNiro that it seems the film should instead be called The Huser Is Harris.",en,word_vectors,57,ZJM,2,"Sparkling, often hilarious romantic jealousy comedy... Attal looks so much like a young Robert DeNiro that it seems the film should instead be called `My Husband Is Travis Bickle'."
en:1552,18,22,"A pauy movie that's not justly unwatchable, but also uninable.","A pavy movie that's not just unwatchable, but also unintelligible.",en,word_vectors,59,ZJM,0,"A lousy movie that's not merely unwatchable, but also unlistenable."
en:1554,34,42,"A strong script, powerful direction and splendid production design allows it to be transported into the life of Whiwy Wis Schiffiminski, who is not only a pianist but but a good human being.","A strong script, powerful direction and splendid production design allows it to be transported into a life of Lilo Sisak, who is not only a pianist but a good human being.",en,word_vectors,61,ZJM,2,"A strong script, powerful direction and splendid production design allows us to be transported into the life of Wladyslaw Szpilman, who is not only a pianist, but a good human being."
en:1557,10,12,It's a fanboy whatwhat if'',It's a fanboy what's it?,en,word_vectors,64,ZJM,1,It's a fanboy `what if?'
en:1560,38,58,"Stephen Reid, Annalain Jonesn, and Alan Greens playsmond's legalistvilles, but when joined by Jonesnan, the sight of this triosequet trioet driftlling in pretty American settings is a pleasant enough thing. ``bits","Stephen Reid, Annan Jones, and Alan Greene plays Stanislaw's legalist wing, when joined by Jones, the sight of this clever trioling in pretty American settings is a pleasant enough thing.",en,word_vectors,67,ZJM,2,"Stephen Rea, Aidan Quinn, and Alan Bates play Desmond's legal eagles, and when joined by Brosnan, the sight of this grandiloquent quartet lolling in pretty Irish settings is a pleasant enough thing, `tis."
en:1563,10,16,"Everything was superficial superficial as the forced New York, accent accent Umama","Everything was superficial and the forced New York, low accent, I had",en,word_vectors,70,ZJM,0,Everything was as superficial as the forced New Jersey lowbrow accent Uma had.
en:1571,22,31,"A zombie movie in every sense of the word:lessless life lifeless, calculadering, painne, irritaful. provocanoxious.","A zombie movie in every sense of the word: slowless, unpredictable, unpredictable.",en,word_vectors,78,ZJM,0,"A zombie movie in every sense of the word -- mindless, lifeless, meandering, loud, painful, obnoxious."
en:1576,26,31,"High Crime knows knows the mistakes that bad movies make and is determined not to make them, and maybe that there no reason, sort sort.","High Crime knows the mistakes that bad movies make and is determined not to make them, and maybe that there's no such thing as a sort.",en,word_vectors,83,ZJM,1,"High Crimes knows the mistakes that bad movies make and is determined not to make them, and maybe that is nobility of a sort."
en:1579,7,14,"A bland bland,ousmys-theus wner.","A bland, insane, corruption-engendering.",en,word_vectors,86,ZJM,0,... a bland murder-on-campus yawner.
en:1582,14,22,"Disfers from ragbling, repetitive dialogue and the alyread ende ofmic to digital media.",Disadvantages from raging repetitive dialogue and the gnawing endemic tone of digital video.,en,word_vectors,89,ZJM,0,"Suffers from rambling, repetitive dialogue and the visual drabness endemic to digital video."
en:1585,17,21,Features one of the most affecting imagespictions of a sexual affair ever committed by a.,Features one of the most affecting images of a woman's sexual affair ever committed by her.,en,word_vectors,92,ZJM,2,Features one of the most affecting depictions of a love affair ever committed to film.
en:1595,22,32,"Even a harddered voyeur would have a patience of a to go through this interterminable,lessless documentary about the swing culture cultureculture.",Even a hard-focused voyeur would have patience to watch Job 2 go through this endlesslesslessless documentary about the swing culture.,en,word_vectors,102,ZJM,0,"Even a hardened voyeur would require the patience of Job to get through this interminable, shapeless documentary about the swinging subculture."
en:1599,31,36,"The film is a bicivance as as artificial as the video games Japanese teens play in a nightclub setupquence, but it's an enjoyable film.","The film is a bickeringly artificial as the video games Japanese teens play in a nightclub setup, but it's an enjoyable movie.",en,word_vectors,106,ZJM,1,"The film is a contrivance, as artificial as the video games Japanese teens play in a nightclub sequence, but it's an enjoyable one."
en:1600,26,29,"At its worst the screen is is calljo, but at its best it is a young artist's thoughtful consideration of fatherhood.","At its worst the screen is crying, but at its best it is a young artist's thoughtful consideration of father.",en,word_vectors,107,ZJM,1,"At its worst the screenplay is callow, but at its best it is a young artist's thoughtful consideration of fatherhood."
en:1606,25,26,Jeff has has created a breathtakingly assured and stylish work of spare dialogue and acute expressiveness.,Jeff has created a breathtakingly assured and stylish work of spare dialogue and acute expressiveness.,en,word_vectors,113,ZJM,2,Jeffs has created a breathtakingly assured and stylish work of spare dialogue and acute expressiveness.
en:1630,12,21,Atommic chronically of money grabbing in Yorkers and a serialless hook hookers..,"Atomic, chronically, and money grabbing, the Kochs and the serialless love hook.",en,word_vectors,137,ZJM,1,Anemic chronicle of money grubbing New Yorkers and their serial loveless hook ups.
en:1632,15,17,And I've decided to leave the light in every night from now on.,And I've decided to leave the light of every night from on.,en,word_vectors,139,ZJM,1,And I've decided to leave a light on every night from now on.
en:1642,18,24,Annaishwaiyah rarely disps her starva persona enough to spark genuine chemistry with Wilsonsend.,Anna often discharges her star persona enough to spark genuine chemistry with Wilson.,en,word_vectors,149,ZJM,1,Aaliyah rarely dampens her diva persona enough to spark genuine chemistry with Townsend.
en:1645,20,25,It would be a huge loss if not for the supporting performances in place at the movie edges edges.,"It would be a huge loss if not for the supporting performances, place at the movie edges.",en,word_vectors,152,ZJM,1,... would be a total loss if not for two supporting performances taking place at the movie's edges.
en:1646,34,42,An inspiring and heartwarmwarmighteningting film about the desperate attempts of Japaneseese refugees to in their.S. relocation camps to keep their hopes alive. 1978.,An inspiring and heartwarming film about the desperate attempts of Japanese refugees to live in their relocation camps to keep their hopes alive. 1978,en,word_vectors,153,ZJM,2,An inspiring and heart-affecting film about the desperate attempts of Vietnamese refugees living in U.S. relocation camps to keep their hopes alive in 1975.
en:1651,11,15,Anderson's funnyniest and most like movie movie in the.,"Anderson's funny, and most likeable movie in the world.",en,word_vectors,158,ZJM,2,Allen's funniest and most likeable movie in years.
en:1653,23,29,"There is a refreshingabsenceabsence of cynicism in Stewart Little a, quite a movieity even even in the family film market.","There is a refreshingabsence of cynicism in Stewart Little ax, quite a bit, even in the family film market.",en,word_vectors,160,ZJM,2,"There is a refreshing absence of cynicism in Stuart Little 2 -- quite a rarity, even in the family film market."
en:1663,17,26,"Even by the intentionally low standards, boyboyboy humor, Miraianoity Boy is a buff..","Even by the intentionally low standards, Boyboy humor, Mirario Boys is a bow.",en,word_vectors,170,ZJM,0,"Even by the intentionally low standards of frat-boy humor, Sorority Boys is a bowser."
en:1675,17,25,The stunning dream dreamlike visuals impress impress even those audienceers who have little patience for filmvisionmovie.tensions,The stunning dreamlike visuals impress even those audiences who have little patience for filmmakers.,en,word_vectors,182,ZJM,2,"The stunning, dreamlike visuals will impress even those viewers who have little patience for Euro-film pretension."
en:1690,18,24,Taxigie fanses fans this this is more appaizing than a side dish of oliveparagus.,,en,word_vectors,197,ZJM,2,"For VeggieTales fans, this is more appetizing than a side dish of asparagus."
en:1691,37,42,"While he regards 1978 as the turning turning point of the 20th century, return returns again and again to images of dissidents in the streets, it's alarming current current.","While he regards 1978 as the turning point of the 20th century, returns again and again to images of dissidents in the streets, alarmingly current.",en,word_vectors,198,ZJM,1,"While it regards 1967 as the key turning point of the 20th century, and returns again and again to images of dissidents in the streets, it's alarmingly current."
en:1696,39,49,"The Tattoo srows heavily from both Seven Days The Silence, the Lambs, it manages to maintain both a level of conphisticated intrigintrigue and human-likeized characters that sck the audience away.","The Tattoo swsws heavily from both Seven Days, The Silence and the Snakes, but manages to maintain both a level of convincing, human-like characters that squish the audience.",en,word_vectors,203,ZJM,2,"While Tattoo borrows heavily from both Seven and The Silence of the Lambs, it manages to maintain both a level of sophisticated intrigue and human-scale characters that suck the audience in."
en:1699,24,28,"It's the best film of the year, it, the benchmark against which any other Best Picture judgeders should be measured.","It's the best film of the year, so it's the benchmark against which any other Best Picture judge should be measured.",en,word_vectors,206,ZJM,2,"It's the best film of the year so far, the benchmark against which all other Best Picture contenders should be measured."
en:1700,13,14,It is one of the biggest disappointments of the year.,It's one of the biggest disappointments of the year.,en,word_vectors,207,ZJM,0,This is one of the biggest disappointments of the year.
en:1702,26,41,Deniseens out of the theories of class- based onrage andlyhood obsessession a or-wird switchning k that ringrings a cultural sexual sexual and social sno.,"Denise seeks out to the theories of class-based violence, despotism, andly-sister-aversion a side-switching switch that binds cultural sexual and social drifts.",en,word_vectors,209,ZJM,1,"Denis forges out of the theories of class - based rage and sisterly obsession a razor-sided tuning fork that rings with cultural, sexual and social discord."
en:1728,25,44,"It thoroughly horriblewful movie, stupidmbly lytively otic, visually ppy -- a  amalgam of thingsHa Thingsing' and ` veteranatric ``Cick''","It's thoroughly horrible and a bit dumbingly clunky, visually clunky, visually clunky, a mesmerizing mess.",en,word_vectors,235,ZJM,0,"A thoroughly awful movie -- dumb, narratively chaotic, visually sloppy... a weird amalgam of `The Thing' and a geriatric `Scream.'"
en:1731,31,36,"The movie has no respect for its, political correctness, common sensecency, but it displays something more important, respect for its flawed people crazy people.","The movie has no respect for its political correctness or common sense, but it displays something more important, respect for its flawed people.",en,word_vectors,238,ZJM,1,"The movie has no respect for laws, political correctness or common decency, but it displays something more important: respect for its flawed, crazy people."
en:1737,29,36,I would be ignorantingenuous to call Rena a great film but but I can say that about most of the filmcks moving in and out of the studiox.,"I would be ignorant to call Reno a great film, but I can say that about most of the films moving in and out of the studio.",en,word_vectors,244,ZJM,1,"It would be disingenuous to call Reno a great film, but you can say that about most of the flicks moving in and out of the multiplex."
en:1741,7,11,iguing and downward intrufuriating.,,en,word_vectors,248,ZJM,2,Intriguing and downright intoxicating.
en:1743,25,32,Perhaps the most irritaying thing about Who Is?mati?? It that it's a crime movie made by someone who really knows nothing about it.,Perhaps the most irritating thing about Who Is? is that it's a crime movie made by someone who really knows nothing about crime.,en,word_vectors,250,ZJM,0,Perhaps the most annoying thing about Who Is Cletis Tout? is that it's a crime movie made by someone who obviously knows nothing about crime.
en:1745,19,26,"The dramarky drama touches the heart, the funny thankss to the energi and always surprising performance by John Griffith..","The drama touches the heart, the funny thanks to the energizing and always surprising performance by John Williams.",en,word_vectors,252,ZJM,2,The quirky drama touches the heart and the funnybone thanks to the energetic and always surprising performance by Rachel Griffiths.
en:1747,8,12,and- borffling from the get gogo.,and twisted from go-go.,en,word_vectors,254,ZJM,0,Bad and baffling from the get-go.
en:1748,23,28,The movie is a blast of educational energy and a thency animaanimation and catchy songs escort you through the entire movie minutes.,"The movie is a blast of educational energy and quincy animations, with catchy songs escorting you through the entire movie's minutes.",en,word_vectors,255,ZJM,2,"The movie is a blast of educational energy, as bouncy animation and catchy songs escort you through the entire 85 minutes."
en:1752,28,38,"The real charm of this trifle is the deadly comic face of its star, Jean-no, who reseembles Stanheldtherlone in a kind- sleep-nak.","The real charm of this trifle is the deadly comic face of its star, Jean-Pierre Ravel, who resembles Stan Lee-Arkin in a mere-minded-minded-mind.",en,word_vectors,259,ZJM,1,"The real charm of this trifle is the deadpan comic face of its star, Jean Reno, who resembles Sly Stallone in a hot sake half-sleep."
en:1759,38,56,Bellevellet can't avoid a fatal mistake in the modern era. he changeds changed the mind- from a lower-class Brit to a American who and choice that ssets and original's exquisite balance of unsrinks the fabric of the.,"Belle can't avoid a fatal mistake in the modern era. He changed the style of academic from the lower-class Brit to the American and the choice of clothes struck a slight disappointment, as it's exquisite balance and unsatisfying fabric in the",en,word_vectors,266,ZJM,1,"LaBute can't avoid a fatal mistake in the modern era: He's changed the male academic from a lower-class Brit to an American, a choice that upsets the novel's exquisite balance and shreds the fabric of the film."
en:1763,14,17,Gere gives a great performance in a film that doesn't have a.,Gere gives a stellar performance in a film that doesn't have any,en,word_vectors,270,ZJM,1,Gere gives a good performance in a film that doesn't merit it.
en:1767,19,24,The director with with his fake backgrounddrops andlyly pacing never never settles on a consistent line.,The director with his fake backgrounds andly-centric-acting never settles on a consistent line.,en,word_vectors,274,ZJM,0,"The director, with his fake backdrops and stately pacing, never settles on a consistent tone."
en:1768,21,27,"Why he was given free reign over his project-- wrote, directed, andved -- produced -- is beyond me.","Why he was given free reign over his project-- a written, directed star-- is beyond comprehension.",en,word_vectors,275,ZJM,0,"Why he was given free reign over this project -- he wrote, directed, starred and produced -- is beyond me."
en:1769,23,27,"I you enjoy being rewarded by a script that assumes you aren't very good, then youy is for you.","I would enjoy being rewarded by a script that assumes I'm very good, then I'm Working for Me.",en,word_vectors,276,ZJM,0,"If you enjoy being rewarded by a script that assumes you aren't very bright, then Blood Work is for you."
en:1770,29,37,"Like Andyyard White,, Ire needs to take a good sweat to clarify his cinematic vision before his second creation -- remember the lessons of the trickster.der.","Like Andy Warhol, Yellow Cabin, Iyane needs to take a good sweat to clarify his cinematic vision before his second creation and remember the lessons of the trickster.",en,word_vectors,277,ZJM,0,"Like Rudy Yellow Lodge, Eyre needs to take a good sweat to clarify his cinematic vision before his next creation and remember the lessons of the trickster spider."
en:1782,8,11,"Hard, consistentaring, careing, and.","Hard, consistently careful,",en,word_vectors,289,ZJM,2,"Hard, endearing, caring, warm."
en:1784,29,38,The way Gopola professes to love for movies is both colorful pop andthri and the classics -- aequivocally qualify them art -- is giddyly entertaining.,The way Gogol professes to love his movies is both colorful pop-rock and the classics that aceify the art of wise and entertaining.,en,word_vectors,291,ZJM,2,The way Coppola professes his love for movies -- both colorful pop junk and the classics that unequivocally qualify as art -- is giddily entertaining.
en:1792,32,41,"It''t best your gut, and it's not intended to be but's justly a blandly cinematic theatrrogaical examination of what makes a joke or joke.","It's a joke, and it's not intended to be a joke, it's just merely a blandly cinematic theatrical examination of what makes a joke.",en,word_vectors,299,ZJM,1,It won't bust your gut -- and it's not intended to -- it's merely a blandly cinematic surgical examination of what makes a joke a joke.
en:1797,19,35,"A unomus,bulllythe-walle-ter Welcome Welcome to Lincolnn has has a y after after-surs-holes to it.","A diffus, snob entree to Berger has a wicked after-sightingness to it.",en,word_vectors,304,ZJM,1,"The doofus-on-the-loose banter of Welcome to Collinwood has a cocky, after-hours loopiness to it."
en:1798,15,16,It's the funniest American comedy since graffitifiti Bridge.,It's the funniest American comedy since graffiti Bridge.,en,word_vectors,305,ZJM,2,It's the funniest American comedy since Graffiti Bridge.
en:1801,28,40,"An gruelinglling and heartbreaking to witness, but Skillar and Nortonstonemarks stelling performances are this far above the average of the usual,olin disease movie.","A grueling and heartbreaking to witness, but Skils and Castro's stellar performances are this far above the average, and the usual, disease-ridden movie.",en,word_vectors,308,ZJM,2,"Often gruelling and heartbreaking to witness, but Seldahl and Wollter's sterling performances raise this far above the level of the usual maudlin disease movie."
en:1806,16,25,"That is basicallyly what missings missing from Microsoftboard,, the sense of something bigger -- ultima ultimate masterless","That is basically what missing from Microsoft, in the sense of something bigger and ultimately better.",en,word_vectors,313,ZJM,1,"That is essentially what's missing from Blackboards -- the sense of something bigger, some ultimate point."
en:1809,25,34,"Divi dim,witted and slowzy offoffoff of the Animal Planet documentary series Cra Craodile Hunter is entertainment opportunist, its most glaring.","Divided and slow off of the Animal Planet documentary series Cracker, Hunter, is entertainment opportunist, and the most discerning.",en,word_vectors,316,ZJM,0,"A dim-witted and lazy spin-off of the Animal Planet documentary series, Crocodile Hunter is entertainment opportunism at its most glaring."
en:1821,19,23,An ewful movie that can only satisfy the most emotionally laleable of filmmakersers.,An epic movie that can only satisfy the most emotionally laminated of filmmakers.,en,word_vectors,328,ZJM,0,An awful movie that will only satisfy the most emotionally malleable of filmgoers.
en:1843,44,67,"Crades's ode to combatling life's wonders is a ragbling and interminherent manifesto about a kindgueness of itsal excessesloveise, Love remains a reous, inentious endeavor,,s overnecused and unsdioously exaperating.","Crackers, deals, and wonders, are a raging and interminable manifesto about the kind of superficiality that makes Loving Love remain a monolithic, depressing endeavor that unimpressively exaggerates its extent.",en,word_vectors,350,ZJM,0,Godard's ode to tackling life's wonderment is a rambling and incoherent manifesto about the vagueness of topical excess... In Praise of Love remains a ponderous and pretentious endeavor that's unfocused and tediously exasperating.
en:1845,31,42,"It never truly come to care about the main characters,, or not they windre wind up together and and Michael''s spiritual quest is neiing entertainmusing nor  enough to sustain interest.","It never truly come to care about the main characters, whether or not they wind up together and Michael's spiritual quest is neiing nor wise enough to sustain interest.",en,word_vectors,352,ZJM,0,"We never truly come to care about the main characters and whether or not they'll wind up together, and Michele's spiritual quest is neither amusing nor dramatic enough to sustain interest."
en:1848,13,20,"Castroez,s fictionthology could have used some informed adult adulthoodsight.","Castro's fiction could have used some informed adulthood, but",en,word_vectors,355,ZJM,1,"Peralta's mythmaking could have used some informed, adult hindsight."
en:1855,32,35,Adults will certainly want to spend their time in the theatrtheater thinking about grocery lists and ways to save their kids how not to act like Pinocchio.,"Adults will certainly want to spend their time in the theatre thinking about grocery lists and ways to save their money, and how not to act like Pinocchio.",en,word_vectors,362,ZJM,1,Adults will certainly want to spend their time in the theater thinking up grocery lists and ways to tell their kids how not to act like Pinocchio.
en:1856,28,31,Not as distinctive or even as humorous as it needs to be to stand out from but it has clearly been made with careion and care.,"Not as distinctive or even as humorous as it needs to be to stand out from the crowd, but it has clearly been made with care and care.",en,word_vectors,363,ZJM,1,"Not as distinctive or even as humorous as its needs to be to stand out, but it has clearly been made with affection and care."
en:1857,15,20,A generic family comedy rarelikely to be appreciated by anyone outside of Underclasss.,A generic family comedy rarely to be appreciated by audience outside of Underground.,en,word_vectors,364,ZJM,0,A generic family comedy unlikely to be appreciated by anyone outside the under-10 set.
en:1861,18,31,"Director-direct JonathanDirector John Parker attempts attempts to recrea a likeianlike, real-realistismre, dreadfully short.","Director John Parker attempts to recreate fashionable, like real-life, situations that fall dreadfully short.",en,word_vectors,368,ZJM,0,"Co-writer/director Jonathan Parker's attempts to fashion a Brazil-like, hyper-real satire fall dreadfully short."
en:1870,13,16,It just doesn't have much to to especially in the moral sense.,"It just doesn't have much to do, especially in the moral sense.",en,word_vectors,377,ZJM,1,It just doesn't have much else... especially in a moral sense.
en:1871,17,24,"Those familiarfamiliar with Mormon traditions may find The Wolf-,hor sometimesally behadering.",Those familiar with Mormon traditions may find The Wolff sometimes behaving.,en,word_vectors,378,ZJM,1,Those unfamiliar with Mormon traditions may find The Singles Ward occasionally bewildering.
en:1873,13,19,But the talent alone woman alone will keep you watching as as it the fight for..,But the talent alone will keep you watching as if the fight is over.,en,word_vectors,380,ZJM,2,"But the talented cast alone will keep you watching, as will the fight scenes."
en:1877,20,24,"It important film, a reminder of the power of film to move us to to make us examine our own.",It's important as a reminder of the power of film to move us to make and examine our lives.,en,word_vectors,384,ZJM,2,"An important movie, a reminder of the power of film to move us and to make us examine our values."
en:1879,21,24,A richly imaginad and admirably mature work from a directored director who certainly has something on his mind.,A richly imaginative and admirably mature work from a director who certainly has something on his mind.,en,word_vectors,386,ZJM,2,A richly imagined and admirably mature work from a gifted director who definitely has something on his mind.
en:1882,18,22,But what's more is that there's no casual intelintelligence that permeates the whole.,"But what's more, it's that there's a casual intellect that permeates the whole.",en,word_vectors,389,ZJM,2,But what's nice is that there's a casual intelligence that permeates the script.
en:1887,25,28,"Feels mildlight as as if it were an extended short, butbeit one made by the smartest kids in class.","Feels mild, as if it were an extended short, but one made by the smartest kids in class.",en,word_vectors,394,ZJM,1,"Feels slight, as if it were an extended short, albeit one made by the smartest kids in class."
en:1888,12,13,The picture doesn't know it's comedy comedy.,The picture doesn't know it's comedy.,en,word_vectors,395,ZJM,1,The picture doesn't know it's a comedy.
en:1894,19,26,"It's a head-bangner, thoughtfully written beautiful beautifully --, finally finally, humanly humanizing.","It's a head-banger, thoughtfully written, beautifully and finally, wisely,",en,word_vectors,401,ZJM,2,"It's a head-turner -- thoughtfully written, beautifully read and, finally, deeply humanizing."
en:1897,21,33,"Men in the achieve achieve ultima ultimate discernficance, it's a sci-fi comedy spectacle as Balhaiffle Epiceob'pic.","Men in the film achieve ultimate precision, it's a sci-fi comedy spectacle as Sharpe's anticlimactic.",en,word_vectors,404,ZJM,0,Men in Black II achieves ultimate insignificance -- it's the sci-fi comedy spectacle as Whiffle-Ball epic.
en:1899,26,29,Presents a good case while failing to provide a reason for people to care beyond the very basicss of human deceit.,Presents a good case while failing to provide a reason for people to care beyond the very basics of human deceit.,en,word_vectors,5,ZJN,1,Presents a good case while failing to provide a reason for us to care beyond the very basic dictums of human decency.
en:1901,18,24,"Broad My My Sweet has so many flaws, would be easy for critics to rerink..","Broad My Sweet has so many flaws, it would be easy for critics to resent it.",en,word_vectors,7,ZJN,0,"Bread, My Sweet has so many flaws it would be easy for critics to shred it."
en:1907,33,40,"If thecimaces Wilder been tweaked up a ch, would have become a camp adventure one one of those movies that starts so bad it starts to become good.","If the Chains of Wildwood had been tweaked up a chop, it would have become a camp adventure one of those movies that is so bad it starts to become good.",en,word_vectors,14,ZJN,1,"If Deuces Wild had been tweaked up a notch it would have become a camp adventure, one of those movies that's so bad it starts to become good."
en:1925,10,10,I love the robust middle of this picture.,I love the robust middle of this picture.,en,word_vectors,32,ZJN,2,I love the robust middle of this picture.
en:1932,24,28,"The Ring is worth a look, but you don't demand more more than a few hours adrenalinthrills from your Halloween entertainment.","The Ring is worth a look, but you'll pay more for a few more adrenaline-filling moments from your Halloween entertainment.",en,word_vectors,39,ZJN,1,"The Ring is worth a look, if you don't demand much more than a few cheap thrills from your Halloween entertainment."
en:1943,14,14,I like the new footage and still love the old stuff.,I like the new footage and still love the old stuff.,en,word_vectors,50,ZJN,2,I like the new footage and still love the old stuff.
en:1944,21,29,"It briefly flirts with actor homoochist, but the point of its interest is audience cultism -- is evacliped completely.","It briefly flirts with actor, but the point of its interest is audience panic, and it's obviously evaded completely.",en,word_vectors,51,ZJN,1,"It briefly flirts with player masochism, but the point of real interest -- audience sadism -- is evaded completely."
en:1945,15,15,Could The Country Bears really be as bad as its trailers?,Could The Country Bears really be as bad as its trailers?,en,word_vectors,52,ZJN,0,Could The Country Bears really be as bad as its trailers?
en:1949,7,8,film seems a dead weight.,,en,word_vectors,56,ZJN,0,The film seems a dead weight.
en:1950,38,48,"Sparkling often often funnyhilarious romantic,alousy comedy, Ata looks so much like a young Robert DeNiro that it seems the film should instead be called MyMy Husband Is Richardvis Barreckle..","Sparkling often funny romantic, cynical, reckless, atticistic, attains looks so much like a young Robert DeNiro that it seems the film should instead be called My Husband Is Richard Branson.",en,word_vectors,57,ZJN,2,"Sparkling, often hilarious romantic jealousy comedy... Attal looks so much like a young Robert DeNiro that it seems the film should instead be called `My Husband Is Travis Bickle'."
en:1952,18,22,"A pauy movie that's not justly unwatchable, but also unimaginaable.","A pathetic movie that's not just just unintelligible, but also unimaginable.",en,word_vectors,59,ZJN,0,"A lousy movie that's not merely unwatchable, but also unlistenable."
en:1954,34,42,"A script script, powerful direction and splendid  design allows us to be transported into the life of Whiwy Wis Schiffyinski, who is not only a pianist, but a good human being.","A script with powerful direction and splendid graphic design allows us to be transported into the life of Whisky, Sisak, who is not only a pianist, but a good human being.",en,word_vectors,61,ZJN,2,"A strong script, powerful direction and splendid production design allows us to be transported into the life of Wladyslaw Szpilman, who is not only a pianist, but a good human being."
en:1957,10,12,It's a fanboy whatwhat if'',It's a fanboy what's it?,en,word_vectors,64,ZJN,1,It's a fanboy `what if?'
en:1960,38,58,"Stephen Reid, Annalain Jonesn, and Alan Bens playsmond's legal armagles, and when joined by Jonesnan, the sight of a cosoquet trioet,ung in pretty American setting is is a pleasant enough thing. ``tiss","Stephen Reid, Annan Jones, and Alan Bennett plays Stanislaw's legalist wing, and when joined by Jones, the sight of the ruthless, ruthless trioling in pretty American setting is a pleasant enough thing.",en,word_vectors,67,ZJN,2,"Stephen Rea, Aidan Quinn, and Alan Bates play Desmond's legal eagles, and when joined by Brosnan, the sight of this grandiloquent quartet lolling in pretty Irish settings is a pleasant enough thing, `tis."
en:1963,12,16,Everything was as superficial as the forced New Jersey high accent accent A had,Everything was as superficial as the forced New Jersey high-school-boys--low-cut accent--a-slighter-a-slighter-a-slighter-a-slighter-a-slighter-a-slighter-a-slighter-a-slighter-a-slighter-a-slighter-a-slighter-a-slighter-a-slighter-a-slighter-a-slighter-lighter-a-slighter-lighter-a,en,word_vectors,70,ZJN,0,Everything was as superficial as the forced New Jersey lowbrow accent Uma had.
en:1971,23,31,"A zombie movie in every sense of the word:lessless life lifeless, calculadering, irritane, irritaful, irritanoxious.","A zombie movie in every sense of the word: alesslessless,lessless,less,less.",en,word_vectors,78,ZJN,0,"A zombie movie in every sense of the word -- mindless, lifeless, meandering, loud, painful, obnoxious."
en:1976,23,31,"High Crime knows knows the mistakes that these movies make and is determined not to let them and and maybe that it no reason, a movie.","High Crime knows the mistakes that these movies make and is determined not to let them go, and maybe that it's no use making a movie.",en,word_vectors,83,ZJN,1,"High Crimes knows the mistakes that bad movies make and is determined not to make them, and maybe that is nobility of a sort."
en:1979,7,14,"A a bland,ousmys-theus-wn..","A bland, insane, corruption-engendering.",en,word_vectors,86,ZJN,0,... a bland murder-on-campus yawner.
en:1982,17,22,"Disfers from ragbling, repetitive dialogue and the visual rangness endemic to the video.",Dissers from raging repetitive dialogue and the visual gnomimic endemic to the video.,en,word_vectors,89,ZJN,0,"Suffers from rambling, repetitive dialogue and the visual drabness endemic to digital video."
en:1985,19,21,Features one of the most affecting imagespictions of a love affair ever committed to a.,Features one of the most affecting images of a woman's affair ever committed to her.,en,word_vectors,92,ZJN,2,Features one of the most affecting depictions of a love affair ever committed to film.
en:1995,24,32,"Even the harddered voyeur would have the patience of a to get through this articulaterminable,lessless documentary about the swinging cultureculture.","Even the hard-nosed voyeur would have the patience of a Job to get through this articulate,lessless documentary about the swinging culture.",en,word_vectors,102,ZJN,0,"Even a hardened voyeur would require the patience of Job to get through this interminable, shapeless documentary about the swinging subculture."
en:1999,30,36,"The film is a bitcived, as artificial as the video games Japanese teens play in a nighttime sequence, but it's still enjoyable film.","The film is a bit capricious, as artificial as the video games Japanese teens play in a nighttime sequence, but it's a fun and enjoyable film.",en,word_vectors,106,ZJN,1,"The film is a contrivance, as artificial as the video games Japanese teens play in a nightclub sequence, but it's an enjoyable one."
en:2000,24,29,"At its worst the screen is is acko, but at its best it is a young artist thoughts thoughtful consideration of father..","At its worst the screen is awkward, but at its best it is a thoughtful reflection of father.",en,word_vectors,107,ZJN,1,"At its worst the screenplay is callow, but at its best it is a young artist's thoughtful consideration of fatherhood."
en:2006,23,26,Jim has has created a breathtakingly assured and stylish work of spare dialogue and immediatecute expressiveness.,Jim has created a breathtakingly assured and stylish work of spare dialogue and immediate expressiveness.,en,word_vectors,113,ZJN,2,Jeffs has created a breathtakingly assured and stylish work of spare dialogue and acute expressiveness.
en:2030,17,21,Anemic chronical of money bubing New Yorkers and their serial love- hookupss.,"Anemic chronical, money grabbing New Yorkers and their serial love-flickers, hookups.",en,word_vectors,137,ZJN,1,Anemic chronicle of money grubbing New Yorkers and their serial loveless hook ups.
en:2032,15,17,I I've decided to leave the light on every night from now on.,I've decided to leave the light on every night from now on.,en,word_vectors,139,ZJN,1,And I've decided to leave a light on every night from now on.
en:2042,17,24,Annaishwaiyah rarely disps her starva persona enough to spark genuine chemistry between Davidsend.,Anna often discharges her deceptive personage enough to spark genuine chemistry between Davis and,en,word_vectors,149,ZJN,1,Aaliyah rarely dampens her diva persona enough to spark genuine chemistry with Townsend.
en:2045,21,25,It would be a total loss if it for two supporting performances taking place on the movie edges edges.,It would be a total loss if it were for two supporting performances taking place on the movie edges.,en,word_vectors,152,ZJN,1,... would be a total loss if not for two supporting performances taking place at the movie's edges.
en:2046,34,42,An inspiring and affectwarmwarmighteningting film about the desperate attempts of Japaneseese refugees living in I.S. relocation camps to keep their hopes inve in 1978.,An inspiring and affecting film about the desperate attempts of Japanese refugees living in Axis relocation camps to keep their hopes in 1978.,en,word_vectors,153,ZJN,2,An inspiring and heart-affecting film about the desperate attempts of Vietnamese refugees living in U.S. relocation camps to keep their hopes alive in 1975.
en:2051,11,15,Anderson's funnyniest and most like movie movie of years.,"Anderson's funny, and most like movie of all years.",en,word_vectors,158,ZJN,2,Allen's funniest and most likeable movie in years.
en:2053,23,29,"There is a refreshingabsenceabsence of sceicism in Stewart Little a, quite a rarity even even in the family film market.","There is a refreshingabsence of scepticism in Stewart Little ax, quite a rarity even in the family film market.",en,word_vectors,160,ZJN,2,"There is a refreshing absence of cynicism in Stuart Little 2 -- quite a rarity, even in the family film market."
en:2063,17,26,"Even by the intentionally un standards of boyboyboyhumour humor, Miraianoity Boy is a fighterser.","Even by the intentional standards of boyboy humor, Mirario Boys is a flawed",en,word_vectors,170,ZJN,0,"Even by the intentionally low standards of frat-boy humor, Sorority Boys is a bowser."
en:2075,18,25,The stunning dream dreamlike visuals will impress even those audienceers who have little patience for filmvisionmovie.cept.,The stunning dreamlike visuals will impress even those audiences who have little patience for filmmakers.,en,word_vectors,182,ZJN,2,"The stunning, dreamlike visuals will impress even those viewers who have little patience for Euro-film pretension."
en:2090,18,24,For Trigie fanses fans this this is more appaizing than a sala dish of oliveparagus.,For Triat fans this is more appalling than a salad of spaghetti.,en,word_vectors,197,ZJN,2,"For VeggieTales fans, this is more appetizing than a side dish of asparagus."
en:2091,39,42,"While it regards 1978 as the key turning point of the 20th century, and returns again and again to images of sdents in the streets, it's alarming current current.","While it regards 1978 as the key turning point of the 20th century, and returns again and again to images of snipers in the streets, it's alarming current.",en,word_vectors,198,ZJN,1,"While it regards 1967 as the key turning point of the 20th century, and returns again and again to images of dissidents in the streets, it's alarmingly current."
en:2096,42,49,"While Tattoo srows heavily from both Seven and The Silence of the Lambs, it manages to maintain both a level of sofisticphisticated intrigintrigue and human-centratura characters that sck the audience away.","While Tattoo swsws heavily from both Seven and The Silence of the Lambs, it manages to maintain both a level of sofistication and human-centric characters that squish the audience.",en,word_vectors,203,ZJN,2,"While Tattoo borrows heavily from both Seven and The Silence of the Lambs, it manages to maintain both a level of sophisticated intrigue and human-scale characters that suck the audience in."
en:2099,25,28,"It's the best film of the year so it, the benchmark against which all other Best Picture judgeders should be metd.",It's the best film of the year so it's the benchmark against which all other Best Picture judges should be measured.,en,word_vectors,206,ZJN,2,"It's the best film of the year so far, the benchmark against which all other Best Picture contenders should be measured."
en:2100,14,14,This is one of the biggest disappointments of the year.,This is one of the biggest disappointments of the year.,en,word_vectors,207,ZJN,0,This is one of the biggest disappointments of the year.
en:2102,28,41,"Deniseges out of the theories of class and based onrage andlyly obsessession a sideor-wird spinning k that hasbridge with a, sexual and social sno.","Denise seeks out of the theories of class-based violence, based on pride, sisterhood, a side-scrolling spinoff that is associated with a sexual and social war.",en,word_vectors,209,ZJN,1,"Denis forges out of the theories of class - based rage and sisterly obsession a razor-sided tuning fork that rings with cultural, sexual and social discord."
en:2128,28,44,"A thoroughly horriblewful movie -- stupidmblylytively,otic, visually ppy -- and weird amalgam of TheThe Matrixing' and ` veteranatric ``Cick''","A thoroughly horrible movie -- stupidly, racially, visually, and inexplicably, a weird amalgam of The Matrix and a veteran ``California''.",en,word_vectors,235,ZJN,0,"A thoroughly awful movie -- dumb, narratively chaotic, visually sloppy... a weird amalgam of `The Thing' and a geriatric `Scream.'"
en:2131,29,36,"The movie has a respect for laws, political correctness, common sensecei, but it showss something more of: respect for the flawed, crazy people.","The movie has a respect for laws, political correctness, and common sense, but it displays something more of a respect for the flawed, crazy people.",en,word_vectors,238,ZJN,1,"The movie has no respect for laws, political correctness or common decency, but it displays something more important: respect for its flawed, crazy people."
en:2137,30,36,It would be deingenuous to call Rena a great filmmaker but you can say that about most of the filmscks moving in the out of the studiox.,"It would be derogatory to call Renaere a great filmmaker, but you can tell that about most of the films, flickwise, moving in the direction of the Cinemaplex.",en,word_vectors,244,ZJN,1,"It would be disingenuous to call Reno a great film, but you can say that about most of the flicks moving in and out of the multiplex."
en:2141,7,11,iguing and downward intrufuriating.,,en,word_vectors,248,ZJN,2,Intriguing and downright intoxicating.
en:2143,27,32,Perhaps the most annoying thing about Who Is Detmens?? It that it's a crime movie made by someone who obviously knows nothing about it.,Perhaps the most annoying thing about Who Is Detale? Toutless is that it's a crime movie made by someone who obviously knows nothing about crime.,en,word_vectors,250,ZJN,0,Perhaps the most annoying thing about Who Is Cletis Tout? is that it's a crime movie made by someone who obviously knows nothing about crime.
en:2145,22,26,The quirky drama touches the heart of the funny thanks thanks to the energetic and always surprising performance of Helen Griffiths.,The quirky drama touches the heart of the funny thanks to the energetic and always surprising performance of Helen Keller.,en,word_vectors,252,ZJN,2,The quirky drama touches the heart and the funnybone thanks to the energetic and always surprising performance by Rachel Griffiths.
en:2147,9,12,Bad and ffling from Go get gogo.,Bad and flabbergasted from go go go go go go,en,word_vectors,254,ZJN,0,Bad and baffling from the get-go.
en:2148,22,28,The movie is a blast of educational energy and a thency animaanimation and y songs escort you through the entire movie minutes.,"The movie is a blast of educational energy and quincy animations, catchy songs, and rush through the entire movie in minutes.",en,word_vectors,255,ZJN,2,"The movie is a blast of educational energy, as bouncy animation and catchy songs escort you through the entire 85 minutes."
en:2152,26,38,"The real charm of the trifle is the deadly comic face and its star, Jean-nier, who isembles Mrlynarlone in his mere- sleep-sleep.","The real charm of the trifle is the deadly comic face of its star, Jean-Luc Godard, who is a Dolly Kidd in his life's sake sleepless.",en,word_vectors,259,ZJN,1,"The real charm of this trifle is the deadpan comic face of its star, Jean Reno, who resembles Sly Stallone in a hot sake half-sleep."
en:2159,40,56,Bellevellet can't avoid a fatal mistake in the modern age. he's changed the male academic from a lower-class Brit to a American with a choice that ssets the audiencetys exquisit balance balance and muddrinks the moral of the modern.,"Belle can't avoid a fatal mistake in the modern age. He's changed the male academic from a lower-class Brit to a middle-class American, a choice that struck the most exquisit balance and struck the hearts of the younger generation.",en,word_vectors,266,ZJN,1,"LaBute can't avoid a fatal mistake in the modern era: He's changed the male academic from a lower-class Brit to an American, a choice that upsets the novel's exquisite balance and shreds the fabric of the film."
en:2163,13,17,Itry gives a good performance in a film that doesn't have a.,It gives a good performance in a film that doesn't have a,en,word_vectors,270,ZJN,1,Gere gives a good performance in a film that doesn't merit it.
en:2167,20,24,"The director, with his fake backgrounddrops andlyly pacing never never settles on a consistent line.","The director, with his fake backgrounds andly-centric-acting, never settles on a consistent line.",en,word_vectors,274,ZJN,0,"The director, with his fake backdrops and stately pacing, never settles on a consistent tone."
en:2168,19,27,"Why he was given free reign over the project- he was, directed, andved -- film -- is a me.","Why he was given free reign over the project- he was directed, and his work is done, is a mystery.",en,word_vectors,275,ZJN,0,"Why he was given free reign over this project -- he wrote, directed, starred and produced -- is beyond me."
en:2169,22,27,If you enjoy being rewarded with a script that assumes it aren't very bright then then youy is for you.,If you enjoy being rewarded with a script that assumes it's not very dark then you're doing well for the job.,en,word_vectors,276,ZJN,0,"If you enjoy being rewarded by a script that assumes you aren't very bright, then Blood Work is for you."
en:2170,29,37,"Thewisey Yellow,, Ina needs to take a good sweat to clarify his cinematic vision before his second creation -- remember the lessons of the trickster.der.","The Rudolph Yellow Cabin, Alan, needs to take a good sweat to clarify his cinematic vision before his second creation and remember the lessons of the trickster.",en,word_vectors,277,ZJN,0,"Like Rudy Yellow Lodge, Eyre needs to take a good sweat to clarify his cinematic vision before his next creation and remember the lessons of the trickster spider."
en:2182,8,11,"Hard, consistentaring, careing, and.","Hard, consistently careful,",en,word_vectors,289,ZJN,2,"Hard, endearing, caring, warm."
en:2184,29,38,"The director Gopola professes his love for movies of both colorful andsjunk and the classics that aequivocally qualify as "" -- is digdyly entertaining.","The director, Oscar, professes his love for movies that are both colorful and reckless, but the classics that aim to convincingly defeat the notion that it is dignified entertaining.",en,word_vectors,291,ZJN,2,The way Coppola professes his love for movies -- both colorful pop junk and the classics that unequivocally qualify as art -- is giddily entertaining.
en:2192,30,41,It''t fast in appetits and it's not intended to -- but's justly a cinema cinema cinematic theatrrogaical examination of what makes a joke a joke.,"It's a fatty movie, and it's not intended to be funny, it's just a cinematic theatrical examination of what makes a joke a joke.",en,word_vectors,299,ZJN,1,It won't bust your gut -- and it's not intended to -- it's merely a blandly cinematic surgical examination of what makes a joke a joke.
en:2197,19,35,The unminationus snackbulllya-walle-ter of Welcome to Woodn has has a cry after after-surs-holes. it.,"The unfair, snob, panic-filling Welcome to Glenn has a wicked after-sight.",en,word_vectors,304,ZJN,1,"The doofus-on-the-loose banter of Welcome to Collinwood has a cocky, after-hours loopiness to it."
en:2198,13,16,'s the laughniest American comedy since graffitifiti Bridge.,,en,word_vectors,305,ZJN,2,It's the funniest American comedy since Graffiti Bridge.
en:2201,28,40,"Often aelingsome to heartbreaking to witness, but Skillar' Warstone's stelling performances raise this far above the level of the usual,ellin disease movie.","Often a heartbreaking to witness, but Skils's stellar performances raise this far above the level of the usual, unpleasant disease movie.",en,word_vectors,308,ZJN,2,"Often gruelling and heartbreaking to witness, but Seldahl and Wollter's sterling performances raise this far above the level of the usual maudlin disease movie."
en:2206,17,25,"It' basicallyly what missings missing from Microsoftboard,, the sense of something bigger some some ultimate point.","It's basically what missing from Microsoft is, the sense of something bigger some ultimate point.",en,word_vectors,313,ZJN,1,"That is essentially what's missing from Blackboards -- the sense of something bigger, some ultimate point."
en:2209,24,34,"A white,witted and azy off offoff of the Animal Planet documentary series Cra Craodile is, entertainment opportunist at its most glaring.","A white, and a spinoff of the Animal Planet documentary series Crayon, the movie's entertainment scandalist is its most glaring.",en,word_vectors,316,ZJN,0,"A dim-witted and lazy spin-off of the Animal Planet documentary series, Crocodile Hunter is entertainment opportunism at its most glaring."
en:2221,20,23,An ewful movie that will only satisfy the most emotionally laleable of filmmakersers.,An epic movie that will only satisfy the most emotionally labile of filmmakers.,en,word_vectors,328,ZJN,0,An awful movie that will only satisfy the most emotionally malleable of filmgoers.
en:2243,46,67,"Wardar's ode to combatling life wonders wonders is a ragbling and interminherent manifesto about the sgueness of beautyal excessesloveise of Love remains a reous, inentious endeavor that uns overnecused, tedioously exaperating.","Ward goes to combat life wonders, a raging and erroneous manifesto about the slightest, most urgent excess.",en,word_vectors,350,ZJN,0,Godard's ode to tackling life's wonderment is a rambling and incoherent manifesto about the vagueness of topical excess... In Praise of Love remains a ponderous and pretentious endeavor that's unfocused and tediously exasperating.
en:2245,33,42,"We never truly come to care about the main characters,, or not they windre wind up together and and Michael''s spiritual quest is neiing entertainmusing nor dramatic enough to sustain interest.","We never truly come to care about the main characters, whether or not they wind up together and Michael's spiritual quest is neiingly entertaining nor dramatic enough to sustain interest.",en,word_vectors,352,ZJN,0,"We never truly come to care about the main characters and whether or not they'll wind up together, and Michele's spiritual quest is neither amusing nor dramatic enough to sustain interest."
en:2248,13,20,"Castroez,s fictionthology could have used some informed adult adulthoodsight.","Castro's fiction could have used some informed adulthood, but",en,word_vectors,355,ZJN,1,"Peralta's mythmaking could have used some informed, adult hindsight."
en:2255,30,35,Adults will certainly want to spend their time in a movietheater thinking of grocery lists and ways to tell their kids how to to eat like Pinocchio.,Adults will certainly want to spend their time in a movie theatre thinking of grocery lists and ways to tell their kids how to use Pinocchio.,en,word_vectors,362,ZJN,1,Adults will certainly want to spend their time in the theater thinking up grocery lists and ways to tell their kids how not to act like Pinocchio.
en:2256,27,31,Not as distinctive or even as humorous as its pred to be to make out in but it has clearly been made with affection and love.,"Not as distinctive or even as humorous as its predecessor, to be precise, the movie, but it has clearly been made with affection and love.",en,word_vectors,363,ZJN,1,"Not as distinctive or even as humorous as its needs to be to stand out, but it has clearly been made with affection and care."
en:2257,16,20,A family family comedy rarelikely to be appreciated by anyone outside the under-s.,A family comedy rarely to be appreciated by audiences outside the under-represented.,en,word_vectors,364,ZJN,0,A generic family comedy unlikely to be appreciated by anyone outside the under-10 set.
en:2261,21,31,"Director-direct Johnjournalistor John Parker attempts attempts to fashion a likeianlike, real-realismre fall dreadfully short.",Director John Parker attempts to fashion a like-minded satirist fall dreadfully short.,en,word_vectors,368,ZJN,0,"Co-writer/director Jonathan Parker's attempts to fashion a Brazil-like, hyper-real satire fall dreadfully short."
en:2270,13,16,It just doesn't have much  to especially in a sense sense.,"It just doesn't have much depth, especially in a senseless sense.",en,word_vectors,377,ZJN,1,It just doesn't have much else... especially in a moral sense.
en:2271,19,24,Those familiarfamiliar with Mormon traditions may find Single Singles Warhor sometimesally behadering.,Those familiar with Mormon traditions may be Singles Wharton sometimes behaving.,en,word_vectors,378,ZJN,1,Those unfamiliar with Mormon traditions may find The Singles Ward occasionally bewildering.
en:2273,14,19,But the talent alone actor alone will keep on watching as as will the talent scenes.,But the talent alone will keep on watching as it's the most memorable scenes.,en,word_vectors,380,ZJN,2,"But the talented cast alone will keep you watching, as will the fight scenes."
en:2277,22,24,"An important movie, a reminder of the power of words to move us to to make us examine our values.","An important movie, a reminder of the power of words to move us to make a decision and examine our values.",en,word_vectors,384,ZJN,2,"An important movie, a reminder of the power of film to move us and to make us examine our values."
en:2279,21,24,A richly imaginad and admirable mature work from a directored director who definitely has something on his mind.,A richly imaginative and admirable work from a director who definitely has something on his mind.,en,word_vectors,386,ZJN,2,A richly imagined and admirably mature work from a gifted director who definitely has something on his mind.
en:2282,20,22,what's nice is that there's a casual intelligentintelligence that permeates the script.,,en,word_vectors,389,ZJN,2,But what's nice is that there's a casual intelligence that permeates the script.
en:2287,24,28,"Feels mildlight, as if it were extend extended short film butbeit one made by the smartest kids in class.","Feels mild, as if it were extended long, but one made it to the smartest kids in class.",en,word_vectors,394,ZJN,1,"Feels slight, as if it were an extended short, albeit one made by the smartest kids in class."
en:2288,12,13,picture doesn't know it's a comedy.,,en,word_vectors,395,ZJN,1,The picture doesn't know it's a comedy.
en:2294,21,26,"It's a head-bangner, thoughtfully written, beautifully read and deep deep, deeply human..","It's a head-banger, thoughtful, thoughtful, beautifully written, beautifully read and deeply humanizing.",en,word_vectors,401,ZJN,2,"It's a head-turner -- thoughtfully written, beautifully read and, finally, deeply humanizing."
en:2297,20,33,"Men of the II is ultima ultimate precisficance, it's a sci-fi comedy spectacle as Sharphaiffle Epiceob'pic.","Men of the I-III is ultimately insignificant, and it's a sci-fi comedy spectacle as Sharpe's Epic.",en,word_vectors,404,ZJN,0,Men in Black II achieves ultimate insignificance -- it's the sci-fi comedy spectacle as Whiffle-Ball epic.
en:2299,23,29,Presents a good movie while alsoing to find a reason for us to go beyond the very basicss of human deceit.,Presents a good movie while also showing us a reason why us humans are beyond the very basics of human dignity.,en,word_vectors,5,ZJS,1,Presents a good case while failing to provide a reason for us to care beyond the very basic dictums of human decency.
en:2301,18,24,Broad My My Sweet has so many faultlaws that would be easy for critics to shrug..,"Broad My Sweet has so many faults, it would be easy for critics to be resentful.",en,word_vectors,7,ZJS,0,"Bread, My Sweet has so many flaws it would be easy for critics to shred it."
en:2307,33,40,"If thecimaces Wilder been tweaked up a ch, would have become a camp adventure one one of those movies that whens so bad it starts to become good.","If the Chass Wilder had been tweaked up a chop, it would have become a camp adventure one of those movies that when bad it starts to become good.",en,word_vectors,14,ZJS,1,"If Deuces Wild had been tweaked up a notch it would have become a camp adventure, one of those movies that's so bad it starts to become good."
en:2325,9,10,I like the robust middle of this picture.,I like the robust middle of this picture.,en,word_vectors,32,ZJS,2,I love the robust middle of this picture.
en:2332,24,28,"The Ring is worth a look, but you can't demand much more than a few cheapthrithrills in your Halloween entertainment.","The Ring is worth a look, but you'll demand much more than a few cheapthrills in your Halloween entertainment.",en,word_vectors,39,ZJS,1,"The Ring is worth a look, if you don't demand much more than a few cheap thrills from your Halloween entertainment."
en:2343,11,14,"I love the new footage, love love the old stuff.","I love the new footage, and love the old stuff.",en,word_vectors,50,ZJS,2,I like the new footage and still love the old stuff.
en:2344,17,29,"It flirtly flirts with player homoochist, to the point is theisation is the paism -- is evacliped completely.","It flirts with player, homophobic, to the point that it's a movie audience shamelessly deceived, completely",en,word_vectors,51,ZJS,1,"It briefly flirts with player masochism, but the point of real interest -- audience sadism -- is evaded completely."
en:2345,14,15,Could The Country Bears really be so bad as its trailers?,Could The Country Bears really be so bad as its trailers?,en,word_vectors,52,ZJS,0,Could The Country Bears really be as bad as its trailers?
en:2349,6,8,It film seems to dead weight.,It seems to be dead weight.,en,word_vectors,56,ZJS,0,The film seems a dead weight.
en:2350,28,48,"Sparklingly funnyhilahilarious romanticyalousy,, Ata looks so much like a younger,Niro that it seems to film is instead be called MyMy Boyband' avis.d...","Sparklingly funny romanticy, The Attain looks so much like a younger Robert, but that it seems to be filmed instead of being called My Boy, as Richard would.",en,word_vectors,57,ZJS,2,"Sparkling, often hilarious romantic jealousy comedy... Attal looks so much like a young Robert DeNiro that it seems the film should instead be called `My Husband Is Travis Bickle'."
en:2352,18,22,"A louy movie,'s not justly unwatchable, but also unimaginaable.","A loving, intelligent, and that's not just unintentionally obvious, but also unimaginable.",en,word_vectors,59,ZJS,0,"A lousy movie that's not merely unwatchable, but also unlistenable."
en:2354,29,42,"A strong script, powerful direction and splendid story,, us to di transported into the world of Villa.udio Wisniminski, who is not only a pianist but but a good human being.","A strong script, powerful direction and splendid storyline, it is a thrill to see the film's rise into the hands of Villain Krauss, who is not only a pianist but a good person.",en,word_vectors,61,ZJS,2,"A strong script, powerful direction and splendid production design allows us to be transported into the life of Wladyslaw Szpilman, who is not only a pianist, but a good human being."
en:2357,10,12,It's a fanboy whatwhat if'',It's a fanboy what's it?,en,word_vectors,64,ZJS,1,It's a fanboy `what if?'
en:2360,32,58,"The Hawked, Jon. Jonesn, and John Smiths,smond,s eye armvilles, but when joined by Jonesnan, the sight of this cosequent trioet inving in American American settings is a pleasant enough thing toem.","The story of Annan Jones, the Smiths, and the hawks, when joined by Dustin Hoffman, is a sight to behold, this grandiose trio in their American settings is a pleasant enough thing to do.",en,word_vectors,67,ZJS,2,"Stephen Rea, Aidan Quinn, and Alan Bates play Desmond's legal eagles, and when joined by Brosnan, the sight of this grandiloquent quartet lolling in pretty Irish settings is a pleasant enough thing, `tis."
en:2363,12,16,Everything was as superficial as the forced to Jersey low accent accent A had,"Everything was as superficial as the forced to wear Jersey's low-carat accent, I've had.",en,word_vectors,70,ZJS,0,Everything was as superficial as the forced New Jersey lowbrow accent Uma had.
en:2371,22,31,"A zombie movie in every sense of the word:lessless life lifeless, calculadering, painne, irritaful. irritanoxious.","A zombie movie in every sense of the word: slowless, unpredictable, unpredictable.",en,word_vectors,78,ZJS,0,"A zombie movie in every sense of the word -- mindless, lifeless, meandering, loud, painful, obnoxious."
en:2376,24,31,"High Crime knows knows the mistakes that bad movies make and is determined not to make them any but maybe that is no reason, the movie.","High Crime knows the mistakes that bad movies make and is determined not to make them any more, maybe that is no reason to be ashamed.",en,word_vectors,83,ZJS,1,"High Crimes knows the mistakes that bad movies make and is determined not to make them, and maybe that is nobility of a sort."
en:2379,6,14,"A a murder,ousga-theus nker.","A thrilling, insane, reckless.",en,word_vectors,86,ZJS,0,... a bland murder-on-campus yawner.
en:2382,14,22,"Afice from ragbling, repetitive dialogue, the lyreadness ofmic to digital video.","A recurring dialogue from raging repetitive dialogue to the rage, discriminatory video and digital video.",en,word_vectors,89,ZJS,0,"Suffers from rambling, repetitive dialogue and the visual drabness endemic to digital video."
en:2385,16,21,Features of of the most affecting imagespictions of love love story ever committed in film.,"Features of the most affecting images of love, if ever committed in film.",en,word_vectors,92,ZJS,2,Features one of the most affecting depictions of a love affair ever committed to film.
en:2395,17,32,"A hard harddered film can have a patience of Job to go through the arbitraterminable,lessless documentary of the swinging culturecultures","A hard worker will have to have patience to work through a symmetric,less documentary of swinging cultures.",en,word_vectors,102,ZJS,0,"Even a hardened voyeur would require the patience of Job to get through this interminable, shapeless documentary about the swinging subculture."
en:2399,30,36,"The film is a decived as as artificial as the video games Japanese teens play in a nightclub setupquence, but it's a enjoyable one.","The film is a deceptively artificial as a series of video games Japanese teens play in a nightclub setup, but it's an enjoyable one.",en,word_vectors,106,ZJS,1,"The film is a contrivance, as artificial as the video games Japanese teens play in a nightclub sequence, but it's an enjoyable one."
en:2400,23,29,"At the worst the screen is is calljo, but at its best it is a con artist's thoughtful consideration of thehood.","At the worst the screen is callous, but at the best it is a poetic, thoughtful consideration of the",en,word_vectors,107,ZJS,1,"At its worst the screenplay is callow, but at its best it is a young artist's thoughtful consideration of fatherhood."
en:2406,22,26,"Jims has created a breathtakingly assured work stylish work, spare dialogue and ancute expressiveness.","Jim has created a breathtakingly assured and stylish work, spare dialogue and ancute expressiveness.",en,word_vectors,113,ZJS,2,Jeffs has created a breathtakingly assured and stylish work of spare dialogue and acute expressiveness.
en:2430,13,21,Atommic chronically of money grabbing New Yorkers and a serialless hook hook...,"Atomic, chronic and money grabbing New Yorkers and a serialless love hook.",en,word_vectors,137,ZJS,1,Anemic chronicle of money grubbing New Yorkers and their serial loveless hook ups.
en:2432,15,17,And I've decided to leave the light in every night from now on.,And I've decided to leave the light of every night from on.,en,word_vectors,139,ZJS,1,And I've decided to leave a light on every night from now on.
en:2442,16,24,Annaishwaiyah rarely sps a starva persona enough to spark genuine chemistry. Davidsend.,"Anna, rarely splashed as a star-flash persona enough to spark genuine chemistry between Davis.",en,word_vectors,149,ZJS,1,Aaliyah rarely dampens her diva persona enough to spark genuine chemistry with Townsend.
en:2445,20,25,It it be a total loss if it for the supporting performances taking place at the movie edges edges.,It will be a total loss if it's for the supporting performances taking place at the movie edges.,en,word_vectors,152,ZJS,1,... would be a total loss if not for two supporting performances taking place at the movie's edges.
en:2446,31,42,An inspiring and affectwarmwarmighteningting story about the desperat attempt attempts of Japaneseese refugees living in.S. relocation camps to live their hopes alive. 1978.,"An inspiring and affecting film about the desperat attempts of Japanese refugees living in An inspiring, inspiring, inspiring, inspiring, inspiring, inspiring, inspiring and affecting, inspiring and affecting, inspiring and affecting, about the desperately inspiring and affecting, about the desperately inspiring and heartwarming stories about the",en,word_vectors,153,ZJS,2,An inspiring and heart-affecting film about the desperate attempts of Vietnamese refugees living in U.S. relocation camps to keep their hopes alive in 1975.
en:2451,10,15,"Anderson's funny,est and like likeable movie in the.","Anderson's funny, and a likeable movie in the",en,word_vectors,158,ZJS,2,Allen's funniest and most likeable movie in years.
en:2453,18,29,"There is a refreshingabsenceabsence of sceicism in Stewart and,, quite a deity even even in his family business industry.","There is a refreshingabsence of scepticism in Stewart and aimlessity, quite a bit, even in his family and market.",en,word_vectors,160,ZJS,2,"There is a refreshing absence of cynicism in Stuart Little 2 -- quite a rarity, even in the family film market."
en:2463,20,26,"Even by the intentionally low standards of Boyboyboyboys, Mirainity Boys is a bowser.","Even by the intentionally low standards of Boyboy, the Mirario Boys is a bowser.",en,word_vectors,170,ZJS,0,"Even by the intentionally low standards of frat-boy humor, Sorority Boys is a bowser."
en:2475,16,25,The dream dream dreamlike visuals will impress even those audienceers who have the patience for film.film.views,The dreamy visuals will impress even those audiences who have the patience for film noirs.,en,word_vectors,182,ZJS,2,"The stunning, dreamlike visuals will impress even those viewers who have little patience for Euro-film pretension."
en:2490,18,24,"For Trigie,es,, this is more appaizing than a meal dish ofparagus.","For Triat, this is more appalling than a meal of",en,word_vectors,197,ZJS,2,"For VeggieTales fans, this is more appetizing than a side dish of asparagus."
en:2491,32,42,"While it's itself as a key turning point of the 20th century, it returns again and again to the of disdents on the streets, it alarms alarming..","While it's viewed as a key turning point of the film, it's back and returns again and again to the same dissenters on the roads, it alarms us.",en,word_vectors,198,ZJS,1,"While it regards 1967 as the key turning point of the 20th century, and returns again and again to images of dissidents in the streets, it's alarmingly current."
en:2496,35,49,"While Tattoo srows heavily from both Theteen The Endence of the Lambs, it manages to maintain its a rich of conphisticated intrigintrigue and human-likeized characters that donck at blood..","While Tattoo squalls heavily on both The Girl and The Man of Steel, it manages to maintain its aesthetics with its squishy, sofisticate, human-like characters and squishy, human-like plotlines.",en,word_vectors,203,ZJS,2,"While Tattoo borrows heavily from both Seven and The Silence of the Lambs, it manages to maintain both a level of sophisticated intrigue and human-scale characters that suck the audience in."
en:2499,22,28,"It's the best film of the year so it, a benchmark against which any other Picture Picture judgeders should be standingd.",It's the best film of the year so it's a benchmark against which any other Picture judge should be prepared.,en,word_vectors,206,ZJS,2,"It's the best film of the year so far, the benchmark against which all other Best Picture contenders should be measured."
en:2500,14,14,This is one of the biggest disappointments of the year.,This is one of the biggest disappointments of the year.,en,word_vectors,207,ZJS,0,This is one of the biggest disappointments of the year.
en:2502,26,41,"Denisege out all the theories of class and based onrage and sisterly obsessession --sideor-bitd spinning pairk, pairrings with cultural sexual sexual and social war.",Denise seeks out to the academy class its based warrior obsession and side-by-side switching between sexism and social discomfort.,en,word_vectors,209,ZJS,1,"Denis forges out of the theories of class - based rage and sisterly obsession a razor-sided tuning fork that rings with cultural, sexual and social discord."
en:2528,29,44,"A thoroughly horriblewful movie, stupidmblylytively,otic, visually ppy -- a weird amalgam of TheThe Thingsing' and a veteranatric ``Cick''","A thoroughly horrible movie, stupidly flawedly scripted, recklessly visually unsatisfying, and bizarre amalgam of ``The Things'' and a veteran ``California''.",en,word_vectors,235,ZJS,0,"A thoroughly awful movie -- dumb, narratively chaotic, visually sloppy... a weird amalgam of `The Thing' and a geriatric `Scream.'"
en:2531,31,36,"The movie has no respect for laws, political correctness, common decei, but it showss something more to: respect for its flawed, crazy characters.","The movie has no respect for laws, political correctness, or common deceiving, but it shows something more to respect than its foggy, crazy humour.",en,word_vectors,238,ZJS,1,"The movie has no respect for laws, political correctness or common decency, but it displays something more important: respect for its flawed, crazy people."
en:2537,30,36,"I would be arbitraingenuous to call Reno a great film, but you can say so about most of the filmscks moving in and out of the studio-.","I would be ignorant to call Reno a great film, but you can say what you want about most of the films moving in and out of the studio.",en,word_vectors,244,ZJS,1,"It would be disingenuous to call Reno a great film, but you can say that about most of the flicks moving in and out of the multiplex."
en:2541,8,11,"Intriguing, downward infuriating.","Intriguing, downwards intoscantic.",en,word_vectors,248,ZJS,2,Intriguing and downright intoxicating.
en:2543,25,32,Perhaps the most irritaying thing about It Is Detmens?? Is that it's a crime movie made by someone who really knows nothing about crime.,Perhaps the most irritating thing about It Is Existing All-Time is that it's a crime movie made by someone who knows nothing about crime.,en,word_vectors,250,ZJS,0,Perhaps the most annoying thing about Who Is Cletis Tout? is that it's a crime movie made by someone who obviously knows nothing about crime.
en:2545,21,26,A quirky drama touches the heart of the funny thanks thanks to the energetic and always surprising performance of Helen Griffiths.,A quirky drama touches the heart of the funny thanks to the energetic and always surprising performance of Helen Keller.,en,word_vectors,252,ZJS,2,The quirky drama touches the heart and the funnybone thanks to the energetic and always surprising performance by Rachel Griffiths.
en:2547,9,12,"and and bitffling, the get-go.",and flabbergasted by the go-go.,en,word_vectors,254,ZJS,0,Bad and baffling from the get-go.
en:2548,23,28,The movie is a blast of educational energy and a thency animaanimation and catchy songs escort you through the entire 78 minutes.,"The movie is a blast of educational energy and quincy animations, catchy songs, and rush through the entire 78 minutes.",en,word_vectors,255,ZJS,2,"The movie is a blast of educational energy, as bouncy animation and catchy songs escort you through the entire 85 minutes."
en:2552,23,38,"A real point of this trifle is the deadly comic face, its hero, Jean-no, that reseembles Stan.manlone as a mere- sleep-sleep.","A real case of the trifle of the dead comic face in its own, Jean-Pierre Reno, as compares to Stanislass, for a sake sleep.",en,word_vectors,259,ZJS,1,"The real charm of this trifle is the deadpan comic face of its star, Jean Reno, who resembles Sly Stallone in a hot sake half-sleep."
en:2559,39,56,"Belletellet,'t avoid the fatal moment in the  era: he's changed the male academic from a lower-class Brit to a upp, with choice that hasholds the novel' exquisit exquisit balance balance and theres the fabric of the film.","Belle, to avoid the fatality of the late 20th-century era,'s changed the male academic from a lower-class Brit to a middle-class American,'s a choice that has the novel's exquisit balance and the spectacular fabric of a film.",en,word_vectors,266,ZJS,1,"LaBute can't avoid a fatal mistake in the modern era: He's changed the male academic from a lower-class Brit to an American, a choice that upsets the novel's exquisite balance and shreds the fabric of the film."
en:2563,16,17,Gerge gives a good performance in a film that doesn't merit it.,Gerge gives a good performance in a film that doesn't merit it.,en,word_vectors,270,ZJS,1,Gere gives a good performance in a film that doesn't merit it.
en:2567,17,24,"The director with with his fake backdrop and,lyly pacing, is settles for consistent consistent tone.","The director with his fake backdrop andly-ranging speeches, is consistently pathetic.",en,word_vectors,274,ZJS,0,"The director, with his fake backdrops and stately pacing, never settles on a consistent tone."
en:2568,20,27,"And he was given the reign over this project is written wrote direct directed, andved and produced -- is beyond me.","And he was given the reign over this project to write, direct, starring and produced it to beyond me.",en,word_vectors,275,ZJS,0,"Why he was given free reign over this project -- he wrote, directed, starred and produced -- is beyond me."
en:2569,22,27,If you can being rewarded with a script that assumes you aren't very bright then then youy is for you.,If you can enjoy being rewarded for a script that assumes it's not very dark then you're doing it for me.,en,word_vectors,276,ZJS,0,"If you enjoy being rewarded by a script that assumes you aren't very bright, then Blood Work is for you."
en:2570,27,37,"...wisey White,, itre needs to take a good looker clarify his visiontic vision before his next creation and remember the trick of the trickster.der.",Robert Lyons needs to take a good shot at to clarify his vision before his next creation and remember the tricks of the sword.,en,word_vectors,277,ZJS,0,"Like Rudy Yellow Lodge, Eyre needs to take a good sweat to clarify his cinematic vision before his next creation and remember the lessons of the trickster spider."
en:2582,7,11,", unaring, warming, warm",,en,word_vectors,289,ZJS,2,"Hard, endearing, caring, warm."
en:2584,25,38,The way Arnoldpola professes to love for movies of with colorful pop andthri and classic classical -- unequivocally qualify as a. is dyly entertaining.,"The way Arnold professes to love his movies is the colorful pop-rock and pop-rock classics that linguistically convincingly qualify as his own, giddy entertaining.",en,word_vectors,291,ZJS,2,The way Coppola professes his love for movies -- both colorful pop junk and the classics that unequivocally qualify as art -- is giddily entertaining.
en:2592,32,41,I''t fast your gut if and it's not intended to be but's justly a blandly cinematic examinarogaical examination of what makes a joke a joke.,I've won't faff your gut if it's not intended to be a justly cinematic examination of what makes a joke a joke.,en,word_vectors,299,ZJS,1,It won't bust your gut -- and it's not intended to -- it's merely a blandly cinematic surgical examination of what makes a joke a joke.
en:2597,17,35,"A unminationus,bulllya-walle-ter of Welcome to Hilln has has its cry after after-surs-holes. it.","A diffusing, snob, snob, snob. Welcome to Jones has a wicked after-sales pacing.",en,word_vectors,304,ZJS,1,"The doofus-on-the-loose banter of Welcome to Collinwood has a cocky, after-hours loopiness to it."
en:2598,13,16,It's the funnyniest American comedy of graffitifiti Bridge.,"It's the funny, American comedy of graffiti Bridge.",en,word_vectors,305,ZJS,2,It's the funniest American comedy since Graffiti Bridge.
en:2601,29,40,"Often gruelingsome and heartbreaking to witness, but Skillar' Warstone's stelling performances raise this film above the level of the usual,olin disease movie.","Often grueling and heartbreaking to witness, but Skils's stellar performances raise this film above the level of the usual, nasty disease movie.",en,word_vectors,308,ZJS,2,"Often gruelling and heartbreaking to witness, but Seldahl and Wollter's sterling performances raise this far above the level of the usual maudlin disease movie."
en:2606,16,25,"It' basicallyly what missings missing from Microsoftboard,, the sense of something bigger -- ultima ultimate point.","It's basically what missing from Microsoft is, in the sense of something bigger than ultimate point.",en,word_vectors,313,ZJS,1,"That is essentially what's missing from Blackboards -- the sense of something bigger, some ultimate point."
en:2609,21,34,"A whitewitlitted, slowzy off onoff of the Animal Farm documentar series series Cra Craodile Hunter is entertainment opportunist at its best glaring.","A white-knuckled, slow-moving film of the Animal Farm documentar series Cracker, Hunter is entertainment opportunist at its best.",en,word_vectors,316,ZJS,0,"A dim-witted and lazy spin-off of the Animal Planet documentary series, Crocodile Hunter is entertainment opportunism at its most glaring."
en:2621,18,23,An ewful movie that can only satisfy the most emotionally laleable film filmmakersers.,An epic movie that can only satisfy the most emotionally laden filmmakers.,en,word_vectors,328,ZJS,0,An awful movie that will only satisfy the most emotionally malleable of filmgoers.
en:2643,43,67,Crades iss de to combatling life wonders wonders is a ragbling and erroaneherent manifesto about a gueness of itsal excesses honorise of God remains the reous and preentious endeavor that's overnecused and unsdioously exasperating.,"Crackers are fighting life, wondering, and a raging, inane, inane, erratic demonstration about the depth of its banality.",en,word_vectors,350,ZJS,0,Godard's ode to tackling life's wonderment is a rambling and incoherent manifesto about the vagueness of topical excess... In Praise of Love remains a ponderous and pretentious endeavor that's unfocused and tediously exasperating.
en:2645,33,42,"It never truly come to care about the main characters and whether or not they comeve come up together, Michael Michael''s spiritual quest is neiing entertainmusing nor dramatic enough to sustain interest.","It never truly come to care about the main characters and whether or not they've come up together, Michael's spiritual quest is neiingly entertaining nor dramatic enough to sustain interest.",en,word_vectors,352,ZJS,0,"We never truly come to care about the main characters and whether or not they'll wind up together, and Michele's spiritual quest is neither amusing nor dramatic enough to sustain interest."
en:2648,11,20,"Castroez,s mythical could have had some ofd judgment but-sight.",Castro's cultmaking could have been some sort of wise-minded,en,word_vectors,355,ZJS,1,"Peralta's mythmaking could have used some informed, adult hindsight."
en:2655,26,35,"Adults will certainly want to spend more time in the moviestheater, about thecey lists and trying to impress their kids how not to eat like Pinocchio.","Adults will certainly want to spend more time in the movies than in the grocery stores, and they'll want to show their kids how not to be like Pinocchio.",en,word_vectors,362,ZJS,1,Adults will certainly want to spend their time in the theater thinking up grocery lists and ways to tell their kids how not to act like Pinocchio.
en:2656,22,31,"Not as distinct as as distinct as distinctous as it pred to be, stand out, but it has clearly been made with aion and love.","Not as distinct as it is, but it's a distinctive piece of work, and a standout piece that has clearly been made with a lot of love.",en,word_vectors,363,ZJS,1,"Not as distinctive or even as humorous as its needs to be to stand out, but it has clearly been made with affection and care."
en:2657,17,20,A generic family comedy likelylikely to be appreciated by anyone outside the under-s.,A generic family comedy likely to be appreciated by anyone outside the under-represented.,en,word_vectors,364,ZJS,0,A generic family comedy unlikely to be appreciated by anyone outside the under-10 set.
en:2661,19,31,Director-direct Johndirector John Parker attempts attempts to fashion a likeianlike real real-reismre fall shortreadfully short.,"Director John Parker attempts to fashion a likelike, real-life satire fall short.",en,word_vectors,368,ZJS,0,"Co-writer/director Jonathan Parker's attempts to fashion a Brazil-like, hyper-real satire fall dreadfully short."
en:2670,8,16,It doesn doesn't have a to to especially not terms moviely.,"It doesn't have to be especially bad, but it's a",en,word_vectors,377,ZJS,1,It just doesn't have much else... especially in a moral sense.
en:2671,13,24,"Those familiarfamiliar to themon, may may see The Singles Whor sometimesally adering.",Those familiar with the Mormon Goddess may see The Singles Wharf occasionally.,en,word_vectors,378,ZJS,1,Those unfamiliar with Mormon traditions may find The Singles Ward occasionally bewildering.
en:2673,13,19,But the talented cast alone will make you as as as long the talentss.,But the talented cast alone will make you feel as if you're a movie.,en,word_vectors,380,ZJS,2,"But the talented cast alone will keep you watching, as will the fight scenes."
en:2677,20,24,"An important film, a reminder of the power of the to move us and to make us feel our own.","An important film, a reminder of the power of the mind to move and to make us change our lives.",en,word_vectors,384,ZJS,2,"An important movie, a reminder of the power of film to move us and to make us examine our values."
en:2679,20,24,A richly imaginad and admirably mature work of a filmed director who obviously has something on his mind.,A richly imaginative and admirably mature work of a film director who clearly has something on his mind.,en,word_vectors,386,ZJS,2,A richly imagined and admirably mature work from a gifted director who definitely has something on his mind.
en:2682,16,22,But what nices nice is that it's a level intelligentintelligence that penetrameates the conversation.,But what nice is that it's a bit of intelligentsia that permeates the story.,en,word_vectors,389,ZJS,2,But what's nice is that there's a casual intelligence that permeates the script.
en:2687,22,28,"Feels mildlight, but it it was an extended short, butbeit one made by the smartest kids in the.","Feels mild, but it is an extended short, but one made by smart kids in the",en,word_vectors,394,ZJS,1,"Feels slight, as if it were an extended short, albeit one made by the smartest kids in class."
en:2688,11,13,The picture doesn't tell it's a movie.,The picture doesn't tell it's a movie.,en,word_vectors,395,ZJS,1,The picture doesn't know it's a comedy.
en:2694,18,26,"It's a head-bangner, thoughtfully written beautiful beautifully --, finally finally, deeply..","It's a head-banger, thoughtful, thoughtful, beautifully written, and finally deeply",en,word_vectors,401,ZJS,2,"It's a head-turner -- thoughtfully written, beautifully read and, finally, deeply humanizing."
en:2697,21,33,"Men and Black can achieve ultima ultimate precisficance, it's a sci-fi comedy spectacle as Balhaiffle Epiceob'pic.","Men and Black men achieve ultimate precision, it's a sci-fi comedy spectacle as Balzac's Epic.",en,word_vectors,404,ZJS,0,Men in Black II achieves ultimate insignificance -- it's the sci-fi comedy spectacle as Whiffle-Ball epic.
en:2699,26,29,Presents a good case while failing to provide a reason for people to care beyond the very basicss of human naturecency.,Presents a good case while failing to provide a reason for people to care beyond the very basics of human nature.,en,word_vectors,5,ZKB,1,Presents a good case while failing to provide a reason for us to care beyond the very basic dictums of human decency.
en:2701,18,24,Broad My My Sweet Girl so many flaws it would be easy for as to derink it.,"Broad My Sweet Heart has so many faults, it would be easy for me to deny it.",en,word_vectors,7,ZKB,0,"Bread, My Sweet has so many flaws it would be easy for critics to shred it."
en:2707,29,40,"If Thecimaces Wild had been tweaked up a ch, would have become a funfire one one of those movies that iss bad bad it's to become a.","If The Fugitives had been tweaked up a chop, it would have become a thrilling adventure one of those movies that is bad enough to become a movie.",en,word_vectors,14,ZKB,1,"If Deuces Wild had been tweaked up a notch it would have become a camp adventure, one of those movies that's so bad it starts to become good."
en:2725,7,10,It like the robust middle of the picture.,It's the robust middle of the picture.,en,word_vectors,32,ZKB,2,I love the robust middle of this picture.
en:2732,25,28,The Ring is worth a look at but you don't demand much more than a few cheapthrithrills from your Halloween entertainment.,"The Ring is worth a look at, but you don't need to pay much more for a few cheapthrills from your Halloween entertainment.",en,word_vectors,39,ZKB,1,"The Ring is worth a look, if you don't demand much more than a few cheap thrills from your Halloween entertainment."
en:2743,12,14,I love the new footage and I love the old stuff.,I love the new footage and I love the old stuff.,en,word_vectors,50,ZKB,2,I like the new footage and still love the old stuff.
en:2744,20,29,"brief briefly flirts with player Shamochist, but the extent of all interest is audience cultism -- is evacliped completely.","briefly flirting with player Shaman, but the extent of the interest in audience cult is undoubtedly irrational.",en,word_vectors,51,ZKB,1,"It briefly flirts with player masochism, but the point of real interest -- audience sadism -- is evaded completely."
en:2745,13,15,The The Country Bears really be as good as its trailers?,The Country Bears really is as good as its trailers.,en,word_vectors,52,ZKB,0,Could The Country Bears really be as bad as its trailers?
en:2749,5,8,A film is to dead weight.,A film with a dead weight.,en,word_vectors,56,ZKB,0,The film seems a dead weight.
en:2750,27,48,"Sparkling often often funnyhilarious romantic,alousy comedy, Atating so much like a young girl DeNiro that it seems to only is be be a TheThe Husband' avis.as...","Sparkling often funny romantic, satirical, comedy. At least, it's not so much like a young girl's Narcos, that it seems to be a bit like a husband's wife, Richard.",en,word_vectors,57,ZKB,2,"Sparkling, often hilarious romantic jealousy comedy... Attal looks so much like a young Robert DeNiro that it seems the film should instead be called `My Husband Is Travis Bickle'."
en:2752,17,22,"A louy movie, iss not justly unwatchable, but also unimaginaable.","A lougly movie is not just deliberately unwatchable, but also unintelligible.",en,word_vectors,59,ZKB,0,"A lousy movie that's not merely unwatchable, but also unlistenable."
en:2754,32,42,"A strong script, powerful direction and splendid production design allows us to be transported to the world of theikudiolaw,ilski, and is not only a pianist but but a good human being.","A strong script, powerful direction and splendid production design allows us to be transported to the heart of the film, the King's Labyrinth, and not only the pianist but a good human being.",en,word_vectors,61,ZKB,2,"A strong script, powerful direction and splendid production design allows us to be transported into the life of Wladyslaw Szpilman, who is not only a pianist, but a good human being."
en:2757,9,12,For's a fanboy whatwhat if'',For a fanboy what's it?,en,word_vectors,64,ZKB,1,It's a fanboy `what if?'
en:2760,35,58,"Stephen Reid, Annalain,n, and Johniss,smond,s, armvilles, but when joined by Jonesnan, the sight of this triosequet trioet,lling in pretty American settings is a pleasant enough thing. ``tiss","Stephen Reid, Anna and John, Smith, and Jones, and Jones, and Jones, and Jones, and Jones, and Jones, and Jones, and Jones, and Jones, and Jones, and Jones, and Jones, and Jones, and Jones, and Jones, and Jones, and Jones, and Jones, and Jones, and Jones, and Jones, and Jones, and Jones, and Jones, and Jones, and Jones, and Jones, and Jones, and Jones,...",en,word_vectors,67,ZKB,2,"Stephen Rea, Aidan Quinn, and Alan Bates play Desmond's legal eagles, and when joined by Brosnan, the sight of this grandiloquent quartet lolling in pretty Irish settings is a pleasant enough thing, `tis."
en:2763,10,16,"Everything was as superficial as the forced New York, accent accent I Thu",Everything was as superficial as the forced New York Times' low-profile accent I've had.,en,word_vectors,70,ZKB,0,Everything was as superficial as the forced New Jersey lowbrow accent Uma had.
en:2771,21,31,"A zombie movie that every sense of the word,lessless life lifeless, calculadering, painne, irritaful. provocanoxious.","A zombie movie that's every bit as unsettling as the movie itself,lessless lifeless, calculating, painful, provocative.",en,word_vectors,78,ZKB,0,"A zombie movie in every sense of the word -- mindless, lifeless, meandering, loud, painful, obnoxious."
en:2776,21,31,High Crime knows knows the mistakes bad bad movies make and is determined to to make it any but maybe that it no reason' the sort.,"High Crime knows the mistakes bad movies make and is determined to make it right, maybe that is no reason to sort",en,word_vectors,83,ZKB,1,"High Crimes knows the mistakes that bad movies make and is determined not to make them, and maybe that is nobility of a sort."
en:2779,7,14,"A bland bland,ousmys-theus wner.","A bland, insane, corruption-engendering.",en,word_vectors,86,ZKB,0,... a bland murder-on-campus yawner.
en:2782,15,22,"Disfers from abling, repetitive dialogue of the visual bindrangness,mic to digital media.","Disss from raging repetitive dialogue in the visual binding, endemic to digital media.",en,word_vectors,89,ZKB,0,"Suffers from rambling, repetitive dialogue and the visual drabness endemic to digital video."
en:2785,17,21,Features of of the most affecting imagespictions of a film story ever committed to film.,Features of the most affecting images of a filmmaker ever committed to film.,en,word_vectors,92,ZKB,2,Features one of the most affecting depictions of a love affair ever committed to film.
en:2795,23,32,"It a harddered voyeur can have the patience of Job to go through this arbitraterminable,lessless documentary about the swinging cultureculture.","It's a hard-focused voyeur, but it'll require the patience of Job to go through an arbitraryless documentary about the swing culture.",en,word_vectors,102,ZKB,0,"Even a hardened voyeur would require the patience of Job to get through this interminable, shapeless documentary about the swinging subculture."
en:2799,26,36,The film is as decived as as artificial as the video games Japanese teens play in the nightclub setupquence. and it's more enjoyable one.,"The film is as artificial as artificial as the video games Japanese teens play in the nightclub setup. It's fun, entertaining,",en,word_vectors,106,ZKB,1,"The film is a contrivance, as artificial as the video games Japanese teens play in a nightclub sequence, but it's an enjoyable one."
en:2800,22,29,"At its worst the screen is, callgey, and at its best it is a young artist's considerationful consideration of father..","At its worst the screen is callous, and at its best the voice of a young artist's consideration of father.",en,word_vectors,107,ZKB,1,"At its worst the screenplay is callow, but at its best it is a young artist's thoughtful consideration of fatherhood."
en:2806,24,26,It has has created a breathtakingly assured and stylish work of spare dialogue and acute expressiveness.,"It has created a breathtakingly assured and stylish work, spare dialogue and acute expressiveness.",en,word_vectors,113,ZKB,2,Jeffs has created a breathtakingly assured and stylish work of spare dialogue and acute expressiveness.
en:2830,15,21,Anmic chronic of of money bubing New Yorkers and their serial lovelines upupss.,"An atheist chronicler of money, bumping New Yorkers and their serial loveliness, upswing.",en,word_vectors,137,ZKB,1,Anemic chronicle of money grubbing New Yorkers and their serial loveless hook ups.
en:2832,11,17,It I decidedve decided to put it mark on every night until now on.,It's decided to put a little more light on every night of now.,en,word_vectors,139,ZKB,1,And I've decided to leave a light on every night from now on.
en:2842,18,24,Annaishwaiyah rarely stirps her Divava persona enough to spark genuine chemistry with Whitsend.,Anna often disappoints her star-fighting personage enough to spark genuine chemistry with Wilson.,en,word_vectors,149,ZKB,1,Aaliyah rarely dampens her diva persona enough to spark genuine chemistry with Townsend.
en:2845,16,25,It and have a great loss if it for the ofing filmss taking place at the movie edges edges.,"It's a movie that's got a lot of its own, and it's all about performances taking place at the movie edges.",en,word_vectors,152,ZKB,1,... would be a total loss if not for two supporting performances taking place at the movie's edges.
en:2846,30,42,An inspiring and affectwarmwarmighteningting film about the desperat attempt attempts of Japaneseese refugees living in a.S.-location camps to live their familiess alive. 1978.,An inspiring and affecting film about the desperat attempts of Japanese refugees living in a relocation camp to live their lives alive. 1978,en,word_vectors,153,ZKB,2,An inspiring and heart-affecting film about the desperate attempts of Vietnamese refugees living in U.S. relocation camps to keep their hopes alive in 1975.
en:2851,11,15,Anderson's funnyniest and most like movie movie of years.,"Anderson's funny, most likeable movie of all years.",en,word_vectors,158,ZKB,2,Allen's funniest and most likeable movie in years.
en:2853,24,29,"There is a refreshingabsenceabsence of cynicism in Stewart Little,, quite a rarity even even in the family film market.",There is a refreshingabsence of cynicism in Stewart Little and it's quite a rarity even in the family film market.,en,word_vectors,160,ZKB,2,"There is a refreshing absence of cynicism in Stuart Little 2 -- quite a rarity, even in the family film market."
en:2863,16,26,"Even with the intentionally low standards, Boyboyboyboys, theoity Boys is a fla..","Even with the intentionally low standards, the boyboys' Brigham, Nero, and Miracle Boys is a flawed",en,word_vectors,170,ZKB,0,"Even by the intentionally low standards of frat-boy humor, Sorority Boys is a bowser."
en:2875,17,25,The stunning dream dreamlike visuals will impress even those whoers who have the patience for filmfilmfilm.views,The stunning dreamlike visuals will impress even those who don't have the patience to watch film.,en,word_vectors,182,ZKB,2,"The stunning, dreamlike visuals will impress even those viewers who have little patience for Euro-film pretension."
en:2890,17,24,For Taxigie fanses fans this this is more appaizing than a meal dish. oliveparagus.,"For Taxister fans this is more appalling than a meal, a snack, an anchor.",en,word_vectors,197,ZKB,2,"For VeggieTales fans, this is more appetizing than a side dish of asparagus."
en:2891,34,42,"While it regards 1978 as a key turning point of the 70th century, return returns again and again to images of disdents on the streets, alarm's alarming current current.","While it regards 1978 as a key turning point in the 20th century, it returns again and again to images of dissenters on the streets, alarming currents.",en,word_vectors,198,ZKB,1,"While it regards 1967 as the key turning point of the 20th century, and returns again and again to images of dissidents in the streets, it's alarmingly current."
en:2896,36,49,"Tattoo Tattoo srows heavily from The Seven and The Endence, the Lambs, it manages to maintain both a rich of complexphisticated intrigintrigue and human-likeatura characters that itcks the audience away.","Tattoo squalls heavily from The Seven Deadly Sins, but Lamas manages to maintain both a richly complex intriguing plot and human-like characters that captivate the audience with",en,word_vectors,203,ZKB,2,"While Tattoo borrows heavily from both Seven and The Silence of the Lambs, it manages to maintain both a level of sophisticated intrigue and human-scale characters that suck the audience in."
en:2899,22,28,"It's the best film of the year so it, the benchmark against which the the Best Western nomineders have be measured.",It's the best film of the year so it's the benchmark against which the Best of judges can be measured.,en,word_vectors,206,ZKB,2,"It's the best film of the year so far, the benchmark against which all other Best Picture contenders should be measured."
en:2900,13,14,It is one of the biggest disappointments of the year.,It's one of the biggest disappointments of the year.,en,word_vectors,207,ZKB,0,This is one of the biggest disappointments of the year.
en:2902,19,41,Denisege the of his ries of class and based onrage andlyly obsessession --sideor-thind pairft of its and bindrings a cultural sexual sex and social sno.,"Denise seeks to depict the theories of class and class-based violence, andly obsessiveness, and side-by-side, cross-cultural, sex-oriented, social divide.",en,word_vectors,209,ZKB,1,"Denis forges out of the theories of class - based rage and sisterly obsession a razor-sided tuning fork that rings with cultural, sexual and social discord."
en:2928,23,44,"A thoroughly horriblewful movie, stupidmblylytively cotic -- andly ppy -- and weird amalgam of allreallmaing' and ` `-tricick''","A thoroughly horrible movie, stupidly narratively complicated, and flawedly bizarre amalgamation of the two.",en,word_vectors,235,ZKB,0,"A thoroughly awful movie -- dumb, narratively chaotic, visually sloppy... a weird amalgam of `The Thing' and a geriatric `Scream.'"
en:2931,30,36,"The movie has no respect for its, political correctness, common sensecei, but it showss something of important: respect for its flawed, crazy people.","The movie has no respect for its laws, political correctness, or common sense, but it shows something of important respect for its flawed, crazy people.",en,word_vectors,238,ZKB,1,"The movie has no respect for laws, political correctness or common decency, but it displays something more important: respect for its flawed, crazy people."
en:2937,28,36,I would be arbitraingenuous to call Rena a great filmmaker but I can say that about a of the filmscks moving in and out of the Cinemax.,"I would have denied to call Rena a great filmmaker, but I can say that about a lot of films flipping in and out of the studio.",en,word_vectors,244,ZKB,1,"It would be disingenuous to call Reno a great film, but you can say that about most of the flicks moving in and out of the multiplex."
en:2941,7,11,iguing and downward intrufuriating.,,en,word_vectors,248,ZKB,2,Intriguing and downright intoxicating.
en:2943,24,32,Perhaps the most annoying thing is Who is?mati?? It that it's a crime that made by someone who obviously knows nothing about it.,Perhaps the most annoying thing is Who is Atheist?... it's a crime that's made by someone who obviously knows nothing about it.,en,word_vectors,250,ZKB,0,Perhaps the most annoying thing about Who Is Cletis Tout? is that it's a crime movie made by someone who obviously knows nothing about crime.
en:2945,20,26,A quirky drama touches the heart and the funny thankss to the energi and always surprising performance of Helen Griffiths.,"A quirky drama touches the heart and the funny thanks to the energizing, always surprising performance of Helen Keller.",en,word_vectors,252,ZKB,2,The quirky drama touches the heart and the funnybone thanks to the energetic and always surprising performance by Rachel Griffiths.
en:2947,8,12,A- borffling from the go-go.,A flabbergage and disgusting from the get go.,en,word_vectors,254,ZKB,0,Bad and baffling from the get-go.
en:2948,23,28,"The movie is a blast of educational energy, a ncy animaanimation and catchy songs escort you through the moviety minutes.","The movie is a blast of educational energy, a quincy animated and catchy songs escort you through the movie's 78 minutes.",en,word_vectors,255,ZKB,2,"The movie is a blast of educational energy, as bouncy animation and catchy songs escort you through the entire 85 minutes."
en:2952,27,38,"The real charm of this trifle is the deadly comic face of star star, Jean-nier, that reseembles Mrlynarlone in his hot kis sleep-sleep.","The real charm of this trifle is the deadly comic face of star Vincent Van Gogh, who resembles Slaughter, in his hot sake sleep.",en,word_vectors,259,ZKB,1,"The real charm of this trifle is the deadpan comic face of its star, Jean Reno, who resembles Sly Stallone in a hot sake half-sleep."
en:2959,44,56,"Bellevellet can't avoid a fatal mistake in the modern era, he's changed the male academic from a lower-class Brit to an American a a choice that ssets the original's exquisit balance balance and srinks the fabric of the modern.","Belle can't avoid a fatal mistake in the modern era,'''has changed the male academic from a lower-class Brit to an American a choice that struck a spectacular balance and struck the fabric of the modern era.",en,word_vectors,266,ZKB,1,"LaBute can't avoid a fatal mistake in the modern era: He's changed the male academic from a lower-class Brit to an American, a choice that upsets the novel's exquisite balance and shreds the fabric of the film."
en:2963,15,17,Gere gives a good performance in a film that doesn't have a.,Gerge gives a good performance in a film that doesn't have a lot of,en,word_vectors,270,ZKB,1,Gere gives a good performance in a film that doesn't merit it.
en:2967,17,24,"A film, with his fake backdrop of,lyly pacing, struggle settles on a consistent theme.","A film with a fake backdrop and stately pacing, but settling on a consistent tone.",en,word_vectors,274,ZKB,0,"The director, with his fake backdrops and stately pacing, never settles on a consistent tone."
en:2968,23,27,"Why he was given free timeeign over this project is he direct, directed, starved and produced -- is beyond me.","Why he was given free time over this project is that he was directed, starved and produced in a way beyond his normal",en,word_vectors,275,ZKB,0,"Why he was given free reign over this project -- he wrote, directed, starred and produced -- is beyond me."
en:2969,20,27,"Do you enjoy being rewarded with a script that assumes you are't very bright, Blood Bloodys a you.",Do you enjoy being rewarded with a script that assumes you are very bright and Bloody Mary is a very dark movie?,en,word_vectors,276,ZKB,0,"If you enjoy being rewarded by a script that assumes you aren't very bright, then Blood Work is for you."
en:2970,30,37,"Thewisey Yellow Cab, itre needs to take a good sweat to clarify his cinematic vision before his next creation and remember the lessons of the tricksters.ders.",The Ruy Red Hook needs to take a good sweat to clarify his cinematic vision before his next creation and remember the lessons of the tricksters.,en,word_vectors,277,ZKB,0,"Like Rudy Yellow Lodge, Eyre needs to take a good sweat to clarify his cinematic vision before his next creation and remember the lessons of the trickster spider."
en:2982,7,11,", unaring, warming, warm",,en,word_vectors,289,ZKB,2,"Hard, endearing, caring, warm."
en:2984,30,38,The way Arnoldpola professes his love for movies of both colorful pop-junk and the classic -- -- linguisequivocally qualify it art -- is giddyly entertaining.,"The way Arnold professes his love for movies is both colorful pop-junky and the classic, unequivocally aimful to convey art and humour.",en,word_vectors,291,ZKB,2,The way Coppola professes his love for movies -- both colorful pop junk and the classics that unequivocally qualify as art -- is giddily entertaining.
en:2992,34,41,"It''t fast, gut, and it's not intended to -- it's justly a blandly cinematic examinarogaical examination of what makes a joke a joke.","It's wont fade, it's good, and it's not intended to be, it's just blandly cinematic, cheapy examination of what makes a joke a joke.",en,word_vectors,299,ZKB,1,It won't bust your gut -- and it's not intended to -- it's merely a blandly cinematic surgical examination of what makes a joke a joke.
en:2997,17,35,"A usualminationus,folya-jobe-ter of Welcome to Woodn has has its cry after after-surs-holes. it.","A diffusing, snob, snob, snob. Welcome to Woodland has a wicked after-sales-wirl.",en,word_vectors,304,ZKB,1,"The doofus-on-the-loose banter of Welcome to Collinwood has a cocky, after-hours loopiness to it."
en:2998,13,16,The's the mostniest American comedy since graffitifiti Bridge.,The most funniest American comedy since graffiti Bridge.,en,word_vectors,305,ZKB,2,It's the funniest American comedy since Graffiti Bridge.
en:3001,21,40,"Itntimeselinglling, heartbreaking to witness, Adams asgin and hisstone's stelling performances are this point above the mark of a movie.chinalins..","It's a heartbreaking to witness, as Gausel and his stellar performances this week above the bridge, the first time in a decade.",en,word_vectors,308,ZKB,2,"Often gruelling and heartbreaking to witness, but Seldahl and Wollter's sterling performances raise this far above the level of the usual maudlin disease movie."
en:3006,13,25,"It' basicallyly what missings missing in theboard,, the sense of something bigger -- ultima ultimateless","It's basically what missing is: the slides, in the sense of something bigger than ultimate",en,word_vectors,313,ZKB,1,"That is essentially what's missing from Blackboards -- the sense of something bigger, some ultimate point."
en:3009,23,34,"A dimwitlitted, slowzy offoffoff of Animal Animal Planet documentary,, Craodile Hunter is entertainment opportunist, its most glaring.","A dimwitted, slow-moving, and flawed documentary, Animal Planet documentary, The Cracker Hunter is entertainment opportunist, and the most discerning.",en,word_vectors,316,ZKB,0,"A dim-witted and lazy spin-off of the Animal Planet documentary series, Crocodile Hunter is entertainment opportunism at its most glaring."
en:3021,16,23,An ewful movie that can only satisfy the most emotional and-thuable of allmakersers.,An epic movie that can only satisfy the most emotional and spiritual of all.,en,word_vectors,328,ZKB,0,An awful movie that will only satisfy the most emotionally malleable of filmgoers.
en:3043,41,67,"It''s attempt to combatling the wonders wonder is is a ragbling and inaneherent manifesto of the immensgueness of itsal excesses andtentionise of God remains a reous, inentious endeavor, emps unsnecused and unsdioouslyasperating.","It's a struggle to tackle the wonder of a raging, and interminable manifesto, that the slightest, narrowest, excesses of the Joy of God remains a relentless, relentless, undue, endemic endeavor that unfortunately is unsatisfying.",en,word_vectors,350,ZKB,0,Godard's ode to tackling life's wonderment is a rambling and incoherent manifesto about the vagueness of topical excess... In Praise of Love remains a ponderous and pretentious endeavor that's unfocused and tediously exasperating.
en:3045,27,42,"It never truly come to care about the main characters,, or not they windre wind up together, Michael Michaele's storyity for ather acuteing nor a, to stir interest.","It never truly come to care about the main characters, whether or not they wind up together, as Michael Jackson's movie does, and it's a story of love, friendship, and interest.",en,word_vectors,352,ZKB,0,"We never truly come to care about the main characters and whether or not they'll wind up together, and Michele's spiritual quest is neither amusing nor dramatic enough to sustain interest."
en:3048,10,20,"Castroez,s cultthical could have been some educatd and but-sight.",Castro's cultmaking could have been some educated or ignorant.,en,word_vectors,355,ZKB,1,"Peralta's mythmaking could have used some informed, adult hindsight."
en:3055,22,35,Theys will certainly have to spend their time in a theatrtheater thinking up listcey lists and ways to make their story that to to eat. kidsocchio.,They will certainly have to spend their time in a theatrical thinking up lists and ways to use their time in a movie.,en,word_vectors,362,ZKB,1,Adults will certainly want to spend their time in the theater thinking up grocery lists and ways to tell their kids how not to act like Pinocchio.
en:3056,28,31,"It as distinctive, even as humorous as its needs to be to stand out from but it has clearly been made with affection and care.","Its style is distinctive, and even more humorous as its needs to be able stand out from the crowd, has clearly been made with affection and care.",en,word_vectors,363,ZKB,1,"Not as distinctive or even as humorous as its needs to be to stand out, but it has clearly been made with affection and care."
en:3057,17,20,A generic family comedy likelylikely to be appreciated by anyone outside the under-s.,A generic family comedy likely to be appreciated by anyone outside the under-represented.,en,word_vectors,364,ZKB,0,A generic family comedy unlikely to be appreciated by anyone outside the under-10 set.
en:3061,16,31,"Director-direct JohnDirector John Parker attempts attempts to fashion a likeianlike real real-realistismre, dreadful..","Director John Adams attempts to fashion a like-minded, real-life woman, fall-drunk.",en,word_vectors,368,ZKB,0,"Co-writer/director Jonathan Parker's attempts to fashion a Brazil-like, hyper-real satire fall dreadfully short."
en:3070,13,16,It just doesn't have much to to especially not a moral sense.,"It just doesn't have much to say, especially with a moral sense.",en,word_vectors,377,ZKB,1,It just doesn't have much else... especially in a moral sense.
en:3071,19,24,Those familiarfamiliar with Mormon traditions find find the Singles Warhor sometimesally bewildering.,Those familiar with the Mormon traditions find the Singles Warhorse sometimes bewildering.,en,word_vectors,378,ZKB,1,Those unfamiliar with Mormon traditions may find The Singles Ward occasionally bewildering.
en:3073,17,19,But the talented cast alone will keep you watching as as will the fight betweens.,But the talented cast alone will keep you watching as will the fight to the victory.,en,word_vectors,380,ZKB,2,"But the talented cast alone will keep you watching, as will the fight scenes."
en:3077,23,24,"An important movie, a reminder of the power of film to inspir us and to make us examine our values.","An important movie, a reminder of the power of film to inspire us and to make us examine our values.",en,word_vectors,384,ZKB,2,"An important movie, a reminder of the power of film to move us and to make us examine our values."
en:3079,19,24,A richly imaginad and admirably mature film from a talented director who definitely has something to his heart.,A richly imaginative and admirably mature film from a talented director who definitely has something to say about his work.,en,word_vectors,386,ZKB,2,A richly imagined and admirably mature work from a gifted director who definitely has something on his mind.
en:3082,20,22,... what's nice is that there's a casualintelligenceintelligence that permeates the script.,... what's nice is that there's a casualintelligence that permeates the script.,en,word_vectors,389,ZKB,2,But what's nice is that there's a casual intelligence that permeates the script.
en:3087,21,28,"As alighter if if it were an extended short, butbeit one made by smart smart kids kids in class.","A slighter surprise if it were an extended short, but one made by smart kids in class.",en,word_vectors,394,ZKB,1,"Feels slight, as if it were an extended short, albeit one made by the smartest kids in class."
en:3088,12,13,The picture doesn't know it's a movie.,The picture doesn't know it's a movie.,en,word_vectors,395,ZKB,1,The picture doesn't know it's a comedy.
en:3094,20,26,"A's a head-bangner, thoughtfully written beautiful beautifully read, finally finally, deeply humanizing.","A head-hater is thoughtfully written beautifully read, finally deeply humanizing.",en,word_vectors,401,ZKB,2,"It's a head-turner -- thoughtfully written, beautifully read and, finally, deeply humanizing."
en:3097,20,33,"It in Black doesn achieve ultima ultimate precisficance, it's a same-fi comedy spectacle as Balhaiffle Epiceob'pic.","Its in Black doesn't achieve ultimate precision, it's just a comedy spectacle as Balk's Epic.",en,word_vectors,404,ZKB,0,Men in Black II achieves ultimate insignificance -- it's the sci-fi comedy spectacle as Whiffle-Ball epic.
en:3099,26,29,Presents a good case while failing to provide a reason for human to care beyond the very basicss of human deceit.,Presents a good case while failing to provide a reason for human care beyond the very basics of human deceit.,en,word_vectors,5,ZKH,1,Presents a good case while failing to provide a reason for us to care beyond the very basic dictums of human decency.
en:3101,19,24,Broad My My Sweet has so many flaws it would be easy for as to derink it.,Broad My Sweet has so many flaws it would be easy for a witch to degrade it.,en,word_vectors,7,ZKH,0,"Bread, My Sweet has so many flaws it would be easy for critics to shred it."
en:3107,32,40,"If Thecimaces Wild had been tweaked to a ch, would have become a camp adventure one one of those movies that sos so good it starts to become good.","If The Fugitives Wild had been tweaked to a chop, it would have become a camp adventure one of those movies that so often starts to become good.",en,word_vectors,14,ZKH,1,"If Deuces Wild had been tweaked up a notch it would have become a camp adventure, one of those movies that's so bad it starts to become good."
en:3125,9,10,I like the robust middle of this picture.,I like the robust middle of this picture.,en,word_vectors,32,ZKH,2,I love the robust middle of this picture.
en:3132,26,28,The Ring is worth a look if if you don't demand much more than a few cheapthrithrills from your Halloween entertainment.,The Ring is worth a look if you don't demand much more than a few cheapthrills from your Halloween entertainment.,en,word_vectors,39,ZKH,1,"The Ring is worth a look, if you don't demand much more than a few cheap thrills from your Halloween entertainment."
en:3143,12,14,"I love the new footage, still love the old stuff.","I love the new footage, but still love the old stuff.",en,word_vectors,50,ZKH,2,I like the new footage and still love the old stuff.
en:3144,19,29,"It briefly flirts with a Homoochism, to at point is the interest is audience cultism -- is evacliped completely.","It briefly flirts with a player, Homosexual, to the point of detracting from interest in the audience, sadistic and irrationally ignorant.",en,word_vectors,51,ZKH,1,"It briefly flirts with player masochism, but the point of real interest -- audience sadism -- is evaded completely."
en:3145,13,15,It The Country Bears really be as bad as the trailers?,It's The Country Bears really be as bad as the trailers.,en,word_vectors,52,ZKH,0,Could The Country Bears really be as bad as its trailers?
en:3149,7,8,The film seems to dead weight.,The film seems to have dead weight.,en,word_vectors,56,ZKH,0,The film seems a dead weight.
en:3150,35,48,"Sparkling often often funnyhilarious romantic,alousy comedy, Ata looks so much like a young Robert Down Niro that it seems the film should instead be called TheThe Husband Is Richardvis Bellckle..","Sparkling often funny romantic, ruthless comedy. Attain looks so much like a young Robert Downey Jr. that it seems like the film should instead be called The Huser Is Richard Branson.",en,word_vectors,57,ZKH,2,"Sparkling, often hilarious romantic jealousy comedy... Attal looks so much like a young Robert DeNiro that it seems the film should instead be called `My Husband Is Travis Bickle'."
en:3152,17,22,"A pauy movie that iss not justly unwatchable, but also unimaginaable.","A palymouth movie that is not just arbitrarily unwatchable, but also arbitrarily unintelligible.",en,word_vectors,59,ZKH,0,"A lousy movie that's not merely unwatchable, but also unlistenable."
en:3154,31,42,"A strong script, powerful direction and splendid production design allows the to be transported to the world of thehiwy Wis,uminski, who is not only a pianist but but a good human being.","A strong script, powerful direction and splendid production design allows the audience to be transported to the heart of the story, which is the only way pianist is a good human being.",en,word_vectors,61,ZKH,2,"A strong script, powerful direction and splendid production design allows us to be transported into the life of Wladyslaw Szpilman, who is not only a pianist, but a good human being."
en:3157,9,12,For's a fanboy whatwhat if'',For a fanboy what's it?,en,word_vectors,64,ZKH,1,It's a fanboy `what if?'
en:3160,38,58,"Stephen Reid, Annalain Jonesn, and Alan Thomass playsmond's legalistagles, and when joined by Michaelnan, it sight of this cosequet trioet,ung in pretty American settings is a pleasant enough thing to butems","Stephen Reid, Annan Jones, and Alan B. Jones plays Stanislaw's legalist wing, and when joined by John Doe, Jones is in sight of this trivial trioling in pretty American settings, a pleasant enough thing to do.",en,word_vectors,67,ZKH,2,"Stephen Rea, Aidan Quinn, and Alan Bates play Desmond's legal eagles, and when joined by Brosnan, the sight of this grandiloquent quartet lolling in pretty Irish settings is a pleasant enough thing, `tis."
en:3163,12,16,Everything was superficial superficial as the forced New Jersey low accent accent Umama,Everything was superficial and the forced New Jersey low accent Uma had,en,word_vectors,70,ZKH,0,Everything was as superficial as the forced New Jersey lowbrow accent Uma had.
en:3171,21,31,"A zombie movie in every sense of the word,lessless life lifeless, calculadering.ud.ful.noxious.","A zombie movie in every sense of the word, alesslessless lifeless, calculatingly slow.",en,word_vectors,78,ZKH,0,"A zombie movie in every sense of the word -- mindless, lifeless, meandering, loud, painful, obnoxious."
en:3176,24,31,High Crime knows knows the mistakes that bad movies make and is determined not to make them any but maybe that there no reason' sort sort.,"High Crime knows the mistakes that bad movies make and is determined not to make them any worse, maybe that it's no longer the sort",en,word_vectors,83,ZKH,1,"High Crimes knows the mistakes that bad movies make and is determined not to make them, and maybe that is nobility of a sort."
en:3179,7,14,"A bland bland,ousmys-theus wner.","A bland, insane, corruption-engendering.",en,word_vectors,86,ZKH,0,... a bland murder-on-campus yawner.
en:3182,14,22,"Disfers from rambling, repetitive dialogue in the lyread ende,mic to digital media.",Dissident from raging repetitive dialogue in the form of a gnomic endemic in digital form.,en,word_vectors,89,ZKH,0,"Suffers from rambling, repetitive dialogue and the visual drabness endemic to digital video."
en:3185,19,21,Features one of the most affecting imagespictions of a love affair ever committed in film.,Features one of the most affecting images of a love affair ever committed in film.,en,word_vectors,92,ZKH,2,Features one of the most affecting depictions of a love affair ever committed to film.
en:3195,26,32,"Even a harddered voyeur would require the patience of Job to get through this arbitraterminable,lessless documentary about the swing culture cultureculture.","Even a hard-fought voyeur would require the patience of Job to get through the endless,lessless documentary about the swinging culture.",en,word_vectors,102,ZKH,0,"Even a hardened voyeur would require the patience of Job to get through this interminable, shapeless documentary about the swinging subculture."
en:3199,27,36,"The film is as decived as as artificial as the video games Japanese teens play in a nightclub setupquence, and it's also enjoyable film.","The film is as atrocious as artificial as the video games Japanese teens play in the nightclub setup, it's a fun, entertaining film.",en,word_vectors,106,ZKH,1,"The film is a contrivance, as artificial as the video games Japanese teens play in a nightclub sequence, but it's an enjoyable one."
en:3200,24,29,"At its worst the screen is is callgey, but at its best it is a thought artist's thoughtful consideration of father..","At its worst, the screen is callous, but at its best, it's a young artist's thoughtful consideration of father.",en,word_vectors,107,ZKH,1,"At its worst the screenplay is callow, but at its best it is a young artist's thoughtful consideration of fatherhood."
en:3206,21,26,"Jims created created a breathtakingly assured and stylish work, spare dialogue and expresssser expressiveness.","Jims created a breathtakingly assured and stylish work, spare dialogue and expressiveness.",en,word_vectors,113,ZKH,2,Jeffs has created a breathtakingly assured and stylish work of spare dialogue and acute expressiveness.
en:3230,13,21,Atommic chronically of money grabbing New Yorkers and a serialless hook hook...,"Atomic, chronic and money grabbing New Yorkers and a serialless love hook.",en,word_vectors,137,ZKH,1,Anemic chronicle of money grubbing New Yorkers and their serial loveless hook ups.
en:3232,15,17,I I've decided to leave the light on every night from now on.,I've decided to leave the light on every night from now on.,en,word_vectors,139,ZKH,1,And I've decided to leave a light on every night from now on.
en:3242,18,24,Annaishwaiyah rarely stirps her asva persona enough to spark genuine chemistry with Whitsend.,Anna always sparks her as a persona enough to spark genuine chemistry with Wilson.,en,word_vectors,149,ZKH,1,Aaliyah rarely dampens her diva persona enough to spark genuine chemistry with Townsend.
en:3245,23,25,It would be a total loss if not for two supporting performances taking place at the movie edges edges.,It would be a total loss if not for two supporting performances taking place at the movie edges.,en,word_vectors,152,ZKH,1,... would be a total loss if not for two supporting performances taking place at the movie's edges.
en:3246,34,42,An inspiring and affectwarmwarmighteningting film about the desperate attempts of Japaneseese refugees living in.S. relocation camps to keep their hopes inve in 1978.,"An inspiring and affecting film about the desperate attempts of Japanese refugees living in An inspiring and heartwarming and heartwarmingly inspiring and heartwarming and heartwarming film about the desperate attempts of desperate attempts of Japanese refugees, desperate attempts of Japanese refugees, desperate attempt",en,word_vectors,153,ZKH,2,An inspiring and heart-affecting film about the desperate attempts of Vietnamese refugees living in U.S. relocation camps to keep their hopes alive in 1975.
en:3251,11,15,Anderson's funnyniest and most like movie movie of years.,"Anderson's funny, most likeable movie of all years.",en,word_vectors,158,ZKH,2,Allen's funniest and most likeable movie in years.
en:3253,23,29,"There is a refreshingabsenceabsence of cynicalm in Stewart Little', quite a rarity even even in the family film market.","There is a refreshingabsence of cynicalism in Stewart Little's film, which is quite a rarity even in a family film market.",en,word_vectors,160,ZKH,2,"There is a refreshing absence of cynicism in Stuart Little 2 -- quite a rarity, even in the family film market."
en:3263,19,26,"Even by the intentionally low standards of boyboyboyhumour humor, Riianoity Boys is a fighterser.","Even by the intentionally low standards of boy humorous Rival Boys, a Krauze is a Krauze.",en,word_vectors,170,ZKH,0,"Even by the intentionally low standards of frat-boy humor, Sorority Boys is a bowser."
en:3275,18,25,The stunning dream dreamlike visuals will impress even those audienceers who have little patience for filmvisionmovie.tensions,The stunning dreamlike visuals will impress even those audiences who have little patience for filmmakers.,en,word_vectors,182,ZKH,2,"The stunning, dreamlike visuals will impress even those viewers who have little patience for Euro-film pretension."
en:3290,18,24,For Taxigie fanses fans this this is more appaizing than a side dish. anparagus.,For Taxister fans this is more appalling than a side dish.,en,word_vectors,197,ZKH,2,"For VeggieTales fans, this is more appetizing than a side dish of asparagus."
en:3291,37,42,"While it regards 1978 as a key turning point of the 70th century, and returns again and again to images of dissidents on the streets, it's alarming current current.","While it regards 1978 as a key turning point in the film's 20th century, and returns again and again to images of dissidents on the streets, it's alarming current.",en,word_vectors,198,ZKH,1,"While it regards 1967 as the key turning point of the 20th century, and returns again and again to images of dissidents in the streets, it's alarmingly current."
en:3296,39,49,"While Tattoo srows heavily from both Seven Days The Silence, the Lambs, it manages to maintain at a level of conphisticated intrigintrigue and human-likeized characters that sck the audience away.","While Tattoo slashes heavily from both Seven Days, The Silence and the Snipes, it manages to maintain on a level of convincing, human-like characters that squish the audience.",en,word_vectors,203,ZKH,2,"While Tattoo borrows heavily from both Seven and The Silence of the Lambs, it manages to maintain both a level of sophisticated intrigue and human-scale characters that suck the audience in."
en:3299,23,28,"It's the best film of the year, far, a benchmark against which any other Best Western nomineders should be measured.","It's the best film of the year, far from a benchmark against which any other Best Western critic should be measured.",en,word_vectors,206,ZKH,2,"It's the best film of the year so far, the benchmark against which all other Best Picture contenders should be measured."
en:3300,14,14,This is one of the biggest disappointments of the year.,This is one of the biggest disappointments of the year.,en,word_vectors,207,ZKH,0,This is one of the biggest disappointments of the year.
en:3302,27,41,Deniseges out of the theories of class- based onrage andlyhood obsessession -- or-bitd spinning pairk that pairrings with cultural sexual sexual and social sno.,"Denise seeks out of the theories of class-based violence, slash-speed, andly-noss, a split-race that pairs with cultural sexuality and social discomfort.",en,word_vectors,209,ZKH,1,"Denis forges out of the theories of class - based rage and sisterly obsession a razor-sided tuning fork that rings with cultural, sexual and social discord."
en:3328,27,44,"A thoroughly horriblewful movie, stupidmblylytively,otic, visually unsppy -- and weird amalgam of TheThe Thingsing' and ` teratric ``Cick''","A thoroughly horrible movie, stupidly flawedly, cluelessly visually unsatisfying, and bizarre amalgamation of The Things and the Cracker. ``",en,word_vectors,235,ZKH,0,"A thoroughly awful movie -- dumb, narratively chaotic, visually sloppy... a weird amalgam of `The Thing' and a geriatric `Scream.'"
en:3331,31,36,"The movie has no respect for its, political correctness, common sensecei, but it displays something more important respect respect for its flawed, crazy people.","The movie has no respect for its laws, political correctness, or common sense, but it displays something more important respect for its flawed, crazy people.",en,word_vectors,238,ZKH,1,"The movie has no respect for laws, political correctness or common decency, but it displays something more important: respect for its flawed, crazy people."
en:3337,28,36,I would be arbitraingenuous to call Rena a great filmmaker but you can' that the most of the filmscks moving in and out of the studiox.,"I would be ignorant to call Reno a great filmmaker, but you would say that the most of his films are flick moving films, and it's a cinematic blockbuster.",en,word_vectors,244,ZKH,1,"It would be disingenuous to call Reno a great film, but you can say that about most of the flicks moving in and out of the multiplex."
en:3341,8,11,"Intriguing, downward infuriating.","Intriguing, downwards intoscantic.",en,word_vectors,248,ZKH,2,Intriguing and downright intoxicating.
en:3343,28,32,Perhaps the most irritaying thing about Who Is Amati?? is that it's a crime movie made by someone who obviously knows nothing about crime.,Perhaps the most irritating thing about Who Is A Detective? Just is that it's a crime movie made by someone who obviously knows nothing about crime.,en,word_vectors,250,ZKH,0,Perhaps the most annoying thing about Who Is Cletis Tout? is that it's a crime movie made by someone who obviously knows nothing about crime.
en:3345,20,26,The quirky drama touches the heart and is funny thankss to its energetic and always surprising performance of Helen Griffiths.,"The quirky drama touches the heart and is funny thanks to its energetic, always surprising performance by Helen Keller.",en,word_vectors,252,ZKH,2,The quirky drama touches the heart and the funnybone thanks to the energetic and always surprising performance by Rachel Griffiths.
en:3347,8,12,and ffling from the go gogo.,,en,word_vectors,254,ZKH,0,Bad and baffling from the get-go.
en:3348,22,28,"This movie is a blast of educational energy, qui ncy animaanimation and y songs escort you through the entire 20 minutes.","This movie is a blast of educational energy, quincy animations and clam-charge songs escort you through the entire 20 minutes.",en,word_vectors,255,ZKH,2,"The movie is a blast of educational energy, as bouncy animation and catchy songs escort you through the entire 85 minutes."
en:3352,27,38,"The real charm of this trifle is the deadly comic face of star star, Jean-no, that reseembles Mrlymanlone, a mere- sleep-sleep.","The real charm of this trifle is the deadly comic face of star Arnold Schwarzenegger, which resembles Slyman, a man of sake sleepless.",en,word_vectors,259,ZKH,1,"The real charm of this trifle is the deadpan comic face of its star, Jean Reno, who resembles Sly Stallone in a hot sake half-sleep."
en:3359,41,56,Bellevellet can't avoid a fatal mistake in the modern era. he changeds changed the male academic from a lower-class American to an American with a choice that hassets the novel' exquisit exquisit balance balance of resrinks the fabric of the modern.,"Belle can't avoid a fatal mistake in the modern era. He changed the male academic from a lower-class American to an American with a choice that is the novel's exquisite balance of ideology, craftsmanship, and the",en,word_vectors,266,ZKH,1,"LaBute can't avoid a fatal mistake in the modern era: He's changed the male academic from a lower-class Brit to an American, a choice that upsets the novel's exquisite balance and shreds the fabric of the film."
en:3363,14,17,Itry is a good performance in a film that doesn't merit it.,It's a very poor performance in a film that doesn't merit it.,en,word_vectors,270,ZKH,1,Gere gives a good performance in a film that doesn't merit it.
en:3367,18,24,The director with with his fake backdrop of oflyly pathe never never settles on a consistent tone.,"The director with his fake backdrop ofly-ambiguous, pathetic, never-sigh-downing tone never settles on a consistent tone.",en,word_vectors,274,ZKH,0,"The director, with his fake backdrops and stately pacing, never settles on a consistent tone."
en:3368,20,27,"Why it was given the reign over a project -- written wrote direct directed, andved and produced -- is beyond me.","Why it was given the reign over a project that was written, directed, starved and produced in a time beyond its",en,word_vectors,275,ZKH,0,"Why he was given free reign over this project -- he wrote, directed, starred and produced -- is beyond me."
en:3369,22,27,"If you enjoy being rewarded with a script that assumes a''t very bright, Blood Bloodwork is for you.","If you enjoy being rewarded with a script that assumes a very dark, Bloody Work is for you.",en,word_vectors,276,ZKH,0,"If you enjoy being rewarded by a script that assumes you aren't very bright, then Blood Work is for you."
en:3370,30,37,"Like Andyyard Yellow Cab, Ire needs to take a good sweat to clarify his visiontic vision before his film creation and remember the lessons of the trickster.der.","Like Andy Redlock, Iyane needs to take a good sweat to clarify his vision before his own creation and remember the lessons of the trickster.",en,word_vectors,277,ZKH,0,"Like Rudy Yellow Lodge, Eyre needs to take a good sweat to clarify his cinematic vision before his next creation and remember the lessons of the trickster spider."
en:3382,7,11,", unaring, warming, warm",,en,word_vectors,289,ZKH,2,"Hard, endearing, caring, warm."
en:3384,30,38,"The way Gopola professes his love for movies is both colorful pop-junk and the classics that aequivocally qualify him "" -- is digdyly entertaining.","The way Gogol professes his love for movies of both colorful pop-junkiness and the classics that aimlessly qualify as ""classics"" is diggling.",en,word_vectors,291,ZKH,2,The way Coppola professes his love for movies -- both colorful pop junk and the classics that unequivocally qualify as art -- is giddily entertaining.
en:3392,33,41,I''t bust your gut -- and it's not intended to be but's justly a blandly cinematic examinarogaical examination of what makes a joke about joke.,I've never wont fight your gut -- and it's not intended to be -- just a blandly cinematic examination of what makes a joke worth living.,en,word_vectors,299,ZKH,1,It won't bust your gut -- and it's not intended to -- it's merely a blandly cinematic surgical examination of what makes a joke a joke.
en:3397,19,35,The unminationus snackbulllya-walle-ter of Welcome to Woodn has has a cry after after-surs-holes. it.,"The unfair, snob, panic-filling Welcome to Glenn has a wicked after-sight.",en,word_vectors,304,ZKH,1,"The doofus-on-the-loose banter of Welcome to Collinwood has a cocky, after-hours loopiness to it."
en:3398,15,16,It's the funniest American comedy since graffitifiti Bridge.,It's the funniest American comedy since graffiti Bridge.,en,word_vectors,305,ZKH,2,It's the funniest American comedy since Graffiti Bridge.
en:3401,31,40,"Often gruelinglling and heartbreaking to witness, but Skillar and Castrostone's stelling performances raise this movie above the level of the usual,olin disease movie.","Often grueling and heartbreaking to witness, but Skils and Castro's stellar performances raise this movie above the level of its usual, un-a-kind disease movie.",en,word_vectors,308,ZKH,2,"Often gruelling and heartbreaking to witness, but Seldahl and Wollter's sterling performances raise this far above the level of the usual maudlin disease movie."
en:3406,18,25,"That is basicallyly what missings missing from Microsoftboard,, in sense of something bigger some some ultimate point.","That is basically what missing from Microsoft's presentation, in a sense it's something bigger some ultimate point.",en,word_vectors,313,ZKH,1,"That is essentially what's missing from Blackboards -- the sense of something bigger, some ultimate point."
en:3409,26,34,"A dim,witted and slowzy offoffoff of the Animal Planet documentary series Cra Craodile Hunter is entertainment opportunist, its most glaring.","A dim, slow-moving and slow off-road documentary series, Crane Hunter's entertainment opportunist is the most discerning.",en,word_vectors,316,ZKH,0,"A dim-witted and lazy spin-off of the Animal Planet documentary series, Crocodile Hunter is entertainment opportunism at its most glaring."
en:3421,17,23,An ewful movie that will not satisfy the most emotionally laformable film filmmakersers.,An epic movie that will not satisfy the most emotionally laid-back filmmakers.,en,word_vectors,328,ZKH,0,An awful movie that will only satisfy the most emotionally malleable of filmgoers.
en:3443,40,67,"It''s life to lifeling the's wonders remain a ragbling, erroaneherent manifesto about the gue and of itsal excessesloveise, Love remains a reous, deentious endeavor, uns unsnecused and unsdioously exasperating.","It's a wonder that life's wonders are raging and erroneous manifestos about a superficially-intelligible and superficially-intelligible love remain a raging, reckless endeavor that emphasized its destructiveness.",en,word_vectors,350,ZKH,0,Godard's ode to tackling life's wonderment is a rambling and incoherent manifesto about the vagueness of topical excess... In Praise of Love remains a ponderous and pretentious endeavor that's unfocused and tediously exasperating.
en:3445,34,42,I' truly come to care about the main characters and whether or not they windll wind up together in Michael Michaele's spiritual quest is neiing entertainmusing nor dramatic enough to sustain interest.,"I never truly come to care about the main characters and whether or not they wind up together in Michael's spiritual quest, it's neiing entertaining nor dramatic enough to sustain interest.",en,word_vectors,352,ZKH,0,"We never truly come to care about the main characters and whether or not they'll wind up together, and Michele's spiritual quest is neither amusing nor dramatic enough to sustain interest."
en:3448,13,20,"Castroez,s fictionthology could have used some informed adult adulthoodsight.","Castro's fiction could have used some informed adulthood, but",en,word_vectors,355,ZKH,1,"Peralta's mythmaking could have used some informed, adult hindsight."
en:3455,28,35,Adults certainly certainly want to spend more time in a movietheater thinking about grocery lists and ways to tell their kids that not to eat like Pinocchio.,Adults certainly want to spend more time in the movie theatre thinking about grocery lists and ways to tell their kids that it's not to be like Pinocchio.,en,word_vectors,362,ZKH,1,Adults will certainly want to spend their time in the theater thinking up grocery lists and ways to tell their kids how not to act like Pinocchio.
en:3456,26,31,"It as distinct as, even as humorous as its needs to be able stand out, it it has clearly been made with affection and care.","Its style is distinct and even as humorous as its needs to be able to stand out are, it has clearly been made with affection and care.",en,word_vectors,363,ZKH,1,"Not as distinctive or even as humorous as its needs to be to stand out, but it has clearly been made with affection and care."
en:3457,18,20,A generic family comedy likelylikely to be appreciated by anyone outside the under- set.,A generic family comedy likely to be appreciated by anyone outside the under-set.,en,word_vectors,364,ZKH,0,A generic family comedy unlikely to be appreciated by anyone outside the under-10 set.
en:3461,21,31,Director-direct Jonathandirector John Parker attempts attempts to fashion a likeianlike sati real-realismre fall dreadfully short.,"Director John Parker attempts to recreate fashionable, like like-real satire fall dreadfully short.",en,word_vectors,368,ZKH,0,"Co-writer/director Jonathan Parker's attempts to fashion a Brazil-like, hyper-real satire fall dreadfully short."
en:3470,7,16,It' has't have the sense to not the sense sense.,"It's a story of love,",en,word_vectors,377,ZKH,1,It just doesn't have much else... especially in a moral sense.
en:3471,9,24,It whoknowmiliar face theton's are be themselves War-wordd sometimesally behadering.,It's a shame that the,en,word_vectors,378,ZKH,1,Those unfamiliar with Mormon traditions may find The Singles Ward occasionally bewildering.
en:3473,14,19,... the talent alone woman alone will keep you watching and and will the fight scenes.,... the talent alone will keep you watching and will fight scenes.,en,word_vectors,380,ZKH,2,"But the talented cast alone will keep you watching, as will the fight scenes."
en:3477,21,24,"An important movie, a reminder of power power of a to teach us and to make us examine our values.","An important movie, a reminder of power and film to give us the power to make and examine our values.",en,word_vectors,384,ZKH,2,"An important movie, a reminder of the power of film to move us and to make us examine our values."
en:3479,22,24,A richly imaginad and admirably mature work from a gifted director who definitely has something in his mind.,"A richly imaginative, refined, mature work from a gifted director who definitely has something to say about his mind.",en,word_vectors,386,ZKH,2,A richly imagined and admirably mature work from a gifted director who definitely has something on his mind.
en:3482,19,22,... what nices nice is that there's a casual intelintelligence that permeates the script.,... what's nice is that there's a casual intellect that permeates the script.,en,word_vectors,389,ZKH,2,But what's nice is that there's a casual intelligence that permeates the script.
en:3487,15,28,Itings likelightly but if it were a aed movie film butbeit a that by the smartest kids of class.,It's a movie made by the smartest kids of class.,en,word_vectors,394,ZKH,1,"Feels slight, as if it were an extended short, albeit one made by the smartest kids in class."
en:3488,12,13,The picture doesn't know it's comedy comedy.,The picture doesn't know it's comedy.,en,word_vectors,395,ZKH,1,The picture doesn't know it's a comedy.
en:3494,13,26,"It's a fascinaysning, and-, -- andly illustraable, finally, deeply human..","It's a fascinating story, and it's not surprisingly deeply human.",en,word_vectors,401,ZKH,2,"It's a head-turner -- thoughtfully written, beautifully read and, finally, deeply humanizing."
en:3497,11,33,Thetion Black is'd ately performanceficance by and's a first-fi film spectacle of usualrongiff'.ballob.ats.,"The film's title is ""The Ballad"" and it's title is ""The Ballad"" and it's title is a comedy spectacle of Ballad.",en,word_vectors,404,ZKH,0,Men in Black II achieves ultimate insignificance -- it's the sci-fi comedy spectacle as Whiffle-Ball epic.
en:3499,26,29,Presents a good case while failing to provide a reason for people to care beyond the very basicss of human deceit.,Presents a good case while failing to provide a reason for people to care beyond the very basics of human dignity.,en,word_vectors,5,ZKW,1,Presents a good case while failing to provide a reason for us to care beyond the very basic dictums of human decency.
en:3501,18,24,"Broad My My Sweet has so many flaws, would be easy for critics to rerink..","Broad My Sweet has so many flaws, it would be easy for critics to resent it.",en,word_vectors,7,ZKW,0,"Bread, My Sweet has so many flaws it would be easy for critics to shred it."
en:3507,30,40,"If Thecimaces Wild had been tweaked a a ch, would have become a camp adventure film but of the movies where iss so bad it starts to become good.","If The Fugitives Wild had been tweaked a stone rise, it would have become a camp adventure film, one of the few movies that's so bad it starts to become good.",en,word_vectors,14,ZKW,1,"If Deuces Wild had been tweaked up a notch it would have become a camp adventure, one of those movies that's so bad it starts to become good."
en:3525,8,10,It' the robust middle of this picture.,It's the robust middle of this picture.,en,word_vectors,32,ZKW,2,I love the robust middle of this picture.
en:3532,25,28,"The Ring is worth a , if you don't demand more more than a few cheapthrithrills from your Halloween entertainment.","The Ring is worth a buck, if you don't demand more than a few cheapthrills from your Halloween entertainment.",en,word_vectors,39,ZKW,1,"The Ring is worth a look, if you don't demand much more than a few cheap thrills from your Halloween entertainment."
en:3543,11,14,"I love the new footage, I love the old stuff.","I love the new footage, and love the old stuff.",en,word_vectors,50,ZKW,2,I like the new footage and still love the old stuff.
en:3544,22,29,"It briefly flirts with a homoochism, but the point of all interest is audience cultism -- is evacliped completely.","It briefly flirts with a player homophobic, but the point of all interest is that audience homophobia is evaded completely.",en,word_vectors,51,ZKW,1,"It briefly flirts with player masochism, but the point of real interest -- audience sadism -- is evaded completely."
en:3545,14,15,The The Country Bears really be as bad as its trailers?,The Country Bears really be as bad as its trailers.,en,word_vectors,52,ZKW,0,Could The Country Bears really be as bad as its trailers?
en:3549,7,8,The film seems a dead man.,The film seems a dead man.,en,word_vectors,56,ZKW,0,The film seems a dead weight.
en:3550,33,48,"Sparkling often often funnyhilarious romantic,alousy comedy, Ata looks much much like a young Robert BoschNiro, it seems the movie should instead be called TheThe Husband Is Richardvis Bellckle..","Sparkling often funny romantic, ruthless, comedy-acting, Attic looks much like a young Robert Bosch, but it seems the man should instead be called Their Husband Is Harris.",en,word_vectors,57,ZKW,2,"Sparkling, often hilarious romantic jealousy comedy... Attal looks so much like a young Robert DeNiro that it seems the film should instead be called `My Husband Is Travis Bickle'."
en:3552,17,22,"A louy movie is iss not justly unwatchable, but also uninable.","A lougly movie is not just unobservable, but also unintelligible.",en,word_vectors,59,ZKW,0,"A lousy movie that's not merely unwatchable, but also unlistenable."
en:3554,33,42,"A strong script, powerful direction and splendid production design allows the to be transported to the life of Lihiwy Wis,umski, who is not only a pianist, but a good human being.","A strong script, powerful direction and splendid production design allows the story to be transported to the life of Lissky, who is not only a pianist but a good human being.",en,word_vectors,61,ZKW,2,"A strong script, powerful direction and splendid production design allows us to be transported into the life of Wladyslaw Szpilman, who is not only a pianist, but a good human being."
en:3557,8,12,"'s a fanboy,what if'',",,en,word_vectors,64,ZKW,1,It's a fanboy `what if?'
en:3560,40,58,"Stephen Reid, Annalain Jonesn, and Anna Thomass playsmond's legalistagles, and when joined by Michaelnan, it sight of this triosoquent trioet driftlling in pretty American settings is a pleasant enough thing. ``tiss","Stephen Reid, Annan Jones, and Alan B. Jones plays Stanislawn's legalist, sleuth, and when joined by Michael Brodsky, it's a sight to behold: this clever trioling in pretty American settings is a pleasant enough thing.",en,word_vectors,67,ZKW,2,"Stephen Rea, Aidan Quinn, and Alan Bates play Desmond's legal eagles, and when joined by Brosnan, the sight of this grandiloquent quartet lolling in pretty Irish settings is a pleasant enough thing, `tis."
en:3563,14,16,Everything was as superficial as the forced New Jersey low accent accent Uma Uma.,Everything was as superficial as the forced New Jersey low accent Uma Uma.,en,word_vectors,70,ZKW,0,Everything was as superficial as the forced New Jersey lowbrow accent Uma had.
en:3571,23,31,"A zombie movie in every sense of the word:lessless life lifeless, calculadering, irritane, irritaful, provocanoxious.","A zombie movie in every sense of the word:lessless,less,less,less,less,less,less,less,less,less,less,less,less,less,less,less,less,less",en,word_vectors,78,ZKW,0,"A zombie movie in every sense of the word -- mindless, lifeless, meandering, loud, painful, obnoxious."
en:3576,23,31,"The Crime knows knows the mistakes bad bad movies make and is determined to to make them, and maybe it' no no of the sort.","The Crimes knows the mistakes bad movies make and is determined to make them better, and maybe it's the nobility of the sort.",en,word_vectors,83,ZKW,1,"High Crimes knows the mistakes that bad movies make and is determined not to make them, and maybe that is nobility of a sort."
en:3579,7,14,"A bland bland,ousmys-theus wner.","A bland, insane, corruption-engendering.",en,word_vectors,86,ZKW,0,... a bland murder-on-campus yawner.
en:3582,17,22,"Disfers from ragbling, repetitive dialogue and a visual rangness endemic to digital video.",Dissident from raging repetitive dialogue and the visual gnomimic endemic to digital video.,en,word_vectors,89,ZKW,0,"Suffers from rambling, repetitive dialogue and the visual drabness endemic to digital video."
en:3585,19,21,Features one of the most affecting imagespictions of a love affair ever committed in film.,Features one of the most affecting images of a love affair ever committed in film.,en,word_vectors,92,ZKW,2,Features one of the most affecting depictions of a love affair ever committed to film.
en:3595,24,32,"Even a harddered voyeur would have the patience of a to go through this interterminable,lessless documentary about the swinging cultureculture.",Even a hard-fought voyeur would have patience for Job to go through this intermittentless documentary about the swinging cultures.,en,word_vectors,102,ZKW,0,"Even a hardened voyeur would require the patience of Job to get through this interminable, shapeless documentary about the swinging subculture."
en:3599,29,36,"The film is a pioncived as as artificial as the video games Japanese teens play in a nighttime setupquence, it it's an enjoyable one.","The film is a pioneer as artificial as the video games Japanese teens play in a nighttime sequence, it's an enjoyable film.",en,word_vectors,106,ZKW,1,"The film is a contrivance, as artificial as the video games Japanese teens play in a nightclub sequence, but it's an enjoyable one."
en:3600,25,29,"At its worst on screen is is acko, but at its best it is a young artist's thoughtful consideration of fatherhood.","At its worst on screen, it calls, but at its best it is a young artist's thoughtful consideration of father.",en,word_vectors,107,ZKW,1,"At its worst the screenplay is callow, but at its best it is a young artist's thoughtful consideration of fatherhood."
en:3606,22,26,"Jims has created a breathtakingly assured work stylish work, spare dialogue and ancute expressiveness.","Jim has created a breathtakingly assured and stylish work, spare dialogue and ancute expressiveness.",en,word_vectors,113,ZKW,2,Jeffs has created a breathtakingly assured and stylish work of spare dialogue and acute expressiveness.
en:3630,15,21,Atommic chronically of money bubing New Yorkers and their serial love hook hook-..,"Atomic, chronic and money bucking New Yorkers and their serial love hook.",en,word_vectors,137,ZKW,1,Anemic chronicle of money grubbing New Yorkers and their serial loveless hook ups.
en:3632,13,17,I I've decided to leave the light in every night until now on.,I've decided to leave the light of every night and now on.,en,word_vectors,139,ZKW,1,And I've decided to leave a light on every night from now on.
en:3642,17,24,Annaishwaiyah rarely disps her starva persona enough to spark genuine chemistry between Davidsend.,Anna often discharges her deceptive personage enough to spark genuine chemistry between Davis and,en,word_vectors,149,ZKW,1,Aaliyah rarely dampens her diva persona enough to spark genuine chemistry with Townsend.
en:3645,22,25,It would be a total loss if not for two supporting performances taking place on the movie edges edges.,It would be a total loss if not for two supporting performances taking place on the movie edges.,en,word_vectors,152,ZKW,1,... would be a total loss if not for two supporting performances taking place at the movie's edges.
en:3646,34,42,An inspiring and affectwarmwarmighteningting film about the desperate attempts of Japaneseese refugees living in A.S. relocation camps to keep their hopes inve in 1978.,An inspiring and affecting film about the desperate attempts of Japanese refugees living in Aid's relocation camps to keep their hopes in 1978.,en,word_vectors,153,ZKW,2,An inspiring and heart-affecting film about the desperate attempts of Vietnamese refugees living in U.S. relocation camps to keep their hopes alive in 1975.
en:3651,11,15,Anderson's funnyniest and most like movie movie of years.,"Anderson's funny, most likeable movie of all years.",en,word_vectors,158,ZKW,2,Allen's funniest and most likeable movie in years.
en:3653,24,29,"There is a refreshingabsenceabsence of cynicism in Stewart Little and, quite a rarity even even in the family film market.",There is a refreshingabsence of cynicism in Stewart Little and it's quite a rarity even in the family film market.,en,word_vectors,160,ZKW,2,"There is a refreshing absence of cynicism in Stuart Little 2 -- quite a rarity, even in the family film market."
en:3663,19,26,"Even by the intentionally low standards of boyckboyhumour humor, Miraianoity Boys is a flaser.",Even by the intentionally low standards of boy humorous Rival Boys is a fighter.,en,word_vectors,170,ZKW,0,"Even by the intentionally low standards of frat-boy humor, Sorority Boys is a bowser."
en:3675,19,25,The stunning dream dreamlike visuals impress impress even those viewers who have little patience for filmfilmfilm.tensions,The stunning dreamlike visuals impress even those viewers who have little patience for filmmakers.,en,word_vectors,182,ZKW,2,"The stunning, dreamlike visuals will impress even those viewers who have little patience for Euro-film pretension."
en:3690,18,24,Taxigie fanses fans this this is more appaizing than a side dish of oliveparagus.,,en,word_vectors,197,ZKW,2,"For VeggieTales fans, this is more appetizing than a side dish of asparagus."
en:3691,33,42,"While I's 1978 as the key turning point of the 20th century, return returns again to again to images of dissidents, the 1980,, it's alarming current current.","While I'm not seeing 1978 as the key turning point of the 20th century, and returns again to again the images of dissenters, it's alarming current.",en,word_vectors,198,ZKW,1,"While it regards 1967 as the key turning point of the 20th century, and returns again and again to images of dissidents in the streets, it's alarmingly current."
en:3696,40,49,"While Tattoo srows heavily from both Seven Days The Silence, the Lambs, it manages to maintain both a level of conphisticated intrigintrigue and human-centratura characters that sck the audience away.","While Tattoo swsws slightly from both Seven Days, The Silence and the Snipes, it manages to maintain both a level of convincing and complexity, human-like characters that swiftly scum the audience.",en,word_vectors,203,ZKW,2,"While Tattoo borrows heavily from both Seven and The Silence of the Lambs, it manages to maintain both a level of sophisticated intrigue and human-scale characters that suck the audience in."
en:3699,22,28,It's the best film of the year so far that a benchmark against which any other Best Picture judgeders can be metd.,It's the best film of the year so far that a benchmark against which any other Best Picture judgement should be meted.,en,word_vectors,206,ZKW,2,"It's the best film of the year so far, the benchmark against which all other Best Picture contenders should be measured."
en:3700,13,14,It is one of the biggest disappointments of the year.,It's one of the biggest disappointments of the year.,en,word_vectors,207,ZKW,0,This is one of the biggest disappointments of the year.
en:3702,28,41,Deniseges out of the theories of class and based onrage andlyhood obsessession a or-wird spinning wheelk that ringrings with cultural sexual sexual and social drift.,Denise seeks out of the theories of class and class based aggression andly obsessiveness a switch-wire bridge that ringes with cultural sexuality and social discomfort.,en,word_vectors,209,ZKW,1,"Denis forges out of the theories of class - based rage and sisterly obsession a razor-sided tuning fork that rings with cultural, sexual and social discord."
en:3728,27,44,"A thoroughly horriblewful movie -- allly lytively chaotic, visually unsppy -- and amalga amalgam of TheThe Thingsing' and ` deatric ``Cick''",A thoroughly horrible movie -- a narrative chaoticly cluttered -- and amalgamatically flawed -- The Thing is a degenerative ``C'''.,en,word_vectors,235,ZKW,0,"A thoroughly awful movie -- dumb, narratively chaotic, visually sloppy... a weird amalgam of `The Thing' and a geriatric `Scream.'"
en:3731,26,36,"It film has no respect for laws, no correctness or common sensecei, but it displays something more important respect respect for theflaflawed and un people.","It shows no respect for laws, no respect for correctness or common-law virtue, but it displays something more important respect for the wise, honest people.",en,word_vectors,238,ZKW,1,"The movie has no respect for laws, political correctness or common decency, but it displays something more important: respect for its flawed, crazy people."
en:3737,28,36,It may be deingenuous to call Rena a great filmmaker but I can say that about most of the filmscks that in and out of the Cinemax.,"It may be a bit trivial to call Rena a great filmmaker, but I can say that about most of the films we've seen in and around the Cinemaplex.",en,word_vectors,244,ZKW,1,"It would be disingenuous to call Reno a great film, but you can say that about most of the flicks moving in and out of the multiplex."
en:3741,7,11,iguing and downward intrufuriating.,,en,word_vectors,248,ZKW,2,Intriguing and downright intoxicating.
en:3743,25,32,Perhaps the most importantying thing about thisle Whoo is? is that it's a crime that made by someone who obviously knows nothing about crime.,Perhaps the best thing about this movie is that it's made by someone who obviously knows nothing about crime.,en,word_vectors,250,ZKW,0,Perhaps the most annoying thing about Who Is Cletis Tout? is that it's a crime movie made by someone who obviously knows nothing about crime.
en:3745,15,26,A quirky drama touches the heart and is funny thankss to the story and funny-lys Ben Griffith..,A quirky drama touches the heart and is funny thanks to the fact that it's a movie about Griffith.,en,word_vectors,252,ZKW,2,The quirky drama touches the heart and the funnybone thanks to the energetic and always surprising performance by Rachel Griffiths.
en:3747,8,12,A- borffling from the go-go.,A flabbergage and disgusting from the get go.,en,word_vectors,254,ZKW,0,Bad and baffling from the get-go.
en:3748,18,28,"The movie is a blast of educational energy, excitementphncy ashumour and actiony music are you to the firstty minutes.","The movie is a blast of educational energy, excitement, thrill, and fun -- but only for a few minutes.",en,word_vectors,255,ZKW,2,"The movie is a blast of educational energy, as bouncy animation and catchy songs escort you through the entire 85 minutes."
en:3752,29,38,"The real charm of this trifle is the deadly comic face and its star, Jean-no, who reseembles Slalymanlone, a hot, sleep-sleep.","The real charm of this trifle is the deadly comic face of its star, Jean-Luc Renoir, who resembles Slyman a hot, sleepless sleeper.",en,word_vectors,259,ZKW,1,"The real charm of this trifle is the deadpan comic face of its star, Jean Reno, who resembles Sly Stallone in a hot sake half-sleep."
en:3759,43,56,Bellevellet can't avoid a fatal mistake in the modern age. he's changed the male academic from a lower Rimclass Brit to an American -- and choice that ssets the novel's exquisite balance and muddrinks the fabric of the modern.,"Belle can't avoid a fatal mistake in the modern age. He's changed the male academic from a lower Rimburg to an American who's choices slash, slash, slash, slash, slash, the exquisite balance and muddies the fabric of the modern age.",en,word_vectors,266,ZKW,1,"LaBute can't avoid a fatal mistake in the modern era: He's changed the male academic from a lower-class Brit to an American, a choice that upsets the novel's exquisite balance and shreds the fabric of the film."
en:3763,15,17,Gerge gives a good performance in a film that doesn't merit recognition.,Gerge gives a good performance in a film that doesn't merit recognition.,en,word_vectors,270,ZKW,1,Gere gives a good performance in a film that doesn't merit it.
en:3767,18,24,The director with with his fake backdrop and andlyly pacing never never settles for consistent consistent tone.,The director with his fake backdrop and stately pacing never settles for consistent work.,en,word_vectors,274,ZKW,0,"The director, with his fake backdrops and stately pacing, never settles on a consistent tone."
en:3768,20,27,"Why I was given free reign in this project is it wrote, directed, andved and produced it is beyond me.","Why I was given free reign in this project is because I wrote directed, starved and produced it far beyond me.",en,word_vectors,275,ZKW,0,"Why he was given free reign over this project -- he wrote, directed, starred and produced -- is beyond me."
en:3769,24,27,"If you enjoy being rewarded with a script that assumes you aren't very good, then Bloodwork is for you.","If you enjoy being rewarded with a script that assumes you aren't very good, then Bloodwork is for you.",en,word_vectors,276,ZKW,0,"If you enjoy being rewarded by a script that assumes you aren't very bright, then Blood Work is for you."
en:3770,30,37,"Like Andyyard White,, Ire needs to take a good sweat to clarify his cinematic vision before his next creation -- remember the lessons of the trickster.der.","Like Andy Warhol, Yellow Cabin, Iyan needs to take a good sweat to clarify his cinematic vision before his next creation -- and remember the lessons of the trickster.",en,word_vectors,277,ZKW,0,"Like Rudy Yellow Lodge, Eyre needs to take a good sweat to clarify his cinematic vision before his next creation and remember the lessons of the trickster spider."
en:3782,7,11,", unaring, warming, warm",,en,word_vectors,289,ZKW,2,"Hard, endearing, caring, warm."
en:3784,29,38,The way Gopola professes his love for movies of both colorful pop-junk and classic classics -- unequivocally qualify it art -- is digdy entertain entertaining.,"The way Gogol professes his love for movies of both colorful pop-rock and funky pop-rock classics, it's a deliberately unimpressive exercise. It's digicky entertaining.",en,word_vectors,291,ZKW,2,The way Coppola professes his love for movies -- both colorful pop junk and the classics that unequivocally qualify as art -- is giddily entertaining.
en:3792,31,41,I''t fast a gut if and it's not intended to be to's justly a blandly cinematic examinarogaical examination of what makes a joke a joke.,"I've wont fade, but it's not as intended as a merely mildly cinematic examination of what makes a joke a joke.",en,word_vectors,299,ZKW,1,It won't bust your gut -- and it's not intended to -- it's merely a blandly cinematic surgical examination of what makes a joke a joke.
en:3797,18,35,The unminationus snackbashlythe-walle-ter. Welcome to Woodn is is a quiy after after-surs-holes. it.,"The unfair, ridiculing jokes. Welcome to Newton, but a quirky, after-small-small-small-small.",en,word_vectors,304,ZKW,1,"The doofus-on-the-loose banter of Welcome to Collinwood has a cocky, after-hours loopiness to it."
en:3798,15,16,It's the funniest American comedy since graffitifiti Bridge.,It's the funniest American comedy since graffiti Bridge.,en,word_vectors,305,ZKW,2,It's the funniest American comedy since Graffiti Bridge.
en:3801,28,40,"Often gruelingsome and heartbreaking to witness, but Skilman' Warstone's stelling performances raise the film above the level of the usual,olin disease movie.","Often grueling and heartbreaking to witness, but Skils's stellar performances raise it far above the standards of the usual, mildly diseased movie.",en,word_vectors,308,ZKW,2,"Often gruelling and heartbreaking to witness, but Seldahl and Wollter's sterling performances raise this far above the level of the usual maudlin disease movie."
en:3806,14,25,"This is basicallyly what missings missing in theboard,, the idea of something bigger some some ultimateless",This is basically what missing from the Blueboard is: the idea of something bigger some ultimate,en,word_vectors,313,ZKW,1,"That is essentially what's missing from Blackboards -- the sense of something bigger, some ultimate point."
en:3809,24,34,"Divi dim andlitted, slowzy offoffoff of the Animal Planet documentary series Cra Craodile Hunter is entertainment opportunist at its most glaring.","Divided and slow off, the Animal Planet documentary series Crane Hunter is entertainment opportunist at its most glaring.",en,word_vectors,316,ZKW,0,"A dim-witted and lazy spin-off of the Animal Planet documentary series, Crocodile Hunter is entertainment opportunism at its most glaring."
en:3821,18,23,An ewful movie that will only satisfy the most emotionally laformable film filmmakersers.,An evil movie that will only satisfy the most emotionally laminated filmmakers.,en,word_vectors,328,ZKW,0,An awful movie that will only satisfy the most emotionally malleable of filmgoers.
en:3843,43,67,"Crades's ode to combatling life's wonders is a ragbling, erroeherent manifesto about the gueness of universalal excessesloveise, Love remains a reous, deentious endeavor that uns unsnecused, unsdioously unsasperating.","Crackers, deals, and deals, deals, deals, and deals, deals, deals, deals, deals, deals, deals, deals, deals, deals, deals, deals, deals, deals, deals, deals, deals, deals, deals, deals, deals, deals, deals, indecisive, indecisive, indecisive, indecisive, indecisive, indecisive, indecisive, indecisive, indecisive, indecisive",en,word_vectors,350,ZKW,0,Godard's ode to tackling life's wonderment is a rambling and incoherent manifesto about the vagueness of topical excess... In Praise of Love remains a ponderous and pretentious endeavor that's unfocused and tediously exasperating.
en:3845,32,42,"It' truly come to grip about the main characters, whether or not they windre wind up together in the Michaele's spiritual quest is neiing amusing nor dramatic enough to sustain interest.",It never truly come to me about the main characters -- whether or not they wind up together -- or about Michael's spiritual quest -- neiingling nor dramatic enough to sustain interest.,en,word_vectors,352,ZKW,0,"We never truly come to care about the main characters and whether or not they'll wind up together, and Michele's spiritual quest is neither amusing nor dramatic enough to sustain interest."
en:3848,12,20,"Castroez,s cultthology could have used some informed and but-sight.","Castro's cult, could have used some informed or ignorant",en,word_vectors,355,ZKW,1,"Peralta's mythmaking could have used some informed, adult hindsight."
en:3855,31,35,Adults will certainly want to spend their time in the theatrtheater thinking about grocey lists and ways to tell their kids not not to act like Pinocchio.,Adults will certainly want to spend their time in the theatre thinking about grocery stores and the ways they tell their kids not to act like Pinocchio.,en,word_vectors,362,ZKW,1,Adults will certainly want to spend their time in the theater thinking up grocery lists and ways to tell their kids how not to act like Pinocchio.
en:3856,26,31,"It as distinctive or even as humorous, it needs to be to stand out, it it has clearly been made of affection and care.","It's not as distinctive or even as humorous as it needs to be to stand out, but it's clearly been made of affection and care.",en,word_vectors,363,ZKW,1,"Not as distinctive or even as humorous as its needs to be to stand out, but it has clearly been made with affection and care."
en:3857,14,20,A family family comedy likelylikely to be appreciated by anyone outside of Underclasss.,A family comedy likely to be appreciated by anyone outside of Underwater.,en,word_vectors,364,ZKW,0,A generic family comedy unlikely to be appreciated by anyone outside the under-10 set.
en:3861,17,31,Director-direct Jonathanjournalistor John Parker attempts attempts to recrea a likeianlike real real-realismre isingreadfully short.,"Director Jonathan Parker attempts to recreate fashion as like a like-minded satirist, but dull short.",en,word_vectors,368,ZKW,0,"Co-writer/director Jonathan Parker's attempts to fashion a Brazil-like, hyper-real satire fall dreadfully short."
en:3870,12,16,It doesn doesn't have much  to especially with a moral sense.,"It doesn't have much else to say, especially with a moral sense.",en,word_vectors,377,ZKW,1,It just doesn't have much else... especially in a moral sense.
en:3871,21,24,Those familiarfamiliar with Mormon traditions will find The Singles Ward sometimesally bewildering.,Those familiar with Mormon traditions will find The Singles Ward sometimes behaving.,en,word_vectors,378,ZKW,1,Those unfamiliar with Mormon traditions may find The Singles Ward occasionally bewildering.
en:3873,16,19,It the talented cast alone will keep you watching as as it the fight scenes.,It's the talented cast alone that keeps you watching as if the fight scenes were,en,word_vectors,380,ZKW,2,"But the talented cast alone will keep you watching, as will the fight scenes."
en:3877,21,24,"An important movie, a reminder of the power of a to move us and to help us examine our own.","An important movie, a reminder of the power of a film to move us and to help us examine our own lives.",en,word_vectors,384,ZKW,2,"An important movie, a reminder of the power of film to move us and to make us examine our values."
en:3879,21,24,A richly imaginad and admirably mature work of a gifted director who definitely has something on it mind.,A richly imaginative and admirably mature work of a gifted director who definitely has something on it.,en,word_vectors,386,ZKW,2,A richly imagined and admirably mature work from a gifted director who definitely has something on his mind.
en:3882,20,22,... what's nice is that there's a casualintelligenceintelligence that permeates the script.,... what's nice is that there's a casualintelligence that permeates the script.,en,word_vectors,389,ZKW,2,But what's nice is that there's a casual intelligence that permeates the script.
en:3887,21,28,"Feels mildlight, as if it were extend extended long film butbeit short made by the smartest kids of class.","Feels mild, as if it were extended long, but made by the smartest kids of class.",en,word_vectors,394,ZKW,1,"Feels slight, as if it were an extended short, albeit one made by the smartest kids in class."
en:3888,11,13,The picture doesn't know what's comedy comedy.,The picture doesn't know what comedy is.,en,word_vectors,395,ZKW,1,The picture doesn't know it's a comedy.
en:3894,22,26,"It's a head-bangner, thoughtfully written, beautifully read, finally finally, deeply humanizing.","It's a head-banger, thoughtful, thoughtful, beautifully written, and finally deeply humanizing.",en,word_vectors,401,ZKW,2,"It's a head-turner -- thoughtfully written, beautifully read and, finally, deeply humanizing."
en:3897,20,33,"Men in Black achieve achieve ultima ultimate precisficance, it's the sci-fi comedy spectacle of ithaiff' Epicpicob-pic","Men in Black achieve ultimate precision, it's the sci-fi comedy spectacle of Ballack's epic.",en,word_vectors,404,ZKW,0,Men in Black II achieves ultimate insignificance -- it's the sci-fi comedy spectacle as Whiffle-Ball epic.
en:3899,26,29,Presents a good case while failing to provide a reason for human to care beyond the very basicss of human deceit.,Presents a good case while failing to provide a reason for human care beyond the very basics of human deceit.,en,word_vectors,5,ZMG,1,Presents a good case while failing to provide a reason for us to care beyond the very basic dictums of human decency.
en:3901,19,24,"Broad, Sweet Sweet has so many flaws, would be easy for critics to disrink it.","Broad and Sweet has so many faults, it would be easy for critics to derail it.",en,word_vectors,7,ZMG,0,"Bread, My Sweet has so many flaws it would be easy for critics to shred it."
en:3907,30,40,"If Decimaces Wild had been tweaked to a bitch, would have become a camp adventure like but of those movies that hass got hard it's to become good.","If Decimarious had been tweaked to a movie, it would have become a camp adventure like those movies that are about to become good.",en,word_vectors,14,ZMG,1,"If Deuces Wild had been tweaked up a notch it would have become a camp adventure, one of those movies that's so bad it starts to become good."
en:3925,7,10,It like the robust middle of the picture.,It's the robust middle of the picture.,en,word_vectors,32,ZMG,2,I love the robust middle of this picture.
en:3932,23,28,The Ring is worth a look if but you can't demand much more than a few hours adrenalinthrills from your Halloween entertainment.,The Ring is worth a look if you can't demand much more than a few hours of adrenaline-filling entertainment from your Halloween entertainment.,en,word_vectors,39,ZMG,1,"The Ring is worth a look, if you don't demand much more than a few cheap thrills from your Halloween entertainment."
en:3943,10,14,I love the video footage and I love the old one.,I love the video clips and I love the old ones.,en,word_vectors,50,ZMG,2,I like the new footage and still love the old stuff.
en:3944,19,29,"It briefly flirts with a Homoochism, to at point is the interest is audience cultism -- is evacliped completely.","It briefly flirts with a player, Homosexual, to the point of detracting from interest in the audience, sadistic and irrationally ignorant.",en,word_vectors,51,ZMG,1,"It briefly flirts with player masochism, but the point of real interest -- audience sadism -- is evaded completely."
en:3945,12,15,The The Country Bears be be a bad as its trailers?,"The Country Bears will be a bad movie, its trailers",en,word_vectors,52,ZMG,0,Could The Country Bears really be as bad as its trailers?
en:3949,7,8,The film seems to dead weight.,The film seems to have dead weight.,en,word_vectors,56,ZMG,0,The film seems a dead weight.
en:3950,31,48,"Sparklingly funnyhilahilarious romantic,alousy comedy, Ata looks so much like a Richarder MullerNiro that it seems the movie should instead be called TheThe Husband' avis'ck''.","Sparklingly, funny romantic, ruthless comedy, Atkins looks so much like a Richard Branson, that it seems the movie should instead be called The Husband's Wife, Billie, Dick, Dick, Dick, Dick, Dick, Dick, Dick, Dick, Dick.",en,word_vectors,57,ZMG,2,"Sparkling, often hilarious romantic jealousy comedy... Attal looks so much like a young Robert DeNiro that it seems the film should instead be called `My Husband Is Travis Bickle'."
en:3952,17,22,"A louy movie, iss not justly unwatchable, but also unimaginaable.","A lougly movie is not just deliberately unwatchable, but also unintelligible.",en,word_vectors,59,ZMG,0,"A lousy movie that's not merely unwatchable, but also unlistenable."
en:3954,31,42,"A strong,, powerful direction and splendid production design allows us to be transported into the life of Lihiwy Wis,umski, but is only only a pianist, but a good producer being.","A strong, powerful direction and splendid production design allows us to be transported into the life of Liss, Siss, and, only the pianist, is a good actor.",en,word_vectors,61,ZMG,2,"A strong script, powerful direction and splendid production design allows us to be transported into the life of Wladyslaw Szpilman, who is not only a pianist, but a good human being."
en:3957,9,12,A's a fanboy whatwhat if'',"A fanboy, what if?",en,word_vectors,64,ZMG,1,It's a fanboy `what if?'
en:3960,37,58,"Stephen Reid, Annalain Jonesn, and Alan Adamss, themond's legal armagles, but when viewed by Jonesnan, the sight of this triosoquent trioet inoms in pretty  settings is a pleasant thing thing. ``tiss","Stephen Reid, Annan Jones, and Alan Bennett, the legalists, are when they're met by a sight that's in pretty good-sized settings -- a pleasant thing to do.",en,word_vectors,67,ZMG,2,"Stephen Rea, Aidan Quinn, and Alan Bates play Desmond's legal eagles, and when joined by Brosnan, the sight of this grandiloquent quartet lolling in pretty Irish settings is a pleasant enough thing, `tis."
en:3963,10,16,Everything is as superficial as the forced New York' accent accent Umana,Everything is as superficial as the forced New York Times' low-profile accent Uma Thurman had,en,word_vectors,70,ZMG,0,Everything was as superficial as the forced New Jersey lowbrow accent Uma had.
en:3971,23,31,"A zombie movie in every sense of the word,lessless, lifeless, calculadering, irritaving, irritaful.noxious.","A zombie movie in every sense of the word, alesslessless, miserable,",en,word_vectors,78,ZMG,0,"A zombie movie in every sense of the word -- mindless, lifeless, meandering, loud, painful, obnoxious."
en:3976,21,31,The Crime knows knows the mistakes bad bad movies make and is determined not to make any any but maybe that it no reason' the sort.,"The Crimes knows the mistakes bad movies make and is determined not to make any more, maybe that is no reason to sort",en,word_vectors,83,ZMG,1,"High Crimes knows the mistakes that bad movies make and is determined not to make them, and maybe that is nobility of a sort."
en:3979,7,14,"A bland bland,ousmys-theus wner.","A bland, insane, corruption-engendering.",en,word_vectors,86,ZMG,0,... a bland murder-on-campus yawner.
en:3982,15,22,"Disfers to abling, repetitive dialogue and a visual rangness endemic to digital media.","Disappointing, irritating, repetitive dialogue is a visual binding endemic to digital media.",en,word_vectors,89,ZMG,0,"Suffers from rambling, repetitive dialogue and the visual drabness endemic to digital video."
en:3985,17,21,Features: of the most affecting imagespictions of a love that ever committed in film.,Features: One of the most affecting images of a love story ever committed to film.,en,word_vectors,92,ZMG,2,Features one of the most affecting depictions of a love affair ever committed to film.
en:3995,21,32,"A the harddered film would have the patience of Job to go through this arbitraterminable,lessless documentary about the swinging culturecultures","A slow, hard work that would require the patience of Job to go through an arbitraryless documentary about the swing culture.",en,word_vectors,102,ZMG,0,"Even a hardened voyeur would require the patience of Job to get through this interminable, shapeless documentary about the swinging subculture."
en:3999,27,36,"The film is a concived of a artificial as the video games Japanese teens are in a nightclub,atnce, and it's also enjoyable one.","The film is a concience, a artificial one, and video games Japanese teens are like a nightclub, and it's all fun.",en,word_vectors,106,ZMG,1,"The film is a contrivance, as artificial as the video games Japanese teens play in a nightclub sequence, but it's an enjoyable one."
en:4000,20,29,"It its best, screen can can callgey, at at its best it is a young artist's thoughtful consideration of father..",It's a screenplay that calls for its best -- and the young artist's thoughtful consideration of father.,en,word_vectors,107,ZMG,1,"At its worst the screenplay is callow, but at its best it is a young artist's thoughtful consideration of fatherhood."
en:4006,22,26,Jeffs has created a breathtakingly assured work enish work of spare dialogue and expresssser expressiveness.,Jeffs has created a breathtakingly assured work of spare dialogue and expressiveness.,en,word_vectors,113,ZMG,2,Jeffs has created a breathtakingly assured and stylish work of spare dialogue and acute expressiveness.
en:4030,15,21,Atommic chronically of money grabbing New Yorkers and their love love hook hookupss.,"Atomic chronically, money grabbing New Yorkers and their loveless hookups.",en,word_vectors,137,ZMG,1,Anemic chronicle of money grubbing New Yorkers and their serial loveless hook ups.
en:4032,13,17,It I decidedve decided to leave the light on the night from now on.,It's decided to leave the light on the night from now on.,en,word_vectors,139,ZMG,1,And I've decided to leave a light on every night from now on.
en:4042,16,24,Annaishwaiyah rarely breathps a starva persona enough to spark ae chemistry with Whitsend.,Anna always swirls as a star-flash persona enough to spark a chemistry with Whitney.,en,word_vectors,149,ZMG,1,Aaliyah rarely dampens her diva persona enough to spark genuine chemistry with Townsend.
en:4045,18,25,It a be a total loss if not for its supporting performances in place in the movie's..,"It's a total loss, not for the supporting performances, but for place in the movie itself.",en,word_vectors,152,ZMG,1,... would be a total loss if not for two supporting performances taking place at the movie's edges.
en:4046,26,42,It emotionaling film heartwarmwarmighteningting story about the desperate needs of Japaneseese refugees to in a.S.-location tos to fulfill their hopes alive. 1978.,It's a heartwarming story about the desperate need of Japanese refugees to move in a relentlessly-relentless way that fulfills their hope of a 1978.,en,word_vectors,153,ZMG,2,An inspiring and heart-affecting film about the desperate attempts of Vietnamese refugees living in U.S. relocation camps to keep their hopes alive in 1975.
en:4051,12,15,It's funnyniest and most likeable movie of years.,It's funny and a like movie of years.,en,word_vectors,158,ZMG,2,Allen's funniest and most likeable movie in years.
en:4053,21,29,"It is a refreshingabsenceabsence of cynicism in The Little', quite a rarity in in in a family film market.","It is a refreshingabsence of cynicism in The Little Mermaid, and quite a rarity in a family film market.",en,word_vectors,160,ZMG,2,"There is a refreshing absence of cynicism in Stuart Little 2 -- quite a rarity, even in the family film market."
en:4063,17,26,"It the the intentionally low standards of boyboyboyboy humor, Narianoity Boys are a flaser.","It's the intentional misuse of standards by the boyboy humorous Rival Boy, and",en,word_vectors,170,ZMG,0,"Even by the intentionally low standards of frat-boy humor, Sorority Boys is a bowser."
en:4075,16,25,The stunning dream dreamlike visuals impress impress even those audienceers who have the patience for filmfilmmovie.tensions,The stunning dreamlike visuals impress even those audiences who have the patience to watch filmmakers.,en,word_vectors,182,ZMG,2,"The stunning, dreamlike visuals will impress even those viewers who have little patience for Euro-film pretension."
en:4090,18,24,For Taxigie fanses fans this this is more appaizing than a side ofsh of spaghettiparagus.,For Taxister fans this is more appalling than a side of olive.,en,word_vectors,197,ZMG,2,"For VeggieTales fans, this is more appetizing than a side dish of asparagus."
en:4091,35,42,"In it's 1978 as the turning turning point of the 20th century, and returns again and again to images of dedents on the streets, it's alarming current current.","In regards 1978, it's the turning point of the 20th century, and returns again and again to images of despots on the streets, alarmingly current.",en,word_vectors,198,ZMG,1,"While it regards 1967 as the key turning point of the 20th century, and returns again and again to images of dissidents in the streets, it's alarmingly current."
en:4096,36,49,"It itsrows heavily from both Seven Days the Silence of the Lambs, it manages to maintain both a level of sofisticphistication intrigintrigue and human-likeized characters that digck it in in.","It's a story that scumbs heavily from both Seven Days of Silence and the Gess, but manages to maintain both a level of sofistication and human-like characters that dignified it in.",en,word_vectors,203,ZMG,2,"While Tattoo borrows heavily from both Seven and The Silence of the Lambs, it manages to maintain both a level of sophisticated intrigue and human-scale characters that suck the audience in."
en:4099,22,28,"It's the best film of the year, far, a benchmark of which all other Picture Picture judgeders can be measured.","It's the best film of the year, far from the benchmark to which any other Picture judgement can be measured.",en,word_vectors,206,ZMG,2,"It's the best film of the year so far, the benchmark against which all other Best Picture contenders should be measured."
en:4100,12,14,It is one of the biggest disaappointments of the year.,It's one of the biggest disasters of the year.,en,word_vectors,207,ZMG,0,This is one of the biggest disappointments of the year.
en:4102,26,41,Deniseges out of the theories of class- based onrage and obseshood obsessession -- or-bitd spinning k that ringrings a cultural sexual sexual and social sno.,Denise seeks out of the theories of class and class based aggression and obsessive-compulsiveness a symmetric spin-off that binds cultural sexual and social drifts.,en,word_vectors,209,ZMG,1,"Denis forges out of the theories of class - based rage and sisterly obsession a razor-sided tuning fork that rings with cultural, sexual and social discord."
en:4128,24,44,"A thoroughly enjoymusful movie, stupidmblylytively cotic -- andly ppy -- a bit amalgam of TheThelmaing' and ` ``atric ``Cick''","A thoroughly enjoyable, entertaining movie, a stupidly linear, chaotic, flawed, flawed, a bit amalgamat of The Matrix and The Matrix. ``",en,word_vectors,235,ZMG,0,"A thoroughly awful movie -- dumb, narratively chaotic, visually sloppy... a weird amalgam of `The Thing' and a geriatric `Scream.'"
en:4131,28,36,"The movie has no respect for laws, political correctness or common sensecei -- but it displays something of important: its for its weflawed people un people.","The movie has no respect for laws, political correctness or common sense, but it displays something of important respect for its weak, uneducated people.",en,word_vectors,238,ZMG,1,"The movie has no respect for laws, political correctness or common decency, but it displays something more important: respect for its flawed, crazy people."
en:4137,28,36,"It would be deingenuous to call Reno a "" filmmaker but I' say the about most of the filmscks moving in and out of the studiox.","It would be derogatory to call Reno a ""filmmaker"" if we say it's about most of the time moving the camera out of the studio.",en,word_vectors,244,ZMG,1,"It would be disingenuous to call Reno a great film, but you can say that about most of the flicks moving in and out of the multiplex."
en:4141,8,11,"Intriguing, downward infuriating.","Intriguing, downwards intoscantic.",en,word_vectors,248,ZMG,2,Intriguing and downright intoxicating.
en:4143,23,32,"It the most annoying thing is Who is Themati?? It that it's a crime committed, by someone who obviously knows nothing about crime.",It's the most annoying thing about Who is Guerilla? It's like it's a crime to be committed by someone who obviously knows nothing about crime.,en,word_vectors,250,ZMG,0,Perhaps the most annoying thing about Who Is Cletis Tout? is that it's a crime movie made by someone who obviously knows nothing about crime.
en:4145,17,26,A quirky drama touches the heart of is funny thankss to its energi and always surprising performance of Helen Griffiths.,"A quirky drama touches the heart of a funny thanksgitter, with its energetic and always surprising performance of Helen Keller.",en,word_vectors,252,ZMG,2,The quirky drama touches the heart and the funnybone thanks to the energetic and always surprising performance by Rachel Griffiths.
en:4147,9,12,"and and bitffling, the get-go.",and flabbergasted by the go-go.,en,word_vectors,254,ZMG,0,Bad and baffling from the get-go.
en:4148,23,28,The movie is a blast of educational energy as as ncy animaanimation and catchy songs escort you through the entire movie-.,The movie is a blast of educational energy as thrilling animations and catchy songs escort you through the entire movie.,en,word_vectors,255,ZMG,2,"The movie is a blast of educational energy, as bouncy animation and catchy songs escort you through the entire 85 minutes."
en:4152,26,38,"The real charm of this trifle is the dead- comic face of star star, Jean-no, who reseembles Stanheldmanlone as a half-.-nak.","The real charm of this trifle is the dead-faced, dead-faced star, Jean-Luc Renoir, who resembles Stan Lee a half-naked, half-naked, half-naked.",en,word_vectors,259,ZMG,1,"The real charm of this trifle is the deadpan comic face of its star, Jean Reno, who resembles Sly Stallone in a hot sake half-sleep."
en:4159,38,56,Bellevellet can't avoid a fatal mistake in the modern era. he changeds changed his academic- class a lower-class Brit to an American with and choice that ssets the novel's exquisit balance balance in therinks the fabric of the world.,Belle can't avoid a fatal mistake in the modern era. He changed his academic style from a lower-class Brit to an American and his choice of wines struck a sublime balance in the fabric of the modern era.,en,word_vectors,266,ZMG,1,"LaBute can't avoid a fatal mistake in the modern era: He's changed the male academic from a lower-class Brit to an American, a choice that upsets the novel's exquisite balance and shreds the fabric of the film."
en:4163,15,17,Itsh gives a good performance in a film that doesn't merit it.,It gives a good performance in a film that doesn't merit it.,en,word_vectors,270,ZMG,1,Gere gives a good performance in a film that doesn't merit it.
en:4167,14,24,"The director with with his usual-drop of oflyly pathe, s settles for consistent consistent tone.","The director with his usual backdrop ofly-bashing and sniffing, but consistent tone.",en,word_vectors,274,ZMG,0,"The director, with his fake backdrops and stately pacing, never settles on a consistent tone."
en:4168,20,27,"The I was given free reign over this project is written wrote, directed, andved, produced -- is beyond me.","The film was given free reign over this project that was written, directed, and produced in a manner beyond its scope.",en,word_vectors,275,ZMG,0,"Why he was given free reign over this project -- he wrote, directed, starred and produced -- is beyond me."
en:4169,23,27,"I you enjoy being rewarded by a script that assumes you are't very bright, Blood Bloodwork is for you.","I'd like to enjoy being rewarded by a script that assumes you're very bright in Bloodwork, for example.",en,word_vectors,276,ZMG,0,"If you enjoy being rewarded by a script that assumes you aren't very bright, then Blood Work is for you."
en:4170,30,37,"Thewisey Yellow,, Ire needs to take a good sweat to clarify his cinematic vision before his second creation and learn the lessons of the trickster.der.",The Dude Yellow Cabin Annes needs to take a good sweat to clarify his cinematic vision before his second creation and teach the lessons of the trickster.,en,word_vectors,277,ZMG,0,"Like Rudy Yellow Lodge, Eyre needs to take a good sweat to clarify his cinematic vision before his next creation and remember the lessons of the trickster spider."
en:4182,8,11,"A, eyearing, warming, warm.","A striking, warm-blooded",en,word_vectors,289,ZMG,2,"Hard, endearing, caring, warm."
en:4184,25,38,"Stan director Gopola professes his love for movies is both theful pop-junk and the classical -- unequivocally qualify him a, is dyly entertaining.","Stan Lee professes his love for movies of both the pop-rock and the classic genres, unacquivalently able to convey the thrill of humour.",en,word_vectors,291,ZMG,2,The way Coppola professes his love for movies -- both colorful pop junk and the classics that unequivocally qualify as art -- is giddily entertaining.
en:4192,31,41,It''t fast your gut if it it's not intended to be but's justly a blandly cinematic examinarogaical examination of what it a joke a joke.,"It's a pawn to faster your gut and it's not intended to be just, just a blandly cinematic examination of what is a joke and joke.",en,word_vectors,299,ZMG,1,It won't bust your gut -- and it's not intended to -- it's merely a blandly cinematic surgical examination of what makes a joke a joke.
en:4197,21,35,"The unomus,slythe-walle-ter of Welcome to Woodn' is a longy, after-allurs motionholes to it.","The unfair, stifling, blandness of Welcome to Woodstock is a long, after-after-snapping tones.",en,word_vectors,304,ZMG,1,"The doofus-on-the-loose banter of Welcome to Collinwood has a cocky, after-hours loopiness to it."
en:4198,13,16,'s the laughniest American comedy since graffitifiti Bridge.,,en,word_vectors,305,ZMG,2,It's the funniest American comedy since Graffiti Bridge.
en:4201,25,40,"Itn,elinglling to heartbreaking to witness, But Adamsgin' Castrostone's stelling performances raise the point above the level of the usual,ellin disease movie.","It's a heartbreaking to witness that Adams, Silver, and Castro's stellar performances raise the bar far above the level of the usual, dolled disease movie.",en,word_vectors,308,ZMG,2,"Often gruelling and heartbreaking to witness, but Seldahl and Wollter's sterling performances raise this far above the level of the usual maudlin disease movie."
en:4206,12,25,"It' basicallyly the its coming from Microsoftboard,, the sense of something bigger than ultima ultimateless","It's basically a movie from Scratch, in the sense of something bigger and ultimately better.",en,word_vectors,313,ZMG,1,"That is essentially what's missing from Blackboards -- the sense of something bigger, some ultimate point."
en:4209,22,34,"A whitewitwitted and acking,offoff of the Animal Planet documentar series series Cra Craodile Hunter is entertainment opportunist at its best flagrantring.","A white, and a spinoff of Animal Planet documentary series Crane Hunter is entertainment opportunist at its best.",en,word_vectors,316,ZMG,0,"A dim-witted and lazy spin-off of the Animal Planet documentary series, Crocodile Hunter is entertainment opportunism at its most glaring."
en:4221,16,23,It uwful movie that can only satisfy the most emotionally laformable film filmmakersers.,It's horrible to think that you only satisfy your most emotionally laminated filmmaker.,en,word_vectors,328,ZMG,0,An awful movie that will only satisfy the most emotionally malleable of filmgoers.
en:4243,43,67,"It''s attempt to deling the's problemss is a conbling, inaneherent manifesto, the superficialgueness of banalal excesses In Lovise, Love remains a reous, deentious endeavor,'s unsnecused and tedioouslyasperating.","It's a destructive, destructive, destructive endeavor, and a remarkable endeavor, but it's a dense, inexcusable, destructive endeavor.",en,word_vectors,350,ZMG,0,Godard's ode to tackling life's wonderment is a rambling and incoherent manifesto about the vagueness of topical excess... In Praise of Love remains a ponderous and pretentious endeavor that's unfocused and tediously exasperating.
en:4245,34,42,It never really come to care about the main characters and whether or not they'll wind up together in Michael Michaele's spiritual quest is justther entertainloing nor dramatic enough to sustain interest.,"It never will come to mind, if you care about the main characters and whether or not they'll wind up together in Michael's spiritual quest for a lifetime, it's dramatic enough to sustain interest.",en,word_vectors,352,ZMG,0,"We never truly come to care about the main characters and whether or not they'll wind up together, and Michele's spiritual quest is neither amusing nor dramatic enough to sustain interest."
en:4248,12,20,"Castroez,s cultthical may have used some informed adult adulthoodsight.",Castro's cult-making movies have used some informed adulthood.,en,word_vectors,355,ZMG,1,"Peralta's mythmaking could have used some informed, adult hindsight."
en:4255,27,35,Theys will certainly have to spend more time on the kitchentheater thinking about grocery lists and ways to get their kids how to to act like Pinocchio.,"They will certainly have to spend more time in the kitchen, thinking of grocery lists and ways to get their kids to act like Pinocchio.",en,word_vectors,362,ZMG,1,Adults will certainly want to spend their time in the theater thinking up grocery lists and ways to tell their kids how not to act like Pinocchio.
en:4256,26,31,"It as distinctive as as as humorous as it needs to be to stand out, but it has clearly been made of affection and care.","It's as distinctive as a movie, as humorous as it needs to be to stand out, but it's so clearly been made of affection and care.",en,word_vectors,363,ZMG,1,"Not as distinctive or even as humorous as its needs to be to stand out, but it has clearly been made with affection and care."
en:4257,16,20,A family family comedy likelylikely to be appreciated by anyone except the under- set.,A family comedy rarely gets appreciated by anyone except the under-set.,en,word_vectors,364,ZMG,0,A generic family comedy unlikely to be appreciated by anyone outside the under-10 set.
en:4261,21,31,"Director-direct Jonathandirector John A attempts attempts to fashion a likeianlike, real-realismre fall dreadfully short.","Director Jonathan Schwartz attempts to recreate fashionable, like like real-life satire fall dreadfully short.",en,word_vectors,368,ZMG,0,"Co-writer/director Jonathan Parker's attempts to fashion a Brazil-like, hyper-real satire fall dreadfully short."
en:4270,14,16,It just doesn't have much else to especially in the moral sense.,"It just doesn't have much else to say, especially in a moral sense.",en,word_vectors,377,ZMG,1,It just doesn't have much else... especially in a moral sense.
en:4271,15,24,A familiarfamiliar with Mormon traditions will find The Lordton am sometimesally behadering.,"A familiar and unknown to Mormon traditions, we find The Lord of the Rings sometimes behaving",en,word_vectors,378,ZMG,1,Those unfamiliar with Mormon traditions may find The Singles Ward occasionally bewildering.
en:4273,11,19,"The talent talent is woman alone can keep on watching, and will the action scenes.","The talent is alone, and keeps on watching, it will change scenes.",en,word_vectors,380,ZMG,2,"But the talented cast alone will keep you watching, as will the fight scenes."
en:4277,13,24,"Thecient case, but filmer of the importance of the, build us through to explore us examine our values.",The film's title is 'The Art of the,en,word_vectors,384,ZMG,2,"An important movie, a reminder of the power of film to move us and to make us examine our values."
en:4279,11,24,"The casely-d film able talent womanman a maned artist, certainly has something on his mind.","The film's title is a bit of a puzzle, with a storyline to tell, but a man who definitely has something on his mind.",en,word_vectors,386,ZMG,2,A richly imagined and admirably mature work from a gifted director who definitely has something on his mind.
en:4282,13,22,It it's more is that it's no scripttyhumour that'meates the script.,"It's a story that's awestingly short, and it's not as pervasive as the script.",en,word_vectors,389,ZMG,2,But what's nice is that there's a casual intelligence that permeates the script.
en:4287,13,28,Itings liketruckly but if it' a aed movie film butbeit with that of the smartest kids in class.,"It's a movie about the people who are smarter than us, and it's a movie by the smartest kids in class.",en,word_vectors,394,ZMG,1,"Feels slight, as if it were an extended short, albeit one made by the smartest kids in class."
en:4288,9,13,It man doesn't know what's comedy comedy.,It doesn't know what comedy is.,en,word_vectors,395,ZMG,1,The picture doesn't know it's a comedy.
en:4294,13,26,"It's a fascinaysning, and-, -- andly illustraable, finally, deeply human..","It's a fascinating story, and it's not surprisingly deeply human.",en,word_vectors,401,ZMG,2,"It's a head-turner -- thoughtfully written, beautifully read and, finally, deeply humanizing."
en:4297,15,33,It' Black is iss ate performanceficant by and's a same-fi film spectacle as Simpsonhaiffle Epicpicob-pic.,"It's a fascinating film, and it's a fascinating story, but it's a comedy spectacle as Ballack's Epic.",en,word_vectors,404,ZMG,0,Men in Black II achieves ultimate insignificance -- it's the sci-fi comedy spectacle as Whiffle-Ball epic.
en:4299,26,29,Presents a good case while failing to provide a reason for people to care beyond the very basicss of human naturecency.,Presents a good case while failing to provide a reason for people to care beyond the very basics of human nature.,en,word_vectors,5,ZPH,1,Presents a good case while failing to provide a reason for us to care beyond the very basic dictums of human decency.
en:4301,17,24,"Broad My My Sweet has so many holelaws, would be easy for critics to rerink..","Broad My Sweet has so many flaws, it would be easy for critics to resent it.",en,word_vectors,7,ZPH,0,"Bread, My Sweet has so many flaws it would be easy for critics to shred it."
en:4307,31,40,"If Thecimaces Wild had been tweaked with a ch, would have become a camp adventure, one of those movies that thes where far it starts to become a.","If The Fugitives Wild had been tweaked to a chop, it would have become a camp adventure, one of those movies that the audience starts to become enthralled.",en,word_vectors,14,ZPH,1,"If Deuces Wild had been tweaked up a notch it would have become a camp adventure, one of those movies that's so bad it starts to become good."
en:4325,10,10,I love the robust middle of this picture.,I love the robust middle of this picture.,en,word_vectors,32,ZPH,2,I love the robust middle of this picture.
en:4332,23,28,"The Ring is worth a look, but you don't demand much more than a cheap cheapthrithrills for your favorite entertainment.","The Ring is worth a look, but you'll pay much more for a more cheapthriller than your usual entertainment.",en,word_vectors,39,ZPH,1,"The Ring is worth a look, if you don't demand much more than a few cheap thrills from your Halloween entertainment."
en:4343,13,14,"I like the new footage, still love the old stuff.","I like the new footage, but still love the old stuff.",en,word_vectors,50,ZPH,2,I like the new footage and still love the old stuff.
en:4344,20,29,"It briefly flirts with actor Homoochism, to at point is real interest is audience cultism -- is evacliped completely.","It briefly flirts with actor, shaman, but at the point of real interest, the audience is deceived completely.",en,word_vectors,51,ZPH,1,"It briefly flirts with player masochism, but the point of real interest -- audience sadism -- is evaded completely."
en:4345,12,15,The The Country Bears be be a bad as its trailers?,"The Country Bears will be a bad movie, its trailers",en,word_vectors,52,ZPH,0,Could The Country Bears really be as bad as its trailers?
en:4349,7,8,The film seems to dead weight.,The film seems to have dead weight.,en,word_vectors,56,ZPH,0,The film seems a dead weight.
en:4350,32,48,"Sparkling often often funnyhilarious romantic,alousy comedy, Ata looks so much like a young Robert DeNiro, it seems like movie should instead be a TheThe Husband' avis'ckle..","Sparkling often funny romantic, cynical, comedy-wise, Attain looks so much like a young Robert Muller, it seems like it should instead be a wife, or husband, or kid, or kid.",en,word_vectors,57,ZPH,2,"Sparkling, often hilarious romantic jealousy comedy... Attal looks so much like a young Robert DeNiro that it seems the film should instead be called `My Husband Is Travis Bickle'."
en:4352,18,22,"A movieudy movie that's not justly unwatchable, but also uninable.","A movie that's not just arbitrarily unwatchable, but also unintelligible.",en,word_vectors,59,ZPH,0,"A lousy movie that's not merely unwatchable, but also unlistenable."
en:4354,31,42,"A strong script, powerful direction and splendid production design allows us to be transported into the world of Li.wy Wis,umski, who is not only a poet, but also human human being.","A strong script, powerful direction and splendid production design allows us to be transported into the world of Lilo, Siss, and is not only a film, but also a human being.",en,word_vectors,61,ZPH,2,"A strong script, powerful direction and splendid production design allows us to be transported into the life of Wladyslaw Szpilman, who is not only a pianist, but a good human being."
en:4357,9,12,For's a fanboy whatwhat if'',For a fanboy what's it?,en,word_vectors,64,ZPH,1,It's a fanboy `what if?'
en:4360,39,58,"Stephen Reid, Annalain Jonesn, and Alan Adamss playsmond's legalistagles, but when joined by Dunan, it sight of this triosequent trioet driftlling is pretty  settings is a pleasant enough thing. ``tiss","Stephen Reid, Annan Jones, and Alan Benson plays Stanislaw's legalist, sleuth, when joined by Jones, and the sight of this trivial trio drifting off pretty much all settings is a pleasant enough thing.",en,word_vectors,67,ZPH,2,"Stephen Rea, Aidan Quinn, and Alan Bates play Desmond's legal eagles, and when joined by Brosnan, the sight of this grandiloquent quartet lolling in pretty Irish settings is a pleasant enough thing, `tis."
en:4363,12,16,Everything is superficial superficial as the forced New Jersey low accent accent Uma Uma.,Everything is so superficial and the forced New Jersey low accent Uma Uma,en,word_vectors,70,ZPH,0,Everything was as superficial as the forced New Jersey lowbrow accent Uma had.
en:4371,22,31,"A zombie movie in every sense of the word,lessless life lifeless, calculadering, irritaving, irritaful.noxious.","A zombie movie in every sense of the word, a mindless life, calculating, calculating,",en,word_vectors,78,ZPH,0,"A zombie movie in every sense of the word -- mindless, lifeless, meandering, loud, painful, obnoxious."
en:4376,20,31,"The Crime knows knows the mistakes bad bad movies make and is determined to to make them any but maybe there is no reason, the movie.","The Crimes knows the mistakes bad movies make and is determined to make them right, maybe it is no more.",en,word_vectors,83,ZPH,1,"High Crimes knows the mistakes that bad movies make and is determined not to make them, and maybe that is nobility of a sort."
en:4379,6,14,"A a murder,ousga-theus nker.","A thrilling, insane, reckless.",en,word_vectors,86,ZPH,0,... a bland murder-on-campus yawner.
en:4382,15,22,"Disfers from abling, repetitive dialogue of the visual bindrangness,mic to digital media.","Disss from raging repetitive dialogue in the visual binding, endemic to digital media.",en,word_vectors,89,ZPH,0,"Suffers from rambling, repetitive dialogue and the visual drabness endemic to digital video."
en:4385,17,21,Features one of the most affecting imagespictions of love love story ever committed in film.,Features one of the most affecting images of love that ever committed a filmmaker.,en,word_vectors,92,ZPH,2,Features one of the most affecting depictions of a love affair ever committed to film.
en:4395,22,32,"A a harddered voyeur would have the patience of Job to go through this interterminable,lessless documentary on swing swinging cultureculture.",A hard-fought voyeur would require the patience of Job to go through this intermittentless documentary of a swing culture.,en,word_vectors,102,ZPH,0,"Even a hardened voyeur would require the patience of Job to get through this interminable, shapeless documentary about the swinging subculture."
en:4399,27,36,"The film is a bitcived as as artificial as the video games Japanese teens play in the nightclub setupquence, it it's also enjoyable film.","The film is a bit confusing as artificial as the video games Japanese teens play in the nightclub setup, it's just fun.",en,word_vectors,106,ZPH,1,"The film is a contrivance, as artificial as the video games Japanese teens play in a nightclub sequence, but it's an enjoyable one."
en:4400,23,29,"At its worst, screen is is athar, but at its best it is a young and's thoughtful consideration of father..","At its worst, the screen is a callous, but at its best it is a thoughtful contemplation of father.",en,word_vectors,107,ZPH,1,"At its worst the screenplay is callow, but at its best it is a young artist's thoughtful consideration of fatherhood."
en:4406,24,26,Jeffs is created a breathtakingly assured and stylish work of spare dialogue and ancute expressiveness.,"Jeffs is created in breathtakingly assured style, stylish work and spare dialogue tocute expressiveness.",en,word_vectors,113,ZPH,2,Jeffs has created a breathtakingly assured and stylish work of spare dialogue and acute expressiveness.
en:4430,13,21,Anemic chronicles of money grabbing in Yorkers and a serialless hook hookers..,"Anemic chronicles of money grabbing, bankers, and the serial love hook.",en,word_vectors,137,ZPH,1,Anemic chronicle of money grubbing New Yorkers and their serial loveless hook ups.
en:4432,14,17,I I've decided to leave it mark on every night from now on.,I've decided to leave the TV on every night from now on.,en,word_vectors,139,ZPH,1,And I've decided to leave a light on every night from now on.
en:4442,15,24,Aaiyah rarely breathps a starva persona to to bring genuine chemistry. Smithsend.,Aahaka rarely breathes a star-struck persona to the genuine chemistry of Jackson.,en,word_vectors,149,ZPH,1,Aaliyah rarely dampens her diva persona enough to spark genuine chemistry with Townsend.
en:4445,20,25,I would be a total loss if not for its supporting performances taking place on movie movie edges edges.,I would have a total loss if not for the supporting performances taking place on the movie edges.,en,word_vectors,152,ZPH,1,... would be a total loss if not for two supporting performances taking place at the movie's edges.
en:4446,35,42,An inspiring and heartwarmwarmighteningting film about the desperat attempt attempts of Japaneseese refugees living in.S. relocation camps to keep their hopes alive in 1978.,"An inspiring and heartwarming film about the desperat attempts of Japanese refugees living in An inspiring and inspiring and affecting and affectingly inspiring and heartwarmingly inspiringly heartwarming and heartwarmingly heartwarmingly heartwarmingly heartwarmingly telling about the desperate attempts of the desperate attempts of Japanese refugees, about the desperate attempts of",en,word_vectors,153,ZPH,2,An inspiring and heart-affecting film about the desperate attempts of Vietnamese refugees living in U.S. relocation camps to keep their hopes alive in 1975.
en:4451,10,15,"Anderson's funny,est and like likeable movie in the.","Anderson's funny, and a likeable movie in the",en,word_vectors,158,ZPH,2,Allen's funniest and most likeable movie in years.
en:4453,21,29,"It is a refreshingabsenceabsence of cynicism in Stewart Little,, quite a rarity even even in a family film genre.","It is a refreshingabsence of cynicism in Stuart Little, and it's quite a rarity even in a family film like this.",en,word_vectors,160,ZPH,2,"There is a refreshing absence of cynicism in Stuart Little 2 -- quite a rarity, even in the family film market."
en:4463,19,26,"Even by the intentionally low standards, gboyboy humor, Narianoity Boys is a flaser.","Even by the intentionally low standards, the boyboy humorous Rival Boys is a flawed",en,word_vectors,170,ZPH,0,"Even by the intentionally low standards of frat-boy humor, Sorority Boys is a bowser."
en:4475,16,25,The stunning dream dreamlike visuals will impress even those ofers who have the patience for theslanguage.views,The stunning dreamlike visuals will impress even those of us who have the patience to watch the movie.,en,word_vectors,182,ZPH,2,"The stunning, dreamlike visuals will impress even those viewers who have little patience for Euro-film pretension."
en:4490,17,24,"Thegetgie,es,, this is more appaizing than a side ofsh of oliveparagus.",The Taxi is this much more appaating than a side of olive.,en,word_vectors,197,ZPH,2,"For VeggieTales fans, this is more appetizing than a side dish of asparagus."
en:4491,36,42,"In it regards 1978 as the key turning point of the 20th-20, return returns again to again to images of dissidents in the streets, it's alarming current current.","In it regards 1978 as the key turning point of the 20th-20c, and returns again to again the images of despots in the streets, it alarms.",en,word_vectors,198,ZPH,1,"While it regards 1967 as the key turning point of the 20th century, and returns again and again to images of dissidents in the streets, it's alarmingly current."
en:4496,39,49,"The Tattoo srows heavily from both Seven and The Silence, the Lambs, it manages to maintain its a level of sofisticphistication intrigintrigue and human-likeized characters that sck the audience in.","The Tattoo swsws slightly from both Seven and The Silence, but the Snake manages to maintain a level of sofistication and humanism, which swiftly scums the audience in.",en,word_vectors,203,ZPH,2,"While Tattoo borrows heavily from both Seven and The Silence of the Lambs, it manages to maintain both a level of sophisticated intrigue and human-scale characters that suck the audience in."
en:4499,24,28,"It's the best film of the year so it, the benchmark against it all the Best Picture judgeders should be measured.",It's the best film of the year so it's the benchmark against all the Best Picture judges should be measured.,en,word_vectors,206,ZPH,2,"It's the best film of the year so far, the benchmark against which all other Best Picture contenders should be measured."
en:4500,14,14,This is one of the biggest disappointments of the year.,This is one of the biggest disappointments of the year.,en,word_vectors,207,ZPH,0,This is one of the biggest disappointments of the year.
en:4502,24,41,Deniseges out all his theories of class and based onrage and sisterly obsessession -- sideing-sd spinning backk that isbridge cultural cultural sexual sexual and social norm.,"Denise seeks out the theories of class and class-based rivalry, the sisterly obsession and the side-scrolling spinoff that is cultural sexuality and social justice.",en,word_vectors,209,ZPH,1,"Denis forges out of the theories of class - based rage and sisterly obsession a razor-sided tuning fork that rings with cultural, sexual and social discord."
en:4528,26,44,"A thoroughly horriblewful movie, stupidmblylytively,otic, visually ppy -- and bizarre amalgam of TheThe Thingsing' and ` veteranatric ``Cick''","A thoroughly horrible movie, stupidly flawedly cluelessly visually unsatisfying, and weird amalgamation of The Things and a veteran ``cacacaca''.",en,word_vectors,235,ZPH,0,"A thoroughly awful movie -- dumb, narratively chaotic, visually sloppy... a weird amalgam of `The Thing' and a geriatric `Scream.'"
en:4531,24,36,"The movie has a respect for its, political correctness, common deceit, but it showss a of:: a for its flawed moral un,.","The movie has a respect for its political correctness and common deceit, but it shows no respect for its warped morality.",en,word_vectors,238,ZPH,1,"The movie has no respect for laws, political correctness or common decency, but it displays something more important: respect for its flawed, crazy people."
en:4537,28,36,It' be deingenuous to call Rena a great filmmaker but I can say so about most of the filmscks moving in and out of the studiox.,"It's hard to be ignorant when you call Rena, a great filmmaker, what you can say is about most of the films, flicks moving in and out of the studio.",en,word_vectors,244,ZPH,1,"It would be disingenuous to call Reno a great film, but you can say that about most of the flicks moving in and out of the multiplex."
en:4541,7,11,iguing and downward intrufuriating.,,en,word_vectors,248,ZPH,2,Intriguing and downright intoxicating.
en:4543,27,32,Perhaps the most irritaying thing about Who Is Detmens?? It that it's a crime movie made by someone who obviously knows nothing about crime.,Perhaps the most irritating thing about Who Is Detale? Just that it's a crime movie made by someone who obviously knows nothing about crime.,en,word_vectors,250,ZPH,0,Perhaps the most annoying thing about Who Is Cletis Tout? is that it's a crime movie made by someone who obviously knows nothing about crime.
en:4545,18,26,"A quirky drama iss the heart, is funny thanks thanks to the energi and always surprising performance of Helen Griffiths.","A quirky drama that touches the heart, but is the funny thanks to the energic and always surprising performance of Helen Keller.",en,word_vectors,252,ZPH,2,The quirky drama touches the heart and the funnybone thanks to the energetic and always surprising performance by Rachel Griffiths.
en:4547,8,12,A- borffling from the go-go.,A flabbergage and disgusting from the get go.,en,word_vectors,254,ZPH,0,Bad and baffling from the get-go.
en:4548,22,28,"It film is a blast of educational energy, a ncy animaanimation and catchy songs escort you through the entire 78 minutes.","This film is a blast of educational energy, a quincy animation and rhythmic songs escort you through the entire 78 minutes.",en,word_vectors,255,ZPH,2,"The movie is a blast of educational energy, as bouncy animation and catchy songs escort you through the entire 85 minutes."
en:4552,21,38,"The charm charm of the trifle is the deadly comic style, the hero, who-no, and compareembles anotherlone as a for- half-sleep.","The charm of the trifle is that the deadly comic is a half-hearted one, and it compares to Stan Lee a half-hearted two-hearted.",en,word_vectors,259,ZPH,1,"The real charm of this trifle is the deadpan comic face of its star, Jean Reno, who resembles Sly Stallone in a hot sake half-sleep."
en:4559,42,56,"Bellevellet can't avoid a fatal mistake in the modern era -- a changeds changed the male academic class a lower-class, to an American with a choice that ssets the novel's balancee balance and muddrinks the fabric of the book.",Belle can't avoid a fatal mistake in the modern era -- changed by male academic talent to a lower grade -- to a American American -- choice that slashes the novel's balance and muddies the fabric of the film.,en,word_vectors,266,ZPH,1,"LaBute can't avoid a fatal mistake in the modern era: He's changed the male academic from a lower-class Brit to an American, a choice that upsets the novel's exquisite balance and shreds the fabric of the film."
en:4563,13,17,Gere gives a good performance but a movie that doesn't have a.,Gere gives a good performance but a performance that doesn't work.,en,word_vectors,270,ZPH,1,Gere gives a good performance in a film that doesn't merit it.
en:4567,17,24,"The director with with his fake backgrounddrops andlyside viewsrody, never settles on a consistent program.",The director with his fake backgrounds andly-loved audience never settles on a consistent theme.,en,word_vectors,274,ZPH,0,"The director, with his fake backdrops and stately pacing, never settles on a consistent tone."
en:4568,17,27,"It it was free free timeeign over the project is a wrote, directed, andved and produced it is beyond me.","It was a free ride over a project that was written, directed, and produced in a way beyond imagination.",en,word_vectors,275,ZPH,0,"Why he was given free reign over this project -- he wrote, directed, starred and produced -- is beyond me."
en:4569,20,27,"I you enjoy being rewarded for a script that assumes a''t very bright, Blood Bloodys for you.","I'd enjoy being rewarded with a script that assumes a very dark, Dark Blood is the cure for all",en,word_vectors,276,ZPH,0,"If you enjoy being rewarded by a script that assumes you aren't very bright, then Blood Work is for you."
en:4570,20,37,"...wisey White,, here needs to have a good looker hisify his positiontic skills before the next movie, remember the lessons of the tricksters.ders.","... Andy Warhol needs to have a good time with his wife before the next day, to remember the lessons of the tricksters.",en,word_vectors,277,ZPH,0,"Like Rudy Yellow Lodge, Eyre needs to take a good sweat to clarify his cinematic vision before his next creation and remember the lessons of the trickster spider."
en:4582,8,11,"A, eyearing, warming, warm.","A striking, warm-blooded",en,word_vectors,289,ZPH,2,"Hard, endearing, caring, warm."
en:4584,23,38,The way Gopola professes his love for movies with the colorful and-chick and classic classics -- arefoldlly makefy them a- is giddyly entertaining.,"The way Gogol professes his love for movies of color, drugs, and classics is a bit of a giddy entertaining.",en,word_vectors,291,ZPH,2,The way Coppola professes his love for movies -- both colorful pop junk and the classics that unequivocally qualify as art -- is giddily entertaining.
en:4592,31,41,I''t best your memorys and it's not intended to -- but's justly a blandly cinematic examinarogaical examination of what makes a joke in joke.,"I've never won't like your movie, but I'm sure it's not intended to be a merely mildly cinematic examination of what makes a joke in a movie.",en,word_vectors,299,ZPH,1,It won't bust your gut -- and it's not intended to -- it's merely a blandly cinematic surgical examination of what makes a joke a joke.
en:4597,19,35,"A unwus snackballlythe-pathe-ter of Welcome to Woodn is is a longy, after-surs-holes on it.","A diffus, snob joke. Welcome to Woodland, but a long afterwards motionlessness is it.",en,word_vectors,304,ZPH,1,"The doofus-on-the-loose banter of Welcome to Collinwood has a cocky, after-hours loopiness to it."
en:4598,14,16,It's the funniest American comedy since graffitifiti..,It's the funniest American comedy since graffiti and,en,word_vectors,305,ZPH,2,It's the funniest American comedy since Graffiti Bridge.
en:4601,27,40,"Often theelingsome and heartbreaking to witness, the Adamsgin and hisstone's stelling performance raise raise this far above the level of the usual,ellin disease..","Often the heartbreaking and witness to it, Skils's stellar performances raise this far above the level of the usual, dolled disease.",en,word_vectors,308,ZPH,2,"Often gruelling and heartbreaking to witness, but Seldahl and Wollter's sterling performances raise this far above the level of the usual maudlin disease movie."
en:4606,16,25,"That is basicallyly what missings missing in theboard,, the sense of something that, some ultimateless","That is basically what missing is, the slides have a sense of something like some ultimate",en,word_vectors,313,ZPH,1,"That is essentially what's missing from Blackboards -- the sense of something bigger, some ultimate point."
en:4609,25,34,"A dim,witted and slowzy offoffoff of the Animal Farm documentar series series Cra Craodile Hunter is entertainment opportunist at its most glaring.","A dim, slow-moving and slow off-cut of the Animal Farm documentar series Cracker, Hunter, is entertainment opportunist at its most glaring.",en,word_vectors,316,ZPH,0,"A dim-witted and lazy spin-off of the Animal Planet documentary series, Crocodile Hunter is entertainment opportunism at its most glaring."
en:4621,18,23,An ewful movie that will only satisfy the most emotionally laformable film filmmakersers.,An evil movie that will only satisfy the most emotionally laminated filmmakers.,en,word_vectors,328,ZPH,0,An awful movie that will only satisfy the most emotionally malleable of filmgoers.
en:4643,39,67,"Crades's ode to recling the wonders wonder and is a ragbling, erroexplicaherent manifesto of the immensgueness of theal matterestentionise of God remains a reous, deentious endeavor,'s unsnecused, undioously unsasperating.","Crackers, despite drilling and wondering, are drilling and erroneously erratic, depressingly censorical, dense, irrational, irrational, irrational, irrational, irrational, irrational, irrational, irrational, irrational, irrational, irrational, irrational, irrational, irrational, irrational, irrational, irrational, irrational, irrational, irrational, irrational, irrational, irrational,",en,word_vectors,350,ZPH,0,Godard's ode to tackling life's wonderment is a rambling and incoherent manifesto about the vagueness of topical excess... In Praise of Love remains a ponderous and pretentious endeavor that's unfocused and tediously exasperating.
en:4645,29,42,"I never have come to grip about the plot characters --, or not they windll wind up together and and Michael''s spiritual quest is neiing entertainmusing nor dramatic enough to stir interest.",I never have come to think about the other characters -- whether or not they'll wind up together and Michael's spiritual quest is neiingly dramatic enough to stir interest.,en,word_vectors,352,ZPH,0,"We never truly come to care about the main characters and whether or not they'll wind up together, and Michele's spiritual quest is neither amusing nor dramatic enough to sustain interest."
en:4648,13,20,"Castroez,s fictionthology could have used some informed adult adulthoodsight.","Castro's fiction could have used some informed adulthood, but",en,word_vectors,355,ZPH,1,"Peralta's mythmaking could have used some informed, adult hindsight."
en:4655,28,35,Adults will certainly want to spend more time in a movietheater thinking about grocey lists and ways to tell the kids how not to act like aocchio.,"Adults will certainly want to spend more time in a movie theatre thinking about groceries and the ways they tell the story, and how not to act like a",en,word_vectors,362,ZPH,1,Adults will certainly want to spend their time in the theater thinking up grocery lists and ways to tell their kids how not to act like Pinocchio.
en:4656,26,31,"It as distinctive, even as humorous as it needs to be to stand out, but it has clearly been made with theion and love.","It's as distinctive as even the humorist's mind needs to be able to stand on it, as it's clearly been made with acute and careful eye.",en,word_vectors,363,ZPH,1,"Not as distinctive or even as humorous as its needs to be to stand out, but it has clearly been made with affection and care."
en:4657,17,20,A generic family comedy likelylikely to be appreciated by anyone outside the under-s.,A generic family comedy likely to be appreciated by anyone outside the under-represented.,en,word_vectors,364,ZPH,0,A generic family comedy unlikely to be appreciated by anyone outside the under-10 set.
en:4661,18,31,"Directorwdirect Johndirector John Parker attempts attempts to fashion a likeianlike, real-realistismre,-readfully short.","Director Douglas Parker attempts to recreate fashion in like manners, but...",en,word_vectors,368,ZPH,0,"Co-writer/director Jonathan Parker's attempts to fashion a Brazil-like, hyper-real satire fall dreadfully short."
en:4670,13,16,"It just doesn't have much else, especially not a sense sense.","It just doesn't have much else, especially with a senseless sense.",en,word_vectors,377,ZPH,1,It just doesn't have much else... especially in a moral sense.
en:4671,18,24,Those familiarknowmiliar with Mormon traditions may be the Singles Warhor sometimesally bewildering.,"Those familiar to Mormon traditions may be Singles Ward, sometimes behaving.",en,word_vectors,378,ZPH,1,Those unfamiliar with Mormon traditions may find The Singles Ward occasionally bewildering.
en:4673,11,19,... the talent of people will will keep you watching and and will the fight to..,... the talent of the film will keep you watching and will fight for,en,word_vectors,380,ZPH,2,"But the talented cast alone will keep you watching, as will the fight scenes."
en:4677,23,24,"An important movie, a reminder of the power of film to move people and to make us examine our values.","An important movie, a reminder of the power of film to move people and to make them examine their values.",en,word_vectors,384,ZPH,2,"An important movie, a reminder of the power of film to move us and to make us examine our values."
en:4679,21,24,A richly imaginad and admirably mature film from a filmed director who definitely has something on his mind.,A richly imaginative and admirably mature film from a director who definitely has something on it.,en,word_vectors,386,ZPH,2,A richly imagined and admirably mature work from a gifted director who definitely has something on his mind.
en:4682,17,22,... what nices nice is that there's no casual intelintelligence that permeates the conversation.,... what nice is that there's no casualintelligence that permeates the conversation.,en,word_vectors,389,ZPH,2,But what's nice is that there's a casual intelligence that permeates the script.
en:4687,15,28,Asing slight as as if the were extend extended movie film butbeit short by by the smart kids kids of the.,"As slight as it is, the films were widely extended, but, perhaps, most, weren't directed by the smart kids at all.",en,word_vectors,394,ZPH,1,"Feels slight, as if it were an extended short, albeit one made by the smartest kids in class."
en:4688,10,13,The picture doesn't realize it's true movie.,The picture doesn't realize it's a,en,word_vectors,395,ZPH,1,The picture doesn't know it's a comedy.
en:4694,21,26,"A's a headerbangner, thoughtfully written, beautifully read and finally finally, deeply humanizing.","A header is thoughtfully written, beautifully read, and finally deeply humanizing.",en,word_vectors,401,ZPH,2,"It's a head-turner -- thoughtfully written, beautifully read and, finally, deeply humanizing."
en:4697,18,33,The of Black II achieves ultimate significaficance in in's the most-fi film' of it.iffle.Itall.ats.,The Black II achieves ultimate significance in the film's final spectacle -- the final.,en,word_vectors,404,ZPH,0,Men in Black II achieves ultimate insignificance -- it's the sci-fi comedy spectacle as Whiffle-Ball epic.
en:0:avg,25,29,s a good case while failing to provide a reason for us to care beyond the very basic dichos of human digniceit.,,en,word_vectors_avg,5,average,1,Presents a good case while failing to provide a reason for us to care beyond the very basic dictums of human decency.
en:2:avg,18,24,"ad My My Sweet has so many faultlaws, would be easy for critics to derink it.",,en,word_vectors_avg,7,average,0,"Bread, My Sweet has so many flaws it would be easy for critics to shred it."
en:8:avg,33,40,"Chacimaces Wilder been tweaked up a ch, would have become a camp adventure, one of those movies that thats so bad it starts to become good.",,en,word_vectors_avg,14,average,1,"If Deuces Wild had been tweaked up a notch it would have become a camp adventure, one of those movies that's so bad it starts to become good."
en:26:avg,10,10,I love the robust middle of this picture.,I love the robust middle of this picture.,en,word_vectors_avg,32,average,2,I love the robust middle of this picture.
en:33:avg,25,28,Ring is worth a look if if you don't demand much more than a few cheapthrithrills from your Halloween entertainment.,,en,word_vectors_avg,39,average,1,"The Ring is worth a look, if you don't demand much more than a few cheap thrills from your Halloween entertainment."
en:44:avg,14,14,I like the new footage and still love the old stuff.,I like the new footage and still love the old stuff.,en,word_vectors_avg,50,average,2,I like the new footage and still love the old stuff.
en:45:avg,23,29,"It briefly flirts with actor homoochist, but the point of real interest is audience sadism -- is evacliped completely.","It briefly flirts with actor, but the point of real interest is that audience panic is evaded completely.",en,word_vectors_avg,51,average,1,"It briefly flirts with player masochism, but the point of real interest -- audience sadism -- is evaded completely."
en:46:avg,14,15,The Country Bears really be as bad as its trailers?,,en,word_vectors_avg,52,average,0,Could The Country Bears really be as bad as its trailers?
en:50:avg,7,8,film seems a dead weight.,,en,word_vectors_avg,56,average,0,The film seems a dead weight.
en:51:avg,34,48,"ling often often funnyhilarious romantic,alousy,, Ata looks so much like a young Robert RodriguezNiro, it seems the film should instead be called MyMy Husband Is Richardvis Bellckle..",,en,word_vectors_avg,57,average,2,"Sparkling, often hilarious romantic jealousy comedy... Attal looks so much like a young Robert DeNiro that it seems the film should instead be called `My Husband Is Travis Bickle'."
en:53:avg,16,22,"pauy movie,'s not justly unwatchable, but also unknowable.",,en,word_vectors_avg,59,average,0,"A lousy movie that's not merely unwatchable, but also unlistenable."
en:55:avg,36,42,"A strong script, powerful direction and splendid production design allows us to be transported into the life of W.udio Wis Mosiminski, who is not only a pianist, but a good human being.","A strong script, powerful direction and splendid production design allows us to be transported into the life of W. S., who is not only a pianist, but a good human being.",en,word_vectors_avg,61,average,2,"A strong script, powerful direction and splendid production design allows us to be transported into the life of Wladyslaw Szpilman, who is not only a pianist, but a good human being."
en:58:avg,8,12,"'s a fanboy,what if'',",,en,word_vectors_avg,64,average,1,It's a fanboy `what if?'
en:61:avg,37,58,"Reese, Annalain Jonesn, and Anna Joness play Stanmond's legalistvilles, and when joined by Jonesnan, the sight of this cosoquet trioet,lling in pretty American settings is a pleasant enough thing to ``bs",,en,word_vectors_avg,67,average,2,"Stephen Rea, Aidan Quinn, and Alan Bates play Desmond's legal eagles, and when joined by Brosnan, the sight of this grandiloquent quartet lolling in pretty Irish settings is a pleasant enough thing, `tis."
en:64:avg,12,16,Everything was as superficial as the forced New Jersey high accent accent A had,Everything was as superficial as the forced New Jersey high-school high-school high-school high-school high-school high-school high-school high-school high-school high-school.,en,word_vectors_avg,70,average,0,Everything was as superficial as the forced New Jersey lowbrow accent Uma had.
en:72:avg,24,31,"A zombie movie in every sense of the word --lessless life lifeless, irritadering, irritane, irritaful, provocanoxious.","A zombie movie in every sense of the word --lesslessless lifeless, calculating, louder, irritating,",en,word_vectors_avg,78,average,0,"A zombie movie in every sense of the word -- mindless, lifeless, meandering, loud, painful, obnoxious."
en:77:avg,28,31,"Crime knows knows the mistakes that bad movies make and is determined not to make them, and maybe that is no of of a sort.",,en,word_vectors_avg,83,average,1,"High Crimes knows the mistakes that bad movies make and is determined not to make them, and maybe that is nobility of a sort."
en:80:avg,7,14,"A a bland,ousmys-theus-wn..","A bland, insane, corruption-engendering.",en,word_vectors_avg,86,average,0,... a bland murder-on-campus yawner.
en:83:avg,17,22,"fers from ragbling, repetitive dialogue and the visual sreadness,mic to digital video.",,en,word_vectors_avg,89,average,0,"Suffers from rambling, repetitive dialogue and the visual drabness endemic to digital video."
en:86:avg,20,21,Features one of the most affecting imagespictions of a love affair ever committed to film.,Features one of the most affecting images of a love affair ever committed to film.,en,word_vectors_avg,92,average,2,Features one of the most affecting depictions of a love affair ever committed to film.
en:96:avg,25,32,"a harddered voyeur would have the patience of Job to get through this articulaterminable,lessless documentary about the swinging cultureculture.",,en,word_vectors_avg,102,average,0,"Even a hardened voyeur would require the patience of Job to get through this interminable, shapeless documentary about the swinging subculture."
en:100:avg,30,36,"film is a capricived, as artificial as the video games Japanese teens play in a nighttime schedulequence, but it's an enjoyable one.",,en,word_vectors_avg,106,average,1,"The film is a contrivance, as artificial as the video games Japanese teens play in a nightclub sequence, but it's an enjoyable one."
en:101:avg,24,29,"its worst the screen is is callck, but at its best it is a young artist's thoughtful consideration of Fatherhood.",,en,word_vectors_avg,107,average,1,"At its worst the screenplay is callow, but at its best it is a young artist's thoughtful consideration of fatherhood."
en:107:avg,23,26,has has created a breathtakly assured and stylish work of spare dialogue and acute expressiveness.,,en,word_vectors_avg,113,average,2,Jeffs has created a breathtakingly assured and stylish work of spare dialogue and acute expressiveness.
en:131:avg,15,21,mic chronicler of money bubing New Yorkers and their seriallylier hookupss.,,en,word_vectors_avg,137,average,1,Anemic chronicle of money grubbing New Yorkers and their serial loveless hook ups.
en:133:avg,16,17,I've decided to leave a light on every night from now on.,,en,word_vectors_avg,139,average,1,And I've decided to leave a light on every night from now on.
en:143:avg,18,24,aiyah rarely disps her Divava persona enough to spark genuine chemistry with Wilsonsend.,,en,word_vectors_avg,149,average,1,Aaliyah rarely dampens her diva persona enough to spark genuine chemistry with Townsend.
en:146:avg,23,25,It would be a total loss if not for two supporting performances taking place at the movie edges edges.,It would be a total loss if not for two supporting performances taking place at the movie edges.,en,word_vectors_avg,152,average,1,... would be a total loss if not for two supporting performances taking place at the movie's edges.
en:147:avg,35,42,An inspiring and affectwarmwarmighteningting film about the desperate attempts of Japaneseese refugees living in I.S. relocation camps to keep their hopes alive in 1978.,An inspiring and affecting film about the desperate attempts of Japanese refugees living in Iowa relocation camps to keep their hopes alive in 1978.,en,word_vectors_avg,153,average,2,An inspiring and heart-affecting film about the desperate attempts of Vietnamese refugees living in U.S. relocation camps to keep their hopes alive in 1975.
en:152:avg,12,15,"'s funnyniest, most likeable movie in years.",,en,word_vectors_avg,158,average,2,Allen's funniest and most likeable movie in years.
en:154:avg,23,29,"There is a refreshingabsenceabsence of sceicism in Stewart Little a, quite a rarity even even in the family film market.","There is a refreshingabsence of scepticism in Stewart Little ax, quite a rarity even in the family film market.",en,word_vectors_avg,160,average,2,"There is a refreshing absence of cynicism in Stuart Little 2 -- quite a rarity, even in the family film market."
en:164:avg,17,26,by the intentionally low standards of boyboyboy humor humorous Narianoity Boys is a buffser.,,en,word_vectors_avg,170,average,0,"Even by the intentionally low standards of frat-boy humor, Sorority Boys is a bowser."
en:176:avg,18,25,"stunning, dreamlike visuals will impress even those audienceers who have little patience for filmvisionPro,con.",,en,word_vectors_avg,182,average,2,"The stunning, dreamlike visuals will impress even those viewers who have little patience for Euro-film pretension."
en:191:avg,19,24,"Taxigie fanses fans, this is more appaizing than a side dish of oliveparagus.",,en,word_vectors_avg,197,average,2,"For VeggieTales fans, this is more appetizing than a side dish of asparagus."
en:192:avg,39,42,"it regards 1978 as the key turning point of the 20th century, and returns again and again to images of sdents in the streets, it's alarmingly current.",,en,word_vectors_avg,198,average,1,"While it regards 1967 as the key turning point of the 20th century, and returns again and again to images of dissidents in the streets, it's alarmingly current."
en:197:avg,42,49,"Tattoo srows heavily from both Seven and The Silence of the Lambs, it manages to maintain both a level of sofisticphisticated intrigintrigue and human-likehat characters that sck the audience in.",,en,word_vectors_avg,203,average,2,"While Tattoo borrows heavily from both Seven and The Silence of the Lambs, it manages to maintain both a level of sophisticated intrigue and human-scale characters that suck the audience in."
en:200:avg,24,28,'s the best film of the year so far the the benchmark against which all other Best Picture judgeders should be metd.,,en,word_vectors_avg,206,average,2,"It's the best film of the year so far, the benchmark against which all other Best Picture contenders should be measured."
en:201:avg,12,14,is one of the biggest disaappointments of the year.,,en,word_vectors_avg,207,average,0,This is one of the biggest disappointments of the year.
en:203:avg,28,41,Deniseges out of the theories of class and based onrage andlyhood obsessession a switchor-wird spinning wheelk that ringrings with cultural sexual sexual and social war.,Denise seeks out of the theories of class and class based aggression andly obsessiveness a switch-wire-fiddle that ringes with cultural sexuality and social drift.,en,word_vectors_avg,209,average,1,"Denis forges out of the theories of class - based rage and sisterly obsession a razor-sided tuning fork that rings with cultural, sexual and social discord."
en:229:avg,29,44,"A thoroughly horriblewful movie, stupidmblylytively,otic, visually ppy -- a weird amalgam of TheThe Thingsing' and a veteranatric ``Cick''","A thoroughly horrible movie -- stupidly, flawedly, visually unsatisfying -- a weird amalgam of The Things and a veteran ``California''.",en,word_vectors_avg,235,average,0,"A thoroughly awful movie -- dumb, narratively chaotic, visually sloppy... a weird amalgam of `The Thing' and a geriatric `Scream.'"
en:232:avg,31,36,"movie has no respect for laws, political correctness, common sensecei, but it displays something more important, respect for its flawed, crazy people.",,en,word_vectors_avg,238,average,1,"The movie has no respect for laws, political correctness or common decency, but it displays something more important: respect for its flawed, crazy people."
en:238:avg,32,36,"would be aingenuous to call Reno a great film, but you can say that about most of the fcks moving in and out of the studiox.",,en,word_vectors_avg,244,average,1,"It would be disingenuous to call Reno a great film, but you can say that about most of the flicks moving in and out of the multiplex."
en:242:avg,7,11,iguing and downward intrufuriating.,,en,word_vectors_avg,248,average,2,Intriguing and downright intoxicating.
en:244:avg,26,32,the most irritaying thing about Who Is Detmens Just? Just that it's a crime movie made by someone who obviously knows nothing about crime.,,en,word_vectors_avg,250,average,0,Perhaps the most annoying thing about Who Is Cletis Tout? is that it's a crime movie made by someone who obviously knows nothing about crime.
en:246:avg,21,26,quirky drama touches the heart and the funny thankss to the energi and always surprising performance by Helen Griffiths.,,en,word_vectors_avg,252,average,2,The quirky drama touches the heart and the funnybone thanks to the energetic and always surprising performance by Rachel Griffiths.
en:248:avg,8,12,and ffling from the go gogo.,,en,word_vectors_avg,254,average,0,Bad and baffling from the get-go.
en:249:avg,22,28,movie is a blast of educational energy as as ncy animaanimation and y songs escort you through the entire 78 minutes.,,en,word_vectors_avg,255,average,2,"The movie is a blast of educational energy, as bouncy animation and catchy songs escort you through the entire 85 minutes."
en:253:avg,30,38,"real charm of this trifle is the deadly comic face of its star, Jean-no, who reseembles Mrly Andersonlone in a hot sake sleep sleepsleep.",,en,word_vectors_avg,259,average,1,"The real charm of this trifle is the deadpan comic face of its star, Jean Reno, who resembles Sly Stallone in a hot sake half-sleep."
en:260:avg,48,56,"vellet can't avoid a fatal mistake in the modern era, He's changed the male academic from a lower-class Brit to an American a a choice that ssets the novel's exquisite balance and srinks the fabric of the film.",,en,word_vectors_avg,266,average,1,"LaBute can't avoid a fatal mistake in the modern era: He's changed the male academic from a lower-class Brit to an American, a choice that upsets the novel's exquisite balance and shreds the fabric of the film."
en:264:avg,16,17,e gives a good performance in a film that doesn't merit it.,,en,word_vectors_avg,270,average,1,Gere gives a good performance in a film that doesn't merit it.
en:268:avg,20,24,"director, with his fake backgrounddrops andlyly pathe, never settles on a consistent tone.",,en,word_vectors_avg,274,average,0,"The director, with his fake backdrops and stately pacing, never settles on a consistent tone."
en:269:avg,24,27,"Why he was given free reign over this project- he wrote direct directed, starved and produced -- is beyond me.","Why he was given free reign over this project- he wrote directed, starved and produced -- is beyond me.",en,word_vectors_avg,275,average,0,"Why he was given free reign over this project -- he wrote, directed, starred and produced -- is beyond me."
en:270:avg,25,27,"you enjoy being rewarded by a script that assumes you aren't very bright, then Bloody is for you.",,en,word_vectors_avg,276,average,0,"If you enjoy being rewarded by a script that assumes you aren't very bright, then Blood Work is for you."
en:271:avg,28,37,"Andyyard White,, Iran needs to take a good sweat to clarify his cinematic vision before his second creation and remember the lessons of the trickster der.",,en,word_vectors_avg,277,average,0,"Like Rudy Yellow Lodge, Eyre needs to take a good sweat to clarify his cinematic vision before his next creation and remember the lessons of the trickster spider."
en:283:avg,7,11,", unaring, warming, warm",,en,word_vectors_avg,289,average,2,"Hard, endearing, caring, warm."
en:285:avg,32,38,The way Arnoldpola professes his love for movies of both colorful pop-junk and the classics that aequivocally qualify as art -- is digdyly entertaining.,The way Arnold professes his love for movies of both colorful pop-junky and the classics that aim to categorically qualify as art is diggling.,en,word_vectors_avg,291,average,2,The way Coppola professes his love for movies -- both colorful pop junk and the classics that unequivocally qualify as art -- is giddily entertaining.
en:293:avg,35,41,"It won't fast your gut, and it's not intended to be it's justly a blandly cinematic,rogaical examination of what makes a joke a joke.","It won't faster your gut, and it's not intended to be funny, it's just a blandly cinematic examination of what makes a joke a joke.",en,word_vectors_avg,299,average,1,It won't bust your gut -- and it's not intended to -- it's merely a blandly cinematic surgical examination of what makes a joke a joke.
en:298:avg,22,35,"unwus,bull-the-pointe-ter of Welcome to Lincolnn has has a y after after-hours-ings to it.",,en,word_vectors_avg,304,average,1,"The doofus-on-the-loose banter of Welcome to Collinwood has a cocky, after-hours loopiness to it."
en:299:avg,13,16,'s the laughniest American comedy since graffitifiti Bridge.,,en,word_vectors_avg,305,average,2,It's the funniest American comedy since Graffiti Bridge.
en:302:avg,31,40,"n gruelinglling and heartbreaking to witness, but Kellerlier and Castromann's stelling performances raise this far above the level of the usual,ellin disease movie.",,en,word_vectors_avg,308,average,2,"Often gruelling and heartbreaking to witness, but Seldahl and Wollter's sterling performances raise this far above the level of the usual maudlin disease movie."
en:307:avg,20,25,"That is basicallyly what missings missing from Microsoftboard,, the sense of something bigger, some ultimate point.","That is basically what missing from Microsoft, in the sense of something bigger, some ultimate point.",en,word_vectors_avg,313,average,1,"That is essentially what's missing from Blackboards -- the sense of something bigger, some ultimate point."
en:310:avg,26,34,"The dim,witted and slowzy offoffoff of the Animal Planet documentary series Cra Craodile Hunter is entertainment opportunist at its most glaring.","The dim, slow off-road of the Animal Planet documentary series Cracker Hunter is entertainment opportunist at its most glaring.",en,word_vectors_avg,316,average,0,"A dim-witted and lazy spin-off of the Animal Planet documentary series, Crocodile Hunter is entertainment opportunism at its most glaring."
en:322:avg,20,23,An ewful movie that will only satisfy the most emotionally laleable of filmmakersers.,An evil movie that will only satisfy the most emotionally labile of filmmakers.,en,word_vectors_avg,328,average,0,An awful movie that will only satisfy the most emotionally malleable of filmgoers.
en:344:avg,50,67,dar's ode to combatling life wonders wonderment is a ragbling and inconherent manifesto about the sgueness of subjectal excesses In Lovise of Love remains a ragous and inentious endeavor that uns overincused and tedioously exaperating.,,en,word_vectors_avg,350,average,0,Godard's ode to tackling life's wonderment is a rambling and incoherent manifesto about the vagueness of topical excess... In Praise of Love remains a ponderous and pretentious endeavor that's unfocused and tediously exasperating.
en:346:avg,36,42,never truly come to care about the main characters and whether or not they windll wind up together and and Michael''s spiritual quest is neiing amusing nor dramatic enough to sustain interest.,,en,word_vectors_avg,352,average,0,"We never truly come to care about the main characters and whether or not they'll wind up together, and Michele's spiritual quest is neither amusing nor dramatic enough to sustain interest."
en:349:avg,13,20,"Castroch,s fictionthology could have used some informed adult adulthoodsight.","Castro's fiction could have used some informed adulthood, but",en,word_vectors_avg,355,average,1,"Peralta's mythmaking could have used some informed, adult hindsight."
en:356:avg,33,35,s will certainly want to spend their time in the theatrtheater thinking up grocery lists and ways to tell their kids how not to act like Pinocchio.,,en,word_vectors_avg,362,average,1,Adults will certainly want to spend their time in the theater thinking up grocery lists and ways to tell their kids how not to act like Pinocchio.
en:357:avg,31,31,"Not as distinctive or even as humorous as its needs to be to stand out, but it has clearly been made with affection and care.","Not as distinctive or even as humorous as its needs to be to stand out, but it has clearly been made with affection and care.",en,word_vectors_avg,363,average,1,"Not as distinctive or even as humorous as its needs to be to stand out, but it has clearly been made with affection and care."
en:358:avg,17,20,generic family comedy likelylikely to be appreciated by anyone outside the under- set.,,en,word_vectors_avg,364,average,0,A generic family comedy unlikely to be appreciated by anyone outside the under-10 set.
en:362:avg,21,31,"Director-direct Jonathan-or John Parker attempts attempts to fashion a likeianlike, real-realismre fall dreadfully short.",Director Michael Parker attempts to fashion a like-minded satirist fall dreadfully short.,en,word_vectors_avg,368,average,0,"Co-writer/director Jonathan Parker's attempts to fashion a Brazil-like, hyper-real satire fall dreadfully short."
en:371:avg,13,16,just doesn't have much to to especially in a moral sense.,,en,word_vectors_avg,377,average,1,It just doesn't have much else... especially in a moral sense.
en:372:avg,19,24,Those familiarfamiliar with Mormon traditions may find The Singles Whor sometimesally bendingdering.,Those familiar with Mormon traditions may find The Singles Wharf sometimes bending.,en,word_vectors_avg,378,average,1,Those unfamiliar with Mormon traditions may find The Singles Ward occasionally bewildering.
en:374:avg,18,19,"the talented cast alone will keep you watching, as will the fight scenes.",,en,word_vectors_avg,380,average,2,"But the talented cast alone will keep you watching, as will the fight scenes."
en:378:avg,23,24,"important movie, a reminder of the power of film to move us and to make us examine our values.",,en,word_vectors_avg,384,average,2,"An important movie, a reminder of the power of film to move us and to make us examine our values."
en:380:avg,21,24,richly imaginad and admirable mature work from a gifted director who definitely has something on his mind.,,en,word_vectors_avg,386,average,2,A richly imagined and admirably mature work from a gifted director who definitely has something on his mind.
en:383:avg,20,22,what's nice is that there's a casual intelligentintelligence that permeates the script.,,en,word_vectors_avg,389,average,2,But what's nice is that there's a casual intelligence that permeates the script.
en:388:avg,24,28,"s mildlight, as if it were an extended short film butbeit one made by the smartest kids in class.",,en,word_vectors_avg,394,average,1,"Feels slight, as if it were an extended short, albeit one made by the smartest kids in class."
en:389:avg,12,13,picture doesn't know it's a comedy.,,en,word_vectors_avg,395,average,1,The picture doesn't know it's a comedy.
en:395:avg,19,26,"'s a headerhner- thoughtful written, beautifully read, finally finally, deeply humanizing.",,en,word_vectors_avg,401,average,2,"It's a head-turner -- thoughtfully written, beautifully read and, finally, deeply humanizing."
en:398:avg,24,33,"Men in Black II achieves ultimate precisficance, it's the sci-fi comedy spectacle as Balhaiff' Epiceob'pic.","Men in Black II achieves ultimate precision, it's the sci-fi comedy spectacle as Ballack's Epic.",en,word_vectors_avg,404,average,0,Men in Black II achieves ultimate insignificance -- it's the sci-fi comedy spectacle as Whiffle-Ball epic.
