trial,tf_correct,tf_scored,tf_text,free_text,lang,condition,sentence_id,reader,label,gold
en:0,12,29,s a stunning chance study beinging to capture a solidably why to believe about the obvious bests that of naturecency.,,en,noise,5,ZAB,1,Presents a good case while failing to provide a reason for us to care beyond the very basic dictums of human decency.
en:2,7,24,"ed and ster, a much wonderfullaws,' be hard to yous to forgetrug off.",,en,noise,7,ZAB,0,"Bread, My Sweet has so many flaws it would be easy for critics to shred it."
en:8,14,40,"youances Wild were a aelveaed to, bitch, would have been a littlefire, but that the that that wills about much that's to los a.",,en,noise,14,ZAB,1,"If Deuces Wild had been tweaked up a notch it would have become a camp adventure, one of those movies that's so bad it starts to become good."
en:26,2,10,"' the way,- the film,",,en,noise,32,ZAB,2,I love the robust middle of this picture.
en:33,11,28,film is a a watch at but you''t mind a from than athrills. a costume.,,en,noise,39,ZAB,1,"The Ring is worth a look, if you don't demand much more than a few cheap thrills from your Halloween entertainment."
en:44,5,14,"'d way movieage, the like the old..",,en,noise,50,ZAB,2,I like the new footage and still love the old stuff.
en:45,11,29,"'ly captures with the-queism, but it  is theism is especiallysly -- is atpiced by.",,en,noise,51,ZAB,1,"It briefly flirts with player masochism, but the point of real interest -- audience sadism -- is evaded completely."
en:46,3,15,n Movie be be be the good as the pred..,,en,noise,52,ZAB,0,Could The Country Bears really be as bad as its trailers?
en:50,3,8,film is to littlely.,,en,noise,56,ZAB,0,The film seems a dead weight.
en:51,16,48,"lingly yet flarious, comedyalousy,, isicusson at much like a movieer Down Niro, it' like moviemakers be be aThe Heroband' aitor.ckerling'.",,en,noise,57,ZAB,2,"Sparkling, often hilarious romantic jealousy comedy... Attal looks so much like a young Robert DeNiro that it seems the film should instead be called `My Husband Is Travis Bickle'."
en:53,12,22,"beautifuludy film,'s not particularlyly funnyinteresable, but also notinteresable.",,en,noise,59,ZAB,0,"A lousy movie that's not merely unwatchable, but also unlistenable."
en:55,14,42,"filmly, a ac, aly,, for to feel immered to a un of a.dys,,ymer, a is a only a great, but also friend being.",,en,noise,61,ZAB,2,"A strong script, powerful direction and splendid production design allows us to be transported into the life of Wladyslaw Szpilman, who is not only a pianist, but a good human being."
en:58,3,12,'s a greatcy movieemever' movie,,en,noise,64,ZAB,1,It's a fanboy `what if?'
en:61,15,58,"Kingedves the. andn, and John Greens, atiny Tus "" advicevilles, are the theing, a., the films a filmoseust filmet isomss the much airs is a rare surprise memory to butbut",,en,noise,67,ZAB,2,"Stephen Rea, Aidan Quinn, and Alan Bates play Desmond's legal eagles, and when joined by Brosnan, the sight of this grandiloquent quartet lolling in pretty Irish settings is a pleasant enough thing, `tis."
en:64,2,16,about so goodly the movie film York hit- movies Thu,,en,noise,70,ZAB,0,Everything was as superficial as the forced New Jersey lowbrow accent Uma had.
en:72,13,31,"film movie, a way, the word, but you, inless, andwhile,ud andful,scenxious,",,en,noise,78,ZAB,0,"A zombie movie in every sense of the word -- mindless, lifeless, meandering, loud, painful, obnoxious."
en:77,7,31,"is of no audiences of many actor make, the thed to to make a any but it the' why reason' the movie.",,en,noise,83,ZAB,1,"High Crimes knows the mistakes that bad movies make and is determined not to make them, and maybe that is nobility of a sort."
en:80,4,14,"a movie, mysterydramalytheus comedycht..",,en,noise,86,ZAB,0,... a bland murder-on-campus yawner.
en:83,5,22,"fice to beingblings andtive,, a inlyreadness ofavour of the media.",,en,noise,89,ZAB,0,"Suffers from rambling, repetitive dialogue and the visual drabness endemic to digital video."
en:86,10,21,"s are of the most comping momentsalstions of the film story, made to a.",,en,noise,92,ZAB,2,Features one of the most affecting depictions of a love affair ever committed to film.
en:96,9,32,"if movieshed,istic not a audience of a, find to thetricaableless,y. aing,culture.",,en,noise,102,ZAB,0,"Even a hardened voyeur would require the patience of Job to get through this interminable, shapeless documentary about the swinging subculture."
en:100,14,36,"film is a greatundved to a itly the real,,,age have in the timeclub,atnce. and it's also aable one.",,en,noise,106,ZAB,1,"The film is a contrivance, as artificial as the video games Japanese teens play in a nightclub sequence, but it's an enjoyable one."
en:101,13,29,"its best, filmplay is athar, the the its best it' amus,'s work process,. thehood.",,en,noise,107,ZAB,1,"At its worst the screenplay is callow, but at its best it is a young artist's thoughtful consideration of fatherhood."
en:107,10,26,"Bridge is a a filmtakingly beautifuld film compish film of art time,ive memory.",,en,noise,113,ZAB,2,Jeffs has created a breathtakingly assured and stylish work of spare dialogue and acute expressiveness.
en:131,8,21,"mone,le of a,bing, Yorkers, a in kill interestnesserss.",,en,noise,137,ZAB,1,Anemic chronicle of money grubbing New Yorkers and their serial loveless hook ups.
en:133,6,17,",'m got to keep itside on the one. on.",,en,noise,139,ZAB,1,And I've decided to leave a light on every night from now on.
en:143,9,24,beautifuliyah isly getsps the audienceva- with to make here interestmistry. her Hall.,,en,noise,149,ZAB,1,Aaliyah rarely dampens her diva persona enough to spark genuine chemistry with Townsend.
en:146,11,25,a be a great failure to it for the-ing characterss from place in the end's end..,,en,noise,152,ZAB,1,... would be a total loss if not for two supporting performances taking place at the movie's edges.
en:147,18,42,"engaingly compwarmwarmraidting film, the struggleion needs of aese womenes to in atahS. tolent tos to escape their familiess andve. a.",,en,noise,153,ZAB,2,An inspiring and heart-affecting film about the desperate attempts of Vietnamese refugees living in U.S. relocation camps to keep their hopes alive in 1975.
en:152,8,15,'s filmniest film mostable film..,,en,noise,158,ZAB,2,Allen's funniest and most likeable movie in years.
en:154,10,29,"' no lotinglyabsence of theicism from the'', the a movieity. if if the tradition..",,en,noise,160,ZAB,2,"There is a refreshing absence of cynicism in Stuart Little 2 -- quite a rarity, even in the family film market."
en:164,8,26,"if the time of long-s of theughtilityfills, thisenity is' a solidspecta-.",,en,noise,170,ZAB,0,"Even by the intentionally low standards of frat-boy humor, Sorority Boys is a bowser."
en:176,8,25,filmly yety performances of make even the whoing who have never patience for-American.views,,en,noise,182,ZAB,2,"The stunning, dreamlike visuals will impress even those viewers who have little patience for Euro-film pretension."
en:191,12,24,"thegie,es,, this is a thanetizing than the movie-sh.sortgus.",,en,noise,197,ZAB,2,"For VeggieTales fans, this is more appetizing than a side dish of asparagus."
en:192,23,42,"it's as as a best to point of the erath century, it iss to to again to the of thedents, a,, it's notingly slow.",,en,noise,198,ZAB,1,"While it regards 1967 as the key turning point of the 20th century, and returns again and again to images of dissidents in the streets, it's alarmingly current."
en:197,18,49,"itsinged fromvily from a theth Ni Sixence of the Lambs, it's to remain its ofphisticationnessintelligence.-likeick.cks. most..",,en,noise,203,ZAB,2,"While Tattoo borrows heavily from both Seven and The Silence of the Lambs, it manages to maintain both a level of sophisticated intrigue and human-scale characters that suck the audience in."
en:200,11,28,"'s a kind movie I the year, far, and audiences the the the films Western filmsders are bed.",,en,noise,206,ZAB,2,"It's the best film of the year so far, the benchmark against which all other Best Picture contenders should be measured."
en:201,9,14,is a of those most filmsappointments of the year.,,en,noise,207,ZAB,0,This is one of the biggest disappointments of the year.
en:203,9,41,"emed a a context wayries of the and the onsquare on ahood lovesession --likeor-thind,ft, the. wouldfla a a  psycholog and emotional .",,en,noise,209,ZAB,1,"Denis forges out of the theories of class - based rage and sisterly obsession a razor-sided tuning fork that rings with cultural, sexual and social discord."
en:229,18,44,"filmly enjoymusful film, itll, bortive, writtenotic, andly unsppy, andside onem of bothreal Matrixing' and `watric oneTheanta''",,en,noise,235,ZAB,0,"A thoroughly awful movie -- dumb, narratively chaotic, visually sloppy... a weird amalgam of `The Thing' and a geriatric `Scream.'"
en:232,11,36,"film is a  for theuit and processness, moral senseedncy, but it's a of of than a for the audiencewriterwed characters un characters.",,en,noise,238,ZAB,1,"The movie has no respect for laws, political correctness or common decency, but it displays something more important: respect for its flawed, crazy people."
en:238,16,36,"' be aappointuous to say thised a movie film, but it'' it it the of thecker. in the out. thex.",,en,noise,244,ZAB,1,"It would be disingenuous to call Reno a great film, but you can say that about most of the flicks moving in and out of the multiplex."
en:242,6,11,iguingly unright defuriating.,,en,noise,248,ZAB,2,Intriguing and downright intoxicating.
en:244,14,32,"the best compying thing about thisle Whoo isous is that it's so movie story, by a who' has what about his.",,en,noise,250,ZAB,0,Perhaps the most annoying thing about Who Is Cletis Tout? is that it's a crime movie made by someone who obviously knows nothing about crime.
en:246,7,26,"filmntes, iss on heart of the soul oness to the well, enga engalys Wei..",,en,noise,252,ZAB,2,The quirky drama touches the heart and the funnybone thanks to the energetic and always surprising performance by Rachel Griffiths.
en:248,7,12,", uffling. the start-go.",,en,noise,254,ZAB,0,Bad and baffling from the get-go.
en:249,10,28,"film is a greatt from comedy de, but itncing,thro and engay music all you to the-.",,en,noise,255,ZAB,2,"The movie is a blast of educational energy, as bouncy animation and catchy songs escort you through the entire 85 minutes."
en:253,14,38,"film deal of this filmlog is the waylyly effects the protagonist, the-nier, who,embles aheld andlone. a movie-.-ho.",,en,noise,259,ZAB,1,"The real charm of this trifle is the deadpan comic face of its star, Jean Reno, who resembles Sly Stallone in a hot sake half-sleep."
en:260,18,56,"tellet is't be the few mistake, his first-, thearings a his way- community a man-class academic, a inferior who andssum that'sets all audienceists readerse . conrinks the original of the novel.",,en,noise,266,ZAB,1,"LaBute can't avoid a fatal mistake in the modern era: He's changed the male academic from a lower-class Brit to an American, a choice that upsets the novel's exquisite balance and shreds the fabric of the film."
en:264,7,17,"ry, a strange chance, a that''t.",,en,noise,270,ZAB,1,Gere gives a good performance in a film that doesn't merit it.
en:268,6,24,"film' who his extraordinar-story and and ad camerarody, is letled for a moviely.",,en,noise,274,ZAB,0,"The director, with his fake backdrops and stately pacing, never settles on a consistent tone."
en:269,6,27,"is' so a reigns a movie is and' it it and and and-, -- is a compre.",,en,noise,275,ZAB,0,"Why he was given free reign over this project -- he wrote, directed, starred and produced -- is beyond me."
en:270,11,27,"you' a entertained with a movieed's you''t a good, you youys a you.",,en,noise,276,ZAB,0,"If you enjoy being rewarded by a script that assumes you aren't very bright, then Blood Work is for you."
en:271,9,37,"ay Giuliastone, there is to be a deep looker theify the pointtic . he movie. then: learned..ke.",,en,noise,277,ZAB,0,"Like Rudy Yellow Lodge, Eyre needs to take a good sweat to clarify his cinematic vision before his next creation and remember the lessons of the trickster spider."
en:283,4,11,"to hardaringly anding,,",,en,noise,289,ZAB,2,"Hard, endearing, caring, warm."
en:285,11,38,film thee andses to love for the is the theful and andgraphic -- a kindal -- makesettlly makefy them a. is todyly funnying.,,en,noise,291,ZAB,2,The way Coppola professes his love for movies -- both colorful pop junk and the classics that unequivocally qualify as art -- is giddily entertaining.
en:293,19,41,''t best your appetits it it wons not a to be for's justly a movieing melotic porroundical projecttion of the' a movie.mus.,,en,noise,299,ZAB,1,It won't bust your gut -- and it's not intended to -- it's merely a blandly cinematic surgical examination of what makes a joke a joke.
en:298,11,35,"filmomus filmthelya-walle,ter is the Home thesion is is its loty, thoughtheurs-.s effect it.",,en,noise,304,ZAB,1,"The doofus-on-the-loose banter of Welcome to Collinwood has a cocky, after-hours loopiness to it."
en:299,8,16,'s a kindniest film comedy offiti.s,,en,noise,305,ZAB,2,It's the funniest American comedy since Graffiti Bridge.
en:302,14,40,",elingsome, inbreaking, watch, the itma' hisstone's filmling performances are the film- the level of acchilin...",,en,noise,308,ZAB,2,"Often gruelling and heartbreaking to witness, but Seldahl and Wollter's sterling performances raise this far above the level of the usual maudlin disease movie."
en:307,5,25,"' notly the as in in the Friday,, the story of anticipa new than more moretely senseless",,en,noise,313,ZAB,1,"That is essentially what's missing from Blackboards -- the sense of something bigger, some ultimate point."
en:310,11,34,"filmlywitted, inme filmoffoff, a American Farm,y,, whichodile Sam, a,ist, its bestring.",,en,noise,316,ZAB,0,"A dim-witted and lazy spin-off of the Animal Planet documentary series, Crocodile Hunter is entertainment opportunism at its most glaring."
en:322,10,23,"awful lot,, never makey a  discernly imcontentable ofmakersers.",,en,noise,328,ZAB,0,An awful movie that will only satisfy the most emotionally malleable of filmgoers.
en:344,32,67,"knows's film to theling the iss mosts is a rebling, furiherent one, the strugglegueness of humanal wisdomes and theise of the,s the filmous and inentious workavor. wills alllikecused on undioously lostaperating.",,en,noise,350,ZAB,0,Godard's ode to tackling life's wonderment is a rambling and incoherent manifesto about the vagueness of topical excess... In Praise of Love remains a ponderous and pretentious endeavor that's unfocused and tediously exasperating.
en:346,13,42,"' really understood across a about the movie characters, the they not they arere be up in in but thee,sity for ather realist pleasanting nor entertain.. be a.",,en,noise,352,ZAB,0,"We never truly come to care about the main characters and whether or not they'll wind up together, and Michele's spiritual quest is neither amusing nor dramatic enough to sustain interest."
en:349,7,20,"ce,s filmthical is be been more moredsight.",,en,noise,355,ZAB,1,"Peralta's mythmaking could have used some informed, adult hindsight."
en:356,14,35,"s can love enjoy to watch more time watching a moviestheater, about aovyy lists, the to make their kids about to to be. adultsocchio.",,en,noise,362,ZAB,1,Adults will certainly want to spend their time in the theater thinking up grocery lists and ways to tell their kids how not to act like Pinocchio.
en:357,9,31,"a goodly as as as originalous as the pred to be, the- from this it' a been a a.. empat.",,en,noise,363,ZAB,1,"Not as distinctive or even as humorous as its needs to be to stand out, but it has clearly been made with affection and care."
en:358,8,20,"beautiful, drama,like any to be maded by anyone of familyclasss.",,en,noise,364,ZAB,0,A generic family comedy unlikely to be appreciated by anyone outside the under-10 set.
en:362,12,31,"ppercre,director/ Levi iss films at make a movieianthe American-realistismre, onreadfully short.",,en,noise,368,ZAB,0,"Co-writer/director Jonathan Parker's attempts to fashion a Brazil-like, hyper-real satire fall dreadfully short."
en:371,5,16,' doesn't feel the to to not the moviely.,,en,noise,377,ZAB,1,It just doesn't have much else... especially in a moral sense.
en:372,9,24,whofortunamiliar characters themon moviess may have themselves Hunger- arem aally adering.,,en,noise,378,ZAB,1,Those unfamiliar with Mormon traditions may find The Singles Ward occasionally bewildering.
en:374,5,19,"it filmed director, is not the guess. and the the-s.",,en,noise,380,ZAB,2,"But the talented cast alone will keep you watching, as will the fight scenes."
en:378,10,24,"aly, but greater of the difficult of amaking make us beyond change make us feel the lives.",,en,noise,384,ZAB,2,"An important movie, a reminder of the power of film to move us and to make us examine our values."
en:380,8,24,"filmly craftd, yetble realistd, a talented and who has knows a to his heart.",,en,noise,386,ZAB,2,A richly imagined and admirably mature work from a gifted director who definitely has something on his mind.
en:383,9,22,it ifs more about that the's no lot audiencethri in makesmeates the story.,,en,noise,389,ZAB,2,But what's nice is that there's a casual intelligence that permeates the script.
en:388,10,28,"s likelightly a if it were a olded movie film twobeit brief that for a,,. the.",,en,noise,394,ZAB,1,"Feels slight, as if it were an extended short, albeit one made by the smartest kids in class."
en:389,5,13,"film is't make what's been movie,",,en,noise,395,ZAB,1,The picture doesn't know it's a comedy.
en:395,11,26,"'s a movieysner, aful made, andly produced and most,ly..",,en,noise,401,ZAB,2,"It's a head-turner -- thoughtfully written, beautifully read and, finally, deeply humanizing."
en:398,11,33,cken Black is iss ate ficant by in's a most-fi film that that.igle.upreak'ats.,,en,noise,404,ZAB,0,Men in Black II achieves ultimate insignificance -- it's the sci-fi comedy spectacle as Whiffle-Ball epic.
en:400,12,29,s a stunning chance study beinging to capture a solidably why to be about thes that of naturecency.,,en,noise,5,ZDM,1,Presents a good case while failing to provide a reason for us to care beyond the very basic dictums of human decency.
en:402,7,24,"ed is ster, a much wonderfullaws,' be hard to yous to forgetrug off.",,en,noise,7,ZDM,0,"Bread, My Sweet has so many flaws it would be easy for critics to shred it."
en:408,15,40,"youances Wild were a aelveaked,, bitch, would have been a littlefire, but that the that that iss about much that's to los a.",,en,noise,14,ZDM,1,"If Deuces Wild had been tweaked up a notch it would have become a camp adventure, one of those movies that's so bad it starts to become good."
en:426,3,10,' the wayness- the film.,,en,noise,32,ZDM,2,I love the robust middle of this picture.
en:433,12,28,"film is a a watch, but you''t mind a from than a minutesthrills. a costume.",,en,noise,39,ZDM,1,"The Ring is worth a look, if you don't demand much more than a few cheap thrills from your Halloween entertainment."
en:444,5,14,"'d way movieage, the like the old one.",,en,noise,50,ZDM,2,I like the new footage and still love the old stuff.
en:445,11,29,"'ly captures with the-queism, but it film is theism is especiallysly -- is inpiced..",,en,noise,51,ZDM,1,"It briefly flirts with player masochism, but the point of real interest -- audience sadism -- is evaded completely."
en:446,3,15,n Movie be be be the good as the pred..,,en,noise,52,ZDM,0,Could The Country Bears really be as bad as its trailers?
en:450,2,8,film is to littlely,,en,noise,56,ZDM,0,The film seems a dead weight.
en:451,14,48,"lely yet humorflarious, comedyalousy,, isicusson at much like a movie man Down Niro, it' like moviemakers be be aThe Heroband' aitor.ckerling'.",,en,noise,57,ZDM,2,"Sparkling, often hilarious romantic jealousy comedy... Attal looks so much like a young Robert DeNiro that it seems the film should instead be called `My Husband Is Travis Bickle'."
en:453,12,22,"beautifuludy film,'s not particularlyly aboutinteresable, but also notinteresable.",,en,noise,59,ZDM,0,"A lousy movie that's not merely unwatchable, but also unlistenable."
en:455,14,42,"filmly, a ac, aly,, for to feel immered to a un of a.dys,.ymer, the is a only a great, but also friend being.",,en,noise,61,ZDM,2,"A strong script, powerful direction and splendid production design allows us to be transported into the life of Wladyslaw Szpilman, who is not only a pianist, but a good human being."
en:458,4,12,'s a movie- movieemever',,en,noise,64,ZDM,1,It's a fanboy `what if?'
en:461,16,58,"Kingedves a.,n, and John Greens, atiny Tus Ark advicevilles, are the heed, the., the films a filmoseust filmet isomss the much airs is awe surprise memory. buts",,en,noise,67,ZDM,2,"Stephen Rea, Aidan Quinn, and Alan Bates play Desmond's legal eagles, and when joined by Brosnan, the sight of this grandiloquent quartet lolling in pretty Irish settings is a pleasant enough thing, `tis."
en:464,1,16,about so goodly a movie film York hit- movies Thu,,en,noise,70,ZDM,0,Everything was as superficial as the forced New Jersey lowbrow accent Uma had.
en:472,13,31,"beautiful movie, which way, the word, but you, inless, andwhile,ud andful,scenxious,",,en,noise,78,ZDM,0,"A zombie movie in every sense of the word -- mindless, lifeless, meandering, loud, painful, obnoxious."
en:477,7,31,"is of no movies of many actor make, the thed to to make a any but it it' why reason' the movie.",,en,noise,83,ZDM,1,"High Crimes knows the mistakes that bad movies make and is determined not to make them, and maybe that is nobility of a sort."
en:480,4,14,"a beautiful, mysterydramalytheus comedycht..",,en,noise,86,ZDM,0,... a bland murder-on-campus yawner.
en:483,6,22,"fice to beingblings andtive,, alyreadness ofmic media.",,en,noise,89,ZDM,0,"Suffers from rambling, repetitive dialogue and the visual drabness endemic to digital video."
en:486,10,21,"s are of the most comping momentsalstions of the film story, made to a.",,en,noise,92,ZDM,2,Features one of the most affecting depictions of a love affair ever committed to film.
en:496,9,32,"if movieshed,istic not a audience of a, find to thetricaableless,y. aing,culture.",,en,noise,102,ZDM,0,"Even a hardened voyeur would require the patience of Job to get through this interminable, shapeless documentary about the swinging subculture."
en:500,14,36,"film is a greatundved to a itly the real,,,age have in the timeclub,atnce. and it's also aable one.",,en,noise,106,ZDM,1,"The film is a contrivance, as artificial as the video games Japanese teens play in a nightclub sequence, but it's an enjoyable one."
en:501,13,29,"its best, filmplay is athar, the the its best it' a well,'s work process,. thehood.",,en,noise,107,ZDM,1,"At its worst the screenplay is callow, but at its best it is a young artist's thoughtful consideration of fatherhood."
en:507,9,26,"Bridge is a a filmtakingly beautifuld por compish film, art time, creatiive memory.",,en,noise,113,ZDM,2,Jeffs has created a breathtakingly assured and stylish work of spare dialogue and acute expressiveness.
en:531,8,21,"mone,le of a,bing, Yorkers, a in kill interestnesserss.",,en,noise,137,ZDM,1,Anemic chronicle of money grubbing New Yorkers and their serial loveless hook ups.
en:533,6,17,",'m got to keep itside on the one. on.",,en,noise,139,ZDM,1,And I've decided to leave a light on every night from now on.
en:543,9,24,beautifuliyah isly getsps the audienceva- with to make here interestmistry. her Hall.,,en,noise,149,ZDM,1,Aaliyah rarely dampens her diva persona enough to spark genuine chemistry with Townsend.
en:546,11,25,a be a great failure to it for the-ing characterss from place in the end's end..,,en,noise,152,ZDM,1,... would be a total loss if not for two supporting performances taking place at the movie's edges.
en:547,17,42,"aingly engawarmwarmraidting film, the struggleion needs of aese womenes to in atahS. tolent,s. escape their familiess andve. a.",,en,noise,153,ZDM,2,An inspiring and heart-affecting film about the desperate attempts of Vietnamese refugees living in U.S. relocation camps to keep their hopes alive in 1975.
en:552,8,15,'s filmniest film mostable..,,en,noise,158,ZDM,2,Allen's funniest and most likeable movie in years.
en:554,11,29,"' no lotinglyabsence of theicism in the'', the a movieity. if if the...",,en,noise,160,ZDM,2,"There is a refreshing absence of cynicism in Stuart Little 2 -- quite a rarity, even in the family film market."
en:564,8,26,"if the time of long-s of theughtilityfills, theenity is' aspecta-.",,en,noise,170,ZDM,0,"Even by the intentionally low standards of frat-boy humor, Sorority Boys is a bowser."
en:576,8,25,filmly yety performances of make even the whoing who have never patience for-American.views,,en,noise,182,ZDM,2,"The stunning, dreamlike visuals will impress even those viewers who have little patience for Euro-film pretension."
en:591,12,24,"thegie,es,, this is a thanetizing than the movie-sh.sortgus.",,en,noise,197,ZDM,2,"For VeggieTales fans, this is more appetizing than a side dish of asparagus."
en:592,22,42,"it's the' a best to point of the erath century, it theing to to again to the of thedents, the,, it's notingly slow.",,en,noise,198,ZDM,1,"While it regards 1967 as the key turning point of the 20th century, and returns again and again to images of dissidents in the streets, it's alarmingly current."
en:597,19,49,"itedinged fromvily from the theth Ni Sixence of the Lambs, it's to remain its its solid ofphisticationnessintelligence and a-likehat.cks. most..",,en,noise,203,ZDM,2,"While Tattoo borrows heavily from both Seven and The Silence of the Lambs, it manages to maintain both a level of sophisticated intrigue and human-scale characters that suck the audience in."
en:600,11,28,"'s a kind movie I the year, far, and audiences the the the films Western'ders are bed.",,en,noise,206,ZDM,2,"It's the best film of the year so far, the benchmark against which all other Best Picture contenders should be measured."
en:601,8,14,is a of those most moviesappointments of year.,,en,noise,207,ZDM,0,This is one of the biggest disappointments of the year.
en:603,8,41,"Villemed a a context wayries that the and the onsquare on ahood lovesession -likeor-thind,ft, the. wouldfla a  psycholog and emotional .",,en,noise,209,ZDM,1,"Denis forges out of the theories of class - based rage and sisterly obsession a razor-sided tuning fork that rings with cultural, sexual and social discord."
en:629,18,44,"filmly entertainmusful film, withll, bortive, writtenotic, andly unsppy, andside,m of bothreal Matrixing' and `watricTheick''",,en,noise,235,ZDM,0,"A thoroughly awful movie -- dumb, narratively chaotic, visually sloppy... a weird amalgam of `The Thing' and a geriatric `Scream.'"
en:632,11,36,"film is a  for theuit and processness, moral senseedncy, but it's a of of than a for human audiencewriterwed characters un characters.",,en,noise,238,ZDM,1,"The movie has no respect for laws, political correctness or common decency, but it displays something more important: respect for its flawed, crazy people."
en:638,16,36,"' be hardappointuous to say thised a movie film, but it'' it it the of the othercker that in the out. the moviex.",,en,noise,244,ZDM,1,"It would be disingenuous to call Reno a great film, but you can say that about most of the flicks moving in and out of the multiplex."
en:642,6,11,iguingly unright defuriating.,,en,noise,248,ZDM,2,Intriguing and downright intoxicating.
en:644,15,32,"the best compying thing about thisle Whoo isous is that it's so movie story, by a who' doesn nothing about.",,en,noise,250,ZDM,0,Perhaps the most annoying thing about Who Is Cletis Tout? is that it's a crime movie made by someone who obviously knows nothing about crime.
en:646,7,26,"filmntes, iss on heart of the soul oness to the, enga engalys Wei..",,en,noise,252,ZDM,2,The quirky drama touches the heart and the funnybone thanks to the energetic and always surprising performance by Rachel Griffiths.
en:648,7,12,ly uffling. the start-go.,,en,noise,254,ZDM,0,Bad and baffling from the get-go.
en:649,10,28,"film is a greatt from comedy de, but itncing,thro and engay music all you to the night movie-.",,en,noise,255,ZDM,2,"The movie is a blast of educational energy, as bouncy animation and catchy songs escort you through the entire 85 minutes."
en:653,13,38,"film story of this filmlog is the waylyly effects the protagonist- the-nier, who,embles aheld.lone. a-.-heart.",,en,noise,259,ZDM,1,"The real charm of this trifle is the deadpan comic face of its star, Jean Reno, who resembles Sly Stallone in a hot sake half-sleep."
en:660,21,56,"tecket is't be the few mistake, the first-, thearings a his way- community a woman-class academic, a inferior, andssum that'sets all audience's audiencee . rinks the original of the novel.",,en,noise,266,ZDM,1,"LaBute can't avoid a fatal mistake in the modern era: He's changed the male academic from a lower-class Brit to an American, a choice that upsets the novel's exquisite balance and shreds the fabric of the film."
en:664,7,17,"ry, a strange chance, a that''t.",,en,noise,270,ZDM,1,Gere gives a good performance in a film that doesn't merit it.
en:668,6,24,"film, who his -story,, ad camerarody, is letled for a moviely.",,en,noise,274,ZDM,0,"The director, with his fake backdrops and stately pacing, never settles on a consistent tone."
en:669,6,27,"is' so a reigns a movie is and' it it, and and-, -- is a compre.",,en,noise,275,ZDM,0,"Why he was given free reign over this project -- he wrote, directed, starred and produced -- is beyond me."
en:670,11,27,"you' a aed with a movieed's you''t a good, you youys a you.",,en,noise,276,ZDM,0,"If you enjoy being rewarded by a script that assumes you aren't very bright, then Blood Work is for you."
en:671,8,37,"ad Giuliastone, there is to be a deep looker theify the positiontic . he movie. re that he..ke.",,en,noise,277,ZDM,0,"Like Rudy Yellow Lodge, Eyre needs to take a good sweat to clarify his cinematic vision before his next creation and remember the lessons of the trickster spider."
en:683,4,11,"to hardaringly anding,,",,en,noise,289,ZDM,2,"Hard, endearing, caring, warm."
en:685,11,38,film thee andses to love for the is and theful and andgraphic -- a kindal -- makesettlly defy them a. is todyly funnying.,,en,noise,291,ZDM,2,The way Coppola professes his love for movies -- both colorful pop junk and the classics that unequivocally qualify as art -- is giddily entertaining.
en:693,19,41,"''t best your memorys it it wons not a to be for's justly a movie, melotic porrogaical projecttion of the' a movie. real.",,en,noise,299,ZDM,1,It won't bust your gut -- and it's not intended to -- it's merely a blandly cinematic surgical examination of what makes a joke a joke.
en:698,11,35,"filmomus,thelya-samee-ter is the Home thesion is is its loty, thoughtheurs-.s effect it.",,en,noise,304,ZDM,1,"The doofus-on-the-loose banter of Welcome to Collinwood has a cocky, after-hours loopiness to it."
en:699,9,16,'s a kindniest film comedy offiti..,,en,noise,305,ZDM,2,It's the funniest American comedy since Graffiti Bridge.
en:702,14,40,"n,elingsome, oftenbreaking, watch, the itma' hisstone's filmling performances are the film- the mark of a moviecchilin...",,en,noise,308,ZDM,2,"Often gruelling and heartbreaking to witness, but Seldahl and Wollter's sterling performances raise this far above the level of the usual maudlin disease movie."
en:707,5,25,"' notly the as in in the',, the story of a new than more moretelyless",,en,noise,313,ZDM,1,"That is essentially what's missing from Blackboards -- the sense of something bigger, some ultimate point."
en:710,11,34,"filmlywitted, inme film offoff, a American Farm,y,, whichodile Sams a,ist. its bestring.",,en,noise,316,ZDM,0,"A dim-witted and lazy spin-off of the Animal Planet documentary series, Crocodile Hunter is entertainment opportunism at its most glaring."
en:722,10,23,"awful lot,, not makey the  curiously imcontentable.makersers.",,en,noise,328,ZDM,0,An awful movie that will only satisfy the most emotionally malleable of filmgoers.
en:744,33,67,"knows's film to theling the's mosts is a rebling, furiherent one, the strugglegueness of humanal wisdomes and theise of the,s the filmous and inentious workavor. willslikecused on undioouslyaperating.",,en,noise,350,ZDM,0,Godard's ode to tackling life's wonderment is a rambling and incoherent manifesto about the vagueness of topical excess... In Praise of Love remains a ponderous and pretentious endeavor that's unfocused and tediously exasperating.
en:746,13,42,"' really know across a about the movie characters, the they not they arere be up in in it ite,sity to ather realist pleasanting nor.. be a.",,en,noise,352,ZDM,0,"We never truly come to care about the main characters and whether or not they'll wind up together, and Michele's spiritual quest is neither amusing nor dramatic enough to sustain interest."
en:749,7,20,"ce,s thical is be been adsight.",,en,noise,355,ZDM,1,"Peralta's mythmaking could have used some informed, adult hindsight."
en:756,14,35,"s can be enjoy to watch more time watching a moviestheater, about aovyy lists, the to make their kids about to to be. adultsocchio.",,en,noise,362,ZDM,1,Adults will certainly want to spend their time in the theater thinking up grocery lists and ways to tell their kids how not to act like Pinocchio.
en:757,9,31,"a goodly as as as originalous as the pred to be, the- from this it' a been a a.. empat.",,en,noise,363,ZDM,1,"Not as distinctive or even as humorous as its needs to be to stand out, but it has clearly been made with affection and care."
en:758,7,20,"beautiful, drama,like any to have maded by anyone of familyclasss.",,en,noise,364,ZDM,0,A generic family comedy unlikely to be appreciated by anyone outside the under-10 set.
en:762,11,31,"ppercre,director/ Levi iss films at make a movieianthe American-realistismre are inreadfully flat.",,en,noise,368,ZDM,0,"Co-writer/director Jonathan Parker's attempts to fashion a Brazil-like, hyper-real satire fall dreadfully short."
en:771,5,16,' doesn't feel the to to not the moviely.,,en,noise,377,ZDM,1,It just doesn't have much else... especially in a moral sense.
en:772,9,24,"whofortunamiliar characters themon's may have themselves Last-,m aally adering.",,en,noise,378,ZDM,1,Those unfamiliar with Mormon traditions may find The Singles Ward occasionally bewildering.
en:774,6,19,the filmed director and is not the guess. and the the-s.,,en,noise,380,ZDM,2,"But the talented cast alone will keep you watching, as will the fight scenes."
en:778,10,24,"aly, but greater of the difficult of themaking make a beyond to make us feel the lives.",,en,noise,384,ZDM,2,"An important movie, a reminder of the power of film to move us and to make us examine our values."
en:780,8,24,"beautifully craftd, yetble executd, a talented and who has knows a to his heart.",,en,noise,386,ZDM,2,A richly imagined and admirably mature work from a gifted director who definitely has something on his mind.
en:783,9,22,"the ifs more about that the's no lot,thri in makesmeates the story.",,en,noise,389,ZDM,2,But what's nice is that there's a casual intelligence that permeates the script.
en:788,10,28,s likelightly a if it were a olded movie film halfbeit brief that for a guy. the.,,en,noise,394,ZDM,1,"Feels slight, as if it were an extended short, albeit one made by the smartest kids in class."
en:789,5,13,"film is't make what's been movie,",,en,noise,395,ZDM,1,The picture doesn't know it's a comedy.
en:795,9,26,"'s a movieysning, aful made, andly produced, ultima,ly..",,en,noise,401,ZDM,2,"It's a head-turner -- thoughtfully written, beautifully read and, finally, deeply humanizing."
en:798,11,33,cken Black is iss ate ficant by in's a most-fi movie that that.igleupreak'ats.,,en,noise,404,ZDM,0,Men in Black II achieves ultimate insignificance -- it's the sci-fi comedy spectacle as Whiffle-Ball epic.
en:800,12,29,s a stunning chance of beinging to capture a solidably why to believe about the obviouss that of naturecency.,,en,noise,5,ZDN,1,Presents a good case while failing to provide a reason for us to care beyond the very basic dictums of human decency.
en:802,7,24,"ed is ster, a much wonderfullaws,' be hard to yous to forgetrug..",,en,noise,7,ZDN,0,"Bread, My Sweet has so many flaws it would be easy for critics to shred it."
en:808,14,40,"youances Wild were a aelveaed,, bitch, would have been a littlefire, but that the that that iss about much that's to los a.",,en,noise,14,ZDN,1,"If Deuces Wild had been tweaked up a notch it would have become a camp adventure, one of those movies that's so bad it starts to become good."
en:826,2,10,"' the wayness- the film,",,en,noise,32,ZDN,2,I love the robust middle of this picture.
en:833,12,28,"film is a a watch, but you''t mind a from than athrills. a costume.",,en,noise,39,ZDN,1,"The Ring is worth a look, if you don't demand much more than a few cheap thrills from your Halloween entertainment."
en:844,5,14,"'d way movieage, the like the old..",,en,noise,50,ZDN,2,I like the new footage and still love the old stuff.
en:845,11,29,"'ly captures with the-queism, but it film is theism is especiallysly -- is inpiced by.",,en,noise,51,ZDN,1,"It briefly flirts with player masochism, but the point of real interest -- audience sadism -- is evaded completely."
en:846,3,15,n Movie be be be be the good as the pred..,,en,noise,52,ZDN,0,Could The Country Bears really be as bad as its trailers?
en:850,3,8,film is to littlely.,,en,noise,56,ZDN,0,The film seems a dead weight.
en:851,14,48,"lely yet humorflarious, comedyalousy,, isicusson at much like a movie man Down Niro, it' like movie is be be aThe Heroband' aitor.ckerling'.",,en,noise,57,ZDN,2,"Sparkling, often hilarious romantic jealousy comedy... Attal looks so much like a young Robert DeNiro that it seems the film should instead be called `My Husband Is Travis Bickle'."
en:853,12,22,"beautifuludy film,'s not entirelyly aboutinteresable, but also notinteresable.",,en,noise,59,ZDN,0,"A lousy movie that's not merely unwatchable, but also unlistenable."
en:855,13,42,"filmly, a ac, aly,, for to feelholded to a of a.dys,.ymer. the is a only a, but also friend being.",,en,noise,61,ZDN,2,"A strong script, powerful direction and splendid production design allows us to be transported into the life of Wladyslaw Szpilman, who is not only a pianist, but a good human being."
en:858,4,12,'s a movie- movieemever',,en,noise,64,ZDN,1,It's a fanboy `what if?'
en:861,16,58,"Kingedves a. andn, and John Greens, atiny Tus Ark advicevilles, are it heing, the., the films a filmoseust filmet isomss the much airs is awe surprise memory. butbut.",,en,noise,67,ZDN,2,"Stephen Rea, Aidan Quinn, and Alan Bates play Desmond's legal eagles, and when joined by Brosnan, the sight of this grandiloquent quartet lolling in pretty Irish settings is a pleasant enough thing, `tis."
en:864,1,16,about so goodly a movie film York hit- movies Thu,,en,noise,70,ZDN,0,Everything was as superficial as the forced New Jersey lowbrow accent Uma had.
en:872,11,31,"film movie, which way, the word, but you, inless, and,.ud andful.scenxious,",,en,noise,78,ZDN,0,"A zombie movie in every sense of the word -- mindless, lifeless, meandering, loud, painful, obnoxious."
en:877,8,31,"ly, is how audiences of have movies make, the notd to to make it any but it it' why reason. the movie.",,en,noise,83,ZDN,1,"High Crimes knows the mistakes that bad movies make and is determined not to make them, and maybe that is nobility of a sort."
en:880,4,14,"a movie, mysterydramalytheus comedycht..",,en,noise,86,ZDN,0,... a bland murder-on-campus yawner.
en:883,7,22,"fice to beingblings andtive,, alyreadness ofmic to the media.",,en,noise,89,ZDN,0,"Suffers from rambling, repetitive dialogue and the visual drabness endemic to digital video."
en:886,10,21,"s are of the most ing momentsalstions of the film story, made to a.",,en,noise,92,ZDN,2,Features one of the most affecting depictions of a love affair ever committed to film.
en:896,9,32,"if movieshed,istic not a least of a, find to thetricaableless,y. aing,culture.",,en,noise,102,ZDN,0,"Even a hardened voyeur would require the patience of Job to get through this interminable, shapeless documentary about the swinging subculture."
en:900,14,36,"film is a greatvoluved to a itly the real,,,age have in theclub.atnce. and it's also aable one.",,en,noise,106,ZDN,1,"The film is a contrivance, as artificial as the video games Japanese teens play in a nightclub sequence, but it's an enjoyable one."
en:901,12,29,"times best, filmplay is athar, the the its best it' amus,'s work process. thehood.",,en,noise,107,ZDN,1,"At its worst the screenplay is callow, but at its best it is a young artist's thoughtful consideration of fatherhood."
en:907,11,26,Bridge are a a filmtakingly beautifuld film compish film of art time.iveness.,,en,noise,113,ZDN,2,Jeffs has created a breathtakingly assured and stylish work of spare dialogue and acute expressiveness.
en:931,8,21,"mone,le of a,bing, Yorkers, a kill interestnesserss.",,en,noise,137,ZDN,1,Anemic chronicle of money grubbing New Yorkers and their serial loveless hook ups.
en:933,6,17,",'m got to keep itside on the one. on.",,en,noise,139,ZDN,1,And I've decided to leave a light on every night from now on.
en:943,9,24,beautifuliyah isly getsmit the audienceva- with to make here interestmistry. her Hall.,,en,noise,149,ZDN,1,Aaliyah rarely dampens her diva persona enough to spark genuine chemistry with Townsend.
en:946,11,25,a be a great failure for it for theing characterss. place in the end's end..,,en,noise,152,ZDN,1,... would be a total loss if not for two supporting performances taking place at the movie's edges.
en:947,18,42,"aingly engawarmwarmraidting film, the struggleion needs of aese womenes to in atahS. tolent.s. escape their familiess alive. a.",,en,noise,153,ZDN,2,An inspiring and heart-affecting film about the desperate attempts of Vietnamese refugees living in U.S. relocation camps to keep their hopes alive in 1975.
en:953,13,38,"film deal of this filmlog is the waylyly effects the protagonist- the-nier, who,embles aheld.lone. a-.-heart.",,en,noise,259,ZDN,1,"The real charm of this trifle is the deadpan comic face of its star, Jean Reno, who resembles Sly Stallone in a hot sake half-sleep."
en:960,17,56,"tecket is't be the lotly, his film-, thearings a his way-s a woman-class academic, a inferior. andssum that'sets allistse. originalrinks the original of the story.",,en,noise,266,ZDN,1,"LaBute can't avoid a fatal mistake in the modern era: He's changed the male academic from a lower-class Brit to an American, a choice that upsets the novel's exquisite balance and shreds the fabric of the film."
en:964,7,17,"ry, a strange chance, a that''t.",,en,noise,270,ZDN,1,Gere gives a good performance in a film that doesn't merit it.
en:968,7,24,"film, who his -story,, ad camerarody, is failles for a moviely.",,en,noise,274,ZDN,0,"The director, with his fake backdrops and stately pacing, never settles on a consistent tone."
en:969,5,27,"is' so a timeeigns a movie is and' it "", and and-, -- is a compre.",,en,noise,275,ZDN,0,"Why he was given free reign over this project -- he wrote, directed, starred and produced -- is beyond me."
en:970,11,27,"you' a aed with a movieed's you''t a fond, you youys a you.",,en,noise,276,ZDN,0,"If you enjoy being rewarded by a script that assumes you aren't very bright, then Blood Work is for you."
en:971,8,37,"ad Giuliastone, there is to be a chance looker theify the positiontic . he movie.: learned..ke.",,en,noise,277,ZDN,0,"Like Rudy Yellow Lodge, Eyre needs to take a good sweat to clarify his cinematic vision before his next creation and remember the lessons of the trickster spider."
en:983,4,11,"to complicataringlying,",,en,noise,289,ZDN,2,"Hard, endearing, caring, warm."
en:985,11,38,film ite andses to love for the is and theful and andgraphic -- a kindal -- makesettlly defy them a. is todyly funnying.,,en,noise,291,ZDN,2,The way Coppola professes his love for movies -- both colorful pop junk and the classics that unequivocally qualify as art -- is giddily entertaining.
en:993,19,41,''t best your memorys it it wons not a to be for's justly a movieing melotic porrogaical projecttion of the' a movie. real.,,en,noise,299,ZDN,1,It won't bust your gut -- and it's not intended to -- it's merely a blandly cinematic surgical examination of what makes a joke a joke.
en:998,10,35,"filmomus,thelya-samee,ter is the Home thesion is is its loty, thoughtheurs-.s effect.",,en,noise,304,ZDN,1,"The doofus-on-the-loose banter of Welcome to Collinwood has a cocky, after-hours loopiness to it."
en:999,9,16,'s a kindniest movie comedy offiti..,,en,noise,305,ZDN,2,It's the funniest American comedy since Graffiti Bridge.
en:1002,14,40,"n,elingsome, oftenbreaking, watch, the itma' hisstone's filmling performances are the film- the mark of a moviecchilin...",,en,noise,308,ZDN,2,"Often gruelling and heartbreaking to witness, but Seldahl and Wollter's sterling performances raise this far above the level of the usual maudlin disease movie."
en:1007,6,25,"' notly the as in in the',, the movie of time new, more moretelyless",,en,noise,313,ZDN,1,"That is essentially what's missing from Blackboards -- the sense of something bigger, some ultimate point."
en:1010,11,34,"beautifullywitted, inme movie offoff, a American Farm,y,, whichodile Sams a.ist. its bestring.",,en,noise,316,ZDN,0,"A dim-witted and lazy spin-off of the Animal Planet documentary series, Crocodile Hunter is entertainment opportunism at its most glaring."
en:1022,10,23,"awful lot,, never makey the  curiously imcontentable.makersers.",,en,noise,328,ZDN,0,An awful movie that will only satisfy the most emotionally malleable of filmgoers.
en:1044,33,67,"knows's film to theling the's mosts is a rebling, oftenfuriherent story, the strugglegueness of humanal thinkinges and theise of the.s the filmous and inentious workavor. willslikecused on undioously forgottenaperating.",,en,noise,350,ZDN,0,Godard's ode to tackling life's wonderment is a rambling and incoherent manifesto about the vagueness of topical excess... In Praise of Love remains a ponderous and pretentious endeavor that's unfocused and tediously exasperating.
en:1046,13,42,"' really understood across a about the movie characters, the they not they arere be up in. it wee,sity for ather pleasanting nor.. be a.",,en,noise,352,ZDN,0,"We never truly come to care about the main characters and whether or not they'll wind up together, and Michele's spiritual quest is neither amusing nor dramatic enough to sustain interest."
en:1049,7,20,"cy,s filmthical style be been moredsight.",,en,noise,355,ZDN,1,"Peralta's mythmaking could have used some informed, adult hindsight."
en:1056,14,35,"s can be be to watch more time watching a moviestheater, about aovyy lists, the to their kids about to to be. adultsocchio.",,en,noise,362,ZDN,1,Adults will certainly want to spend their time in the theater thinking up grocery lists and ways to tell their kids how not to act like Pinocchio.
en:1057,9,31,"a goodly as as as originalous as the pred to be, the- from this it' a been a a.. empat.",,en,noise,363,ZDN,1,"Not as distinctive or even as humorous as its needs to be to stand out, but it has clearly been made with affection and care."
en:1058,6,20,"beautiful, drama,like any to have maded by a who of familyclasss.",,en,noise,364,ZDN,0,A generic family comedy unlikely to be appreciated by anyone outside the under-10 set.
en:1062,11,31,"ppera,director/ Levi iss films at aianthe American-realistismre arereadfully.",,en,noise,368,ZDN,0,"Co-writer/director Jonathan Parker's attempts to fashion a Brazil-like, hyper-real satire fall dreadfully short."
en:1071,5,16,' doesn't make the to to not the moviely.,,en,noise,377,ZDN,1,It just doesn't have much else... especially in a moral sense.
en:1072,9,24,whofortunamiliar characters themon moviess may have themselves Ho- arem aally adering.,,en,noise,378,ZDN,1,Those unfamiliar with Mormon traditions may find The Singles Ward occasionally bewildering.
en:1074,5,19,it filmed director and is not the guess. the-s.,,en,noise,380,ZDN,2,"But the talented cast alone will keep you watching, as will the fight scenes."
en:1078,9,24,"aly, but greater of the difficult of themaking make a beyond the make us feel the lives.",,en,noise,384,ZDN,2,"An important movie, a reminder of the power of film to move us and to make us examine our values."
en:1080,8,24,"filmly craftd, yetble execut film, a talented, who has knows a to his.",,en,noise,386,ZDN,2,A richly imagined and admirably mature work from a gifted director who definitely has something on his mind.
en:1083,9,22,it ifs more about that the's no movie audiencethri'meates the story.,,en,noise,389,ZDN,2,But what's nice is that there's a casual intelligence that permeates the script.
en:1088,10,28,s likelightly a if it were a olded movie film halfbeit brief that in a guy. the.,,en,noise,394,ZDN,1,"Feels slight, as if it were an extended short, albeit one made by the smartest kids in class."
en:1089,5,13,"film is't make what's been movie,",,en,noise,395,ZDN,1,The picture doesn't know it's a comedy.
en:1095,11,26,"'s a movie-sner, aful made, andly produced, ultima,ly..",,en,noise,401,ZDN,2,"It's a head-turner -- thoughtfully written, beautifully read and, finally, deeply humanizing."
en:1098,11,33,cken Black is iss ate ficant by in's a most-fi movie that that.igle.upreak'ats.,,en,noise,404,ZDN,0,Men in Black II achieves ultimate insignificance -- it's the sci-fi comedy spectacle as Whiffle-Ball epic.
en:1099,13,29,s a stunning chance of beinging to capture a solidably why to be about the obvious basics that of naturecency.,,en,noise,5,ZGW,1,Presents a good case while failing to provide a reason for us to care beyond the very basic dictums of human decency.
en:1101,7,24,"ed and ster, a much wonderfullaws,' be hard to as to forgetrug off.",,en,noise,7,ZGW,0,"Bread, My Sweet has so many flaws it would be easy for critics to shred it."
en:1107,15,40,"youances Wild were a aelveaked to, bitch, would have been a littlefire, but that the that that wills about much that's to los a.",,en,noise,14,ZGW,1,"If Deuces Wild had been tweaked up a notch it would have become a camp adventure, one of those movies that's so bad it starts to become good."
en:1125,3,10,' the wayness- the film.,,en,noise,32,ZGW,2,I love the robust middle of this picture.
en:1132,12,28,"film is a a watch, but you''t mind a from than a movie minutesthrills. a costume.",,en,noise,39,ZGW,1,"The Ring is worth a look, if you don't demand much more than a few cheap thrills from your Halloween entertainment."
en:1143,5,14,"'d way movieage, the like the old one.",,en,noise,50,ZGW,2,I like the new footage and still love the old stuff.
en:1144,11,29,"'ly captures with the-queism, but it film is theism is especiallysly -- is inpiced..",,en,noise,51,ZGW,1,"It briefly flirts with player masochism, but the point of real interest -- audience sadism -- is evaded completely."
en:1145,3,15,n Movie be be be the good as the pred..,,en,noise,52,ZGW,0,Could The Country Bears really be as bad as its trailers?
en:1149,3,8,film is to bitly.,,en,noise,56,ZGW,0,The film seems a dead weight.
en:1150,15,48,"lingly yet humorflarious, comedyalousy,, isicusson at much like a movie man Down Niro, it' like moviemakers be be aThe Heroband, aitor.cker.'.",,en,noise,57,ZGW,2,"Sparkling, often hilarious romantic jealousy comedy... Attal looks so much like a young Robert DeNiro that it seems the film should instead be called `My Husband Is Travis Bickle'."
en:1152,12,22,"filmudy film,'s not particularlyly aboutinteresable, but also notinteresable.",,en,noise,59,ZGW,0,"A lousy movie that's not merely unwatchable, but also unlistenable."
en:1154,14,42,"filmly, a ac, aly,, for to feelholded to a un of a.dyslaw.ymer. the is a only a great, but also friend being.",,en,noise,61,ZGW,2,"A strong script, powerful direction and splendid production design allows us to be transported into the life of Wladyslaw Szpilman, who is not only a pianist, but a good human being."
en:1157,3,12,'s a moviecy movieemever' movie,,en,noise,64,ZGW,1,It's a fanboy `what if?'
en:1160,16,58,"Kingedves a.,n, and John Greens, atiny Tus Ark advicevilles, are the heed, the., the films a filmoseust filmet isomss the much airs is awe surprise memory. buts",,en,noise,67,ZGW,2,"Stephen Rea, Aidan Quinn, and Alan Bates play Desmond's legal eagles, and when joined by Brosnan, the sight of this grandiloquent quartet lolling in pretty Irish settings is a pleasant enough thing, `tis."
en:1163,2,16,about so goodly the movie film York hit- movies Thu,,en,noise,70,ZGW,0,Everything was as superficial as the forced New Jersey lowbrow accent Uma had.
en:1171,11,31,"beautiful movie, which way, the word, but you, inless, andwhile.ud andful.scenxious,",,en,noise,78,ZGW,0,"A zombie movie in every sense of the word -- mindless, lifeless, meandering, loud, painful, obnoxious."
en:1176,7,31,"is of no audiences of many actor make, the thed to to make a any but it it' why reason' the movie.",,en,noise,83,ZGW,1,"High Crimes knows the mistakes that bad movies make and is determined not to make them, and maybe that is nobility of a sort."
en:1179,4,14,"a beautiful, mysterydramalytheus comedycht..",,en,noise,86,ZGW,0,... a bland murder-on-campus yawner.
en:1182,5,22,"fice to beingblings andtive,, a usuallyreadness ofavour of media.",,en,noise,89,ZGW,0,"Suffers from rambling, repetitive dialogue and the visual drabness endemic to digital video."
en:1185,10,21,"s are of the most ing momentsalstions of the film story, made to a.",,en,noise,92,ZGW,2,Features one of the most affecting depictions of a love affair ever committed to film.
en:1195,9,32,"if movieshed,istic not a least of a, find to thetricaableless,y. aing,culture.",,en,noise,102,ZGW,0,"Even a hardened voyeur would require the patience of Job to get through this interminable, shapeless documentary about the swinging subculture."
en:1199,14,36,"film is a greatvoluved to a itly the real,,,age have in theclub.atnce. and it's also aable one.",,en,noise,106,ZGW,1,"The film is a contrivance, as artificial as the video games Japanese teens play in a nightclub sequence, but it's an enjoyable one."
en:1200,12,29,"times best, filmplay is athar, the the its best it' amus,'s work process,. thehood.",,en,noise,107,ZGW,1,"At its worst the screenplay is callow, but at its best it is a young artist's thoughtful consideration of fatherhood."
en:1206,9,26,"Bridge are a a filmtakingly beautifuld film compish film, art time, creatiive memory.",,en,noise,113,ZGW,2,Jeffs has created a breathtakingly assured and stylish work of spare dialogue and acute expressiveness.
en:1230,8,21,"monelyle of a,bing, Yorkers, a in kill interestnesserss.",,en,noise,137,ZGW,1,Anemic chronicle of money grubbing New Yorkers and their serial loveless hook ups.
en:1232,6,17,",'m got to keep itside on the one. on.",,en,noise,139,ZGW,1,And I've decided to leave a light on every night from now on.
en:1242,9,24,beautifuliyah isly getsmit the audienceva- with to make ae interestmistry. her Hall.,,en,noise,149,ZGW,1,Aaliyah rarely dampens her diva persona enough to spark genuine chemistry with Townsend.
en:1245,12,25,a be a great failure if you for the-ing characterss from place in the end's end..,,en,noise,152,ZGW,1,... would be a total loss if not for two supporting performances taking place at the movie's edges.
en:1246,17,42,"aingly engawarmwarmraidting film, the struggleion needs of aese womenes to in atahS. tolent.s. escape their familiess andve. a.",,en,noise,153,ZGW,2,An inspiring and heart-affecting film about the desperate attempts of Vietnamese refugees living in U.S. relocation camps to keep their hopes alive in 1975.
en:1251,8,15,'s filmniest film mostable film is.,,en,noise,158,ZGW,2,Allen's funniest and most likeable movie in years.
en:1253,11,29,"' no lotinglyabsence of aicism in this'', the a movieity. if if the...",,en,noise,160,ZGW,2,"There is a refreshing absence of cynicism in Stuart Little 2 -- quite a rarity, even in the family film market."
en:1263,8,26,"if the time of long-s of theughtilityfills, theenity is' a solidspecta-.",,en,noise,170,ZGW,0,"Even by the intentionally low standards of frat-boy humor, Sorority Boys is a bowser."
en:1275,8,25,filmly yety performances of make even the whoing who have a patience for-American.views,,en,noise,182,ZGW,2,"The stunning, dreamlike visuals will impress even those viewers who have little patience for Euro-film pretension."
en:1290,12,24,"thegie,es,, this is a thanetizing than the movie-sh.sortgus.",,en,noise,197,ZGW,2,"For VeggieTales fans, this is more appetizing than a side dish of asparagus."
en:1291,21,42,"it's the' a best to point of the erath century, it theing to to again to the of thedents, a,, it's notingly slow.",,en,noise,198,ZGW,1,"While it regards 1967 as the key turning point of the 20th century, and returns again and again to images of dissidents in the streets, it's alarmingly current."
en:1296,20,49,"itedinged fromvily from the theth Ni Sixence of the Lambs, it's to remain its its solid ofphisticationintelligence and a-likehat.cks. audience..",,en,noise,203,ZGW,2,"While Tattoo borrows heavily from both Seven and The Silence of the Lambs, it manages to maintain both a level of sophisticated intrigue and human-scale characters that suck the audience in."
en:1299,11,28,"'s a kind movie I the year, far, and audiences the the the films Western'ders are bed.",,en,noise,206,ZGW,2,"It's the best film of the year so far, the benchmark against which all other Best Picture contenders should be measured."
en:1300,9,14,is a of those most filmsappointments of the year.,,en,noise,207,ZGW,0,This is one of the biggest disappointments of the year.
en:1302,10,41,"emed a a the wayries of the and the onsquare on ahood lovesession --likeor-thind,ft, the. wouldfla a a  psycholog and emotional significa.",,en,noise,209,ZGW,1,"Denis forges out of the theories of class - based rage and sisterly obsession a razor-sided tuning fork that rings with cultural, sexual and social discord."
en:1328,18,44,"filmly entertainmusful film, itll, bortive, writtenotic, andly unsppy -- andside onem of bothreal Matrixing' and `watric oneTheick''",,en,noise,235,ZGW,0,"A thoroughly awful movie -- dumb, narratively chaotic, visually sloppy... a weird amalgam of `The Thing' and a geriatric `Scream.'"
en:1331,11,36,"film is a  for theuit and processness, moral senseedncy, but it's a of of than a for human audiencewriterwed characters un characters.",,en,noise,238,ZGW,1,"The movie has no respect for laws, political correctness or common decency, but it displays something more important: respect for its flawed, crazy people."
en:1337,16,36,"' be aappointuous if say thised a movie film, but it'' it it the of the othercker that in the out of the moviex.",,en,noise,244,ZGW,1,"It would be disingenuous to call Reno a great film, but you can say that about most of the flicks moving in and out of the multiplex."
en:1341,6,11,iguingly unright defuriating.,,en,noise,248,ZGW,2,Intriguing and downright intoxicating.
en:1343,14,32,"the best compying thing about thisle Whoo isous is that it's so movie to, by a who' has what about his.",,en,noise,250,ZGW,0,Perhaps the most annoying thing about Who Is Cletis Tout? is that it's a crime movie made by someone who obviously knows nothing about crime.
en:1345,7,26,"filmntes, iss on heart of the soul oness to the, enga engalys Wei..",,en,noise,252,ZGW,2,The quirky drama touches the heart and the funnybone thanks to the energetic and always surprising performance by Rachel Griffiths.
en:1347,7,12,ly uffling. the start-go.,,en,noise,254,ZGW,0,Bad and baffling from the get-go.
en:1348,10,28,"film is a greatt from comedy de, but itncing,thro and engay music all you to the night movie-.",,en,noise,255,ZGW,2,"The movie is a blast of educational energy, as bouncy animation and catchy songs escort you through the entire 85 minutes."
en:1352,14,38,"film deal of this filmlog is the waylyly effects the protagonist, the-nier, who,embles aheld andlone. a movie-.-ho.",,en,noise,259,ZGW,1,"The real charm of this trifle is the deadpan comic face of its star, Jean Reno, who resembles Sly Stallone in a hot sake half-sleep."
en:1359,20,56,"tellet is't be the few mistake, the first-, thearings a his way- community a woman-class academic, a upp, andssum that'sets all audienceists audiencee . originalres the original of the novel.",,en,noise,266,ZGW,1,"LaBute can't avoid a fatal mistake in the modern era: He's changed the male academic from a lower-class Brit to an American, a choice that upsets the novel's exquisite balance and shreds the fabric of the film."
en:1363,7,17,"ry, a strange chance, a that''t.",,en,noise,270,ZGW,1,Gere gives a good performance in a film that doesn't merit it.
en:1367,6,24,"film, who his  namestory,, adlyrody, is letled for a moviely.",,en,noise,274,ZGW,0,"The director, with his fake backdrops and stately pacing, never settles on a consistent tone."
en:1368,6,27,"is' so a reigns a movie is and' it it, and and-, -- is a compre.",,en,noise,275,ZGW,0,"Why he was given free reign over this project -- he wrote, directed, starred and produced -- is beyond me."
en:1369,11,27,"you' a entertained with a movieed's you''t a good, you youys a you.",,en,noise,276,ZGW,0,"If you enjoy being rewarded by a script that assumes you aren't very bright, then Blood Work is for you."
en:1370,8,37,"ad Giuliastone, there is to be a deep looker theify the positiontic . he film movie. then that he..ke.",,en,noise,277,ZGW,0,"Like Rudy Yellow Lodge, Eyre needs to take a good sweat to clarify his cinematic vision before his next creation and remember the lessons of the trickster spider."
en:1382,4,11,"to hardaringly anding,,",,en,noise,289,ZGW,2,"Hard, endearing, caring, warm."
en:1384,11,38,film thee andses to love for the is and theful and andgraphic -- a kindal -- havesettlly defy them a. is todyly funnying.,,en,noise,291,ZGW,2,The way Coppola professes his love for movies -- both colorful pop junk and the classics that unequivocally qualify as art -- is giddily entertaining.
en:1392,19,41,"''t best your memorys it it wons not a to be by's justly a movie, melotic porrogaical projecttion of the' a movie. real.",,en,noise,299,ZGW,1,It won't bust your gut -- and it's not intended to -- it's merely a blandly cinematic surgical examination of what makes a joke a joke.
en:1397,12,35,"filmomus,thelya-samee,ter of the Home thesion is is its loty, thoughtheurs-ys effect it.",,en,noise,304,ZGW,1,"The doofus-on-the-loose banter of Welcome to Collinwood has a cocky, after-hours loopiness to it."
en:1398,8,16,'s a kindniest movie comedy offiti.s,,en,noise,305,ZGW,2,It's the funniest American comedy since Graffiti Bridge.
en:1401,14,40,"n,elingsome, oftenbreaking, watch, the itma' hisstone's filmling performances are the film- the mark of movie.cchilin...",,en,noise,308,ZGW,2,"Often gruelling and heartbreaking to witness, but Seldahl and Wollter's sterling performances raise this far above the level of the usual maudlin disease movie."
en:1406,5,25,"' notly the as in in the',, the story of a new than more moretelyless",,en,noise,313,ZGW,1,"That is essentially what's missing from Blackboards -- the sense of something bigger, some ultimate point."
en:1409,11,34,"filmlywitted, inme film offoff, a American Farm,y,, whichodile Sam, a,ist. its bestring.",,en,noise,316,ZGW,0,"A dim-witted and lazy spin-off of the Animal Planet documentary series, Crocodile Hunter is entertainment opportunism at its most glaring."
en:1421,9,23,"engawful lot,, never makey the  curiously imcontentablemakersers.",,en,noise,328,ZGW,0,An awful movie that will only satisfy the most emotionally malleable of filmgoers.
en:1443,33,67,"has's film to theling the's mosts is a rebling, furiherent one, the strugglegueness of humanal wisdomes and theise of the,s the filmous and inentious workavor. wills alllikecused on undioously lostaperating.",,en,noise,350,ZGW,0,Godard's ode to tackling life's wonderment is a rambling and incoherent manifesto about the vagueness of topical excess... In Praise of Love remains a ponderous and pretentious endeavor that's unfocused and tediously exasperating.
en:1445,14,42,"' really know across a about the movie characters, the they not they're be up in. itesity forthering nor.. be..",,en,noise,352,ZGW,0,"We never truly come to care about the main characters and whether or not they'll wind up together, and Michele's spiritual quest is neither amusing nor dramatic enough to sustain interest."
en:1448,6,20,ceptionnts filmthical is be been adranceight.,,en,noise,355,ZGW,1,"Peralta's mythmaking could have used some informed, adult hindsight."
en:1455,14,35,"s can be be to watch more time watching a moviestheater, about aovyy lists, watching to make their kids about to to be. adultsocchio.",,en,noise,362,ZGW,1,Adults will certainly want to spend their time in the theater thinking up grocery lists and ways to tell their kids how not to act like Pinocchio.
en:1456,8,31,"a goodly as as as originalous as the pred- be, the- from it' a been a.. empat.",,en,noise,363,ZGW,1,"Not as distinctive or even as humorous as its needs to be to stand out, but it has clearly been made with affection and care."
en:1457,7,20,"film, drama,like any to have maded by anyone who of familyclasss.",,en,noise,364,ZGW,0,A generic family comedy unlikely to be appreciated by anyone outside the under-10 set.
en:1461,12,31,"ppercre,director/ Levi iss films at make a movieianthe American-realistismre are inreadfully short.",,en,noise,368,ZGW,0,"Co-writer/director Jonathan Parker's attempts to fashion a Brazil-like, hyper-real satire fall dreadfully short."
en:1470,5,16,' doesn't feel the to to not the moviely.,,en,noise,377,ZGW,1,It just doesn't have much else... especially in a moral sense.
en:1471,8,24,whofortunamiliar characters themon moviess may have themselves Ho Lady arem aal adering.,,en,noise,378,ZGW,1,Those unfamiliar with Mormon traditions may find The Singles Ward occasionally bewildering.
en:1473,5,19,"it filmed director, is not the guess for and the the-s.",,en,noise,380,ZGW,2,"But the talented cast alone will keep you watching, as will the fight scenes."
en:1477,11,24,"aly, but greater of the difficult of amaking make us beyond to make us feel the lives.",,en,noise,384,ZGW,2,"An important movie, a reminder of the power of film to move us and to make us examine our values."
en:1479,8,24,"filmly craftd, yetble executd, a talented, who has knows a to his heart.",,en,noise,386,ZGW,2,A richly imagined and admirably mature work from a gifted director who definitely has something on his mind.
en:1482,9,22,it ifs more about that the's no lot audiencethri makesmeates the story.,,en,noise,389,ZGW,2,But what's nice is that there's a casual intelligence that permeates the script.
en:1487,11,28,s likelightly a if it were a olded movie film halfbeit brief that by a guy. the.,,en,noise,394,ZGW,1,"Feels slight, as if it were an extended short, albeit one made by the smartest kids in class."
en:1488,5,13,"film is't make what's been movie,",,en,noise,395,ZGW,1,The picture doesn't know it's a comedy.
en:1494,10,26,"'s a movieysning, aful made, yetly produced and ultima,ly..",,en,noise,401,ZGW,2,"It's a head-turner -- thoughtfully written, beautifully read and, finally, deeply humanizing."
en:1497,11,33,' Black is iss ate cinemaficant by in's a most-fi movie that that.igle Meupreak'ats.,,en,noise,404,ZGW,0,Men in Black II achieves ultimate insignificance -- it's the sci-fi comedy spectacle as Whiffle-Ball epic.
en:1499,12,29,s a re chance study beinging to capture a solidably why to be about the obvious bests that of the naturecency.,,en,noise,5,ZJM,1,Presents a good case while failing to provide a reason for us to care beyond the very basic dictums of human decency.
en:1501,7,24,"ed and hardster, a much wonderfullaws,' be hard to yous to forgetrug off.",,en,noise,7,ZJM,0,"Bread, My Sweet has so many flaws it would be easy for critics to shred it."
en:1507,14,40,"youances Wild and a aelveaed to, bitch, would have been a littlefire, but that the that that wills about much that's to los a.",,en,noise,14,ZJM,1,"If Deuces Wild had been tweaked up a notch it would have become a camp adventure, one of those movies that's so bad it starts to become good."
en:1525,3,10,' the wayness- the film.,,en,noise,32,ZJM,2,I love the robust middle of this picture.
en:1532,11,28,film is a a watch at but you''t mind a from than a movie minutesthrills. a costume.,,en,noise,39,ZJM,1,"The Ring is worth a look, if you don't demand much more than a few cheap thrills from your Halloween entertainment."
en:1543,5,14,"'d way movieage, the like the old one.",,en,noise,50,ZJM,2,I like the new footage and still love the old stuff.
en:1544,11,29,"'ly captures with the-queism, but it  is theism is especiallysly -- is atpiced by.",,en,noise,51,ZJM,1,"It briefly flirts with player masochism, but the point of real interest -- audience sadism -- is evaded completely."
en:1545,3,15,n Movie be be be the good as the pred..,,en,noise,52,ZJM,0,Could The Country Bears really be as bad as its trailers?
en:1549,2,8,film is to littlely,,en,noise,56,ZJM,0,The film seems a dead weight.
en:1550,15,48,"lingly yet humorflarious, comedyalousy,, isicusson at much like a movie man Down Niro, it' like moviemakers be be aThe Heroband' aitor.ckerling'.",,en,noise,57,ZJM,2,"Sparkling, often hilarious romantic jealousy comedy... Attal looks so much like a young Robert DeNiro that it seems the film should instead be called `My Husband Is Travis Bickle'."
en:1552,12,22,"filmudy film,'s not particularlyly aboutinteresable, but also notinteresable.",,en,noise,59,ZJM,0,"A lousy movie that's not merely unwatchable, but also unlistenable."
en:1554,15,42,"film,, a ac, aly,, for to feelholded to a un of a.dyslaw,ymer, the is a only a great, but also friend being.",,en,noise,61,ZJM,2,"A strong script, powerful direction and splendid production design allows us to be transported into the life of Wladyslaw Szpilman, who is not only a pianist, but a good human being."
en:1557,4,12,'s a beautifulcy movieemever'' movie,,en,noise,64,ZJM,1,It's a fanboy `what if?'
en:1560,15,58,"Kingedves the. andn, and John Greens, atiny Tus "" advicevilles, are the heing, the., the films a filmoseust filmet wouldomss the much airs is awe surprise experience to butbut",,en,noise,67,ZJM,2,"Stephen Rea, Aidan Quinn, and Alan Bates play Desmond's legal eagles, and when joined by Brosnan, the sight of this grandiloquent quartet lolling in pretty Irish settings is a pleasant enough thing, `tis."
en:1563,1,16,about so goodly a movie film York hit- movies Thu,,en,noise,70,ZJM,0,Everything was as superficial as the forced New Jersey lowbrow accent Uma had.
en:1571,13,31,"film movie, which way, the word, but you, inless, andwhile,ud andful,scenxious,",,en,noise,78,ZJM,0,"A zombie movie in every sense of the word -- mindless, lifeless, meandering, loud, painful, obnoxious."
en:1576,6,31,"is of no audiences of have actor make, the thed to to change a any but the it' why reason' the movie.",,en,noise,83,ZJM,1,"High Crimes knows the mistakes that bad movies make and is determined not to make them, and maybe that is nobility of a sort."
en:1579,4,14,"a movie, mysterydramalytheus comedycht..",,en,noise,86,ZJM,0,... a bland murder-on-campus yawner.
en:1582,6,22,"fice to beingblings andtive,, a usual effectreadness ofavour to the media.",,en,noise,89,ZJM,0,"Suffers from rambling, repetitive dialogue and the visual drabness endemic to digital video."
en:1585,10,21,"s are of the most comping momentsalstions of the film story, made to a.",,en,noise,92,ZJM,2,Features one of the most affecting depictions of a love affair ever committed to film.
en:1595,10,32,"if movieshed,istic not a audience of a, find to thetricaable,less,y. aing,culture.",,en,noise,102,ZJM,0,"Even a hardened voyeur would require the patience of Job to get through this interminable, shapeless documentary about the swinging subculture."
en:1599,14,36,"film is a greatundved to a itly the real,,,age have in theclub.atnce. and it's also aable one.",,en,noise,106,ZJM,1,"The film is a contrivance, as artificial as the video games Japanese teens play in a nightclub sequence, but it's an enjoyable one."
en:1600,13,29,"times best, filmplay is athar, the the its best it' a well,'s work process, of thehood.",,en,noise,107,ZJM,1,"At its worst the screenplay is callow, but at its best it is a young artist's thoughtful consideration of fatherhood."
en:1606,10,26,"Bridge are a a filmtakingly beautifuld film compish film of art time,ive memory.",,en,noise,113,ZJM,2,Jeffs has created a breathtakingly assured and stylish work of spare dialogue and acute expressiveness.
en:1630,8,21,"mone,le of a,bing, Yorkers, a in kill interestnesserss.",,en,noise,137,ZJM,1,Anemic chronicle of money grubbing New Yorkers and their serial loveless hook ups.
en:1632,6,17,",'m got to keep itside on the one. on.",,en,noise,139,ZJM,1,And I've decided to leave a light on every night from now on.
en:1642,9,24,deiyah isly hasmit the audienceva- with to make here interestmistry. her Hall.,,en,noise,149,ZJM,1,Aaliyah rarely dampens her diva persona enough to spark genuine chemistry with Townsend.
en:1645,11,25,a be a great failure to it for the-ing characterss from place in the end's end..,,en,noise,152,ZJM,1,... would be a total loss if not for two supporting performances taking place at the movie's edges.
en:1646,18,42,"aingly compwarmwarmraidting film, the struggleion needs of aese womenes to in atahS. tolent tos to escape their familiess andve. a.",,en,noise,153,ZJM,2,An inspiring and heart-affecting film about the desperate attempts of Vietnamese refugees living in U.S. relocation camps to keep their hopes alive in 1975.
en:1651,8,15,'s filmniest film mostable film is.,,en,noise,158,ZJM,2,Allen's funniest and most likeable movie in years.
en:1653,9,29,"' no lotinglybound of theicism from this'', the a movieity. if if the-..",,en,noise,160,ZJM,2,"There is a refreshing absence of cynicism in Stuart Little 2 -- quite a rarity, even in the family film market."
en:1663,8,26,"if the time of long-s of theughtilityfills, thisenity is' a solidspecta-.",,en,noise,170,ZJM,0,"Even by the intentionally low standards of frat-boy humor, Sorority Boys is a bowser."
en:1675,8,25,filmly yety performances of make even the whoing who have a patience for-American.views,,en,noise,182,ZJM,2,"The stunning, dreamlike visuals will impress even those viewers who have little patience for Euro-film pretension."
en:1690,12,24,"thegie,es,, this is a thanetizing than the-sh.sortgus.",,en,noise,197,ZJM,2,"For VeggieTales fans, this is more appetizing than a side dish of asparagus."
en:1691,23,42,"it's as as a best to point of the erath century, it iss to to again to the of thedents, a,, it's notingly slow.",,en,noise,198,ZJM,1,"While it regards 1967 as the key turning point of the 20th century, and returns again and again to images of dissidents in the streets, it's alarmingly current."
en:1696,20,49,"itedinged fromvily from the theth Ni Sixence of the Lambs, it's to remain its its solid of conphisticationnessintelligence and a-likehat.cks. audience..",,en,noise,203,ZJM,2,"While Tattoo borrows heavily from both Seven and The Silence of the Lambs, it manages to maintain both a level of sophisticated intrigue and human-scale characters that suck the audience in."
en:1699,11,28,"'s a kind movie I the year, far, and audiences the the the films Western filmsders are bed.",,en,noise,206,ZJM,2,"It's the best film of the year so far, the benchmark against which all other Best Picture contenders should be measured."
en:1700,9,14,is a of those mostappointments of the year.,,en,noise,207,ZJM,0,This is one of the biggest disappointments of the year.
en:1702,10,41,"Villemed a about the wayries of the and the onsquare on ahood lovesession --likeor-thind,ft, the.,fla a a  psycholog and emotional significa.",,en,noise,209,ZJM,1,"Denis forges out of the theories of class - based rage and sisterly obsession a razor-sided tuning fork that rings with cultural, sexual and social discord."
en:1728,18,44,"filmly entertainmusful film, withll, bortive, writtenotic, andly unsppy, andside onem of bothreal Matrixing' and `watric oneTheanta''",,en,noise,235,ZJM,0,"A thoroughly awful movie -- dumb, narratively chaotic, visually sloppy... a weird amalgam of `The Thing' and a geriatric `Scream.'"
en:1731,10,36,"film is a  for theuit and processness, moral senseedncy, and it's a of of than a for the audiencewriterwed characters un characters.",,en,noise,238,ZJM,1,"The movie has no respect for laws, political correctness or common decency, but it displays something more important: respect for its flawed, crazy people."
en:1737,16,36,"' be aappointuous to say thised a movie film, but it'' it it the of the othercker that in the out. the moviex.",,en,noise,244,ZJM,1,"It would be disingenuous to call Reno a great film, but you can say that about most of the flicks moving in and out of the multiplex."
en:1741,6,11,iguingly yetright defuriating.,,en,noise,248,ZJM,2,Intriguing and downright intoxicating.
en:1743,15,32,"the best compying thing about thisle Whoo isous is that it's so movie story, by a who' doesn nothing about.",,en,noise,250,ZJM,0,Perhaps the most annoying thing about Who Is Cletis Tout? is that it's a crime movie made by someone who obviously knows nothing about crime.
en:1745,7,26,"filmntes, iss on heart of the soul oness to the wellally enga engalys Wei..",,en,noise,252,ZJM,2,The quirky drama touches the heart and the funnybone thanks to the energetic and always surprising performance by Rachel Griffiths.
en:1747,7,12,ly uffling. the start-go.,,en,noise,254,ZJM,0,Bad and baffling from the get-go.
en:1748,10,28,"film is a greatt from comedy de, but itncing,thro and engay music all you to the night movie-.",,en,noise,255,ZJM,2,"The movie is a blast of educational energy, as bouncy animation and catchy songs escort you through the entire 85 minutes."
en:1752,14,38,"film deal of this filmlog is the waylyly effects the protagonist, the-nier, who,embles aheld andlone. a movie-.-ho.",,en,noise,259,ZJM,1,"The real charm of this trifle is the deadpan comic face of its star, Jean Reno, who resembles Sly Stallone in a hot sake half-sleep."
en:1759,20,56,"tellet is't be the fewly, the first-, thearings a his way- community a woman-class academic, a inferior, andssum that'sets all audience's audiencee . originalrinks the original of the novel.",,en,noise,266,ZJM,1,"LaBute can't avoid a fatal mistake in the modern era: He's changed the male academic from a lower-class Brit to an American, a choice that upsets the novel's exquisite balance and shreds the fabric of the film."
en:1763,7,17,"ry, a strange chance, a that''t.",,en,noise,270,ZJM,1,Gere gives a good performance in a film that doesn't merit it.
en:1767,6,24,"film' who his  namestory,, adlyrody, is failles for a moviely.",,en,noise,274,ZJM,0,"The director, with his fake backdrops and stately pacing, never settles on a consistent tone."
en:1768,5,27,"is' so a timeeigns a movie is it' it "", and and-, star -- is a compre.",,en,noise,275,ZJM,0,"Why he was given free reign over this project -- he wrote, directed, starred and produced -- is beyond me."
en:1769,11,27,"you' a aed with a movieed's you''t a fond, you youys a you.",,en,noise,276,ZJM,0,"If you enjoy being rewarded by a script that assumes you aren't very bright, then Blood Work is for you."
en:1770,9,37,"ay Giuliastone, there is to be a deep looker theify the positiontic  of he film film. then that movie learned..ke.",,en,noise,277,ZJM,0,"Like Rudy Yellow Lodge, Eyre needs to take a good sweat to clarify his cinematic vision before his next creation and remember the lessons of the trickster spider."
en:1782,3,11,"to tearinglying,",,en,noise,289,ZJM,2,"Hard, endearing, caring, warm."
en:1784,11,38,film thee andses to love for the is and theful and andimprov -- a kindal -- makesettlly defy them a. is todyly funnying.,,en,noise,291,ZJM,2,The way Coppola professes his love for movies -- both colorful pop junk and the classics that unequivocally qualify as art -- is giddily entertaining.
en:1792,18,41,"''t best a memorys it it wons not a to be for's justly a movie, melotic porrogaical projecttion of the' a movie. real.",,en,noise,299,ZJM,1,It won't bust your gut -- and it's not intended to -- it's merely a blandly cinematic surgical examination of what makes a joke a joke.
en:1797,12,35,"filmomus,thelythe-samee,ter is the Home thesion is is its loty, thoughtheurs-ys effect it.",,en,noise,304,ZJM,1,"The doofus-on-the-loose banter of Welcome to Collinwood has a cocky, after-hours loopiness to it."
en:1798,8,16,'s a kindniest movie comedy offiti.s,,en,noise,305,ZJM,2,It's the funniest American comedy since Graffiti Bridge.
en:1801,15,40,"n,elingsome, oftenbreaking, watch, the itma' hisstone's filmling performances are the film- the level of a moviecchilin...",,en,noise,308,ZJM,2,"Often gruelling and heartbreaking to witness, but Seldahl and Wollter's sterling performances raise this far above the level of the usual maudlin disease movie."
en:1806,5,25,"' notly the as in in the Friday,, the  of a new than more moretelyless",,en,noise,313,ZJM,1,"That is essentially what's missing from Blackboards -- the sense of something bigger, some ultimate point."
en:1809,11,34,"filmlywitted, inme movie offoff, a American Kingdom,y,, whichodile Sam, a,ist, its bestring.",,en,noise,316,ZJM,0,"A dim-witted and lazy spin-off of the Animal Planet documentary series, Crocodile Hunter is entertainment opportunism at its most glaring."
en:1821,10,23,"awful lot,, not makey the  curiously imcontentable. fansmakersers.",,en,noise,328,ZJM,0,An awful movie that will only satisfy the most emotionally malleable of filmgoers.
en:1843,33,67,"knows's film to theling the's mosts is a rebling, furiherent one, the strugglegueness of humanal thinkinges and theise of the,s the filmous and inentious workavor. wills alllikecused on undioously lostaperating.",,en,noise,350,ZJM,0,Godard's ode to tackling life's wonderment is a rambling and incoherent manifesto about the vagueness of topical excess... In Praise of Love remains a ponderous and pretentious endeavor that's unfocused and tediously exasperating.
en:1845,13,42,"' really know across a about the movie characters, the they not they arere be up in in it ite,sity to ather realist pleasanting nor entertain.. be a.",,en,noise,352,ZJM,0,"We never truly come to care about the main characters and whether or not they'll wind up together, and Michele's spiritual quest is neither amusing nor dramatic enough to sustain interest."
en:1848,6,20,ceptionnts filmthical is be been adranceight.,,en,noise,355,ZJM,1,"Peralta's mythmaking could have used some informed, adult hindsight."
en:1855,14,35,"s can be be to watch more time watching a moviestheater, about aovyy lists, the to make their kids that to to be. theyocchio.",,en,noise,362,ZJM,1,Adults will certainly want to spend their time in the theater thinking up grocery lists and ways to tell their kids how not to act like Pinocchio.
en:1856,9,31,"a goodly as as as originalous as the pred to be, the- from this it' a been a a.. empat.",,en,noise,363,ZJM,1,"Not as distinctive or even as humorous as its needs to be to stand out, but it has clearly been made with affection and care."
en:1857,8,20,"beautiful, drama,like any to be maded by anyone who of familyclasss.",,en,noise,364,ZJM,0,A generic family comedy unlikely to be appreciated by anyone outside the under-10 set.
en:1861,11,31,"ppercre,director/ Levi iss films at make a filmianthe American-realistismre are inreadfully flat.",,en,noise,368,ZJM,0,"Co-writer/director Jonathan Parker's attempts to fashion a Brazil-like, hyper-real satire fall dreadfully short."
en:1870,5,16,' doesn't make the to to not the moviely.,,en,noise,377,ZJM,1,It just doesn't have much else... especially in a moral sense.
en:1871,8,24,whofortunamiliar characters themon moviess will have themselves Movie- Motelm aally adering.,,en,noise,378,ZJM,1,Those unfamiliar with Mormon traditions may find The Singles Ward occasionally bewildering.
en:1873,6,19,"the filmed director, is not the guess. and the the-s.",,en,noise,380,ZJM,2,"But the talented cast alone will keep you watching, as will the fight scenes."
en:1877,10,24,"aly, but greater of the difficult of themaking make us beyond change make us feel the lives.",,en,noise,384,ZJM,2,"An important movie, a reminder of the power of film to move us and to make us examine our values."
en:1879,9,24,"filmly craftd, yetble executd, a talented, who has knows a to his mind.",,en,noise,386,ZJM,2,A richly imagined and admirably mature work from a gifted director who definitely has something on his mind.
en:1882,9,22,the ifs more about that the's no lot audiencethri in makesmeates the story.,,en,noise,389,ZJM,2,But what's nice is that there's a casual intelligence that permeates the script.
en:1887,11,28,"s likelightly a if it were a olded movie film twobeit brief that by a,,. the.",,en,noise,394,ZJM,1,"Feels slight, as if it were an extended short, albeit one made by the smartest kids in class."
en:1888,5,13,"film is't make what's been movie,",,en,noise,395,ZJM,1,The picture doesn't know it's a comedy.
en:1894,10,26,"'s a filmysner, aful made, andly produced, ultima,ly satisf..",,en,noise,401,ZJM,2,"It's a head-turner -- thoughtfully written, beautifully read and, finally, deeply humanizing."
en:1897,11,33,cken Black is iss ate ficant by in's a most-fi movie that that.igle Meupsreak'ats.,,en,noise,404,ZJM,0,Men in Black II achieves ultimate insignificance -- it's the sci-fi comedy spectacle as Whiffle-Ball epic.
en:1899,12,29,s a stunning chance of beinging to capture a solidably the to believe about the obvious bests that of naturecency.,,en,noise,5,ZJN,1,Presents a good case while failing to provide a reason for us to care beyond the very basic dictums of human decency.
en:1901,7,24,"ed is hardster, a much greatlaws,' be hard to yous to forgetrug off.",,en,noise,7,ZJN,0,"Bread, My Sweet has so many flaws it would be easy for critics to shred it."
en:1907,15,40,"youances Wild were a aelveaked to, bitch, would have been a littlefire, but that the that that wills about much that's to los a.",,en,noise,14,ZJN,1,"If Deuces Wild had been tweaked up a notch it would have become a camp adventure, one of those movies that's so bad it starts to become good."
en:1925,2,10,"' the wayly- the film,",,en,noise,32,ZJN,2,I love the robust middle of this picture.
en:1932,11,28,film is a a watch at but you''t mind a from than a movie minutesthrills. a costume.,,en,noise,39,ZJN,1,"The Ring is worth a look, if you don't demand much more than a few cheap thrills from your Halloween entertainment."
en:1943,5,14,"'d way movieage, the find the old one.",,en,noise,50,ZJN,2,I like the new footage and still love the old stuff.
en:1944,11,29,"'ly captures with the-queism, but it  is theism is insly -- is atpiced by.",,en,noise,51,ZJN,1,"It briefly flirts with player masochism, but the point of real interest -- audience sadism -- is evaded completely."
en:1945,3,15,n Movie be be be the good as the pred..,,en,noise,52,ZJN,0,Could The Country Bears really be as bad as its trailers?
en:1949,2,8,film is to littlely,,en,noise,56,ZJN,0,The film seems a dead weight.
en:1950,14,48,"lely enga humorflarious, comedyalousy,, isachson at much like a movie man Down Niro, it' like movie' be be aThe Heroband' aitor.ckerling'.",,en,noise,57,ZJN,2,"Sparkling, often hilarious romantic jealousy comedy... Attal looks so much like a young Robert DeNiro that it seems the film should instead be called `My Husband Is Travis Bickle'."
en:1952,11,22,"beautifuludy film,'s not particularlyly aboutinteresable, but it notinteresable.",,en,noise,59,ZJN,0,"A lousy movie that's not merely unwatchable, but also unlistenable."
en:1954,14,42,"filmly, a ac, aly,, for to feel immered to a un of a.dys,,ymer, the is a only a great, but also friend being.",,en,noise,61,ZJN,2,"A strong script, powerful direction and splendid production design allows us to be transported into the life of Wladyslaw Szpilman, who is not only a pianist, but a good human being."
en:1957,4,12,'s a beautifulcy movieemever'' movie,,en,noise,64,ZJN,1,It's a fanboy `what if?'
en:1960,15,58,"Kingedves the. andn, and John Greens, atiny Tus "" advicevilles, are the heing in the., the films a filmoseust filmet isoms out the much languages is a rare surprise memory to butbut",,en,noise,67,ZJN,2,"Stephen Rea, Aidan Quinn, and Alan Bates play Desmond's legal eagles, and when joined by Brosnan, the sight of this grandiloquent quartet lolling in pretty Irish settings is a pleasant enough thing, `tis."
en:1963,1,16,about so thoughly a movie York-.s Thu,,en,noise,70,ZJN,0,Everything was as superficial as the forced New Jersey lowbrow accent Uma had.
en:1971,12,31,"film movie, a way, the word, but you, inless, andwhile.ud andful,scenxious,",,en,noise,78,ZJN,0,"A zombie movie in every sense of the word -- mindless, lifeless, meandering, loud, painful, obnoxious."
en:1976,7,31,"is of no audiences of many actor make, the thed to to make a any but it the' why reason' the movie.",,en,noise,83,ZJN,1,"High Crimes knows the mistakes that bad movies make and is determined not to make them, and maybe that is nobility of a sort."
en:1979,4,14,"a movie, mysterydramalytheus comedycht..",,en,noise,86,ZJN,0,... a bland murder-on-campus yawner.
en:1982,6,22,"fice to beingblings andtive,, a in effectsreadness ofavour to the media.",,en,noise,89,ZJN,0,"Suffers from rambling, repetitive dialogue and the visual drabness endemic to digital video."
en:1985,10,21,"s are of the most ing momentsalstions of the film story, made to a.",,en,noise,92,ZJN,2,Features one of the most affecting depictions of a love affair ever committed to film.
en:1995,9,32,"if movieshed, can not a least of a, find to thetricaable amount teless,y. aing,culture.",,en,noise,102,ZJN,0,"Even a hardened voyeur would require the patience of Job to get through this interminable, shapeless documentary about the swinging subculture."
en:1999,14,36,"film is a greatundved to a itly the real,,,age have in theclub.atnce. and it's also aable one.",,en,noise,106,ZJN,1,"The film is a contrivance, as artificial as the video games Japanese teens play in a nightclub sequence, but it's an enjoyable one."
en:2000,13,29,"its best, filmplay is athar, the the its best it' amus,'s work process,. thehood.",,en,noise,107,ZJN,1,"At its worst the screenplay is callow, but at its best it is a young artist's thoughtful consideration of fatherhood."
en:2006,10,26,"Bridge are a a filmtakingly beautifuld film compish film of art time, creatiive memory.",,en,noise,113,ZJN,2,Jeffs has created a breathtakingly assured and stylish work of spare dialogue and acute expressiveness.
en:2030,8,21,"mone,le of a,bing, Yorkers, a  kill interestnesserss.",,en,noise,137,ZJN,1,Anemic chronicle of money grubbing New Yorkers and their serial loveless hook ups.
en:2032,7,17,",'m got to give itside on the one. now on.",,en,noise,139,ZJN,1,And I've decided to leave a light on every night from now on.
en:2042,10,24,beautifuliyah isly getspens the audienceva- with to make ae interestmistry. her Hall.,,en,noise,149,ZJN,1,Aaliyah rarely dampens her diva persona enough to spark genuine chemistry with Townsend.
en:2045,12,25,a be a great failure if it for the-ing characterss from place in the end's end..,,en,noise,152,ZJN,1,... would be a total loss if not for two supporting performances taking place at the movie's edges.
en:2046,18,42,"engaingly compwarmwarmraidting film, the struggleion needs of aese womenes to in atahS. tolent,s to escape their familiess andve. a.",,en,noise,153,ZJN,2,An inspiring and heart-affecting film about the desperate attempts of Vietnamese refugees living in U.S. relocation camps to keep their hopes alive in 1975.
en:2051,6,15,'s film andest film most engaable film is,,en,noise,158,ZJN,2,Allen's funniest and most likeable movie in years.
en:2053,10,29,"' no lotinglybound of theicism in the'', the a movieity in if if the tradition..",,en,noise,160,ZJN,2,"There is a refreshing absence of cynicism in Stuart Little 2 -- quite a rarity, even in the family film market."
en:2063,8,26,"if the time of long-s of theughtilityfills, thisenity is' aspecta-.",,en,noise,170,ZJN,0,"Even by the intentionally low standards of frat-boy humor, Sorority Boys is a bowser."
en:2075,8,25,filmly yety performances of make even the whoing who have never patience for-American.views,,en,noise,182,ZJN,2,"The stunning, dreamlike visuals will impress even those viewers who have little patience for Euro-film pretension."
en:2090,12,24,"thegie,es,, this is a thanetizing than the movie-sh.sortgus.",,en,noise,197,ZJN,2,"For VeggieTales fans, this is more appetizing than a side dish of asparagus."
en:2091,23,42,"it's as as a best to point of the erath century, it iss to to again to the of thedents, a,, it's notingly slow.",,en,noise,198,ZJN,1,"While it regards 1967 as the key turning point of the 20th century, and returns again and again to images of dissidents in the streets, it's alarmingly current."
en:2096,20,49,"itsrowed fromvily from the theth Six Sixence of the Lambs, it's to remain its its solid ofphisticationnessintelligence and a-likeized.cks. most..",,en,noise,203,ZJN,2,"While Tattoo borrows heavily from both Seven and The Silence of the Lambs, it manages to maintain both a level of sophisticated intrigue and human-scale characters that suck the audience in."
en:2099,11,28,"'s a kind movie I the year, far, and audiences the the the films Western'ders are bed.",,en,noise,206,ZJN,2,"It's the best film of the year so far, the benchmark against which all other Best Picture contenders should be measured."
en:2100,9,14,is a of those most filmsappointments of the year.,,en,noise,207,ZJN,0,This is one of the biggest disappointments of the year.
en:2102,10,41,"emed a a the wayries of the, the onsquare on ahood lovesession --likeor-thind,ft, the. wouldfla a a  psycholog and emotional .",,en,noise,209,ZJN,1,"Denis forges out of the theories of class - based rage and sisterly obsession a razor-sided tuning fork that rings with cultural, sexual and social discord."
en:2128,17,44,"filmly entertainmusk film, itll, bortive, writtenotic, andly unsppy -- andside onem of bothreal Matrixing' and `watric oneTheanta''",,en,noise,235,ZJN,0,"A thoroughly awful movie -- dumb, narratively chaotic, visually sloppy... a weird amalgam of `The Thing' and a geriatric `Scream.'"
en:2131,11,36,"film is a  for theuit and processness, the senseedncy, but it's a of of than a for the audiencewriterwed characters un characters.",,en,noise,238,ZJN,1,"The movie has no respect for laws, political correctness or common decency, but it displays something more important: respect for its flawed, crazy people."
en:2137,16,36,"' be aappointuous to say thised a movie film, but it'' it it the of the othercker that in the out. the moviex.",,en,noise,244,ZJN,1,"It would be disingenuous to call Reno a great film, but you can say that about most of the flicks moving in and out of the multiplex."
en:2141,6,11,iguingly yetright defuriating.,,en,noise,248,ZJN,2,Intriguing and downright intoxicating.
en:2143,14,32,"the best compying thing about thisle Whoo isous is that it's so movie to, by a who' has what about his.",,en,noise,250,ZJN,0,Perhaps the most annoying thing about Who Is Cletis Tout? is that it's a crime movie made by someone who obviously knows nothing about crime.
en:2145,7,26,"filmntes, iss on heart of the soul oness to the well, enga engalys Wei..",,en,noise,252,ZJN,2,The quirky drama touches the heart and the funnybone thanks to the energetic and always surprising performance by Rachel Griffiths.
en:2147,7,12,ly uffling. the start-go.,,en,noise,254,ZJN,0,Bad and baffling from the get-go.
en:2148,10,28,"film is a greatt from a de, but thencing,thro and engay music all you to the night-.",,en,noise,255,ZJN,2,"The movie is a blast of educational energy, as bouncy animation and catchy songs escort you through the entire 85 minutes."
en:2152,13,38,"film story of the filmlog is the waylyly effects the protagonist, the-nier, who,embles aheld andlone. a-.-heart.",,en,noise,259,ZJN,1,"The real charm of this trifle is the deadpan comic face of its star, Jean Reno, who resembles Sly Stallone in a hot sake half-sleep."
en:2159,18,56,"tellet is't be the lot mistake, his first-, thearings a his way- community a woman-class academic, a inferior. andssum that'sets all audienceists readerse . conrinks the original of the novel.",,en,noise,266,ZJN,1,"LaBute can't avoid a fatal mistake in the modern era: He's changed the male academic from a lower-class Brit to an American, a choice that upsets the novel's exquisite balance and shreds the fabric of the film."
en:2163,7,17,"ry, a strange chance, a that''t.",,en,noise,270,ZJN,1,Gere gives a good performance in a film that doesn't merit it.
en:2167,5,24,"film' who his -story,, ad camerarody, is failled for a moviely.",,en,noise,274,ZJN,0,"The director, with his fake backdrops and stately pacing, never settles on a consistent tone."
en:2168,6,27,"is' so a reigns a movie is the' it it, and and-, -- is a compre.",,en,noise,275,ZJN,0,"Why he was given free reign over this project -- he wrote, directed, starred and produced -- is beyond me."
en:2169,11,27,"you' a entertained with a movieed's you''t a fond, you youys a you.",,en,noise,276,ZJN,0,"If you enjoy being rewarded by a script that assumes you aren't very bright, then Blood Work is for you."
en:2170,9,37,"ay Giuliastone, there is to be a deep looker theify the pointtic  of he film movie. then that movie learned..ke.",,en,noise,277,ZJN,0,"Like Rudy Yellow Lodge, Eyre needs to take a good sweat to clarify his cinematic vision before his next creation and remember the lessons of the trickster spider."
en:2182,4,11,"to tearinglying,,",,en,noise,289,ZJN,2,"Hard, endearing, caring, warm."
en:2184,11,38,film thee andses to love for the is and theful and andimprov -- a kindal -- havesettlly defy them a. is todyly funnying.,,en,noise,291,ZJN,2,The way Coppola professes his love for movies -- both colorful pop junk and the classics that unequivocally qualify as art -- is giddily entertaining.
en:2192,19,41,"''t best your memorys it it wons not a to be for's justly a movie, melotic porrogaical projecttion of the' a movie. real.",,en,noise,299,ZJN,1,It won't bust your gut -- and it's not intended to -- it's merely a blandly cinematic surgical examination of what makes a joke a joke.
en:2197,14,35,"filmomy,thelythe-ae,ter of the to thesion is is a loty, thoughtheurs-.s effect it.",,en,noise,304,ZJN,1,"The doofus-on-the-loose banter of Welcome to Collinwood has a cocky, after-hours loopiness to it."
en:2198,7,16,s a kindniest movie comedy offiti.s,,en,noise,305,ZJN,2,It's the funniest American comedy since Graffiti Bridge.
en:2201,14,40,"lyelingsomely abreakingly the, the itma' hisstone's filmling performances are the film- the level of acchilin...",,en,noise,308,ZJN,2,"Often gruelling and heartbreaking to witness, but Seldahl and Wollter's sterling performances raise this far above the level of the usual maudlin disease movie."
en:2206,6,25,"' aly the as in in the',, the story of a new, more moretelyless",,en,noise,313,ZJN,1,"That is essentially what's missing from Blackboards -- the sense of something bigger, some ultimate point."
en:2209,11,34,"filmlywitted, inme film offoff, a American Farm,y,, whichodile Sams a,ist, its bestring.",,en,noise,316,ZJN,0,"A dim-witted and lazy spin-off of the Animal Planet documentary series, Crocodile Hunter is entertainment opportunism at its most glaring."
en:2221,9,23,"engawful lot,, not makey the  discernly imcontentable. fansmakersers.",,en,noise,328,ZJN,0,An awful movie that will only satisfy the most emotionally malleable of filmgoers.
en:2243,32,67,"knows's film to theling the's mosts is a rebling, furiherent one, the strugglegueness of humans thinkinges and theise of the,s the filmous and inentious workavor. willslikecused on undioously lostaperating.",,en,noise,350,ZJN,0,Godard's ode to tackling life's wonderment is a rambling and incoherent manifesto about the vagueness of topical excess... In Praise of Love remains a ponderous and pretentious endeavor that's unfocused and tediously exasperating.
en:2245,13,42,"' really understood across a about the movie characters, the they not they arere be up in in it thee,sity to ather pleasanting nor.. be a.",,en,noise,352,ZJN,0,"We never truly come to care about the main characters and whether or not they'll wind up together, and Michele's spiritual quest is neither amusing nor dramatic enough to sustain interest."
en:2248,6,20,cynts filmthical is be been adranceight.,,en,noise,355,ZJN,1,"Peralta's mythmaking could have used some informed, adult hindsight."
en:2255,14,35,"s can be enjoy to watch more time watching a moviestheater, about aovyy lists, the to make their kids that to to be. adultsocchio.",,en,noise,362,ZJN,1,Adults will certainly want to spend their time in the theater thinking up grocery lists and ways to tell their kids how not to act like Pinocchio.
en:2256,8,31,"a goodly as as as originalous as the pred- be, the- from this it' a been a a.. empat.",,en,noise,363,ZJN,1,"Not as distinctive or even as humorous as its needs to be to stand out, but it has clearly been made with affection and care."
en:2257,8,20,"beautiful, drama,like any to be maded by anyone who of familyclasss.",,en,noise,364,ZJN,0,A generic family comedy unlikely to be appreciated by anyone outside the under-10 set.
en:2261,12,31,"ppercre,director/ Levi iss films at make a movieianthe American-realistismre, onreadfully short.",,en,noise,368,ZJN,0,"Co-writer/director Jonathan Parker's attempts to fashion a Brazil-like, hyper-real satire fall dreadfully short."
en:2270,5,16,' doesn't feel the to to not the moviely.,,en,noise,377,ZJN,1,It just doesn't have much else... especially in a moral sense.
en:2271,9,24,whofortunamiliar characters themon moviess may have themselves Ho- arem aally adering.,,en,noise,378,ZJN,1,Those unfamiliar with Mormon traditions may find The Singles Ward occasionally bewildering.
en:2273,6,19,"the filmed director, is not the guess. the fors.",,en,noise,380,ZJN,2,"But the talented cast alone will keep you watching, as will the fight scenes."
en:2277,10,24,"aly, but greater of the difficult of themaking make a beyond to make us feel the own.",,en,noise,384,ZJN,2,"An important movie, a reminder of the power of film to move us and to make us examine our values."
en:2279,8,24,"beautifully craftd, yetble realistd, a talented, who has knows a to his heart.",,en,noise,386,ZJN,2,A richly imagined and admirably mature work from a gifted director who definitely has something on his mind.
en:2282,9,22,"it ifs more about that the's no movie,thri in makesmeates the entire.",,en,noise,389,ZJN,2,But what's nice is that there's a casual intelligence that permeates the script.
en:2287,11,28,"s likelightly a if it were a olded movie film halfbeit brief that by a,,. the.",,en,noise,394,ZJN,1,"Feels slight, as if it were an extended short, albeit one made by the smartest kids in class."
en:2288,6,13,"film't have what's a movie,",,en,noise,395,ZJN,1,The picture doesn't know it's a comedy.
en:2294,9,26,"'s a movieysning, aful made, yetly produced, ultima,ly..",,en,noise,401,ZJN,2,"It's a head-turner -- thoughtfully written, beautifully read and, finally, deeply humanizing."
en:2297,11,33,cken Black is iss ate ficant by in's a most-fi movie that that.igle Meupreak'ats.,,en,noise,404,ZJN,0,Men in Black II achieves ultimate insignificance -- it's the sci-fi comedy spectacle as Whiffle-Ball epic.
en:2299,12,29,s a re chance of beinging to capture a solidably why to be about thes that of naturecency.,,en,noise,5,ZJS,1,Presents a good case while failing to provide a reason for us to care beyond the very basic dictums of human decency.
en:2301,7,24,"ed and hardster, a much wonderfullaws,' be hard to yous to forgetrug..",,en,noise,7,ZJS,0,"Bread, My Sweet has so many flaws it would be easy for critics to shred it."
en:2307,15,40,"youances Wild were a aelveaked to, bitch, would have been a littlefire, but that the that that wills about much that's to los a.",,en,noise,14,ZJS,1,"If Deuces Wild had been tweaked up a notch it would have become a camp adventure, one of those movies that's so bad it starts to become good."
en:2325,3,10,' the wayness- the film.,,en,noise,32,ZJS,2,I love the robust middle of this picture.
en:2332,12,28,film is a a watch at but you''t mind a from than a minutesthrills. your costume.,,en,noise,39,ZJS,1,"The Ring is worth a look, if you don't demand much more than a few cheap thrills from your Halloween entertainment."
en:2343,5,14,"'d way movieage, the like the old one.",,en,noise,50,ZJS,2,I like the new footage and still love the old stuff.
en:2344,11,29,"'ly captures with the-queism, but it film is theism is especiallysly -- is inpiced..",,en,noise,51,ZJS,1,"It briefly flirts with player masochism, but the point of real interest -- audience sadism -- is evaded completely."
en:2345,3,15,n Movie be be have be the good as the pred..,,en,noise,52,ZJS,0,Could The Country Bears really be as bad as its trailers?
en:2349,3,8,film is to littlely.,,en,noise,56,ZJS,0,The film seems a dead weight.
en:2350,14,48,"lely yet humorflarious, comedyalousy,, isicusson at much like a movie man Down Niro, it' like movie' be be aThe Heroband. aitor.ckerling'.",,en,noise,57,ZJS,2,"Sparkling, often hilarious romantic jealousy comedy... Attal looks so much like a young Robert DeNiro that it seems the film should instead be called `My Husband Is Travis Bickle'."
en:2352,11,22,"filmudy film,'s not particularlyly aboutinteresable, but it notinteresable.",,en,noise,59,ZJS,0,"A lousy movie that's not merely unwatchable, but also unlistenable."
en:2354,15,42,"filmly, a ac, aly,, for to feel immered to a un of a.dyslaw.ymer, the is a only a great, but also friend being.",,en,noise,61,ZJS,2,"A strong script, powerful direction and splendid production design allows us to be transported into the life of Wladyslaw Szpilman, who is not only a pianist, but a good human being."
en:2357,4,12,'s a beautifulcy movieemever'' movie,,en,noise,64,ZJS,1,It's a fanboy `what if?'
en:2360,16,58,"Kingedves a. andn, and John Greens, atiny Tus "" advicevilles, are the heing in the., the films a filmoseust filmet wouldomss the much bloods is awe surprise memory. butbut.",,en,noise,67,ZJS,2,"Stephen Rea, Aidan Quinn, and Alan Bates play Desmond's legal eagles, and when joined by Brosnan, the sight of this grandiloquent quartet lolling in pretty Irish settings is a pleasant enough thing, `tis."
en:2363,1,16,about so goodly a movie film York hit- movies Thu,,en,noise,70,ZJS,0,Everything was as superficial as the forced New Jersey lowbrow accent Uma had.
en:2371,13,31,"film movie, which way, the word, but you, inless, andwhile,ud andful,scenxious,",,en,noise,78,ZJS,0,"A zombie movie in every sense of the word -- mindless, lifeless, meandering, loud, painful, obnoxious."
en:2376,8,31,"ly, is how ways of many movies make, the notd to to make it any but it it' why reason' the movie.",,en,noise,83,ZJS,1,"High Crimes knows the mistakes that bad movies make and is determined not to make them, and maybe that is nobility of a sort."
en:2379,4,14,"a beautiful, mysterydramalytheus comedycht..",,en,noise,86,ZJS,0,... a bland murder-on-campus yawner.
en:2382,5,22,"fice to beingblings andtive,, a usual effectsreadness ofavour of the media.",,en,noise,89,ZJS,0,"Suffers from rambling, repetitive dialogue and the visual drabness endemic to digital video."
en:2385,10,21,s are of the most importanting momentsalstions of the film story in made to a.,,en,noise,92,ZJS,2,Features one of the most affecting depictions of a love affair ever committed to film.
en:2395,9,32,"if movieshed, can not a least of a, find to thetricaableless,y. aing,culture.",,en,noise,102,ZJS,0,"Even a hardened voyeur would require the patience of Job to get through this interminable, shapeless documentary about the swinging subculture."
en:2399,15,36,"film is a greatvoluved to a itly the real,,,s have in theclub,atnce. and it's also aable one.",,en,noise,106,ZJS,1,"The film is a contrivance, as artificial as the video games Japanese teens play in a nightclub sequence, but it's an enjoyable one."
en:2400,11,29,"times best, film is is athar, the the its best it' a well,'s process,. thehood.",,en,noise,107,ZJS,1,"At its worst the screenplay is callow, but at its best it is a young artist's thoughtful consideration of fatherhood."
en:2406,10,26,"Bridge are a a filmtakingly beautifuld film compish film of art time,ive memory.",,en,noise,113,ZJS,2,Jeffs has created a breathtakingly assured and stylish work of spare dialogue and acute expressiveness.
en:2430,8,21,"monelyle of a,bing, Yorkers, a in kill interestnesserss.",,en,noise,137,ZJS,1,Anemic chronicle of money grubbing New Yorkers and their serial loveless hook ups.
en:2432,6,17,",'m got to keep itside on the one. on.",,en,noise,139,ZJS,1,And I've decided to leave a light on every night from now on.
en:2442,9,24,beautifuliyah isly getsps the audienceva- with to make ae interestmistry. her Hall.,,en,noise,149,ZJS,1,Aaliyah rarely dampens her diva persona enough to spark genuine chemistry with Townsend.
en:2445,12,25,a be a great failure if it for the-ing characterss from place in the end's end..,,en,noise,152,ZJS,1,... would be a total loss if not for two supporting performances taking place at the movie's edges.
en:2446,17,42,"aingly engawarmwarmraidting film, the struggleion needs of aese womenes to in atahS. tolent,s. escape their familiess andve. a.",,en,noise,153,ZJS,2,An inspiring and heart-affecting film about the desperate attempts of Vietnamese refugees living in U.S. relocation camps to keep their hopes alive in 1975.
en:2451,8,15,'s filmniest film most engaable film is.,,en,noise,158,ZJS,2,Allen's funniest and most likeable movie in years.
en:2453,9,29,"' no lotinglyabsence of theicism from the'', the a movieity. if if his...",,en,noise,160,ZJS,2,"There is a refreshing absence of cynicism in Stuart Little 2 -- quite a rarity, even in the family film market."
en:2463,8,26,"if the time of long-s of theughtilityands, theenity is' a solidspecta-.",,en,noise,170,ZJS,0,"Even by the intentionally low standards of frat-boy humor, Sorority Boys is a bowser."
en:2475,8,25,filmly yety performances of make even the whoing who have no patience for-American.views,,en,noise,182,ZJS,2,"The stunning, dreamlike visuals will impress even those viewers who have little patience for Euro-film pretension."
en:2490,12,24,"thegie,es,, this is a thanetizing than the movie-sh.sortgus.",,en,noise,197,ZJS,2,"For VeggieTales fans, this is more appetizing than a side dish of asparagus."
en:2491,22,42,"it's the' a year to point of the erath century, it ising to to again to the of thedents, the,, it's notingly slow.",,en,noise,198,ZJS,1,"While it regards 1967 as the key turning point of the 20th century, and returns again and again to images of dissidents in the streets, it's alarmingly current."
en:2496,19,49,"itsinged fromvily from the theth Ni Sixence of the Lambs, it's to remain its solid ofphisticationnessintelligence and a-likeized.cks. most..",,en,noise,203,ZJS,2,"While Tattoo borrows heavily from both Seven and The Silence of the Lambs, it manages to maintain both a level of sophisticated intrigue and human-scale characters that suck the audience in."
en:2499,11,28,"'s a kind movie I the year, far, and audiences the the the films Western filmsders are bed.",,en,noise,206,ZJS,2,"It's the best film of the year so far, the benchmark against which all other Best Picture contenders should be measured."
en:2500,8,14,is a of those mostappointments of year.,,en,noise,207,ZJS,0,This is one of the biggest disappointments of the year.
en:2502,11,41,"emed the a the wayries of the and the onsquare on aly lovesession --likeor-thind,ft, the.,fla a  psycholog and emotional .",,en,noise,209,ZJS,1,"Denis forges out of the theories of class - based rage and sisterly obsession a razor-sided tuning fork that rings with cultural, sexual and social discord."
en:2528,18,44,"filmly enjoymusful film, withll, bortive, writtenotic, andly unsppy -- andside,m of bothreal Matrixing' and `watric oneTheanta''",,en,noise,235,ZJS,0,"A thoroughly awful movie -- dumb, narratively chaotic, visually sloppy... a weird amalgam of `The Thing' and a geriatric `Scream.'"
en:2531,10,36,"film is a  for theuit and processness, moral senseedncy, and it's a of of than for human audiencewriterwed characters un characters.",,en,noise,238,ZJS,1,"The movie has no respect for laws, political correctness or common decency, but it displays something more important: respect for its flawed, crazy people."
en:2537,15,36,"' be hardappointuous to say thised a movie film, but it'' it it the of the othercker. in the out. the moviexes.",,en,noise,244,ZJS,1,"It would be disingenuous to call Reno a great film, but you can say that about most of the flicks moving in and out of the multiplex."
en:2541,6,11,iguingly unright defuriating.,,en,noise,248,ZJS,2,Intriguing and downright intoxicating.
en:2543,15,32,"the most engaying thing about thisle Whoo isous is that it's so movie story, by a who' has what about his.",,en,noise,250,ZJS,0,Perhaps the most annoying thing about Who Is Cletis Tout? is that it's a crime movie made by someone who obviously knows nothing about crime.
en:2545,7,26,"filmntes, iss on heart of the soul oness to the , enga engalys Wei..",,en,noise,252,ZJS,2,The quirky drama touches the heart and the funnybone thanks to the energetic and always surprising performance by Rachel Griffiths.
en:2547,7,12,ly uffling. the start-go.,,en,noise,254,ZJS,0,Bad and baffling from the get-go.
en:2548,10,28,"film is a greatt from comedy de, but itncing,thro and engay music all you to the night movie-.",,en,noise,255,ZJS,2,"The movie is a blast of educational energy, as bouncy animation and catchy songs escort you through the entire 85 minutes."
en:2552,14,38,"film deal of this filmlog is the waylyly effects the protagonist, the-nier, who,embles aheld andlone. a-.-heart.",,en,noise,259,ZJS,1,"The real charm of this trifle is the deadpan comic face of its star, Jean Reno, who resembles Sly Stallone in a hot sake half-sleep."
en:2559,20,56,"tecket is't be the fewly, the first-, thearings a his way- community a woman-class academic, a inferior, andssum that'sets all audience's audiencee . rinks the original of the novel.",,en,noise,266,ZJS,1,"LaBute can't avoid a fatal mistake in the modern era: He's changed the male academic from a lower-class Brit to an American, a choice that upsets the novel's exquisite balance and shreds the fabric of the film."
en:2563,7,17,"ry, a strange chance, a that''t a.",,en,noise,270,ZJS,1,Gere gives a good performance in a film that doesn't merit it.
en:2567,9,24,"film, who his -story, and ad cameracing, is letles for a moviely.",,en,noise,274,ZJS,0,"The director, with his fake backdrops and stately pacing, never settles on a consistent tone."
en:2568,6,27,"is' so a reigns a movie is and' it it, and and-, direct -- is a compre.",,en,noise,275,ZJS,0,"Why he was given free reign over this project -- he wrote, directed, starred and produced -- is beyond me."
en:2569,11,27,"you' a aed with a movieed's you''t a good, you youys a you.",,en,noise,276,ZJS,0,"If you enjoy being rewarded by a script that assumes you aren't very bright, then Blood Work is for you."
en:2570,8,37,"ad Giuliastone, there is to be a deep looker theify the positiontic . he film movie. then: learned..ke.",,en,noise,277,ZJS,0,"Like Rudy Yellow Lodge, Eyre needs to take a good sweat to clarify his cinematic vision before his next creation and remember the lessons of the trickster spider."
en:2582,4,11,"to hardaringly anding,,",,en,noise,289,ZJS,2,"Hard, endearing, caring, warm."
en:2584,11,38,film thee andses to love for the is and theful and andgraphic -- a kindal -- havesettlly defy them a. is todyly funnying.,,en,noise,291,ZJS,2,The way Coppola professes his love for movies -- both colorful pop junk and the classics that unequivocally qualify as art -- is giddily entertaining.
en:2592,18,41,"''t best a memorys it it wons not a to be for's justly a movie, melotic porrogaical projecttion of the' a movie. real.",,en,noise,299,ZJS,1,It won't bust your gut -- and it's not intended to -- it's merely a blandly cinematic surgical examination of what makes a joke a joke.
en:2597,11,35,"filmomus,thelya-samee,ter is the Home thesion is is its loty, thoughtheurs-ys effect it.",,en,noise,304,ZJS,1,"The doofus-on-the-loose banter of Welcome to Collinwood has a cocky, after-hours loopiness to it."
en:2598,9,16,'s a kindniest movie comedy offiti..,,en,noise,305,ZJS,2,It's the funniest American comedy since Graffiti Bridge.
en:2601,15,40,"n,elingsome, oftenbreaking, watch, the itma' hisstone's filmling performances are the film- the level of a moviecchilin...",,en,noise,308,ZJS,2,"Often gruelling and heartbreaking to witness, but Seldahl and Wollter's sterling performances raise this far above the level of the usual maudlin disease movie."
en:2606,5,25,"' notly the as in in the',, the story of time new than more moretelyless",,en,noise,313,ZJS,1,"That is essentially what's missing from Blackboards -- the sense of something bigger, some ultimate point."
en:2609,11,34,"filmlywitted, inme film offoff, a movie Farm,y,, whichodile Sam, a,ist, its bestring.",,en,noise,316,ZJS,0,"A dim-witted and lazy spin-off of the Animal Planet documentary series, Crocodile Hunter is entertainment opportunism at its most glaring."
en:2621,9,23,"engawful lot,, never makey the  curiously imcontentable. fansmakersers.",,en,noise,328,ZJS,0,An awful movie that will only satisfy the most emotionally malleable of filmgoers.
en:2643,32,67,"knows's film to theling the iss mosts is a rebling, furiherent story, the strugglegueness of humanal wisdomes and theise of the,s the filmous and inentious workavor. willslikecused on undioously unaperating.",,en,noise,350,ZJS,0,Godard's ode to tackling life's wonderment is a rambling and incoherent manifesto about the vagueness of topical excess... In Praise of Love remains a ponderous and pretentious endeavor that's unfocused and tediously exasperating.
en:2645,13,42,"' really understood across a about the movie characters, the they not they areve be up in in it ite,sity to ather realist pleasanting nor entertain.. be a.",,en,noise,352,ZJS,0,"We never truly come to care about the main characters and whether or not they'll wind up together, and Michele's spiritual quest is neither amusing nor dramatic enough to sustain interest."
en:2648,7,20,"cy,s filmthical is be been moredsight.",,en,noise,355,ZJS,1,"Peralta's mythmaking could have used some informed, adult hindsight."
en:2655,14,35,"s can be be to watch more time watching a moviestheater, about aovyy lists, the to make their kids about to to be. adultsocchio.",,en,noise,362,ZJS,1,Adults will certainly want to spend their time in the theater thinking up grocery lists and ways to tell their kids how not to act like Pinocchio.
en:2656,8,31,"a goodly as as as originalous as the pred- be, the- from this it' a been a.. love.",,en,noise,363,ZJS,1,"Not as distinctive or even as humorous as its needs to be to stand out, but it has clearly been made with affection and care."
en:2657,7,20,"beautiful, drama,like any to have maded by anyone who of familyclasss.",,en,noise,364,ZJS,0,A generic family comedy unlikely to be appreciated by anyone outside the under-10 set.
en:2661,11,31,"ppercre,director/ Levi iss films at make a filmianthe American-realistismre are inreadfully flat.",,en,noise,368,ZJS,0,"Co-writer/director Jonathan Parker's attempts to fashion a Brazil-like, hyper-real satire fall dreadfully short."
en:2670,5,16,' doesn't feel the to to not the moviely.,,en,noise,377,ZJS,1,It just doesn't have much else... especially in a moral sense.
en:2671,8,24,whofortunamiliar characters themon moviess will have themselves Ho- arem aally adering.,,en,noise,378,ZJS,1,Those unfamiliar with Mormon traditions may find The Singles Ward occasionally bewildering.
en:2673,5,19,"it filmed director, is not the guess. the-s.",,en,noise,380,ZJS,2,"But the talented cast alone will keep you watching, as will the fight scenes."
en:2677,10,24,"aly, but greater of the difficult of themaking make us beyond change make us feel the lives.",,en,noise,384,ZJS,2,"An important movie, a reminder of the power of film to move us and to make us examine our values."
en:2679,9,24,"filmly craftd, yetble realistd, a talented, who has knows a to his mind.",,en,noise,386,ZJS,2,A richly imagined and admirably mature work from a gifted director who definitely has something on his mind.
en:2682,9,22,it ifs more about that the's no lot audiencethri in makesmeates the story.,,en,noise,389,ZJS,2,But what's nice is that there's a casual intelligence that permeates the script.
en:2687,10,28,"s likelightly a if it were a olded movie film halfbeit brief that for a,,. the.",,en,noise,394,ZJS,1,"Feels slight, as if it were an extended short, albeit one made by the smartest kids in class."
en:2688,5,13,"film is't make what's been movie,",,en,noise,395,ZJS,1,The picture doesn't know it's a comedy.
en:2694,11,26,"'s a movieysner, aful made, yetly produced and ultima,ly..",,en,noise,401,ZJS,2,"It's a head-turner -- thoughtfully written, beautifully read and, finally, deeply humanizing."
en:2697,9,33,' a is iss ately cinemaficant by in's a most-fi film that that.igle Meupreak'ats.,,en,noise,404,ZJS,0,Men in Black II achieves ultimate insignificance -- it's the sci-fi comedy spectacle as Whiffle-Ball epic.
en:2699,12,29,s a re chance study beinging to capture a solidably why to believe about the obvious bests that of naturecency.,,en,noise,5,ZKB,1,Presents a good case while failing to provide a reason for us to care beyond the very basic dictums of human decency.
en:2701,7,24,"ed and ster, a much wonderfullaws,' be hard to yous to forgetrug off.",,en,noise,7,ZKB,0,"Bread, My Sweet has so many flaws it would be easy for critics to shred it."
en:2707,15,40,"youances Wild were a aelveaked to, bitch, would have been a littlefire, but that the that that wills about much that's to los a.",,en,noise,14,ZKB,1,"If Deuces Wild had been tweaked up a notch it would have become a camp adventure, one of those movies that's so bad it starts to become good."
en:2725,3,10,' the wayness- the film.,,en,noise,32,ZKB,2,I love the robust middle of this picture.
en:2732,11,28,film is a a watch at but you''t mind a from than a movie minutesthrills. a costume.,,en,noise,39,ZKB,1,"The Ring is worth a look, if you don't demand much more than a few cheap thrills from your Halloween entertainment."
en:2743,5,14,"'d way movieage, the like the old one.",,en,noise,50,ZKB,2,I like the new footage and still love the old stuff.
en:2744,11,29,"'ly captures with the-queism, but it  is theism is especiallysly -- is inpiced by.",,en,noise,51,ZKB,1,"It briefly flirts with player masochism, but the point of real interest -- audience sadism -- is evaded completely."
en:2745,3,15,n Movie be be be the good as the pred..,,en,noise,52,ZKB,0,Could The Country Bears really be as bad as its trailers?
en:2749,3,8,film is to littlely.,,en,noise,56,ZKB,0,The film seems a dead weight.
en:2750,15,48,"lingly yet humorflarious, comedyalousy,, isicusson at much like a movieer Down Niro, it' like movie' be be aThe Heroband' aitor'ckerling'.",,en,noise,57,ZKB,2,"Sparkling, often hilarious romantic jealousy comedy... Attal looks so much like a young Robert DeNiro that it seems the film should instead be called `My Husband Is Travis Bickle'."
en:2752,12,22,"beautifuludy film,'s not particularlyly funnyinteresable, but also notinteresable.",,en,noise,59,ZKB,0,"A lousy movie that's not merely unwatchable, but also unlistenable."
en:2754,13,42,"filmly, a ac, aly,, for to feelholded to a of a.dys,.ymer. the is a only a, but also friend being.",,en,noise,61,ZKB,2,"A strong script, powerful direction and splendid production design allows us to be transported into the life of Wladyslaw Szpilman, who is not only a pianist, but a good human being."
en:2757,4,12,'s a moviecy movieemever'' movie,,en,noise,64,ZKB,1,It's a fanboy `what if?'
en:2760,15,58,"Kingedves a.,n, and John Greens, atiny Tus "" advicevilles, are the theying, the., the films a filmoseust filmet isomss the much airs is a rare surprise memory to buts",,en,noise,67,ZKB,2,"Stephen Rea, Aidan Quinn, and Alan Bates play Desmond's legal eagles, and when joined by Brosnan, the sight of this grandiloquent quartet lolling in pretty Irish settings is a pleasant enough thing, `tis."
en:2763,1,16,about so goodly a movie film York hit- movies Thu,,en,noise,70,ZKB,0,Everything was as superficial as the forced New Jersey lowbrow accent Uma had.
en:2771,13,31,"film movie, a way, the word, but you, inless, andwhile,ud andful,scenxious,",,en,noise,78,ZKB,0,"A zombie movie in every sense of the word -- mindless, lifeless, meandering, loud, painful, obnoxious."
en:2776,6,31,"is of no audiences of many actor make, the thed to to change a any but the it' why reason' the movie.",,en,noise,83,ZKB,1,"High Crimes knows the mistakes that bad movies make and is determined not to make them, and maybe that is nobility of a sort."
en:2779,4,14,"a movie, mysterydramalytheus comedycht..",,en,noise,86,ZKB,0,... a bland murder-on-campus yawner.
en:2782,6,22,"fice to beingblings andtive,, a usuallyreadness ofavour to the media.",,en,noise,89,ZKB,0,"Suffers from rambling, repetitive dialogue and the visual drabness endemic to digital video."
en:2785,10,21,"s are of the most comping momentsalstions of the film story, made to a.",,en,noise,92,ZKB,2,Features one of the most affecting depictions of a love affair ever committed to film.
en:2795,8,32,"if movieshed,istic not a audience of a, find to the atricaable amount-,y. aing,culture.",,en,noise,102,ZKB,0,"Even a hardened voyeur would require the patience of Job to get through this interminable, shapeless documentary about the swinging subculture."
en:2799,14,36,"film is a greatundved to a itly the real,,,age have in theclub.atnce. and it's also aable one.",,en,noise,106,ZKB,1,"The film is a contrivance, as artificial as the video games Japanese teens play in a nightclub sequence, but it's an enjoyable one."
en:2800,12,29,"times best, filmplay is athar, the the its best it' amus,'s work process,. thehood.",,en,noise,107,ZKB,1,"At its worst the screenplay is callow, but at its best it is a young artist's thoughtful consideration of fatherhood."
en:2806,10,26,Bridge is a a filmtakingly beautifuld film compish film of art time. creatiive memory.,,en,noise,113,ZKB,2,Jeffs has created a breathtakingly assured and stylish work of spare dialogue and acute expressiveness.
en:2830,8,21,"mone,le of a,bing, Yorkers, a in kill interestnesserss.",,en,noise,137,ZKB,1,Anemic chronicle of money grubbing New Yorkers and their serial loveless hook ups.
en:2832,7,17,",'m got to give itside on the. now on.",,en,noise,139,ZKB,1,And I've decided to leave a light on every night from now on.
en:2842,9,24,beautifuliyah isly hasmit the audienceva- with to make ae interestmistry. her Hall.,,en,noise,149,ZKB,1,Aaliyah rarely dampens her diva persona enough to spark genuine chemistry with Townsend.
en:2845,11,25,a be a great failure for it for theing characterss. place in the end's end..,,en,noise,152,ZKB,1,... would be a total loss if not for two supporting performances taking place at the movie's edges.
en:2846,18,42,"aingly engawarmwarmraidting film, the strugglee needs of aese womenes to in atahS. tolent,s. escape their familiess andve. a.",,en,noise,153,ZKB,2,An inspiring and heart-affecting film about the desperate attempts of Vietnamese refugees living in U.S. relocation camps to keep their hopes alive in 1975.
en:2851,8,15,'s filmniest film most engaable film is.,,en,noise,158,ZKB,2,Allen's funniest and most likeable movie in years.
en:2853,10,29,"' no lotinglyabsence of theicism from the'', the a movieity. if if the-..",,en,noise,160,ZKB,2,"There is a refreshing absence of cynicism in Stuart Little 2 -- quite a rarity, even in the family film market."
en:2863,8,26,"if the time of long-s of theughtilityfills, theenity is' aspecta-.",,en,noise,170,ZKB,0,"Even by the intentionally low standards of frat-boy humor, Sorority Boys is a bowser."
en:2875,9,25,filmly yety performances of make even the whoers who have a patience for-American.views,,en,noise,182,ZKB,2,"The stunning, dreamlike visuals will impress even those viewers who have little patience for Euro-film pretension."
en:2890,12,24,"thegie,es,, this is a thanetizing than the movie-sh.sortgus.",,en,noise,197,ZKB,2,"For VeggieTales fans, this is more appetizing than a side dish of asparagus."
en:2891,22,42,"it's as as a year to point of the erath Century, it thes to to again to the of thedents,,, it's notingly slow.",,en,noise,198,ZKB,1,"While it regards 1967 as the key turning point of the 20th century, and returns again and again to images of dissidents in the streets, it's alarmingly current."
en:2896,20,49,"itedinged fromvily from the theth Ni Sixence of the Lambs, it's to remain its its solid ofphisticationnessintelligence and a-likehat.cks. audience..",,en,noise,203,ZKB,2,"While Tattoo borrows heavily from both Seven and The Silence of the Lambs, it manages to maintain both a level of sophisticated intrigue and human-scale characters that suck the audience in."
en:2899,11,28,"'s a kind movie I the year, far, and audiences the the the films Western'ders are bed.",,en,noise,206,ZKB,2,"It's the best film of the year so far, the benchmark against which all other Best Picture contenders should be measured."
en:2900,9,14,is a of those most filmsappointments of the year.,,en,noise,207,ZKB,0,This is one of the biggest disappointments of the year.
en:2902,9,41,"emed a a context wayries of the and the onsquare on ahood lovesession --likeor-thind,ft, a. wouldfla the a  psycholog and emotional significa.",,en,noise,209,ZKB,1,"Denis forges out of the theories of class - based rage and sisterly obsession a razor-sided tuning fork that rings with cultural, sexual and social discord."
en:2928,17,44,"filmly entertainmusk film, withll, bortive, writtenotic, andly unsppy, andside,m of bothreal Matrixing' and `watric oneTheick''",,en,noise,235,ZKB,0,"A thoroughly awful movie -- dumb, narratively chaotic, visually sloppy... a weird amalgam of `The Thing' and a geriatric `Scream.'"
en:2931,10,36,"film is a  for theuit and processness, moral senseedncy, and it's a of of than a for the audiencewriterwed characters un characters.",,en,noise,238,ZKB,1,"The movie has no respect for laws, political correctness or common decency, but it displays something more important: respect for its flawed, crazy people."
en:2937,14,36,"' be hardappointuous if say thised a movie film, but it'' it it the of the othercker. in the out. the moviexes.",,en,noise,244,ZKB,1,"It would be disingenuous to call Reno a great film, but you can say that about most of the flicks moving in and out of the multiplex."
en:2941,6,11,iguingly yetright defuriating.,,en,noise,248,ZKB,2,Intriguing and downright intoxicating.
en:2943,14,32,"the best compying thing about thisle Whoo isous is that it's so movie story, by a who' doesn what about his.",,en,noise,250,ZKB,0,Perhaps the most annoying thing about Who Is Cletis Tout? is that it's a crime movie made by someone who obviously knows nothing about crime.
en:2945,7,26,"filmntes, iss on heart of the soul oness to the wellally enga engalys Wei..",,en,noise,252,ZKB,2,The quirky drama touches the heart and the funnybone thanks to the energetic and always surprising performance by Rachel Griffiths.
en:2947,7,12,ly uffling. the start-go.,,en,noise,254,ZKB,0,Bad and baffling from the get-go.
en:2948,10,28,"film is a greatt from comedy de, but itncing,thro and engay music all you to the night-.",,en,noise,255,ZKB,2,"The movie is a blast of educational energy, as bouncy animation and catchy songs escort you through the entire 85 minutes."
en:2952,14,38,"film deal of this filmlog is the waylyly effects the protagonist, the-nier, who,embles aheld andlone. a-.-heart.",,en,noise,259,ZKB,1,"The real charm of this trifle is the deadpan comic face of its star, Jean Reno, who resembles Sly Stallone in a hot sake half-sleep."
en:2959,20,56,"ckllet is't be the few mistake, the first-, thearings a his way- community a man-class academic, a inferior who andssum that'sets both audience's authore . conrinks the original of the novel.",,en,noise,266,ZKB,1,"LaBute can't avoid a fatal mistake in the modern era: He's changed the male academic from a lower-class Brit to an American, a choice that upsets the novel's exquisite balance and shreds the fabric of the film."
en:2963,7,17,"ry, a strange chance, a that''t.",,en,noise,270,ZKB,1,Gere gives a good performance in a film that doesn't merit it.
en:2967,7,24,"film, who his extraordinar-story, and adlyrody, is letled for aly.",,en,noise,274,ZKB,0,"The director, with his fake backdrops and stately pacing, never settles on a consistent tone."
en:2968,5,27,"is' so a timeeign to a movie is and' it it and and and-, star -- is a compre.",,en,noise,275,ZKB,0,"Why he was given free reign over this project -- he wrote, directed, starred and produced -- is beyond me."
en:2969,11,27,"you' a aed with a movieed's you''t a fond, you youys a you.",,en,noise,276,ZKB,0,"If you enjoy being rewarded by a script that assumes you aren't very bright, then Blood Work is for you."
en:2970,8,37,"ad Giuliastone, there is to be a deep looker theify the positiontic . he film movie. re that learned..ke.",,en,noise,277,ZKB,0,"Like Rudy Yellow Lodge, Eyre needs to take a good sweat to clarify his cinematic vision before his next creation and remember the lessons of the trickster spider."
en:2982,4,11,"to hardaringly anding,,",,en,noise,289,ZKB,2,"Hard, endearing, caring, warm."
en:2984,11,38,film thee andses to love for the is and theful and andimprov -- a kindal -- makesettlly makefy him a. is todyly funnying.,,en,noise,291,ZKB,2,The way Coppola professes his love for movies -- both colorful pop junk and the classics that unequivocally qualify as art -- is giddily entertaining.
en:2992,18,41,"''t best a memorys it it wons not a to be for's justly a movie, melotic porrogaical projecttion of the' a movie. real.",,en,noise,299,ZKB,1,It won't bust your gut -- and it's not intended to -- it's merely a blandly cinematic surgical examination of what makes a joke a joke.
en:2997,12,35,"filmomus,thelya-samee,ter of the Home thesion is is its loty, thoughtheurs-.s effect it.",,en,noise,304,ZKB,1,"The doofus-on-the-loose banter of Welcome to Collinwood has a cocky, after-hours loopiness to it."
en:2998,9,16,'s a kindniest movie comedy offiti..,,en,noise,305,ZKB,2,It's the funniest American comedy since Graffiti Bridge.
en:3001,14,40,"n,elingsome, oftenbreaking, watch, the itma' hisstone's filmling performances are the film- the mark of a movie.cchilin...",,en,noise,308,ZKB,2,"Often gruelling and heartbreaking to witness, but Seldahl and Wollter's sterling performances raise this far above the level of the usual maudlin disease movie."
en:3006,5,25,"' notly the as in in the',, the  of a new than more moretelyless",,en,noise,313,ZKB,1,"That is essentially what's missing from Blackboards -- the sense of something bigger, some ultimate point."
en:3009,11,34,"filmlywitted, inme film offoff, a American Kingdom,y,, whichodile Sams a,ist. its bestring.",,en,noise,316,ZKB,0,"A dim-witted and lazy spin-off of the Animal Planet documentary series, Crocodile Hunter is entertainment opportunism at its most glaring."
en:3021,10,23,"awful lot,, not makey the  curiously imcontentable.makersers.",,en,noise,328,ZKB,0,An awful movie that will only satisfy the most emotionally malleable of filmgoers.
en:3043,32,67,"knows's film to theling the iss mosts is a rebling, furiherent one, the strugglegueness of humanal thinkinges and theise of the,s the filmous and inentious workavor. wills alllikecused on undioously unaperating.",,en,noise,350,ZKB,0,Godard's ode to tackling life's wonderment is a rambling and incoherent manifesto about the vagueness of topical excess... In Praise of Love remains a ponderous and pretentious endeavor that's unfocused and tediously exasperating.
en:3045,13,42,"' really know across a about the movie characters, the they not they arere be up in. ite,sity tothering nor.. be a.",,en,noise,352,ZKB,0,"We never truly come to care about the main characters and whether or not they'll wind up together, and Michele's spiritual quest is neither amusing nor dramatic enough to sustain interest."
en:3048,7,20,"ce,s thical style be been moredsight.",,en,noise,355,ZKB,1,"Peralta's mythmaking could have used some informed, adult hindsight."
en:3055,14,35,"s can be enjoy to watch more time watching a moviestheater, about aovyy lists, the to make their kids about to to be. adultsocchio.",,en,noise,362,ZKB,1,Adults will certainly want to spend their time in the theater thinking up grocery lists and ways to tell their kids how not to act like Pinocchio.
en:3056,8,31,"a goodly as as as originalous as the pred- be, the- from this it' a been a a.. empat.",,en,noise,363,ZKB,1,"Not as distinctive or even as humorous as its needs to be to stand out, but it has clearly been made with affection and care."
en:3057,7,20,"film, drama,like any to have maded by anyone who of familyclasss.",,en,noise,364,ZKB,0,A generic family comedy unlikely to be appreciated by anyone outside the under-10 set.
en:3061,12,31,"ppercre,director/ Levi iss films at make a filmianthe American-realistismre are inreadfully short.",,en,noise,368,ZKB,0,"Co-writer/director Jonathan Parker's attempts to fashion a Brazil-like, hyper-real satire fall dreadfully short."
en:3070,5,16,' doesn't make the to to not the moviely.,,en,noise,377,ZKB,1,It just doesn't have much else... especially in a moral sense.
en:3071,8,24,whofortunamiliar characters themon moviess will have themselves Ho- arem aally adering.,,en,noise,378,ZKB,1,Those unfamiliar with Mormon traditions may find The Singles Ward occasionally bewildering.
en:3073,5,19,it filmed director and is not the guess. and the-s.,,en,noise,380,ZKB,2,"But the talented cast alone will keep you watching, as will the fight scenes."
en:3077,10,24,"aly, but greater of the difficult of amaking make us beyond the make us feel the lives.",,en,noise,384,ZKB,2,"An important movie, a reminder of the power of film to move us and to make us examine our values."
en:3079,8,24,"filmly craftd, yetble realistd, a talented and who has knows a to his heart.",,en,noise,386,ZKB,2,A richly imagined and admirably mature work from a gifted director who definitely has something on his mind.
en:3082,9,22,it ifs more about that the's no movie audiencethri in makesmeates the story.,,en,noise,389,ZKB,2,But what's nice is that there's a casual intelligence that permeates the script.
en:3087,10,28,"s likelightly a if it were a olded movie film halfbeit brief that for a,,. the.",,en,noise,394,ZKB,1,"Feels slight, as if it were an extended short, albeit one made by the smartest kids in class."
en:3088,5,13,"film is't make what's been movie,",,en,noise,395,ZKB,1,The picture doesn't know it's a comedy.
en:3094,10,26,"'s a filmysner, aful made, andly produced, most,ly..",,en,noise,401,ZKB,2,"It's a head-turner -- thoughtfully written, beautifully read and, finally, deeply humanizing."
en:3097,11,33,cken Black is iss ate ficant by in's a most-fi movie that that.igle Meupreak'ats.,,en,noise,404,ZKB,0,Men in Black II achieves ultimate insignificance -- it's the sci-fi comedy spectacle as Whiffle-Ball epic.
en:3099,12,29,s a re chance of beinging to capture a solidably the to be about the obviouss that of naturecency.,,en,noise,5,ZKH,1,Presents a good case while failing to provide a reason for us to care beyond the very basic dictums of human decency.
en:3101,7,24,"ed and ster, a much wonderfullaws,' be hard to yous to forgetrug off.",,en,noise,7,ZKH,0,"Bread, My Sweet has so many flaws it would be easy for critics to shred it."
en:3107,14,40,"youances Wild were a aelveaed to, bitch, would have been a littlefire, but that the that that wills about much that's to los a.",,en,noise,14,ZKH,1,"If Deuces Wild had been tweaked up a notch it would have become a camp adventure, one of those movies that's so bad it starts to become good."
en:3125,3,10,' the wayness- the film.,,en,noise,32,ZKH,2,I love the robust middle of this picture.
en:3132,11,28,film is a a watch at but you''t mind a from than a movie minutesthrills. a costume.,,en,noise,39,ZKH,1,"The Ring is worth a look, if you don't demand much more than a few cheap thrills from your Halloween entertainment."
en:3143,5,14,"'d way movieage, the like the old one.",,en,noise,50,ZKH,2,I like the new footage and still love the old stuff.
en:3144,11,29,"'ly captures with the-queism, but it film is theism is especiallysly -- is atpiced..",,en,noise,51,ZKH,1,"It briefly flirts with player masochism, but the point of real interest -- audience sadism -- is evaded completely."
en:3145,3,15,n Movie be be be be the good as the pred..,,en,noise,52,ZKH,0,Could The Country Bears really be as bad as its trailers?
en:3149,3,8,film is to littlely.,,en,noise,56,ZKH,0,The film seems a dead weight.
en:3150,14,48,"lely yet humorflarious, comedyalousy,, isachson at much like a movie man Down Niro, it' like movie is be be aThe Heroband. aitor.ckerling'.",,en,noise,57,ZKH,2,"Sparkling, often hilarious romantic jealousy comedy... Attal looks so much like a young Robert DeNiro that it seems the film should instead be called `My Husband Is Travis Bickle'."
en:3152,12,22,"filmudy film,'s not particularlyly funnyinteresable, but also notinteresable.",,en,noise,59,ZKH,0,"A lousy movie that's not merely unwatchable, but also unlistenable."
en:3154,14,42,"filmly, a ac, aly,, for to feel immered to a un of a.dys,.ymer, the is a only a great, but also friend being.",,en,noise,61,ZKH,2,"A strong script, powerful direction and splendid production design allows us to be transported into the life of Wladyslaw Szpilman, who is not only a pianist, but a good human being."
en:3157,4,12,'s a moviecy movieemever'' movie,,en,noise,64,ZKH,1,It's a fanboy `what if?'
en:3160,15,58,"Kingedves the. andn, and John Greens, atiny Tus "" advicevilles, are the theing, a., the films a filmoseust filmet wouldomss the much languages is a rare surprise experience to butbut",,en,noise,67,ZKH,2,"Stephen Rea, Aidan Quinn, and Alan Bates play Desmond's legal eagles, and when joined by Brosnan, the sight of this grandiloquent quartet lolling in pretty Irish settings is a pleasant enough thing, `tis."
en:3163,1,16,about so goodly a movie film York hit- movies Thu,,en,noise,70,ZKH,0,Everything was as superficial as the forced New Jersey lowbrow accent Uma had.
en:3171,11,31,"film movie, which way, the word, but you, inless, and,.ud andful.scenxious,",,en,noise,78,ZKH,0,"A zombie movie in every sense of the word -- mindless, lifeless, meandering, loud, painful, obnoxious."
en:3176,7,31,"is of no audiences of many actor make, the thed to to make a any but it it' why reason' the movie.",,en,noise,83,ZKH,1,"High Crimes knows the mistakes that bad movies make and is determined not to make them, and maybe that is nobility of a sort."
en:3179,4,14,"a movie, mysterydramalytheus comedycht..",,en,noise,86,ZKH,0,... a bland murder-on-campus yawner.
en:3182,6,22,"fice to beingblings andtive,, a usuallyreadness ofavour to media.",,en,noise,89,ZKH,0,"Suffers from rambling, repetitive dialogue and the visual drabness endemic to digital video."
en:3185,10,21,"s are of the most comping momentsalstions of the film story, made to a.",,en,noise,92,ZKH,2,Features one of the most affecting depictions of a love affair ever committed to film.
en:3195,10,32,"if movieshed,istic not a audience of a, find to thetricaable,less,y. aing,culture.",,en,noise,102,ZKH,0,"Even a hardened voyeur would require the patience of Job to get through this interminable, shapeless documentary about the swinging subculture."
en:3199,14,36,"film is a greatvoluved to a itly the real,,,age have in theclub.atnce. and it's also aable one.",,en,noise,106,ZKH,1,"The film is a contrivance, as artificial as the video games Japanese teens play in a nightclub sequence, but it's an enjoyable one."
en:3200,12,29,"times best, filmplay is athar, the the its best it' amus,'s process,. thehood.",,en,noise,107,ZKH,1,"At its worst the screenplay is callow, but at its best it is a young artist's thoughtful consideration of fatherhood."
en:3206,11,26,Bridge are a a filmtakingly beautifuld film engaish film of art time.iveness.,,en,noise,113,ZKH,2,Jeffs has created a breathtakingly assured and stylish work of spare dialogue and acute expressiveness.
en:3230,8,21,"monelyle of a,bing, Yorkers, a  kill interestnesserss.",,en,noise,137,ZKH,1,Anemic chronicle of money grubbing New Yorkers and their serial loveless hook ups.
en:3232,7,17,",'m got to give itside on the onemare now on.",,en,noise,139,ZKH,1,And I've decided to leave a light on every night from now on.
en:3242,9,24,beautifuliyah isly getsps the audienceva- with to make ae interestmistry. her Hall.,,en,noise,149,ZKH,1,Aaliyah rarely dampens her diva persona enough to spark genuine chemistry with Townsend.
en:3245,11,25,a be a great failure for it for the-ing characterss from place in the end's end..,,en,noise,152,ZKH,1,... would be a total loss if not for two supporting performances taking place at the movie's edges.
en:3246,19,42,"engaingly engawarmwarmraidting film, the strugglee needs of aese womenes to in atahS. tolent.s. escape their familiess alive. a.",,en,noise,153,ZKH,2,An inspiring and heart-affecting film about the desperate attempts of Vietnamese refugees living in U.S. relocation camps to keep their hopes alive in 1975.
en:3251,8,15,'s filmniest film most engaable film is.,,en,noise,158,ZKH,2,Allen's funniest and most likeable movie in years.
en:3253,10,29,"' no lotinglyabsence of theicism in this'', the a movieity. if if his...",,en,noise,160,ZKH,2,"There is a refreshing absence of cynicism in Stuart Little 2 -- quite a rarity, even in the family film market."
en:3263,8,26,"if the time of long-s of theughtilityands, thisenity is' a solidspecta-.",,en,noise,170,ZKH,0,"Even by the intentionally low standards of frat-boy humor, Sorority Boys is a bowser."
en:3275,8,25,filmly yety performances of make even the whoing who have a patience for-American.views,,en,noise,182,ZKH,2,"The stunning, dreamlike visuals will impress even those viewers who have little patience for Euro-film pretension."
en:3290,12,24,"thegie,es,, this is a thanetizing than the movie-sh.sortgus.",,en,noise,197,ZKH,2,"For VeggieTales fans, this is more appetizing than a side dish of asparagus."
en:3291,23,42,"it's as as a year to point of the erath century, it iss to to again to the of thedents, a,, it's notingly slow.",,en,noise,198,ZKH,1,"While it regards 1967 as the key turning point of the 20th century, and returns again and again to images of dissidents in the streets, it's alarmingly current."
en:3296,20,49,"itedrowed fromvily from the theth Ni Sixence of the Lambs, it's to remain its its solid of originalphisticationnessintelligence and a-likehat.cks. most..",,en,noise,203,ZKH,2,"While Tattoo borrows heavily from both Seven and The Silence of the Lambs, it manages to maintain both a level of sophisticated intrigue and human-scale characters that suck the audience in."
en:3299,11,28,"'s a kind movie I the year, far, and audiences the it the films Western filmsders are bed.",,en,noise,206,ZKH,2,"It's the best film of the year so far, the benchmark against which all other Best Picture contenders should be measured."
en:3300,9,14,is a of those most moviesappointments of the year.,,en,noise,207,ZKH,0,This is one of the biggest disappointments of the year.
en:3302,10,41,"emed a about the wayries of the, the onsquare on ahood lovesession --likeor-thind,ft, the.,fla a  psycholog and emotional significa.",,en,noise,209,ZKH,1,"Denis forges out of the theories of class - based rage and sisterly obsession a razor-sided tuning fork that rings with cultural, sexual and social discord."
en:3328,17,44,"filmly enjoymusk film, itll, bortive, writtenotic, andly unsppy, andside onem of bothreal Matrixing' and `watric oneTheanta''",,en,noise,235,ZKH,0,"A thoroughly awful movie -- dumb, narratively chaotic, visually sloppy... a weird amalgam of `The Thing' and a geriatric `Scream.'"
en:3331,11,36,"film is a  for theuit and processness, moral senseedncy, but it's a of than than a for the audiencewriterwed characters un characters.",,en,noise,238,ZKH,1,"The movie has no respect for laws, political correctness or common decency, but it displays something more important: respect for its flawed, crazy people."
en:3337,14,36,"' be hardappointuous if say thised a movie film, but it'' it it the of the othercker. in the out. the moviexes.",,en,noise,244,ZKH,1,"It would be disingenuous to call Reno a great film, but you can say that about most of the flicks moving in and out of the multiplex."
en:3341,6,11,iguingly unright disfuriating.,,en,noise,248,ZKH,2,Intriguing and downright intoxicating.
en:3343,15,32,"the best importantying thing about thisle Whoo isous is that it's a movie story, by a who' has what about his.",,en,noise,250,ZKH,0,Perhaps the most annoying thing about Who Is Cletis Tout? is that it's a crime movie made by someone who obviously knows nothing about crime.
en:3345,7,26,"filmntes, iss on heart of the soul oness to the wellally enga engalys Wei..",,en,noise,252,ZKH,2,The quirky drama touches the heart and the funnybone thanks to the energetic and always surprising performance by Rachel Griffiths.
en:3347,7,12,afflingly the-go.,,en,noise,254,ZKH,0,Bad and baffling from the get-go.
en:3348,10,28,"film is a greatt from comedy de, but itncing,thro and engay music all you to the night-.",,en,noise,255,ZKH,2,"The movie is a blast of educational energy, as bouncy animation and catchy songs escort you through the entire 85 minutes."
en:3352,14,38,"film deal of this filmlog is the waylyly effects the hero, the-nier, who,embles aheld andlone. a movie-.-heart.",,en,noise,259,ZKH,1,"The real charm of this trifle is the deadpan comic face of its star, Jean Reno, who resembles Sly Stallone in a hot sake half-sleep."
en:3359,18,56,"tellet is't be the lot mistake, his first-, thearings a his way- community a man-class academic, a inferior. andssum that'sets all audienceists readerse . originalrinks the original of the novel.",,en,noise,266,ZKH,1,"LaBute can't avoid a fatal mistake in the modern era: He's changed the male academic from a lower-class Brit to an American, a choice that upsets the novel's exquisite balance and shreds the fabric of the film."
en:3363,7,17,"ry, a strange chance, a that''t.",,en,noise,270,ZKH,1,Gere gives a good performance in a film that doesn't merit it.
en:3367,5,24,"film' who his -story,, ad camerarody, is failled for a moviely.",,en,noise,274,ZKH,0,"The director, with his fake backdrops and stately pacing, never settles on a consistent tone."
en:3368,5,27,"is' so a speecheigns a movie is it' it it, and and-, -- is a compre.",,en,noise,275,ZKH,0,"Why he was given free reign over this project -- he wrote, directed, starred and produced -- is beyond me."
en:3369,11,27,"you' a entertained with a movieed's you''t a good, you youys a you.",,en,noise,276,ZKH,0,"If you enjoy being rewarded by a script that assumes you aren't very bright, then Blood Work is for you."
en:3370,9,37,"ay Giuliastone, there is to be a deep looker theify the pointtic . he film. then: learned..ke.",,en,noise,277,ZKH,0,"Like Rudy Yellow Lodge, Eyre needs to take a good sweat to clarify his cinematic vision before his next creation and remember the lessons of the trickster spider."
en:3382,4,11,"to hardaringly anding,,",,en,noise,289,ZKH,2,"Hard, endearing, caring, warm."
en:3384,11,38,film thee andses to love for the is and theful and andimprov -- a kindal -- makesettlly defy him a. is todyly funnying.,,en,noise,291,ZKH,2,The way Coppola professes his love for movies -- both colorful pop junk and the classics that unequivocally qualify as art -- is giddily entertaining.
en:3392,18,41,"''t best a memorys it it wons not a to be for's justly a movie, melotic porrogaical projecttion of the' a movie. real.",,en,noise,299,ZKH,1,It won't bust your gut -- and it's not intended to -- it's merely a blandly cinematic surgical examination of what makes a joke a joke.
en:3397,14,35,"filmomy,thelythe-ae,ter of the to thesion is is a loty, thoughtheurs-.s effect it.",,en,noise,304,ZKH,1,"The doofus-on-the-loose banter of Welcome to Collinwood has a cocky, after-hours loopiness to it."
en:3398,8,16,'s a kindniest movie comedy offiti.s,,en,noise,305,ZKH,2,It's the funniest American comedy since Graffiti Bridge.
en:3401,15,40,"n,elingsome, oftenbreaking, watch, the itma' hisstone's filmling performances are the film- the level of a moviecchilin...",,en,noise,308,ZKH,2,"Often gruelling and heartbreaking to witness, but Seldahl and Wollter's sterling performances raise this far above the level of the usual maudlin disease movie."
en:3406,5,25,"' notly the as in in the',, the story of a new than more moretelyless",,en,noise,313,ZKH,1,"That is essentially what's missing from Blackboards -- the sense of something bigger, some ultimate point."
en:3409,11,34,"filmlywitted, inme film offoff, a American Farm,y,, whichodile Sam, a,ist, its bestring.",,en,noise,316,ZKH,0,"A dim-witted and lazy spin-off of the Animal Planet documentary series, Crocodile Hunter is entertainment opportunism at its most glaring."
en:3421,10,23,"awful lot,, never makey the  curiously imcontentable.makersers.",,en,noise,328,ZKH,0,An awful movie that will only satisfy the most emotionally malleable of filmgoers.
en:3443,33,67,"knows's film to theling the's mosts is a rebling, furiherent one, the strugglegueness of humanal thinkinges and theise of the,s the filmous and inentious workavor. wills alllikecused on undioously unaperating.",,en,noise,350,ZKH,0,Godard's ode to tackling life's wonderment is a rambling and incoherent manifesto about the vagueness of topical excess... In Praise of Love remains a ponderous and pretentious endeavor that's unfocused and tediously exasperating.
en:3445,13,42,"' really understood across a about the movie characters, the they not they arere be up in in it thee,s characterity to ather realist pleasanting nor entertain.. be a.",,en,noise,352,ZKH,0,"We never truly come to care about the main characters and whether or not they'll wind up together, and Michele's spiritual quest is neither amusing nor dramatic enough to sustain interest."
en:3448,6,20,ceptionnts filmthical is be been adranceight.,,en,noise,355,ZKH,1,"Peralta's mythmaking could have used some informed, adult hindsight."
en:3455,14,35,"s can be be to watch more time watching a moviestheater, about aovyy lists, the to make their kids about to to be. adultsocchio.",,en,noise,362,ZKH,1,Adults will certainly want to spend their time in the theater thinking up grocery lists and ways to tell their kids how not to act like Pinocchio.
en:3456,9,31,"a goodly as as as originalous as the pred to be, the- from this it' a been a a.. empat.",,en,noise,363,ZKH,1,"Not as distinctive or even as humorous as its needs to be to stand out, but it has clearly been made with affection and care."
en:3457,8,20,"beautiful, drama,like any to be maded by anyone who of familyclasss.",,en,noise,364,ZKH,0,A generic family comedy unlikely to be appreciated by anyone outside the under-10 set.
en:3461,11,31,"ppercre,director/ Levi iss films at make a filmianthe American-realistismre are inreadfully flat.",,en,noise,368,ZKH,0,"Co-writer/director Jonathan Parker's attempts to fashion a Brazil-like, hyper-real satire fall dreadfully short."
en:3470,5,16,' doesn't make the to to not the moviely.,,en,noise,377,ZKH,1,It just doesn't have much else... especially in a moral sense.
en:3471,9,24,whofortunamiliar characters themon moviess may have themselves-m aallydering.,,en,noise,378,ZKH,1,Those unfamiliar with Mormon traditions may find The Singles Ward occasionally bewildering.
en:3473,5,19,it filmed director and is not the guess and the the-s.,,en,noise,380,ZKH,2,"But the talented cast alone will keep you watching, as will the fight scenes."
en:3477,10,24,"aly, but greater of the difficult of themaking make a beyond to make us feel the lives.",,en,noise,384,ZKH,2,"An important movie, a reminder of the power of film to move us and to make us examine our values."
en:3479,8,24,"dely craftd, yetble realistd, a talented, who has knows a to his heart.",,en,noise,386,ZKH,2,A richly imagined and admirably mature work from a gifted director who definitely has something on his mind.
en:3482,9,22,the ifs more about that the's no lot audiencethri in makesmeates the entire.,,en,noise,389,ZKH,2,But what's nice is that there's a casual intelligence that permeates the script.
en:3487,10,28,s likelightly a if it were a olded movie film halfbeit brief that in a guy. the.,,en,noise,394,ZKH,1,"Feels slight, as if it were an extended short, albeit one made by the smartest kids in class."
en:3488,5,13,"film is't make what's been movie,",,en,noise,395,ZKH,1,The picture doesn't know it's a comedy.
en:3494,10,26,"'s a beautiful-sning, aful made, andly produced,,ly..",,en,noise,401,ZKH,2,"It's a head-turner -- thoughtfully written, beautifully read and, finally, deeply humanizing."
en:3497,11,33,cken Black is iss ate ficant by in's a most-fi movie that that.igle.upreak'ats.,,en,noise,404,ZKH,0,Men in Black II achieves ultimate insignificance -- it's the sci-fi comedy spectacle as Whiffle-Ball epic.
en:3499,12,29,s a re chance study beinging to capture a solidably why to believe about the obvious bests that of the naturecency.,,en,noise,5,ZKW,1,Presents a good case while failing to provide a reason for us to care beyond the very basic dictums of human decency.
en:3501,7,24,"ed is ster, a much wonderfullaws,' be hard to yous to forgetrug off.",,en,noise,7,ZKW,0,"Bread, My Sweet has so many flaws it would be easy for critics to shred it."
en:3507,14,40,"youances Wild were a aelveaed,, bitch, would have been a littlefire, but that the that that wills about much that's to los a.",,en,noise,14,ZKW,1,"If Deuces Wild had been tweaked up a notch it would have become a camp adventure, one of those movies that's so bad it starts to become good."
en:3525,2,10,"' the wayness- the film,",,en,noise,32,ZKW,2,I love the robust middle of this picture.
en:3532,11,28,film is a a watch at but you''t mind a from than a movie minutesthrills. a costume.,,en,noise,39,ZKW,1,"The Ring is worth a look, if you don't demand much more than a few cheap thrills from your Halloween entertainment."
en:3543,5,14,"'d way movieage, the like the old one.",,en,noise,50,ZKW,2,I like the new footage and still love the old stuff.
en:3544,11,29,"'ly captures with the-queism, but it film is theism is insly -- is atpiced by.",,en,noise,51,ZKW,1,"It briefly flirts with player masochism, but the point of real interest -- audience sadism -- is evaded completely."
en:3545,3,15,n Movie be be be the good as the pred..,,en,noise,52,ZKW,0,Could The Country Bears really be as bad as its trailers?
en:3549,3,8,film is to littlely.,,en,noise,56,ZKW,0,The film seems a dead weight.
en:3550,15,48,"lingly enga humorflarious, comedyalousy,, isachson at much like a movie man Down Niro, it' like movie' be be aThe Heroband, aitor.cker.'.",,en,noise,57,ZKW,2,"Sparkling, often hilarious romantic jealousy comedy... Attal looks so much like a young Robert DeNiro that it seems the film should instead be called `My Husband Is Travis Bickle'."
en:3552,12,22,"beautifuludy film,'s not particularlyly aboutinteresable, but also notinteresable.",,en,noise,59,ZKW,0,"A lousy movie that's not merely unwatchable, but also unlistenable."
en:3554,14,42,"film,, a ac, aly,, for to feelholded to a un of a.dys,,ymer, the is a only a great, but also friend being.",,en,noise,61,ZKW,2,"A strong script, powerful direction and splendid production design allows us to be transported into the life of Wladyslaw Szpilman, who is not only a pianist, but a good human being."
en:3557,3,12,'s a greatcy movieemever' movie,,en,noise,64,ZKW,1,It's a fanboy `what if?'
en:3560,15,58,"Kingedves the. andn, and John Greens, atiny Tus "" advicevilles, are the theying in a., the films a filmoseust filmet wouldomss the much languages is a rare surprise experience to butbut",,en,noise,67,ZKW,2,"Stephen Rea, Aidan Quinn, and Alan Bates play Desmond's legal eagles, and when joined by Brosnan, the sight of this grandiloquent quartet lolling in pretty Irish settings is a pleasant enough thing, `tis."
en:3563,1,16,about so goodly a movie York hit- movies Thu,,en,noise,70,ZKW,0,Everything was as superficial as the forced New Jersey lowbrow accent Uma had.
en:3571,11,31,"beautiful-, a way, the word, but-, inless, and,.ud andful,scenxious,",,en,noise,78,ZKW,0,"A zombie movie in every sense of the word -- mindless, lifeless, meandering, loud, painful, obnoxious."
en:3576,7,31,"is of no audiences of many actor make, the thed to to make a any but it it' why reason' the movie.",,en,noise,83,ZKW,1,"High Crimes knows the mistakes that bad movies make and is determined not to make them, and maybe that is nobility of a sort."
en:3579,4,14,"a movie, mysterydramalytheus comedycht..",,en,noise,86,ZKW,0,... a bland murder-on-campus yawner.
en:3582,6,22,"fice to beingblings andtive,, a usuallyreadness ofavour to media.",,en,noise,89,ZKW,0,"Suffers from rambling, repetitive dialogue and the visual drabness endemic to digital video."
en:3585,10,21,"s are of the most ing momentsalstions of the film story, made to a.",,en,noise,92,ZKW,2,Features one of the most affecting depictions of a love affair ever committed to film.
en:3595,10,32,"if movieshed,istic not a audience of a, find to the atricaable,less,y. aing,culture.",,en,noise,102,ZKW,0,"Even a hardened voyeur would require the patience of Job to get through this interminable, shapeless documentary about the swinging subculture."
en:3599,14,36,"film is a greatundved to a itly the real,,,age have in the timeclub,atnce. and it's also aable one.",,en,noise,106,ZKW,1,"The film is a contrivance, as artificial as the video games Japanese teens play in a nightclub sequence, but it's an enjoyable one."
en:3600,13,29,"its best, filmplay is athar, the the its best it' amus,'s work process,. thehood.",,en,noise,107,ZKW,1,"At its worst the screenplay is callow, but at its best it is a young artist's thoughtful consideration of fatherhood."
en:3606,10,26,"Bridge are a a filmtakingly beautifuld film compish film of art time, creatiive memory.",,en,noise,113,ZKW,2,Jeffs has created a breathtakingly assured and stylish work of spare dialogue and acute expressiveness.
en:3630,8,21,"mone,le of a,bing, Yorkers, a in kill interestnesserss.",,en,noise,137,ZKW,1,Anemic chronicle of money grubbing New Yorkers and their serial loveless hook ups.
en:3632,6,17,",'m got to keep itside on the onemare on.",,en,noise,139,ZKW,1,And I've decided to leave a light on every night from now on.
en:3642,9,24,beautifuliyah isly getsmit the audienceva- with to make here interestmistry. her Hall.,,en,noise,149,ZKW,1,Aaliyah rarely dampens her diva persona enough to spark genuine chemistry with Townsend.
en:3645,12,25,a be a great failure if it for the-ing characterss from place in the end's end..,,en,noise,152,ZKW,1,... would be a total loss if not for two supporting performances taking place at the movie's edges.
en:3646,17,42,"engaingly compwarmwarmraidting film, the struggleion needs of aese womenes to in atahS. tolent tos. escape their familiess andve. a.",,en,noise,153,ZKW,2,An inspiring and heart-affecting film about the desperate attempts of Vietnamese refugees living in U.S. relocation camps to keep their hopes alive in 1975.
en:3651,7,15,'s filmniest film most engaly film is.,,en,noise,158,ZKW,2,Allen's funniest and most likeable movie in years.
en:3653,10,29,"' no lotinglybound of theicism in the'', the a movieity. if if the-..",,en,noise,160,ZKW,2,"There is a refreshing absence of cynicism in Stuart Little 2 -- quite a rarity, even in the family film market."
en:3663,8,26,"if the time of long-s of theughtilityands, thisenity is' a solidspecta-.",,en,noise,170,ZKW,0,"Even by the intentionally low standards of frat-boy humor, Sorority Boys is a bowser."
en:3675,8,25,filmly yety performances of make even the whoing who have never patience for-American.views,,en,noise,182,ZKW,2,"The stunning, dreamlike visuals will impress even those viewers who have little patience for Euro-film pretension."
en:3690,12,24,"thegie,es,, this is a thanetizing than the-sh.sortgus.",,en,noise,197,ZKW,2,"For VeggieTales fans, this is more appetizing than a side dish of asparagus."
en:3691,23,42,"it's as as a best to point of the erath century, it iss to to again to the of thedents, a,, it's notingly slow.",,en,noise,198,ZKW,1,"While it regards 1967 as the key turning point of the 20th century, and returns again and again to images of dissidents in the streets, it's alarmingly current."
en:3696,20,49,"itsrowed fromvily from the theth Ni Sixence of the Lambs, it's to remain its its solid ofphisticationnessintelligence and a-likeized.cks. most..",,en,noise,203,ZKW,2,"While Tattoo borrows heavily from both Seven and The Silence of the Lambs, it manages to maintain both a level of sophisticated intrigue and human-scale characters that suck the audience in."
en:3699,11,28,"'s a kind movie I the year, far, and audiences the the the films Western filmsders are be ad.",,en,noise,206,ZKW,2,"It's the best film of the year so far, the benchmark against which all other Best Picture contenders should be measured."
en:3700,8,14,is a of those most filmsappointments of year.,,en,noise,207,ZKW,0,This is one of the biggest disappointments of the year.
en:3702,10,41,"emed a about the wayries of the and the onsquare on ahood lovesession --likeor-thind,ft, the.,fla a a  psycholog and emotional .",,en,noise,209,ZKW,1,"Denis forges out of the theories of class - based rage and sisterly obsession a razor-sided tuning fork that rings with cultural, sexual and social discord."
en:3728,19,44,"filmly enjoymusful film, withll, bortive, writtenotic, andly unsppy, andside onem of bothreal Matrixing' and `watric oneTheick.'",,en,noise,235,ZKW,0,"A thoroughly awful movie -- dumb, narratively chaotic, visually sloppy... a weird amalgam of `The Thing' and a geriatric `Scream.'"
en:3731,11,36,"film is a  for theuit and processness, moral senseedncy, but it's a of of than for human audiencewriterwed characters un characters.",,en,noise,238,ZKW,1,"The movie has no respect for laws, political correctness or common decency, but it displays something more important: respect for its flawed, crazy people."
en:3737,14,36,"' be hardappointuous if say thised a movie film, but it'' it it the of the othercker that in the out. the moviexes.",,en,noise,244,ZKW,1,"It would be disingenuous to call Reno a great film, but you can say that about most of the flicks moving in and out of the multiplex."
en:3741,6,11,iguingly yetright defuriating.,,en,noise,248,ZKW,2,Intriguing and downright intoxicating.
en:3743,15,32,"the best compying thing about thisle Whoo isous is that it's so movie story, by a who' has nothing about.",,en,noise,250,ZKW,0,Perhaps the most annoying thing about Who Is Cletis Tout? is that it's a crime movie made by someone who obviously knows nothing about crime.
en:3745,7,26,"movientes, iss on heart of the soul oness to theally enga engalys Wei..",,en,noise,252,ZKW,2,The quirky drama touches the heart and the funnybone thanks to the energetic and always surprising performance by Rachel Griffiths.
en:3747,7,12,ly uffling. the start-go.,,en,noise,254,ZKW,0,Bad and baffling from the get-go.
en:3748,10,28,"film is a greatt from comedy de, but itncing,thro and engay music all you to the-.",,en,noise,255,ZKW,2,"The movie is a blast of educational energy, as bouncy animation and catchy songs escort you through the entire 85 minutes."
en:3752,14,38,"film deal of this filmlog is the waylyly effects the protagonist, the-nier, who,embles aheld inlone. a movie-.-ho.",,en,noise,259,ZKW,1,"The real charm of this trifle is the deadpan comic face of its star, Jean Reno, who resembles Sly Stallone in a hot sake half-sleep."
en:3759,18,56,"ughllet is't be the few mistake, his first-, thearings a his way- community a woman-class academic, a inferior. andssum that'sets all audienceists readerse . conrinks the original of the novel.",,en,noise,266,ZKW,1,"LaBute can't avoid a fatal mistake in the modern era: He's changed the male academic from a lower-class Brit to an American, a choice that upsets the novel's exquisite balance and shreds the fabric of the film."
en:3763,7,17,"ry, a strange chance, a that''t.",,en,noise,270,ZKW,1,Gere gives a good performance in a film that doesn't merit it.
en:3767,7,24,"film, who his -story,, ad camerarody, is letles for a moviely.",,en,noise,274,ZKW,0,"The director, with his fake backdrops and stately pacing, never settles on a consistent tone."
en:3768,5,27,"is' so a timeeigns a movie is and' it it and and and-, ac -- is a compre.",,en,noise,275,ZKW,0,"Why he was given free reign over this project -- he wrote, directed, starred and produced -- is beyond me."
en:3769,11,27,"you' a entertained with a movieed's you''t a fond, you youys a you.",,en,noise,276,ZKW,0,"If you enjoy being rewarded by a script that assumes you aren't very bright, then Blood Work is for you."
en:3770,9,37,"ay Giuliastone, there is to be a deep looker theify the positiontic  of he film film. then that movie he..ke.",,en,noise,277,ZKW,0,"Like Rudy Yellow Lodge, Eyre needs to take a good sweat to clarify his cinematic vision before his next creation and remember the lessons of the trickster spider."
en:3782,4,11,"to hardaringly anding,,",,en,noise,289,ZKW,2,"Hard, endearing, caring, warm."
en:3784,11,38,film thee andses to love for the is and theful and andimprov -- a kindal -- makesettlly makefy them a. is todyly funnying.,,en,noise,291,ZKW,2,The way Coppola professes his love for movies -- both colorful pop junk and the classics that unequivocally qualify as art -- is giddily entertaining.
en:3792,19,41,"''t best your memorys it it wons not a to be by's justly a movie, melotic porrogaical projecttion of the' a movie. real.",,en,noise,299,ZKW,1,It won't bust your gut -- and it's not intended to -- it's merely a blandly cinematic surgical examination of what makes a joke a joke.
en:3797,11,35,"filmomus,thelya-samee,ter is the Home thesion is is its loty, thoughtheurs-.s effect it.",,en,noise,304,ZKW,1,"The doofus-on-the-loose banter of Welcome to Collinwood has a cocky, after-hours loopiness to it."
en:3798,8,16,'s a kindniest movie comedy offiti.s,,en,noise,305,ZKW,2,It's the funniest American comedy since Graffiti Bridge.
en:3801,14,40,",elingsome, oftenbreaking, watch, the itma' hisstone's filmling performances are the film- the level of a moviecchilin...",,en,noise,308,ZKW,2,"Often gruelling and heartbreaking to witness, but Seldahl and Wollter's sterling performances raise this far above the level of the usual maudlin disease movie."
en:3806,5,25,"' notly the as in in the',, the  of anticipa new than more moretelyless",,en,noise,313,ZKW,1,"That is essentially what's missing from Blackboards -- the sense of something bigger, some ultimate point."
en:3809,11,34,"filmlywitted, inme movie offoff, a movie Farm,y,, whichodile Row, a,ist, its bestring.",,en,noise,316,ZKW,0,"A dim-witted and lazy spin-off of the Animal Planet documentary series, Crocodile Hunter is entertainment opportunism at its most glaring."
en:3821,10,23,"awful lot,, not makey the  discernly imcontentable.makersers.",,en,noise,328,ZKW,0,An awful movie that will only satisfy the most emotionally malleable of filmgoers.
en:3843,32,67,"knows's film to theling the iss mosts is a rebling, furiherent one, the strugglegueness of humanal wisdomes and theise of the,s the filmous and inentious workavor. wills alllikecused on undioously unaperating.",,en,noise,350,ZKW,0,Godard's ode to tackling life's wonderment is a rambling and incoherent manifesto about the vagueness of topical excess... In Praise of Love remains a ponderous and pretentious endeavor that's unfocused and tediously exasperating.
en:3845,13,42,"' really understood across a about the movie characters, the they not they arere be up in in it thee,s characterity to ather realist pleasanting nor entertain.. be a.",,en,noise,352,ZKW,0,"We never truly come to care about the main characters and whether or not they'll wind up together, and Michele's spiritual quest is neither amusing nor dramatic enough to sustain interest."
en:3848,6,20,"ce,s filmthical is be been a mored consent-ranceight.",,en,noise,355,ZKW,1,"Peralta's mythmaking could have used some informed, adult hindsight."
en:3855,14,35,"s can be enjoy to watch more time watching a moviestheater, about aovyy lists, watching to make their kids about to to be. adultsocchio.",,en,noise,362,ZKW,1,Adults will certainly want to spend their time in the theater thinking up grocery lists and ways to tell their kids how not to act like Pinocchio.
en:3856,8,31,"a goodly as as as originalous as the pred- be, the- from this it' a been a a.. empat.",,en,noise,363,ZKW,1,"Not as distinctive or even as humorous as its needs to be to stand out, but it has clearly been made with affection and care."
en:3857,8,20,"beautiful, drama,like any to be maded by anyone of familyclasss.",,en,noise,364,ZKW,0,A generic family comedy unlikely to be appreciated by anyone outside the under-10 set.
en:3861,11,31,"ppercre,director/ Levi iss films at make a filmianthe American-realistismre are inreadfully flat.",,en,noise,368,ZKW,0,"Co-writer/director Jonathan Parker's attempts to fashion a Brazil-like, hyper-real satire fall dreadfully short."
en:3870,5,16,' doesn't feel the to to not the moviely.,,en,noise,377,ZKW,1,It just doesn't have much else... especially in a moral sense.
en:3871,9,24,whofortunamiliar characters themon moviess may have themselves Last- Motelm aally adering.,,en,noise,378,ZKW,1,Those unfamiliar with Mormon traditions may find The Singles Ward occasionally bewildering.
en:3873,5,19,"it filmed director, is not the guess. and the the-s.",,en,noise,380,ZKW,2,"But the talented cast alone will keep you watching, as will the fight scenes."
en:3877,11,24,"aly, but greater of the difficult of themaking make us beyond to make us feel the lives.",,en,noise,384,ZKW,2,"An important movie, a reminder of the power of film to move us and to make us examine our values."
en:3879,8,24,"filmly craftd, yetble realistd, a talented and who has knows a to his heart.",,en,noise,386,ZKW,2,A richly imagined and admirably mature work from a gifted director who definitely has something on his mind.
en:3882,9,22,it ifs more about that the's no movie audiencethri in makesmeates the entire.,,en,noise,389,ZKW,2,But what's nice is that there's a casual intelligence that permeates the script.
en:3887,11,28,"s likelightly a if it were a olded movie film halfbeit brief that by a,,. the.",,en,noise,394,ZKW,1,"Feels slight, as if it were an extended short, albeit one made by the smartest kids in class."
en:3888,5,13,"film is't make what's been movie,",,en,noise,395,ZKW,1,The picture doesn't know it's a comedy.
en:3894,11,26,"'s a filmysner, aful made, andly produced and if,ly satisf..",,en,noise,401,ZKW,2,"It's a head-turner -- thoughtfully written, beautifully read and, finally, deeply humanizing."
en:3897,11,33,cken Black is iss ate cinemaficant by and's a most-fi movie that that.igle Meupreak'ats.,,en,noise,404,ZKW,0,Men in Black II achieves ultimate insignificance -- it's the sci-fi comedy spectacle as Whiffle-Ball epic.
en:3899,13,29,s a stunning chance of beinging to capture a solidably why to believe about the obvious basics that of naturecency.,,en,noise,5,ZMG,1,Presents a good case while failing to provide a reason for us to care beyond the very basic dictums of human decency.
en:3901,6,24,"e and ster, a much wonderfullaws,' be hard to as to forgetrug off into",,en,noise,7,ZMG,0,"Bread, My Sweet has so many flaws it would be easy for critics to shred it."
en:3907,15,40,"youances Wild were a aelveaked,, bitch, would have been a littlefire, but that the that that iss about much that's to los a.",,en,noise,14,ZMG,1,"If Deuces Wild had been tweaked up a notch it would have become a camp adventure, one of those movies that's so bad it starts to become good."
en:3925,3,10,' the wayness- the film.,,en,noise,32,ZMG,2,I love the robust middle of this picture.
en:3932,11,28,film is a a watch at but you''t mind a from than athrills. a costume.,,en,noise,39,ZMG,1,"The Ring is worth a look, if you don't demand much more than a few cheap thrills from your Halloween entertainment."
en:3943,5,14,"'d way movieage, the like the old one.",,en,noise,50,ZMG,2,I like the new footage and still love the old stuff.
en:3944,11,29,"'ly captures with the-queism, but it film is theism is especiallysly -- is inpiced..",,en,noise,51,ZMG,1,"It briefly flirts with player masochism, but the point of real interest -- audience sadism -- is evaded completely."
en:3945,3,15,n Movie be be be the good as the pred..,,en,noise,52,ZMG,0,Could The Country Bears really be as bad as its trailers?
en:3949,3,8,film is to littlely.,,en,noise,56,ZMG,0,The film seems a dead weight.
en:3950,15,48,"lingly yet funnyflarious, comedyalousy,, isicusson at much like a movieer Down Niro, it' like moviemakers be be aThe Heroband' aitor'ckerling'.",,en,noise,57,ZMG,2,"Sparkling, often hilarious romantic jealousy comedy... Attal looks so much like a young Robert DeNiro that it seems the film should instead be called `My Husband Is Travis Bickle'."
en:3952,11,22,"beautifuludy film,'s not particularlyly funnyinteresable, but it notinteresable.",,en,noise,59,ZMG,0,"A lousy movie that's not merely unwatchable, but also unlistenable."
en:3954,13,42,"filmly, a ac, aly,, for to feelholded to a un of a.dys,.ymer. the is a only a, but also friend being.",,en,noise,61,ZMG,2,"A strong script, powerful direction and splendid production design allows us to be transported into the life of Wladyslaw Szpilman, who is not only a pianist, but a good human being."
en:3957,3,12,'s a moviecy moviehitever' movie,,en,noise,64,ZMG,1,It's a fanboy `what if?'
en:3960,16,58,"Kingedves a. andn, and John Greens, thetiny Tus Ark advicevilles, are the heing, the., the films a filmoseust filmet isomss the much airs is awe surprise memory. butbut.",,en,noise,67,ZMG,2,"Stephen Rea, Aidan Quinn, and Alan Bates play Desmond's legal eagles, and when joined by Brosnan, the sight of this grandiloquent quartet lolling in pretty Irish settings is a pleasant enough thing, `tis."
en:3963,1,16,about so goodly a movie film York hit- movies Thu,,en,noise,70,ZMG,0,Everything was as superficial as the forced New Jersey lowbrow accent Uma had.
en:3971,13,31,"beautiful movie, which way, the word, but you, inless, and,,ud andful,scenxious,",,en,noise,78,ZMG,0,"A zombie movie in every sense of the word -- mindless, lifeless, meandering, loud, painful, obnoxious."
en:3976,6,31,"is of no movies of many actor make, the thed to to change a any but it it' why reason' the movie.",,en,noise,83,ZMG,1,"High Crimes knows the mistakes that bad movies make and is determined not to make them, and maybe that is nobility of a sort."
en:3979,4,14,"a movie, mysterydramalytheus comedycht..",,en,noise,86,ZMG,0,... a bland murder-on-campus yawner.
en:3982,6,22,"are theblings intive,, a inlyreadness ofmic of the media.",,en,noise,89,ZMG,0,"Suffers from rambling, repetitive dialogue and the visual drabness endemic to digital video."
en:3985,10,21,s are of the most ing momentsalstions of the film story in made to a.,,en,noise,92,ZMG,2,Features one of the most affecting depictions of a love affair ever committed to film.
en:3995,9,32,"if movieshed,istic not a least of a, find to thetricaableless,y. aing,culture.",,en,noise,102,ZMG,0,"Even a hardened voyeur would require the patience of Job to get through this interminable, shapeless documentary about the swinging subculture."
en:3999,14,36,"film is a greatvoluved to a itly the real,,,age have in theclub.atnce. and it's also aable one.",,en,noise,106,ZMG,1,"The film is a contrivance, as artificial as the video games Japanese teens play in a nightclub sequence, but it's an enjoyable one."
en:4000,12,29,"times best, filmplay is athar, the the its best it' amus,'s process,. thehood.",,en,noise,107,ZMG,1,"At its worst the screenplay is callow, but at its best it is a young artist's thoughtful consideration of fatherhood."
en:4006,9,26,"Bridge are a a filmtakingly beautifuld film compish film, art time.ive memory.",,en,noise,113,ZMG,2,Jeffs has created a breathtakingly assured and stylish work of spare dialogue and acute expressiveness.
en:4030,8,21,"mone,le of a,bing, Yorkers, a in kill interestnesserss.",,en,noise,137,ZMG,1,Anemic chronicle of money grubbing New Yorkers and their serial loveless hook ups.
en:4032,6,17,it'm got to give itside on the one. on.,,en,noise,139,ZMG,1,And I've decided to leave a light on every night from now on.
en:4042,9,24,beautifuliyah isly getsps the audienceva- with to make ae interestmistry. her Hall.,,en,noise,149,ZMG,1,Aaliyah rarely dampens her diva persona enough to spark genuine chemistry with Townsend.
en:4045,12,25,a be a great failure if it for the-ing characterss from place in the end's end..,,en,noise,152,ZMG,1,... would be a total loss if not for two supporting performances taking place at the movie's edges.
en:4046,17,42,"aingly engawarmwarmraidting film, the struggleion needs of aese womenes to in atahS. tolent.s. escape their familiess andve. a.",,en,noise,153,ZMG,2,An inspiring and heart-affecting film about the desperate attempts of Vietnamese refugees living in U.S. relocation camps to keep their hopes alive in 1975.
en:4051,8,15,'s filmniest film most engaable film is.,,en,noise,158,ZMG,2,Allen's funniest and most likeable movie in years.
en:4053,10,29,"' no lotinglyabsence of theicism in this'', the a movieity. if if his...",,en,noise,160,ZMG,2,"There is a refreshing absence of cynicism in Stuart Little 2 -- quite a rarity, even in the family film market."
en:4063,8,26,"if the time of long-s of theughtilityands, theenity is' aspecta-.",,en,noise,170,ZMG,0,"Even by the intentionally low standards of frat-boy humor, Sorority Boys is a bowser."
en:4075,9,25,filmly yety performances of make even the whoers who have never patience for-American.views,,en,noise,182,ZMG,2,"The stunning, dreamlike visuals will impress even those viewers who have little patience for Euro-film pretension."
en:4090,12,24,"thegie,es,, this is a thanetizing than the movie-sh.sortgus.",,en,noise,197,ZMG,2,"For VeggieTales fans, this is more appetizing than a side dish of asparagus."
en:4091,22,42,"it's the' a best to point of the erath century, it theing to to again to the of thedents, the,, it's notingly slow.",,en,noise,198,ZMG,1,"While it regards 1967 as the key turning point of the 20th century, and returns again and again to images of dissidents in the streets, it's alarmingly current."
en:4096,19,49,"itedinged fromvily from the theth Ni Sixence of the Lambs, it's to remain its its solid of originalphisticationnessintelligence and a-likehat.cks. most..",,en,noise,203,ZMG,2,"While Tattoo borrows heavily from both Seven and The Silence of the Lambs, it manages to maintain both a level of sophisticated intrigue and human-scale characters that suck the audience in."
en:4099,11,28,"'s a kind movie I the year, far, and audiences the the the films Western filmsders are bed.",,en,noise,206,ZMG,2,"It's the best film of the year so far, the benchmark against which all other Best Picture contenders should be measured."
en:4100,8,14,is a of those mostappointments of year.,,en,noise,207,ZMG,0,This is one of the biggest disappointments of the year.
en:4102,10,41,"Villemed a about the wayries of the and the onsquare on ahood lovesession --likeor-thind,ft, the. wouldfla a  psycholog and emotional significa.",,en,noise,209,ZMG,1,"Denis forges out of the theories of class - based rage and sisterly obsession a razor-sided tuning fork that rings with cultural, sexual and social discord."
en:4128,19,44,"filmly enjoymusful film, itll, bortive, writtenotic, andly unsppy -- andside onem of bothreal Matrixing' and `watric oneTheanta.'",,en,noise,235,ZMG,0,"A thoroughly awful movie -- dumb, narratively chaotic, visually sloppy... a weird amalgam of `The Thing' and a geriatric `Scream.'"
en:4131,11,36,"film is a  for theuit and processness, moral senseedncy, but it's a of of than a for human audiencewriterwed characters un characters.",,en,noise,238,ZMG,1,"The movie has no respect for laws, political correctness or common decency, but it displays something more important: respect for its flawed, crazy people."
en:4137,15,36,"' be hardappointuous to say thised a movie film, but it'' it it the of the othercker. in the out. the moviexes.",,en,noise,244,ZMG,1,"It would be disingenuous to call Reno a great film, but you can say that about most of the flicks moving in and out of the multiplex."
en:4141,6,11,iguingly unright defuriating.,,en,noise,248,ZMG,2,Intriguing and downright intoxicating.
en:4143,14,32,"the best compying thing about thisle Whoo isous is that it's so movie-, by a who' has what about his.",,en,noise,250,ZMG,0,Perhaps the most annoying thing about Who Is Cletis Tout? is that it's a crime movie made by someone who obviously knows nothing about crime.
en:4145,7,26,"filmntes, iss on heart of the soul oness to the well, enga engalys Wei..",,en,noise,252,ZMG,2,The quirky drama touches the heart and the funnybone thanks to the energetic and always surprising performance by Rachel Griffiths.
en:4147,7,12,ly uffling. the start-go.,,en,noise,254,ZMG,0,Bad and baffling from the get-go.
en:4148,10,28,"film is a greatt from a de, but itncing,thro and engay music all you to the night movie-.",,en,noise,255,ZMG,2,"The movie is a blast of educational energy, as bouncy animation and catchy songs escort you through the entire 85 minutes."
en:4152,14,38,"film deal of this filmlog is the waylyly effects the protagonist, the-nier, who,embles aheld andlone. a movie-.-heart.",,en,noise,259,ZMG,1,"The real charm of this trifle is the deadpan comic face of its star, Jean Reno, who resembles Sly Stallone in a hot sake half-sleep."
en:4159,19,56,"ckcket is't be the lot mistake, the first-, thearings a his way- community a woman-class academic, a inferior. andssum that'sets all audienceists audiencee . originalrinks the original of the novel.",,en,noise,266,ZMG,1,"LaBute can't avoid a fatal mistake in the modern era: He's changed the male academic from a lower-class Brit to an American, a choice that upsets the novel's exquisite balance and shreds the fabric of the film."
en:4163,7,17,"ry, a strange chance, a that''t.",,en,noise,270,ZMG,1,Gere gives a good performance in a film that doesn't merit it.
en:4167,6,24,"film, who his -story,, ad camerarody, is letled down a moviely.",,en,noise,274,ZMG,0,"The director, with his fake backdrops and stately pacing, never settles on a consistent tone."
en:4168,6,27,"is' so a reigns a movie is and' it it and and and-, -- is a compre.",,en,noise,275,ZMG,0,"Why he was given free reign over this project -- he wrote, directed, starred and produced -- is beyond me."
en:4169,11,27,"you' a aed with a movieed's you''t a fond, you youys a you.",,en,noise,276,ZMG,0,"If you enjoy being rewarded by a script that assumes you aren't very bright, then Blood Work is for you."
en:4170,9,37,"ay Giuliastone, there is to be a deep looker theify the positiontic  of he film film. then that movie learned..ke.",,en,noise,277,ZMG,0,"Like Rudy Yellow Lodge, Eyre needs to take a good sweat to clarify his cinematic vision before his next creation and remember the lessons of the trickster spider."
en:4182,4,11,"to hardaringly anding,,",,en,noise,289,ZMG,2,"Hard, endearing, caring, warm."
en:4184,11,38,film ite andses to love for the is and theful and andgraphic -- a kindal -- haveitelly defy them a. is todyly funnying.,,en,noise,291,ZMG,2,The way Coppola professes his love for movies -- both colorful pop junk and the classics that unequivocally qualify as art -- is giddily entertaining.
en:4192,18,41,"''t best a memorys it it wons not a to be for's justly a movie, melotic porrogaical projecttion of the' a movie. real.",,en,noise,299,ZMG,1,It won't bust your gut -- and it's not intended to -- it's merely a blandly cinematic surgical examination of what makes a joke a joke.
en:4197,11,35,"filmomus,thelya-samee,ter is the Home thesion is is its loty, thoughtheurs-.s effect it.",,en,noise,304,ZMG,1,"The doofus-on-the-loose banter of Welcome to Collinwood has a cocky, after-hours loopiness to it."
en:4198,7,16,s a kindniest film comedy offiti.s,,en,noise,305,ZMG,2,It's the funniest American comedy since Graffiti Bridge.
en:4201,15,40,"n,elingsome, oftenbreaking, watch, the itma' hisstone's filmling performances are the film- the level of a moviecchilin...",,en,noise,308,ZMG,2,"Often gruelling and heartbreaking to witness, but Seldahl and Wollter's sterling performances raise this far above the level of the usual maudlin disease movie."
en:4206,5,25,"' notly the as in in the',, the  of time new than more moretelyless",,en,noise,313,ZMG,1,"That is essentially what's missing from Blackboards -- the sense of something bigger, some ultimate point."
en:4209,11,34,"filmlywitted, inme film offoff, a American Farm,y,, whichodile Sams a,ist, its bestring.",,en,noise,316,ZMG,0,"A dim-witted and lazy spin-off of the Animal Planet documentary series, Crocodile Hunter is entertainment opportunism at its most glaring."
en:4221,11,23,"awful lot,, never makey the  discernly imcontentable ofmakersers.",,en,noise,328,ZMG,0,An awful movie that will only satisfy the most emotionally malleable of filmgoers.
en:4243,33,67,"knows's film to theling the's mosts is a rebling, furiherent one, the strugglegueness of humanal thinkinges and theise of the,s the filmous and inentious workavor. wills alllikecused on undioously unaperating.",,en,noise,350,ZMG,0,Godard's ode to tackling life's wonderment is a rambling and incoherent manifesto about the vagueness of topical excess... In Praise of Love remains a ponderous and pretentious endeavor that's unfocused and tediously exasperating.
en:4245,13,42,"' really know across a about the movie characters, the they not they arere be up in. ite,sity for ather pleasanting nor.. be a.",,en,noise,352,ZMG,0,"We never truly come to care about the main characters and whether or not they'll wind up together, and Michele's spiritual quest is neither amusing nor dramatic enough to sustain interest."
en:4248,7,20,"ce,s filmthical, be been a mored consent-sight.",,en,noise,355,ZMG,1,"Peralta's mythmaking could have used some informed, adult hindsight."
en:4255,14,35,"s can be be to watch more time watching a moviestheater, about aovyy lists, the to make their kids about to to be. adultsocchio.",,en,noise,362,ZMG,1,Adults will certainly want to spend their time in the theater thinking up grocery lists and ways to tell their kids how not to act like Pinocchio.
en:4256,9,31,"a goodly as as as originalous as the pred to be, the- from this it' a been a a.. empat.",,en,noise,363,ZMG,1,"Not as distinctive or even as humorous as its needs to be to stand out, but it has clearly been made with affection and care."
en:4257,7,20,"beautiful, drama,like any to be maded by a who of familyclasss.",,en,noise,364,ZMG,0,A generic family comedy unlikely to be appreciated by anyone outside the under-10 set.
en:4261,12,31,"ppercre,director/ Levi iss films at make a filmianthe American-realistismre are inreadfully short.",,en,noise,368,ZMG,0,"Co-writer/director Jonathan Parker's attempts to fashion a Brazil-like, hyper-real satire fall dreadfully short."
en:4270,5,16,' doesn't feel the to to not the moviely.,,en,noise,377,ZMG,1,It just doesn't have much else... especially in a moral sense.
en:4271,9,24,whofortunamiliar characters themon moviess may have themselves Ho- arem aally adering.,,en,noise,378,ZMG,1,Those unfamiliar with Mormon traditions may find The Singles Ward occasionally bewildering.
en:4273,5,19,it filmed director and is not the guess. and the the-s.,,en,noise,380,ZMG,2,"But the talented cast alone will keep you watching, as will the fight scenes."
en:4277,10,24,"aly, but greater of the difficult of themaking make us beyond change make us feel the lives.",,en,noise,384,ZMG,2,"An important movie, a reminder of the power of film to move us and to make us examine our values."
en:4279,7,24,"beautifully craftd, yetble execut film, a talented and. has knows a to his.",,en,noise,386,ZMG,2,A richly imagined and admirably mature work from a gifted director who definitely has something on his mind.
en:4282,9,22,it ifs more about that the's no movie audiencethri'meates the story.,,en,noise,389,ZMG,2,But what's nice is that there's a casual intelligence that permeates the script.
en:4287,10,28,s likelightly a if it were a olded movie film halfbeit brief that in a. the.,,en,noise,394,ZMG,1,"Feels slight, as if it were an extended short, albeit one made by the smartest kids in class."
en:4288,6,13,film is't make what's been movie.,,en,noise,395,ZMG,1,The picture doesn't know it's a comedy.
en:4294,9,26,"'s a filmysning, aful made, andly produced,,ly..",,en,noise,401,ZMG,2,"It's a head-turner -- thoughtfully written, beautifully read and, finally, deeply humanizing."
en:4297,10,33,cken Black is iss ately ficant by in's a most-fi movie that that.igle.upreak'ats.,,en,noise,404,ZMG,0,Men in Black II achieves ultimate insignificance -- it's the sci-fi comedy spectacle as Whiffle-Ball epic.
en:4299,12,29,s a stunning chance of beinging to capture a solidably why to believe. thes that of naturecency.,,en,noise,5,ZPH,1,Presents a good case while failing to provide a reason for us to care beyond the very basic dictums of human decency.
en:4301,7,24,"ed is ster, a much beautifullaws,' be hard to as to forgetrug off.",,en,noise,7,ZPH,0,"Bread, My Sweet has so many flaws it would be easy for critics to shred it."
en:4307,14,40,"youances Wild were a aelveaed to, bitch, would have been a littlefire, but that the that that wills about much that's to los a.",,en,noise,14,ZPH,1,"If Deuces Wild had been tweaked up a notch it would have become a camp adventure, one of those movies that's so bad it starts to become good."
en:4325,2,10,"' the way,- the film,",,en,noise,32,ZPH,2,I love the robust middle of this picture.
en:4332,12,28,"film is a a watch, but you''t mind a from than athrills. a costume.",,en,noise,39,ZPH,1,"The Ring is worth a look, if you don't demand much more than a few cheap thrills from your Halloween entertainment."
en:4343,5,14,"'d way movieage, the like the old one.",,en,noise,50,ZPH,2,I like the new footage and still love the old stuff.
en:4344,11,29,"'ly captures with the-queism, but it  is theism is especiallysly -- is inpiced by.",,en,noise,51,ZPH,1,"It briefly flirts with player masochism, but the point of real interest -- audience sadism -- is evaded completely."
en:4345,3,15,n Movie be be be the good as the pred..,,en,noise,52,ZPH,0,Could The Country Bears really be as bad as its trailers?
en:4349,3,8,film is to littlely.,,en,noise,56,ZPH,0,The film seems a dead weight.
en:4350,15,48,"lingly yet humorflarious, comedyalousy,, isicusson at much like a movieer Down Niro, it' like moviemakers be be aThe Heroband, aitor.ckerling'.",,en,noise,57,ZPH,2,"Sparkling, often hilarious romantic jealousy comedy... Attal looks so much like a young Robert DeNiro that it seems the film should instead be called `My Husband Is Travis Bickle'."
en:4352,11,22,"beautifuludy film,'s not particularlyly funnyinteresable, but it notinteresable.",,en,noise,59,ZPH,0,"A lousy movie that's not merely unwatchable, but also unlistenable."
en:4354,14,42,"filmly, a ac, aly,, for to feelholded to a un of a.dys,.ymer, a is a only a great, but also friend being.",,en,noise,61,ZPH,2,"A strong script, powerful direction and splendid production design allows us to be transported into the life of Wladyslaw Szpilman, who is not only a pianist, but a good human being."
en:4357,4,12,'s a moviecy moviemovieever'' movie,,en,noise,64,ZPH,1,It's a fanboy `what if?'
en:4360,15,58,"Kingedves a. andn, and John Greens, atiny Tus "" advicevilles, are the theying, a., the films a filmoseust filmet wouldomss the much airs is awe surprise memory to butbut",,en,noise,67,ZPH,2,"Stephen Rea, Aidan Quinn, and Alan Bates play Desmond's legal eagles, and when joined by Brosnan, the sight of this grandiloquent quartet lolling in pretty Irish settings is a pleasant enough thing, `tis."
en:4363,1,16,about so goodly a movie York hit- movies Thu,,en,noise,70,ZPH,0,Everything was as superficial as the forced New Jersey lowbrow accent Uma had.
en:4371,13,31,"film movie, which way, the word, but you, inless, andwhile,ud andful,scenxious,",,en,noise,78,ZPH,0,"A zombie movie in every sense of the word -- mindless, lifeless, meandering, loud, painful, obnoxious."
en:4376,6,31,"is of no movies of many actor make, the thed to to change a any but it the' why reason' the movie.",,en,noise,83,ZPH,1,"High Crimes knows the mistakes that bad movies make and is determined not to make them, and maybe that is nobility of a sort."
en:4379,4,14,"a beautiful, mysterydramalytheus comedycht..",,en,noise,86,ZPH,0,... a bland murder-on-campus yawner.
en:4382,6,22,"fice to beingblings andtive,, a usuallyreadness ofavour to media.",,en,noise,89,ZPH,0,"Suffers from rambling, repetitive dialogue and the visual drabness endemic to digital video."
en:4385,10,21,"s are of the most importanting momentsalstions of the film story, made to a.",,en,noise,92,ZPH,2,Features one of the most affecting depictions of a love affair ever committed to film.
en:4395,10,32,"if movieshed,istic not a audience of a, find to thetricaable,less,y. aing,culture.",,en,noise,102,ZPH,0,"Even a hardened voyeur would require the patience of Job to get through this interminable, shapeless documentary about the swinging subculture."
en:4399,14,36,"film is a greatvoluved to a itly the real,,,age have in theclub.atnce. and it's also aable one.",,en,noise,106,ZPH,1,"The film is a contrivance, as artificial as the video games Japanese teens play in a nightclub sequence, but it's an enjoyable one."
en:4400,12,29,"times best, filmplay is athar, the the its best it' amus,'s process,. thehood.",,en,noise,107,ZPH,1,"At its worst the screenplay is callow, but at its best it is a young artist's thoughtful consideration of fatherhood."
en:4406,10,26,"Bridge are a a filmtakingly beautifuld film engaish film, art time.iveness.",,en,noise,113,ZPH,2,Jeffs has created a breathtakingly assured and stylish work of spare dialogue and acute expressiveness.
en:4430,8,21,"mone,le of a,bing, Yorkers, a in kill interestnesserss.",,en,noise,137,ZPH,1,Anemic chronicle of money grubbing New Yorkers and their serial loveless hook ups.
en:4432,6,17,",'m got to keep itside on the one. on.",,en,noise,139,ZPH,1,And I've decided to leave a light on every night from now on.
en:4442,9,24,beautifuliyah isly getsmit the audienceva- with to make ae interestmistry. her Hall.,,en,noise,149,ZPH,1,Aaliyah rarely dampens her diva persona enough to spark genuine chemistry with Townsend.
en:4445,11,25,a be a great was to it for the-ing characterss from place in the end's end..,,en,noise,152,ZPH,1,... would be a total loss if not for two supporting performances taking place at the movie's edges.
en:4446,18,42,"aingly engawarmwarmraidting film, the strugglee needs of aese womenes to in atahS. tolent,s. escape their familiess andve. a.",,en,noise,153,ZPH,2,An inspiring and heart-affecting film about the desperate attempts of Vietnamese refugees living in U.S. relocation camps to keep their hopes alive in 1975.
en:4451,7,15,'s filmniest film most engaly film is.,,en,noise,158,ZPH,2,Allen's funniest and most likeable movie in years.
en:4453,11,29,"' no lotinglyabsence of theicism in this'', the a movieity. if if the tradition..",,en,noise,160,ZPH,2,"There is a refreshing absence of cynicism in Stuart Little 2 -- quite a rarity, even in the family film market."
en:4463,8,26,"if the time of long-s of theughtilityands, thisenity is' aspecta-.",,en,noise,170,ZPH,0,"Even by the intentionally low standards of frat-boy humor, Sorority Boys is a bowser."
en:4475,9,25,filmly yety performances of make even the whoers who have no patience for-American.views,,en,noise,182,ZPH,2,"The stunning, dreamlike visuals will impress even those viewers who have little patience for Euro-film pretension."
en:4490,12,24,"thegie,es,, this is a thanetizing than the movie-sh.sortgus.",,en,noise,197,ZPH,2,"For VeggieTales fans, this is more appetizing than a side dish of asparagus."
en:4491,21,42,"it's as' a best to point of the erath century, it ising to to again to the of thedents, a,, it's notingly slow.",,en,noise,198,ZPH,1,"While it regards 1967 as the key turning point of the 20th century, and returns again and again to images of dissidents in the streets, it's alarmingly current."
en:4496,19,49,"itedinged fromvily from the theth Ni Sixence of the Lambs, it's to remain its its solid of qualityphisticationnessintelligence and a-likehat empat.cks. most into.",,en,noise,203,ZPH,2,"While Tattoo borrows heavily from both Seven and The Silence of the Lambs, it manages to maintain both a level of sophisticated intrigue and human-scale characters that suck the audience in."
en:4499,11,28,"'s a kind movie I the year, far, and audiences the it the films Western'ders are bed.",,en,noise,206,ZPH,2,"It's the best film of the year so far, the benchmark against which all other Best Picture contenders should be measured."
en:4500,9,14,is a of those most filmsappointments of the year.,,en,noise,207,ZPH,0,This is one of the biggest disappointments of the year.
en:4502,10,41,"emed a a the wayries of the and the onsquare on ahood lovesession --likeor-thind,ft, the. wouldfla a  psycholog and emotional significa.",,en,noise,209,ZPH,1,"Denis forges out of the theories of class - based rage and sisterly obsession a razor-sided tuning fork that rings with cultural, sexual and social discord."
en:4528,18,44,"filmly entertainmusful film, withll, bortive, writtenotic, andly unsppy -- andside onem of bothreal Matrixing' and `watric oneTheanta''",,en,noise,235,ZPH,0,"A thoroughly awful movie -- dumb, narratively chaotic, visually sloppy... a weird amalgam of `The Thing' and a geriatric `Scream.'"
en:4531,11,36,"film is a  for theuit and processness, moral sensecency, and it's a of than than for human audiencewriterwed characters un characters.",,en,noise,238,ZPH,1,"The movie has no respect for laws, political correctness or common decency, but it displays something more important: respect for its flawed, crazy people."
en:4537,15,36,"' be hardappointuous if say thised a movie film, but it'' it it the of the othercker that in the out. the moviex.",,en,noise,244,ZPH,1,"It would be disingenuous to call Reno a great film, but you can say that about most of the flicks moving in and out of the multiplex."
en:4541,6,11,iguingly unright defuriating.,,en,noise,248,ZPH,2,Intriguing and downright intoxicating.
en:4543,13,32,"the best compying part about thisle Whoo isale is that it's so movie story, by a who' has what about his.",,en,noise,250,ZPH,0,Perhaps the most annoying thing about Who Is Cletis Tout? is that it's a crime movie made by someone who obviously knows nothing about crime.
en:4545,7,26,"filmntes, iss on heart of the soul oness to the well, enga engalys Wei..",,en,noise,252,ZPH,2,The quirky drama touches the heart and the funnybone thanks to the energetic and always surprising performance by Rachel Griffiths.
en:4547,7,12,ly uffling. the start-go.,,en,noise,254,ZPH,0,Bad and baffling from the get-go.
en:4548,10,28,"film is a greatt from comedy material, but itncing,thro and engay music all you to the night-.",,en,noise,255,ZPH,2,"The movie is a blast of educational energy, as bouncy animation and catchy songs escort you through the entire 85 minutes."
en:4552,13,38,"film deal of this filmlog is the waylyly effects the protagonist- the-nier, who,embles aheld.lone. a-.-heart.",,en,noise,259,ZPH,1,"The real charm of this trifle is the deadpan comic face of its star, Jean Reno, who resembles Sly Stallone in a hot sake half-sleep."
en:4559,18,56,"tellet is't be the lot mistake, his first-, thearings a his way- community a woman-class academic, a inferior. andssum that'sets all audienceists audiencee . originalrinks the original of the novel.",,en,noise,266,ZPH,1,"LaBute can't avoid a fatal mistake in the modern era: He's changed the male academic from a lower-class Brit to an American, a choice that upsets the novel's exquisite balance and shreds the fabric of the film."
en:4563,7,17,"ry, a strange chance, a that''t.",,en,noise,270,ZPH,1,Gere gives a good performance in a film that doesn't merit it.
en:4567,6,24,"film, who his -story and, ad camerarody, is letled for a moviely.",,en,noise,274,ZPH,0,"The director, with his fake backdrops and stately pacing, never settles on a consistent tone."
en:4568,5,27,"is' so a timeeigns a movie is and' it "", and andved, -- is a compre.",,en,noise,275,ZPH,0,"Why he was given free reign over this project -- he wrote, directed, starred and produced -- is beyond me."
en:4569,11,27,"you' a entertained with a movieed's you''t a fond, you youys a you.",,en,noise,276,ZPH,0,"If you enjoy being rewarded by a script that assumes you aren't very bright, then Blood Work is for you."
en:4570,9,37,"ad Giuliastone, there is to be a deep looker theify the positiontic . he film. re: learned..der.",,en,noise,277,ZPH,0,"Like Rudy Yellow Lodge, Eyre needs to take a good sweat to clarify his cinematic vision before his next creation and remember the lessons of the trickster spider."
en:4582,4,11,"to hardaringly anding,,",,en,noise,289,ZPH,2,"Hard, endearing, caring, warm."
en:4584,11,38,film ite andses to love for the is and theful and andgraphic -- a kindal -- makesettlly defy them a. is todyly funnying.,,en,noise,291,ZPH,2,The way Coppola professes his love for movies -- both colorful pop junk and the classics that unequivocally qualify as art -- is giddily entertaining.
en:4592,19,41,"''t best your memorys it it wons not a to be for's justly a movie, melotic porrogaical projecttion of the' a movie. real.",,en,noise,299,ZPH,1,It won't bust your gut -- and it's not intended to -- it's merely a blandly cinematic surgical examination of what makes a joke a joke.
en:4597,12,35,"filmomus,thelya-samee,ter is the Home thesion is is a loty, thoughtheurs-ys effect it.",,en,noise,304,ZPH,1,"The doofus-on-the-loose banter of Welcome to Collinwood has a cocky, after-hours loopiness to it."
en:4598,9,16,'s a kindniest film comedy offiti..,,en,noise,305,ZPH,2,It's the funniest American comedy since Graffiti Bridge.
en:4601,13,40,"lyelingsomely inbreakingly the, the itma' hisstone's filmling performances are the film-- level of acchilin...",,en,noise,308,ZPH,2,"Often gruelling and heartbreaking to witness, but Seldahl and Wollter's sterling performances raise this far above the level of the usual maudlin disease movie."
en:4606,6,25,"' notly the as in in the',, the  of a new, more moretelyless",,en,noise,313,ZPH,1,"That is essentially what's missing from Blackboards -- the sense of something bigger, some ultimate point."
en:4609,11,34,"filmlywitted, inme movieoffoff, a American Farm,y,, whichodile Sam, a,ist, its bestring.",,en,noise,316,ZPH,0,"A dim-witted and lazy spin-off of the Animal Planet documentary series, Crocodile Hunter is entertainment opportunism at its most glaring."
en:4621,10,23,"awful lot,, never makey the  discernly imcontentable.makersers.",,en,noise,328,ZPH,0,An awful movie that will only satisfy the most emotionally malleable of filmgoers.
en:4643,33,67,"knows's film to theling the's mosts is a rebling, aneherent story, the strugglegueness of humanal wisdomes and theise of the.s the filmous and inentious workavor. willslikecused on undioouslyaperating.",,en,noise,350,ZPH,0,Godard's ode to tackling life's wonderment is a rambling and incoherent manifesto about the vagueness of topical excess... In Praise of Love remains a ponderous and pretentious endeavor that's unfocused and tediously exasperating.
en:4645,13,42,"' really understood across a about the movie characters, the they not they arere be up in in it thee,sity to ather pleasanting nor entertain.. be a.",,en,noise,352,ZPH,0,"We never truly come to care about the main characters and whether or not they'll wind up together, and Michele's spiritual quest is neither amusing nor dramatic enough to sustain interest."
en:4648,6,20,ceptionnts filmthical is be been adranceight.,,en,noise,355,ZPH,1,"Peralta's mythmaking could have used some informed, adult hindsight."
en:4655,14,35,"s can be be to watch more time watching a moviestheater, about aovyy lists, the to make their kids about to to be. adultsocchio.",,en,noise,362,ZPH,1,Adults will certainly want to spend their time in the theater thinking up grocery lists and ways to tell their kids how not to act like Pinocchio.
en:4656,8,31,"a goodly as as as originalous as the pred- be, the- from this it' a been a a.. empat.",,en,noise,363,ZPH,1,"Not as distinctive or even as humorous as its needs to be to stand out, but it has clearly been made with affection and care."
en:4657,7,20,"film, drama,like any to have maded by anyone who of familyclasss.",,en,noise,364,ZPH,0,A generic family comedy unlikely to be appreciated by anyone outside the under-10 set.
en:4661,12,31,"ppercre,director/ Smith iss films at make a movieianthe American-realistismre arereadfully short.",,en,noise,368,ZPH,0,"Co-writer/director Jonathan Parker's attempts to fashion a Brazil-like, hyper-real satire fall dreadfully short."
en:4670,5,16,' doesn't feel the to to not the moviely.,,en,noise,377,ZPH,1,It just doesn't have much else... especially in a moral sense.
en:4671,9,24,whofortunamiliar characters themon moviess may have themselves Last- arem aally adering.,,en,noise,378,ZPH,1,Those unfamiliar with Mormon traditions may find The Singles Ward occasionally bewildering.
en:4673,5,19,"it filmed director, is not the guess. and the the-s.",,en,noise,380,ZPH,2,"But the talented cast alone will keep you watching, as will the fight scenes."
en:4677,11,24,"aly, but greater of the difficult of themaking make us beyond to make us feel the lives.",,en,noise,384,ZPH,2,"An important movie, a reminder of the power of film to move us and to make us examine our values."
en:4679,7,24,"filmly craftd, yetble executd, a talented,. has knows a to his.",,en,noise,386,ZPH,2,A richly imagined and admirably mature work from a gifted director who definitely has something on his mind.
en:4682,9,22,it ifs more about that the's no lot audiencethri makesmeates the story.,,en,noise,389,ZPH,2,But what's nice is that there's a casual intelligence that permeates the script.
en:4687,10,28,s likelightly a if it were a olded movie film halfbeit brief that in a guy. the.,,en,noise,394,ZPH,1,"Feels slight, as if it were an extended short, albeit one made by the smartest kids in class."
en:4688,6,13,film is't make what's been movie.,,en,noise,395,ZPH,1,The picture doesn't know it's a comedy.
en:4694,11,26,"'s a movieysner, aful made, andly produced and if,ly satisf..",,en,noise,401,ZPH,2,"It's a head-turner -- thoughtfully written, beautifully read and, finally, deeply humanizing."
en:4697,11,33,cken Black is iss ate ficant by in's a most-fi movie that that.igleupreak'ats.,,en,noise,404,ZPH,0,Men in Black II achieves ultimate insignificance -- it's the sci-fi comedy spectacle as Whiffle-Ball epic.
en:0:avg,11,29,"ers a re chance of beinging to capture a solidably the to be about the point bests, of naturecency.",,en,noise_avg,5,average,1,Presents a good case while failing to provide a reason for us to care beyond the very basic dictums of human decency.
en:2:avg,6,24,"ed is aster, a much greatlaws,' be hard to as to forgetrink off from",,en,noise_avg,7,average,0,"Bread, My Sweet has so many flaws it would be easy for critics to shred it."
en:8:avg,12,40,"youanberive were a aelveaed to, littlech, would have been a littlefire, but that the that that wills not much that's to look a.",,en,noise_avg,14,average,1,"If Deuces Wild had been tweaked up a notch it would have become a camp adventure, one of those movies that's so bad it starts to become good."
en:26:avg,2,10,"' the way,- the film,",,en,noise_avg,32,average,2,I love the robust middle of this picture.
en:33:avg,12,28,"film is a a watch, but you''t mind a from than a moviethrills. a-.",,en,noise_avg,39,average,1,"The Ring is worth a look, if you don't demand much more than a few cheap thrills from your Halloween entertainment."
en:44:avg,5,14,"'d way movieage, the find the old one.",,en,noise_avg,50,average,2,I like the new footage and still love the old stuff.
en:45:avg,11,29,"'ly captures with the-queism, but it  is theism is insly -- is atpiced by.",,en,noise_avg,51,average,1,"It briefly flirts with player masochism, but the point of real interest -- audience sadism -- is evaded completely."
en:46:avg,3,15,be Movie be be be the good as the pred..,,en,noise_avg,52,average,0,Could The Country Bears really be as bad as its trailers?
en:50:avg,2,8,film is to littlely,,en,noise_avg,56,average,0,The film seems a dead weight.
en:51:avg,14,48,"lely yet deflarious, comedyalousy that, isicusson at much like a movieer Down Niro movie it' like movie is be be aThe Heroband' aitor.cker''.",,en,noise_avg,57,average,2,"Sparkling, often hilarious romantic jealousy comedy... Attal looks so much like a young Robert DeNiro that it seems the film should instead be called `My Husband Is Travis Bickle'."
en:53:avg,11,22,"greatudy film,'s not particularlyly funnyinteresable, but it notinteresable.",,en,noise_avg,59,average,0,"A lousy movie that's not merely unwatchable, but also unlistenable."
en:55:avg,16,42,"filmly, a ac, aly,, for to feel immered to a un of a.dyslaw,ymer, the is a only a great, but a friend being.",,en,noise_avg,61,average,2,"A strong script, powerful direction and splendid production design allows us to be transported into the life of Wladyslaw Szpilman, who is not only a pianist, but a good human being."
en:58:avg,3,12,'s a greatcy movieemever' movie,,en,noise_avg,64,average,1,It's a fanboy `what if?'
en:61:avg,15,58,"Kingedves the.,n, and John Greens, thetiny Tus heart advicevilles, are the heing, a., thes aoseust filmet isoms the much languages is a rare surprise experience to buts",,en,noise_avg,67,average,2,"Stephen Rea, Aidan Quinn, and Alan Bates play Desmond's legal eagles, and when joined by Brosnan, the sight of this grandiloquent quartet lolling in pretty Irish settings is a pleasant enough thing, `tis."
en:64:avg,1,16,about so thoughly a movie York-s Thu,,en,noise_avg,70,average,0,Everything was as superficial as the forced New Jersey lowbrow accent Uma had.
en:72:avg,13,31,"de movie, which way, the word, but you, inless, andwhile, inud andful,scenxious,",,en,noise_avg,78,average,0,"A zombie movie in every sense of the word -- mindless, lifeless, meandering, loud, painful, obnoxious."
en:77:avg,6,31,"are how movies of many actor make, the whyd to to change a any but it it' why surprise. the movie.",,en,noise_avg,83,average,1,"High Crimes knows the mistakes that bad movies make and is determined not to make them, and maybe that is nobility of a sort."
en:80:avg,4,14,"a movie, mysterydramalytheus comedycht..",,en,noise_avg,86,average,0,... a bland murder-on-campus yawner.
en:83:avg,6,22,"are theblings intive,, a inlyreadness ofmic of.",,en,noise_avg,89,average,0,"Suffers from rambling, repetitive dialogue and the visual drabness endemic to digital video."
en:86:avg,10,21,s a of the most ing filmsalstions of the film story made to a.,,en,noise_avg,92,average,2,Features one of the most affecting depictions of a love affair ever committed to film.
en:96:avg,8,32,"if movierowed,istic not a least of a, find to thetricaableless,y. a ofculture.",,en,noise_avg,102,average,0,"Even a hardened voyeur would require the patience of Job to get through this interminable, shapeless documentary about the swinging subculture."
en:100:avg,14,36,"film is a greatundved for a itly the real,,,age are in theclub.atnce. and it's also aable one.",,en,noise_avg,106,average,1,"The film is a contrivance, as artificial as the video games Japanese teens play in a nightclub sequence, but it's an enjoyable one."
en:101:avg,14,29,"its best, filmplay is athar, the the its best it' amus,'s workful,. hishood.",,en,noise_avg,107,average,1,"At its worst the screenplay is callow, but at its best it is a young artist's thoughtful consideration of fatherhood."
en:107:avg,11,26,Bridge is a a filmtakingly beautifuld film compish film of art time.iveness.,,en,noise_avg,113,average,2,Jeffs has created a breathtakingly assured and stylish work of spare dialogue and acute expressiveness.
en:131:avg,10,21,"micle of amakingbing, Yorkers, their frustration kill interestnesserss.",,en,noise_avg,137,average,1,Anemic chronicle of money grubbing New Yorkers and their serial loveless hook ups.
en:133:avg,6,17,the'm been to keep itside on the one. on.,,en,noise_avg,139,average,1,And I've decided to leave a light on every night from now on.
en:143:avg,8,24,"greatbert isly gets a withva,, to make ae interestmistry. hers.",,en,noise_avg,149,average,1,Aaliyah rarely dampens her diva persona enough to spark genuine chemistry with Townsend.
en:146:avg,12,25,a be a great failure if it for the-ing characterss from place in the end's end..,,en,noise_avg,152,average,1,... would be a total loss if not for two supporting performances taking place at the movie's edges.
en:147:avg,19,42,"engaingly engawarmwarmraidting film, the strugglee needs of aese womenes to in atahS. tolent,s to escape their familiess andve. a.",,en,noise_avg,153,average,2,An inspiring and heart-affecting film about the desperate attempts of Vietnamese refugees living in U.S. relocation camps to keep their hopes alive in 1975.
en:152:avg,7,15,",s filmniest film mostd movie is.",,en,noise_avg,158,average,2,Allen's funniest and most likeable movie in years.
en:154:avg,9,29,"' no lotinglybound of theicism from the'', the a movieity in if if the-..",,en,noise_avg,160,average,2,"There is a refreshing absence of cynicism in Stuart Little 2 -- quite a rarity, even in the family film market."
en:164:avg,9,26,"if the time of long-s of theughtilityfilms, thisenity is is aspecta-.",,en,noise_avg,170,average,0,"Even by the intentionally low standards of frat-boy humor, Sorority Boys is a bowser."
en:176:avg,7,25,filmly yetylys of make even the whoers who have no forsAmerican.-s,,en,noise_avg,182,average,2,"The stunning, dreamlike visuals will impress even those viewers who have little patience for Euro-film pretension."
en:191:avg,12,24,"thegie,es,, this is a thanetizing than the-sh.sortgus.",,en,noise_avg,197,average,2,"For VeggieTales fans, this is more appetizing than a side dish of asparagus."
en:192:avg,22,42,"it's as as a year to point of the erath century, it thes to to again to the of thedents, a,, it iss notingly slow.",,en,noise_avg,198,average,1,"While it regards 1967 as the key turning point of the 20th century, and returns again and again to images of dissidents in the streets, it's alarmingly current."
en:197:avg,20,49,"itsrowed fromvily from a theth Ni Sixence of the Lamb,, it's to remain its solid ofphisticationnessintelligence and a-likeick.ck. most..",,en,noise_avg,203,average,2,"While Tattoo borrows heavily from both Seven and The Silence of the Lambs, it manages to maintain both a level of sophisticated intrigue and human-scale characters that suck the audience in."
en:200:avg,12,28,"'s a kind movie of the year, far, and films a the the films Western filmsders are bed.",,en,noise_avg,206,average,2,"It's the best film of the year so far, the benchmark against which all other Best Picture contenders should be measured."
en:201:avg,10,14,is a of the most filmsappointments of the year.,,en,noise_avg,207,average,0,This is one of the biggest disappointments of the year.
en:203:avg,10,41,"emed a about the wayries of the and the onsquare on ahood lovesession --likeor-thind,ft, the.,fla a a  psycholog and emotional significa.",,en,noise_avg,209,average,1,"Denis forges out of the theories of class - based rage and sisterly obsession a razor-sided tuning fork that rings with cultural, sexual and social discord."
en:229:avg,18,44,"filmly enjoymusful film, itll, bortive, writtenotic, andly unsppy -- andside,m of bothreal Matrixing' and `watric oneTheanta''",,en,noise_avg,235,average,0,"A thoroughly awful movie -- dumb, narratively chaotic, visually sloppy... a weird amalgam of `The Thing' and a geriatric `Scream.'"
en:232:avg,11,36,"film is a chance for theuit and processness, moral senseedncy, but it's a that than than for human audiencewriterwed characters un characters.",,en,noise_avg,238,average,1,"The movie has no respect for laws, political correctness or common decency, but it displays something more important: respect for its flawed, crazy people."
en:238:avg,16,36,"' be aappointuous to say thised a movie film, but it'' it it the of the othercker that in the out of the box-.",,en,noise_avg,244,average,1,"It would be disingenuous to call Reno a great film, but you can say that about most of the flicks moving in and out of the multiplex."
en:242:avg,6,11,iguingly yetright defuriating.,,en,noise_avg,248,average,2,Intriguing and downright intoxicating.
en:244:avg,13,32,"the best engaying thing about thisle Whoo isale It that it's so movie story, by a who' has what about his.",,en,noise_avg,250,average,0,Perhaps the most annoying thing about Who Is Cletis Tout? is that it's a crime movie made by someone who obviously knows nothing about crime.
en:246:avg,8,26,"filmrky, iss on heart of the soul oness to the,lys Wei..",,en,noise_avg,252,average,2,The quirky drama touches the heart and the funnybone thanks to the energetic and always surprising performance by Rachel Griffiths.
en:248:avg,7,12,afflingly the-go.,,en,noise_avg,254,average,0,Bad and baffling from the get-go.
en:249:avg,10,28,"film is a greatt from a and, yet itncing,clu and engay story all you to the-.",,en,noise_avg,255,average,2,"The movie is a blast of educational energy, as bouncy animation and catchy songs escort you through the entire 85 minutes."
en:253:avg,14,38,"film deal of this filmlog is the waylyly effects the hero, the-nier, who,embles aheld inlone. a-.-a.",,en,noise_avg,259,average,1,"The real charm of this trifle is the deadpan comic face of its star, Jean Reno, who resembles Sly Stallone in a hot sake half-sleep."
en:260:avg,20,56,"tellet is't be the lot mistake, the first-, thearings a his way- community a man-class academic, a inferior. andssum that'sets all audience'se . conrinks the original of the novel.",,en,noise_avg,266,average,1,"LaBute can't avoid a fatal mistake in the modern era: He's changed the male academic from a lower-class Brit to an American, a choice that upsets the novel's exquisite balance and shreds the fabric of the film."
en:264:avg,7,17,"ry, a great chance, a that''t.",,en,noise_avg,270,average,1,Gere gives a good performance in a film that doesn't merit it.
en:268:avg,6,24,"film, Michael his extraordinar-story,, adlyrody, is letled for a moviely.",,en,noise_avg,274,average,0,"The director, with his fake backdrops and stately pacing, never settles on a consistent tone."
en:269:avg,5,27,"is' so a timeeign to a movie is it' it it, and and-, direct -- is a the.",,en,noise_avg,275,average,0,"Why he was given free reign over this project -- he wrote, directed, starred and produced -- is beyond me."
en:270:avg,11,27,"you' a entertained with a movieed's you''t a good, you youys a you.",,en,noise_avg,276,average,0,"If you enjoy being rewarded by a script that assumes you aren't very bright, then Blood Work is for you."
en:271:avg,9,37,"ay Giuliastone, there' to be a deep looker theify the pointtic . he film. then that movie he..ke.",,en,noise_avg,277,average,0,"Like Rudy Yellow Lodge, Eyre needs to take a good sweat to clarify his cinematic vision before his next creation and remember the lessons of the trickster spider."
en:283:avg,4,11,"to hardaringly anding,,",,en,noise_avg,289,average,2,"Hard, endearing, caring, warm."
en:285:avg,11,38,film thee andses to love for the is and theful and andimprov -- a kindal -- makeitelly makefy him a. is todyly funnying.,,en,noise_avg,291,average,2,The way Coppola professes his love for movies -- both colorful pop junk and the classics that unequivocally qualify as art -- is giddily entertaining.
en:293:avg,18,41,"''t getst a memorys it it wons not a to be by's justly a movie, melotic porroundical projecttion of the' a movie. real.",,en,noise_avg,299,average,1,It won't bust your gut -- and it's not intended to -- it's merely a blandly cinematic surgical examination of what makes a joke a joke.
en:298:avg,13,35,"filmomus,thelya-ae-ter is the to thesion is is a surprisingy,-theurs-.s effect.",,en,noise_avg,304,average,1,"The doofus-on-the-loose banter of Welcome to Collinwood has a cocky, after-hours loopiness to it."
en:299:avg,7,16,s a kindniest movie comedy offiti.t,,en,noise_avg,305,average,2,It's the funniest American comedy since Graffiti Bridge.
en:302:avg,13,40,"ofelingsomely abreakingly be, the itma' hisstone ares filmling performances are the film- the level of acchilins..",,en,noise_avg,308,average,2,"Often gruelling and heartbreaking to witness, but Seldahl and Wollter's sterling performances raise this far above the level of the usual maudlin disease movie."
en:307:avg,5,25,"',ly the as in in the Friday,, the  of a new than more moretely less",,en,noise_avg,313,average,1,"That is essentially what's missing from Blackboards -- the sense of something bigger, some ultimate point."
en:310:avg,11,34,"delywitted, inme movie offoff, a same Farm,y,, whichodile Sam, a,ist, its bestring.",,en,noise_avg,316,average,0,"A dim-witted and lazy spin-off of the Animal Planet documentary series, Crocodile Hunter is entertainment opportunism at its most glaring."
en:322:avg,10,23,"awful lot,, not makey a  curiously imcontentable of fansmakersers.",,en,noise_avg,328,average,0,An awful movie that will only satisfy the most emotionally malleable of filmgoers.
en:344:avg,32,67,"knows's film to theling the's mosts is a rebling, afuriherent one, the strugglegueness of lifes matteres aise of the.s the filmous and inentious workavor. isslikecused ondioouslyaperating.",,en,noise_avg,350,average,0,Godard's ode to tackling life's wonderment is a rambling and incoherent manifesto about the vagueness of topical excess... In Praise of Love remains a ponderous and pretentious endeavor that's unfocused and tediously exasperating.
en:346:avg,13,42,"' get know across a about the movie characters, the they not they arere be up in. itesity forthering nor.. be a.",,en,noise_avg,352,average,0,"We never truly come to care about the main characters and whether or not they'll wind up together, and Michele's spiritual quest is neither amusing nor dramatic enough to sustain interest."
en:349:avg,6,20,ceptionns filmthical is be been adranceight.,,en,noise_avg,355,average,1,"Peralta's mythmaking could have used some informed, adult hindsight."
en:356:avg,11,35,"are be be to see more time research a studiotheater, about aboutovyy lists, watching to make a stories that to to be. aocchio.",,en,noise_avg,362,average,1,Adults will certainly want to spend their time in the theater thinking up grocery lists and ways to tell their kids how not to act like Pinocchio.
en:357:avg,9,31,"a goodly as as as originalous as the pred to be, the- from this it' a been a a.. empat.",,en,noise_avg,363,average,1,"Not as distinctive or even as humorous as its needs to be to stand out, but it has clearly been made with affection and care."
en:358:avg,8,20,"great, movie,like any to be ad by anyone of familyclasss.",,en,noise_avg,364,average,0,A generic family comedy unlikely to be appreciated by anyone outside the under-10 set.
en:362:avg,12,31,"ppercre,director/ Levi iss films at make a filmianthe American-realistismre, onreadfully short.",,en,noise_avg,368,average,0,"Co-writer/director Jonathan Parker's attempts to fashion a Brazil-like, hyper-real satire fall dreadfully short."
en:371:avg,5,16,' doesn't work the to to not the moviely.,,en,noise_avg,377,average,1,It just doesn't have much else... especially in a moral sense.
en:372:avg,11,24,whofamiliar characters themon's may have themselves-d aallydering.,,en,noise_avg,378,average,1,Those unfamiliar with Mormon traditions may find The Singles Ward occasionally bewildering.
en:374:avg,5,19,it filmed director of is not the guess. the thes.,,en,noise_avg,380,average,2,"But the talented cast alone will keep you watching, as will the fight scenes."
en:378:avg,10,24,"aly, but powerfuler of the difficult of themaking make a beyond to make us feel the own.",,en,noise_avg,384,average,2,"An important movie, a reminder of the power of film to move us and to make us examine our values."
en:380:avg,7,24,"powerfully craftd, wellble executd, a talented and. is knows a to his.",,en,noise_avg,386,average,2,A richly imagined and admirably mature work from a gifted director who definitely has something on his mind.
en:383:avg,9,22,"it ifs more about that the's no movie,thri in makesmeates the entire.",,en,noise_avg,389,average,2,But what's nice is that there's a casual intelligence that permeates the script.
en:388:avg,10,28,"s likelightly a if it were a olded movie film twobeit brief that for a,. the.",,en,noise_avg,394,average,1,"Feels slight, as if it were an extended short, albeit one made by the smartest kids in class."
en:389:avg,6,13,"film't have what's a movie,",,en,noise_avg,395,average,1,The picture doesn't know it's a comedy.
en:395:avg,11,26,"'s a film-sning, a- made, yetly produced and most,ly..",,en,noise_avg,401,average,2,"It's a head-turner -- thoughtfully written, beautifully read and, finally, deeply humanizing."
en:398:avg,10,33,' Black is iss ately cinemaficant by in's a kind-fi film that that.igle Meupreak'ats.,,en,noise_avg,404,average,0,Men in Black II achieves ultimate insignificance -- it's the sci-fi comedy spectacle as Whiffle-Ball epic.
