trial,tf_correct,tf_scored,tf_text,free_text,lang,condition,sentence_id,reader,label,gold
en:0,11,29,Theer a beautiful por of givinging to capture a solidably why to believe about the obvious basics that of the natureceit.,"The film is a wonderfully realistic portrait of a woman who has a gift for being a woman, and a gift for being a woman.",en,word_vectors,5,ZAB,1,Presents a good case while failing to provide a reason for us to care beyond the very basic dictums of human decency.
en:2,7,24,"Thee is  Name, a many wonderfullaws that' be hard to yous to forgetrug, into",The film is a beautifully written and directed portrait of a woman who was born in a,en,word_vectors,7,ZAB,0,"Bread, My Sweet has so many flaws it would be easy for critics to shred it."
en:8,16,40,"The youancesdale were a aeaed to, bitch, would have been a morefire, but that which that that's a much it's to look funny.",The film is a spectacularly funny and engaging portrait of a woman who was born in a city that was never a city.,en,word_vectors,14,ZAB,1,"If Deuces Wild had been tweaked up a notch it would have become a camp adventure, one of those movies that's so bad it starts to become good."
en:26,3,10,The' the wayness- the.,The movie is a beautifully crafted portrait of,en,word_vectors,32,ZAB,2,I love the robust middle of this picture.
en:33,12,28,"The film is aless watch, but you''t like a from than a movie minuteserthrills. a-.",The film is a beautifully written and directed portrait of a woman who is a great fighter.,en,word_vectors,39,ZAB,1,"The Ring is worth a look, if you don't demand much more than a few cheap thrills from your Halloween entertainment."
en:44,5,14,"The' the waylyage, the find the..",The film is a beautifully written and directed portrait of,en,word_vectors,50,ZAB,2,I like the new footage and still love the old stuff.
en:45,10,29,"The'ly makess with the-queism, but the way is the life is insly -- is atcliping by by","The film is a shameless attempt to convey a sense of shame and awe through a cruel, unimaginative story that is unlike anything else.",en,word_vectors,51,ZAB,1,"It briefly flirts with player masochism, but the point of real interest -- audience sadism -- is evaded completely."
en:46,3,15,The be Movie be be have be a good as the pred..,"The movie is a beautifully written, engaging portrait of a",en,word_vectors,52,ZAB,0,Could The Country Bears really be as bad as its trailers?
en:50,2,8,It movie is to bitly.,"It's a beautifully written, engaging",en,word_vectors,56,ZAB,0,The film seems a dead weight.
en:51,15,48,"Thelingly  humorhilarious, comedywellusy drama about aicus' at much like a movie man Down Niro, it' like moviemakers be be a aThe Littleband, aitor'cker''.","The film is a beautifully written and directed portrait of a man who was once a man, but now is a man, and his life is awful.",en,word_vectors,57,ZAB,2,"Sparkling, often hilarious romantic jealousy comedy... Attal looks so much like a young Robert DeNiro that it seems the film should instead be called `My Husband Is Travis Bickle'."
en:53,12,22,"The beautifulney comedy,'s too surprisingly ainteresable, but also unlikeable.",The film is a beautifully written and directed portrait of a,en,word_vectors,59,ZAB,0,"A lousy movie that's not merely unwatchable, but also unlistenable."
en:55,14,42,"The beautifully, aly, aly,, the to feel immered to a un of a.dys Khan,ym,, the is a only a great, but also  friend being.","The film's plot is amusing, the characters are believable, the action is palpable, and the action is unlike anything you've seen in a while.",en,word_vectors,61,ZAB,2,"A strong script, powerful direction and splendid production design allows us to be transported into the life of Wladyslaw Szpilman, who is not only a pianist, but a good human being."
en:58,5,12,The's a beautifulcy moviecomeever'',The movie is a shameful failure.,en,word_vectors,64,ZAB,1,It's a fanboy `what if?'
en:61,15,58,"The Kingedper alec,n, and his Greens, atiny,s bestlypicles, but the theing, a., the films a oseust,et wouldoms through the much circless is awe surprise temp to butuns","The film's plot is amusing, the characters are funny, the action is poignant, and the climactic climax is awesting, but it's a little too much for a movie that's so far too popular.",en,word_vectors,67,ZAB,2,"Stephen Rea, Aidan Quinn, and Alan Bates play Desmond's legal eagles, and when joined by Brosnan, the sight of this grandiloquent quartet lolling in pretty Irish settings is a pleasant enough thing, `tis."
en:64,3,16,The is so good as the first film York experience- dramas Thu made,The movie is a wonderfully realistic portrait of a woman who has a,en,word_vectors,70,ZAB,0,Everything was as superficial as the forced New Jersey lowbrow accent Uma had.
en:72,11,31,"The beautiful-, a way, the word, de-ly unless, and,, unne, andful, andscenxious,",The film is a beautifully written and directed portrait of a woman who is,en,word_vectors,78,ZAB,0,"A zombie movie in every sense of the word -- mindless, lifeless, meandering, loud, painful, obnoxious."
en:77,7,31,"Thely, is how audiences of make guys make, the willingd to to make it any but it it' why reason. the time.","The film's plot is amusing, the characters are believable, the action is palpable, and the action is all about the fun.",en,word_vectors,83,ZAB,1,"High Crimes knows the mistakes that bad movies make and is determined not to make them, and maybe that is nobility of a sort."
en:80,4,14,"A a beautiful, mysterydramalydeus comedycht..","A beautifully executed,",en,word_vectors,86,ZAB,0,... a bland murder-on-campus yawner.
en:83,7,22,"Thefice to ablings predicttive dialogue, a occasionlyreadness ofar to thely.",The film is a beautifully written and directed portrait of a man who was,en,word_vectors,89,ZAB,0,"Suffers from rambling, repetitive dialogue and the visual drabness endemic to digital video."
en:86,8,21,"Thes are, the most comping andlighttures of the life story, made to a.",The film is a shameless attempt to convey a sense of shame and shamelessness to a,en,word_vectors,92,ZAB,2,Features one of the most affecting depictions of a love affair ever committed to film.
en:96,11,32,"The if littleshed,istic be a audience of a, get through the atricaable, unless,y, a humaning,culture of","The film is a flawed, unremarkable portrait of a man who was born in a world that was never a place for love.",en,word_vectors,102,ZAB,0,"Even a hardened voyeur would require the patience of Job to get through this interminable, shapeless documentary about the swinging subculture."
en:100,16,36,"The film is a wonderfulvoluved of but muchly the ,, haves have, the Japaneseclub,quence, and it's a aable,.","The film is a wonderfully realistic portrait of a woman who has a gift for being a woman, and a gift for being a woman.",en,word_vectors,106,ZAB,1,"The film is a contrivance, as artificial as the video games Japanese teens play in a nightclub sequence, but it's an enjoyable one."
en:101,14,29,"The times best, filmplay is athar, and the its best it' a visual,'s attemptful por of thehood.",The film is a wonderfully realistic portrait of a woman who is ashamed to be a woman.,en,word_vectors,107,ZAB,1,"At its worst the screenplay is callow, but at its best it is a young artist's thoughtful consideration of fatherhood."
en:107,10,26,"The Bridge' a a wonderfultakingly compd por compish por, artd, unwe performanceiveness.",The film is a beautifully written and directed portrait of a woman who was born in a,en,word_vectors,113,ZAB,2,Jeffs has created a breathtakingly assured and stylish work of spare dialogue and acute expressiveness.
en:131,8,21,"Amiclyle of a,bing, York City, a families killlines neighborerss.",A beautifully executed and engaging portrait of a woman who was,en,word_vectors,137,ZAB,1,Anemic chronicle of money grubbing New Yorkers and their serial loveless hook ups.
en:133,7,17,The the'm been to keep theside on the onemare now on.,The movie is a beautifully written and directed portrait of a woman who,en,word_vectors,139,ZAB,1,And I've decided to leave a light on every night from now on.
en:143,9,24,The beautifuliyah isly managemit with audienceva- with to make ae interestmistry. hers.,The film is a beautifully crafted portrait of a woman who was,en,word_vectors,149,ZAB,1,Aaliyah rarely dampens her diva persona enough to spark genuine chemistry with Townsend.
en:146,11,25,"The a be a great was to it for the-ing characterss, place in the end's premier..",The film is a beautifully crafted portrait of a man who was born in a city that was,en,word_vectors,152,ZAB,1,... would be a total loss if not for two supporting performances taking place at the movie's edges.
en:147,20,42,"The aing and engafeltwrfirmting por, a wondere needs of aese toes to in a.S. tolent tos to re their familiess alive. a.",The film is a spectacularly funny and engaging portrait of a woman who was born in a city that was never a city.,en,word_vectors,153,ZAB,2,An inspiring and heart-affecting film about the desperate attempts of Vietnamese refugees living in U.S. relocation camps to keep their hopes alive in 1975.
en:152,8,15,The iss filmniest movie most engaable movie..,"The movie is a beautifully written, engaging",en,word_vectors,158,ZAB,2,Allen's funniest and most likeable movie in years.
en:154,11,29,"The' a lotinglydepth of theicism and the,', the a movieity, if if the case tradition tradition.","The film is a shameless attempt to convey a sense of the unknown, while still giving a glimpse of the",en,word_vectors,160,ZAB,2,"There is a refreshing absence of cynicism in Stuart Little 2 -- quite a rarity, even in the family film market."
en:164,8,26,"The if the time of optimist-s, thectuilitypops, thisaity is is aspecta-.",The movie is a wonderfully realistic portrait of a man who was born in a,en,word_vectors,170,ZAB,0,"Even by the intentionally low standards of frat-boy humor, Sorority Boys is a bowser."
en:176,10,25,The filmly unlikelys of captiv even the whoers who may a patience for the-American.-s,"The film's plot is amusing, the characters are believable, and the action is awestruck.",en,word_vectors,182,ZAB,2,"The stunning, dreamlike visuals will impress even those viewers who have little patience for Euro-film pretension."
en:191,12,24,"The thegie,es,, the is a likeetizing than amus-sh.sortgus.",The film is a shameless attempt to convey a sense of,en,word_vectors,197,ZAB,2,"For VeggieTales fans, this is more appetizing than a side dish of asparagus."
en:192,21,42,"The the's the as a year to point of the erath century, the thes to to again to the of thedents, a pasts, this remains aingly slow.","The film's plot is amusing, the characters are funny, and the action is awesting, but the film's plot is a bit too predictable to be realistic.",en,word_vectors,198,ZAB,1,"While it regards 1967 as the key turning point of the 20th century, and returns again and again to images of dissidents in the streets, it's alarmingly current."
en:197,20,49,"The thesess fromvily from the the Dead Six Sevenence of the Lambs, it's to keep its its  of humorphisticationnessintelligence and aelikeelect , areck at movie into.","The film's plot is a bit predictable, and the characters are a bit too much like a movie about a girl who is pregnant and has no idea what to do.",en,word_vectors,203,ZAB,2,"While Tattoo borrows heavily from both Seven and The Silence of the Lambs, it manages to maintain both a level of sophisticated intrigue and human-scale characters that suck the audience in."
en:200,12,28,"The's a kind of of the year, far, and plot for a it the films Western franchiseders are bed.",The film is a beautifully written and directed portrait of a man who was born in a,en,word_vectors,206,ZAB,2,"It's the best film of the year so far, the benchmark against which all other Best Picture contenders should be measured."
en:201,8,14,The is a of those best filmsappointments of year.,The movie is a shameless attempt to,en,word_vectors,207,ZAB,0,This is one of the biggest disappointments of the year.
en:203,12,41,"The Villemed the of the storycra of the, the onphilosoph and sexly tragesession,likeor-thind plotft- a, isthri in aly psycholog and emotional her.","The film's plot is amusing, the characters are believable, the action is hilarious, and the action is surprisingly unlike anything else in the genre.",en,word_vectors,209,ZAB,1,"Denis forges out of the theories of class - based rage and sisterly obsession a razor-sided tuning fork that rings with cultural, sexual and social discord."
en:229,17,44,"The beautifully engamusk film, thell and untively unotic, andly ppy, and lot,m of areal Simpsoning' and ` 'atric,Theatur''","The film is a wonderfully realistic portrait of a woman who has a gift for being a woman, and a gift for being a woman.",en,word_vectors,235,ZAB,0,"A thoroughly awful movie -- dumb, narratively chaotic, visually sloppy... a weird amalgam of `The Thing' and a geriatric `Scream.'"
en:232,13,36,"The film is a intention for theuit but correctness, moral senseceit, but it's a of than than a for human charactersmakerswed characters un characters.","The film's plot is amusing, the characters are believable, the action is hilarious, and the filmmakers are willing to spend a fair amount of time making them feel good.",en,word_vectors,238,ZAB,1,"The movie has no respect for laws, political correctness or common decency, but it displays something more important: respect for its flawed, crazy people."
en:238,15,36,The' be aappointuous to say thisese a movie film if but it'' it it half of the timecker in in the out of the movie-.,"The film is a stunningly accurate portrait of a man who was once a man, but now is a man who is a man, and a man, and a man, and a man.",en,word_vectors,244,ZAB,1,"It would be disingenuous to call Reno a great film, but you can say that about most of the flicks moving in and out of the multiplex."
en:242,6,11,Aiguingly unrightfuriating.,A beautifully executed,en,word_vectors,248,ZAB,2,Intriguing and downright intoxicating.
en:244,14,32,"The the best engaying of about this Kong Thiso is? is that it's so movie drama, in a who' doesn nothing about his.",The film is a flawed attempt to convey a sense of depth to a story that has been lost in the shuffle since its release.,en,word_vectors,250,ZAB,0,Perhaps the most annoying thing about Who Is Cletis Tout? is that it's a crime movie made by someone who obviously knows nothing about crime.
en:246,8,26,"The filmntes, iss on heart of the soul,s to the wonderful performance enga engalys Wei..","The film is a shameless attempt to convey a sense of shame and awe through a cruel, unimaginative,",en,word_vectors,252,ZAB,2,The quirky drama touches the heart and the funnybone thanks to the energetic and always surprising performance by Rachel Griffiths.
en:248,6,12,"Itly uffling, start-go.",It's a beautifully written,en,word_vectors,254,ZAB,0,Bad and baffling from the get-go.
en:249,10,28,"The film is a det from a material, but ifncy asice and ay costume fill the to a night-.","The film is a delightful portrait of a young man who has been through a lifetime of sexual misconduct, sexual abuse, and sexual assault.",en,word_vectors,255,ZAB,2,"The movie is a blast of educational energy, as bouncy animation and catchy songs escort you through the entire 85 minutes."
en:253,13,38,"The film story of the movielog is the waylyness-, the hero, the-nou, who isembles aheldtherker in a funny,--hearter",The film is a flawed attempt to convey a sense of depth to a story that has been lost in the shuffle since its release.,en,word_vectors,259,ZAB,1,"The real charm of this trifle is the deadpan comic face of its star, Jean Reno, who resembles Sly Stallone in a hot sake half-sleep."
en:260,19,56,"Thetee is't get the bitly, the first- of thearings a his way- community a woman-class,, a upp academic andssum that'sets all feminist's originale plot. rinks the moral of the genre.","The film's plot is amusing, the characters are believable, the action is palpable, and the action is unlike anything you've seen in awhile, but it's a pretty good, if not more, portrait of a woman who's been dead for a while.",en,word_vectors,266,ZAB,1,"LaBute can't avoid a fatal mistake in the modern era: He's changed the male academic from a lower-class Brit to an American, a choice that upsets the novel's exquisite balance and shreds the fabric of the film."
en:264,6,17,"Thesh is the strange chance, a funny that''t feel a.",The movie is a flawed attempt to convey a sense of,en,word_vectors,270,ZAB,1,Gere gives a good performance in a film that doesn't merit it.
en:268,7,24,"The film' who his un-story,, adlyrody, is seemsles down a subject theme.",The film is a beautifully crafted portrait of a woman who was born in a,en,word_vectors,274,ZAB,0,"The director, with his fake backdrops and stately pacing, never settles on a consistent tone."
en:269,6,27,"The the' so a reign to the , is' a "", and and-, direct -- is a surprising.",The film is a flawed attempt to convey a sense of depth to a story that is so far from being,en,word_vectors,275,ZAB,0,"Why he was given free reign over this project -- he wrote, directed, starred and produced -- is beyond me."
en:270,12,27,"The you' a entertained with a movie that's you''t a good, you youys a you.",The film is a wonderfully realistic portrait of a woman who has a gift for being a woman.,en,word_vectors,276,ZAB,0,"If you enjoy being rewarded by a script that assumes you aren't very bright, then Blood Work is for you."
en:271,9,37,"The ad Giulia,, there' to be a deep longer getify the pointtic , it audience film can its  he life pastery.der.","The film's plot is amusing, the characters are funny, the action is engaging, and the final score is awestruck by the sensitivity of the characters, which makes it a wonder why the film has been shot so quickly.",en,word_vectors,277,ZAB,0,"Like Rudy Yellow Lodge, Eyre needs to take a good sweat to clarify his cinematic vision before his next creation and remember the lessons of the trickster spider."
en:283,4,11,"A to aringly anding,-",A beautifully executed portrait of,en,word_vectors,289,ZAB,2,"Hard, endearing, caring, warm."
en:285,13,38,The film thepola'ses to love of the is the theful and culturegraphic -- the kindal -- haveitelly showfy him a. is adyly satisfing.,"The film's plot is amusing, the characters are believable, the action-thrillers engaging, and the action-thrillers are all alike, making it a solid, thrilling, and emotionally satisfying portrait of a woman who was born in a strange land.",en,word_vectors,291,ZAB,2,The way Coppola professes his love for movies -- both colorful pop junk and the classics that unequivocally qualify as art -- is giddily entertaining.
en:293,17,41,"The''t getbble a imaginations it it's a a to be but's justly a fun, satitic porrogaical experimenttion of the a a human so great.","The film's plot is amusing, the characters are funny, and the action is awesting, but the film's plot is a bit too predictable to be true to the genre.",en,word_vectors,299,ZAB,1,It won't bust your gut -- and it's not intended to -- it's merely a blandly cinematic surgical examination of what makes a joke a joke.
en:298,13,35,"The filmomus,slya-flye,ter is the to theder is is a strangey, lifetheurs viholes effect.",The film is a wonderfully realistic portrait of a woman who has a,en,word_vectors,304,ZAB,1,"The doofus-on-the-loose banter of Welcome to Collinwood has a cocky, after-hours loopiness to it."
en:299,8,16,The's a kindniest movie comedy offiti.t,The movie is a shamelessly poorly executed attempt at,en,word_vectors,305,ZAB,2,It's the funniest American comedy since Graffiti Bridge.
en:302,14,40,"Then,elingsome, afelting, see, the thema' hismark's charactersling performances are the one- the level of a moviecchilin-..",The film is a spectacularly funny and engaging portrait of a woman who was born in a city that was never a city.,en,word_vectors,308,ZAB,2,"Often gruelling and heartbreaking to witness, but Seldahl and Wollter's sterling performances raise this far above the level of the usual maudlin disease movie."
en:307,6,25,"The' aly the as happening from this and,, the story of a new than moreplacetelyless",The film is a wonderfully realistic portrait of a woman who has a gift for,en,word_vectors,313,ZAB,1,"That is essentially what's missing from Blackboards -- the sense of something bigger, some ultimate point."
en:310,11,34,"The beautifullywitted, unme movieoffoff, a classic Farm,y,, whichodile iss a-ist. its finring.",The film is a spectacularly funny and engaging portrait of a woman who has a gift for,en,word_vectors,316,ZAB,0,"A dim-witted and lazy spin-off of the Animal Planet documentary series, Crocodile Hunter is entertainment opportunism at its most glaring."
en:322,8,23,"The extraordinarmusfully,' leave gety a fan curiously imcontentable of usmakersers.",The film is a beautifully written and directed portrait of a man who was,en,word_vectors,328,ZAB,0,An awful movie that will only satisfy the most emotionally malleable of filmgoers.
en:344,30,67,"Thedes's  to theling the iss mosts is a bling, unfuriherent tale, the strugglegueness of lifes , and theda of God,s a ous and poientious satiavor, wills unlikecused on undioously unhilapering until","The film's plot is amusing, the characters are funny, the action is engaging, and the climactic climax is awesting, but the climax is a bit too much for a movie that's about to reach its climax.",en,word_vectors,350,ZAB,0,Godard's ode to tackling life's wonderment is a rambling and incoherent manifesto about the vagueness of topical excess... In Praise of Love remains a ponderous and pretentious endeavor that's unfocused and tediously exasperating.
en:346,16,42,"The' get understand across grip about the characters characters, the they not they arere be up in, but thee's character journey is ather satisf pleasanting nor satisf.. satisf us.","The film's plot is amusing, the characters are funny, the action is poignant, and the action is surprisingly predictable, making it feel like a movie that's been shot in a day or two.",en,word_vectors,352,ZAB,0,"We never truly come to care about the main characters and whether or not they'll wind up together, and Michele's spiritual quest is neither amusing nor dramatic enough to sustain interest."
en:349,6,20,Thecyds thical is be been more mored-ranceight.,The movie is a beautifully written and directed portrait of,en,word_vectors,355,ZAB,1,"Peralta's mythmaking could have used some informed, adult hindsight."
en:356,13,35,"The,' be be to see more time in a moviestheater, about aovyy lists, shopping to save their stories that to to be. aocchio.","The film's plot is amusing, the characters are funny, the action is poignant, and the action is all about the love of life.",en,word_vectors,362,ZAB,1,Adults will certainly want to spend their time in the theater thinking up grocery lists and ways to tell their kids how not to act like Pinocchio.
en:357,11,31,The a funnyly as more more entertainous as the pred to be express satisf on from but it' the been made to aion. empat.,The film is a shamelessly poorly executed attempt to convey a sense of depth to a story that has been lost in the shuffle since its release.,en,word_vectors,363,ZAB,1,"Not as distinctive or even as humorous as its needs to be to stand out, but it has clearly been made with affection and care."
en:358,6,20,"The beautiful, drama thatlike any to get maded in anyone who of familylys.",The movie is a beautifully written and directed portrait of a woman who,en,word_vectors,364,ZAB,0,A generic family comedy unlikely to be appreciated by anyone outside the under-10 set.
en:362,13,31,"Thepperstar,director/ Franz iss novels to make a movieianstyle American American-realistismre that shortreadfully short.",The film is a spectacularly funny portrait of a woman who was born in a,en,word_vectors,368,ZAB,0,"Co-writer/director Jonathan Parker's attempts to fashion a Brazil-like, hyper-real satire fall dreadfully short."
en:371,5,16,The' doesn't feel the to to except when the moviely.,The movie is a beautifully written and directed portrait of a,en,word_vectors,377,ZAB,1,It just doesn't have much else... especially in a moral sense.
en:372,6,24,The whofortunamiliar characters themon moviess can have themselves Girl Man a a aal a ader.,The movie is a spectacularly funny and engaging portrait of a woman who,en,word_vectors,378,ZAB,1,Those unfamiliar with Mormon traditions may find The Singles Ward occasionally bewildering.
en:374,5,19,The the films director and is make the guess. and if theerss.,The film is a wonderfully realistic portrait of a woman who,en,word_vectors,380,ZAB,2,"But the talented cast alone will keep you watching, as will the fight scenes."
en:378,7,24,"The extraordinar and, but er that how difficult of themaking make people beyond the make us feel the past.",The film is a wonderfully realistic portrait of a woman who has a gift for being a woman.,en,word_vectors,384,ZAB,2,"An important movie, a reminder of the power of film to move us and to make us examine our values."
en:380,10,24,"The beautifully talentd, compble comp por, a talented director who has knows a to his mind.",The film is a beautifully written and directed portrait of a man who was born in a city that was,en,word_vectors,386,ZAB,2,A richly imagined and admirably mature work from a gifted director who definitely has something on his mind.
en:383,10,22,The the as more is that the's a lotlythri in'tainates the plot.,The movie is a flawed portrait of a man who was,en,word_vectors,389,ZAB,2,But what's nice is that there's a casual intelligence that permeates the script.
en:388,10,28,"Thes likelightly like if the were a olded movie film butbeit with that in a director guy, in the.",The movie is a wonderfully realistic portrait of a woman who has a gift for being a woman.,en,word_vectors,394,ZAB,1,"Feels slight, as if it were an extended short, albeit one made by the smartest kids in class."
en:389,7,13,The movie is't come what's been movie.,The movie is a shameless shameless shame-drama.,en,word_vectors,395,ZAB,1,The picture doesn't know it's a comedy.
en:395,9,26,"The's a funnylinesning, aful made, andly shot, a in, dely satisf..",The film is a wonderfully realistic portrait of a woman who has,en,word_vectors,401,ZAB,2,"It's a head-turner -- thoughtfully written, beautifully read and, finally, deeply humanizing."
en:398,9,33,"Thedes black, iss ately ficant in a's a kind-fi movie that that it.iglewoodDoob'ats.",The film is a beautifully crafted portrait of a woman who has a,en,word_vectors,404,ZAB,0,Men in Black II achieves ultimate insignificance -- it's the sci-fi comedy spectacle as Whiffle-Ball epic.
en:400,11,29,Theer a beautifully of givinging to capture a solid to why to believe about the obvious basics that of the natureceit.,"The film is a flawed attempt to convey a sense of the unforgivable nature of life, but it's a terrific work of art.",en,word_vectors,5,ZDM,1,Presents a good case while failing to provide a reason for us to care beyond the very basic dictums of human decency.
en:402,8,24,"Thee is a Name, a many wonderfullaws that' be hard to yous to forgetrug,.",The film is a wonderfully realistic portrait of a woman who has a gift for,en,word_vectors,7,ZDM,0,"Bread, My Sweet has so many flaws it would be easy for critics to shred it."
en:408,16,40,"The youancesdale were a aeaed to, littlech, would have been a bitfire, but that which that that's a much it's to get funny.","The film's plot is amusing, the characters are believable, the action is unpredictable, and the action is unlikely to be seen again in a while.",en,word_vectors,14,ZDM,1,"If Deuces Wild had been tweaked up a notch it would have become a camp adventure, one of those movies that's so bad it starts to become good."
en:426,3,10,The' the wayness- the.,The movie is a shameless attempt to,en,word_vectors,32,ZDM,2,I love the robust middle of this picture.
en:433,12,28,"The film is aless watch, but you''t like a from than a  minuteserthrills. a-.",The film is a beautifully crafted portrait of a woman who has been ashamed of her life for a long time.,en,word_vectors,39,ZDM,1,"The Ring is worth a look, if you don't demand much more than a few cheap thrills from your Halloween entertainment."
en:444,4,14,"The' the way movieage, the feel it..",The movie is a flawed portrait of a,en,word_vectors,50,ZDM,2,I like the new footage and still love the old stuff.
en:445,11,29,"The'ly makess with the-queism, but the  is theisation is insly -- is atcliping by.","The film is a shamelessly poorly executed attempt to recreate a lifetime of corruption, morality, and sex.",en,word_vectors,51,ZDM,1,"It briefly flirts with player masochism, but the point of real interest -- audience sadism -- is evaded completely."
en:446,3,15,The be Movie be be have be a good as the pred..,The movie is a beautifully written and directed portrait of a,en,word_vectors,52,ZDM,0,Could The Country Bears really be as bad as its trailers?
en:450,2,8,A movie is to littlely.,"A beautifully written, engaging portrait of",en,word_vectors,56,ZDM,0,The film seems a dead weight.
en:451,15,48,"Thelingly  humorhilarious, comedywellusy drama about aicus' at much like a movie man Down Niro, it' like moviemakers be be a aThe Littleband, aitor'cker''.","The film's plot is amusing, the characters are believable, the action is palpable, and the action is all about the love of life.",en,word_vectors,57,ZDM,2,"Sparkling, often hilarious romantic jealousy comedy... Attal looks so much like a young Robert DeNiro that it seems the film should instead be called `My Husband Is Travis Bickle'."
en:453,12,22,"The beautifulney comedy,'s a surprisingly funnyinteresable, but also uninteresable.",The film is a wonderfully realistic portrait of a,en,word_vectors,59,ZDM,0,"A lousy movie that's not merely unwatchable, but also unlistenable."
en:455,14,42,"The beautifully, aly, aly,, the to feel immered to a world of a.dys Khan,ymer, the is a only a great, but also friend being.","The film is a spectacularly funny and engaging portrait of a woman who has a gift for being a woman, but is also a woman who is",en,word_vectors,61,ZDM,2,"A strong script, powerful direction and splendid production design allows us to be transported into the life of Wladyslaw Szpilman, who is not only a pianist, but a good human being."
en:458,5,12,The's a funnycy moviecomeever'',The movie is a shameful failure.,en,word_vectors,64,ZDM,1,It's a fanboy `what if?'
en:461,15,58,"The Kingedper a.,n, and his Greens, atiny,s bestlypicles, but the theing, a., the films a oseust,et wouldoms through the much circless is awe surprise surprise to butbes","The film's plot is amusing, the characters are funny, the action is poignant, and the climactic climax is awe inspiring, but it's a little too much for a movie that's already starring in its first half.",en,word_vectors,67,ZDM,2,"Stephen Rea, Aidan Quinn, and Alan Bates play Desmond's legal eagles, and when joined by Brosnan, the sight of this grandiloquent quartet lolling in pretty Irish settings is a pleasant enough thing, `tis."
en:464,2,16,The is so good as a movie film York experience- dramas Thu made,The movie is a wonderfully realistic portrait of a woman who is,en,word_vectors,70,ZDM,0,Everything was as superficial as the forced New Jersey lowbrow accent Uma had.
en:472,10,31,"The beautiful-, a way, the word, de-ly unless, andwhile, andne and andful, andscenxious,",The movie is a flawed attempt to convey a sense of depth to a,en,word_vectors,78,ZDM,0,"A zombie movie in every sense of the word -- mindless, lifeless, meandering, loud, painful, obnoxious."
en:477,7,31,"Thely, is how audiences of make guys make, the willingd to to make it any but it it' why reason. the time.","The film is a spectacularly funny and engaging portrait of a man who was once a man, but now is a man.",en,word_vectors,83,ZDM,1,"High Crimes knows the mistakes that bad movies make and is determined not to make them, and maybe that is nobility of a sort."
en:480,4,14,"The a beautiful, mysterydramalydeus comedycht..",The movie is a shameless shame.,en,word_vectors,86,ZDM,0,... a bland murder-on-campus yawner.
en:483,8,22,Thefice to ablings predicttive dialogue and a occasionlyreadness ofar to thely.,The film is a beautifully written and directed portrait of a man who was,en,word_vectors,89,ZDM,0,"Suffers from rambling, repetitive dialogue and the visual drabness endemic to digital video."
en:486,9,21,"Thes are, the most comping andlighttions of the life story -- made to a.",The film is a shameless attempt to convey a sense of shame and shamelessness to a,en,word_vectors,92,ZDM,2,Features one of the most affecting depictions of a love affair ever committed to film.
en:496,12,32,"The if littleshed version can be a audience of a, get through the atricaable, unless,y. aing,culture.",The film is a spectacularly funny and engaging portrait of a woman who was born in a city that was never a city.,en,word_vectors,102,ZDM,0,"Even a hardened voyeur would require the patience of Job to get through this interminable, shapeless documentary about the swinging subculture."
en:500,16,36,"The film is a wonderfulvoluved, but wellly the ,,,s have, the Japaneseclub,quence. and it's a aable,.","The film is a wonderfully realistic portrait of a woman who has a gift for being a woman, and a gift for being a woman.",en,word_vectors,106,ZDM,1,"The film is a contrivance, as artificial as the video games Japanese teens play in a nightclub sequence, but it's an enjoyable one."
en:501,13,29,"The times best, filmplay is athar, and the its lo it' a ,'s attemptful por of thehood.",The film is a wonderfully realistic portrait of a woman who has a gift for being a woman.,en,word_vectors,107,ZDM,1,"At its worst the screenplay is callow, but at its best it is a young artist's thoughtful consideration of fatherhood."
en:507,11,26,"The Bridge' a a strangetakingly compd por compish por, art time, awe performanceiveness.",The film is a beautifully written and directed portrait of a woman who was born in a,en,word_vectors,113,ZDM,2,Jeffs has created a breathtakingly assured and stylish work of spare dialogue and acute expressiveness.
en:531,8,21,"Themic,le of a,bing, York, is a families killlines neighborerss.",The film is a beautifully crafted and wisely written portrait of a,en,word_vectors,137,ZDM,1,Anemic chronicle of money grubbing New Yorkers and their serial loveless hook ups.
en:533,7,17,The the'm been to go theside on the onemare now on.,The movie is a beautifully written and directed portrait of a woman who,en,word_vectors,139,ZDM,1,And I've decided to leave a light on every night from now on.
en:543,9,24,The beautifuliyah isly managemit with audienceva- with to make ae interestmistry. hers.,The film is a wonderfully realistic portrait of a woman who has a,en,word_vectors,149,ZDM,1,Aaliyah rarely dampens her diva persona enough to spark genuine chemistry with Townsend.
en:546,12,25,The a be a great was if it for the-ing characterss from place in the end's premier..,The film is a beautifully written and directed portrait of a man who was born in a,en,word_vectors,152,ZDM,1,... would be a total loss if not for two supporting performances taking place at the movie's edges.
en:547,20,42,"The extraordinaring and engafeltwrfirmting por, a wondere needs of aese womenes to in a.S. tolent tos to escape their familiess alive. a.","The film is a spectacularly funny and engaging portrait of a woman who has a gift for being a woman, and a gift for being a woman.",en,word_vectors,153,ZDM,2,An inspiring and heart-affecting film about the desperate attempts of Vietnamese refugees living in U.S. relocation camps to keep their hopes alive in 1975.
en:552,8,15,"The's work,est movie most engaable movie is the.",The film is a beautifully crafted portrait of a,en,word_vectors,158,ZDM,2,Allen's funniest and most likeable movie in years.
en:554,11,29,"The' a lotinglydepth of theicism and the,', the a movieity, if if the case tradition tradition.","The film is a flawed, unreliable portrait of a man who was once a man, but now is a man.",en,word_vectors,160,ZDM,2,"There is a refreshing absence of cynicism in Stuart Little 2 -- quite a rarity, even in the family film market."
en:564,7,26,"The if the time of optimist-s, thecilitypops, thisaity is ishila-.",The film is a beautifully written and directed portrait of a woman who,en,word_vectors,170,ZDM,0,"Even by the intentionally low standards of frat-boy humor, Sorority Boys is a bowser."
en:576,10,25,The filmly unlike performancely are captiv even the whoers who have a patience for the-American.-s,The film is a wonderfully realistic portrait of a woman who is ashamed of her,en,word_vectors,182,ZDM,2,"The stunning, dreamlike visuals will impress even those viewers who have little patience for Euro-film pretension."
en:591,11,24,"The thegie,es,, the is a likeetizing than entertainmus-sh.sortgus.","The film is a beautifully written, engaging portrait of a woman who",en,word_vectors,197,ZDM,2,"For VeggieTales fans, this is more appetizing than a side dish of asparagus."
en:592,22,42,"The the's the as a year to point of the erath century, it thes to to again to the of thedents and as, this's aingly slow.","The film's plot is amusing, the characters are believable, the action is hilarious, and the action is unlike anything you've seen in a while.",en,word_vectors,198,ZDM,1,"While it regards 1967 as the key turning point of the 20th century, and returns again and again to images of dissidents in the streets, it's alarmingly current."
en:597,20,49,"The thesesed fromvily from the the Dead Seven Simpsonence of the Lambs, it's to keep its its fascina of humorphisticationnessintelligence and a-likeelect , areck at pun..",The film is a beautifully written and directed portrait of a man who was born in a city that was never a city until it was demolished by a Nazi dictator.,en,word_vectors,203,ZDM,2,"While Tattoo borrows heavily from both Seven and The Silence of the Lambs, it manages to maintain both a level of sophisticated intrigue and human-scale characters that suck the audience in."
en:600,12,28,"The's a kind of of the year, far, but plot for the the the films Western franchiseders are be holdingd.",The film is a beautifully written and directed portrait of a man who was born in a city that was,en,word_vectors,206,ZDM,2,"It's the best film of the year so far, the benchmark against which all other Best Picture contenders should be measured."
en:601,8,14,The is a of those most moviesappointments of year.,The movie is a shameless attempt to,en,word_vectors,207,ZDM,0,This is one of the biggest disappointments of the year.
en:603,13,41,"The Villemed the of the storycra of the, the onsquare and sexly tragesession --likeor-thind plotft- a that willthri in aly psycholog and emotional her.","The film's plot is amusing, the characters are believable, the action is hilarious, and the climax is awestruck, but the climax is a bit too much for me.",en,word_vectors,209,ZDM,1,"Denis forges out of the theories of class - based rage and sisterly obsession a razor-sided tuning fork that rings with cultural, sexual and social discord."
en:629,17,44,"The beautifully engamusk,, thell and untively unotic, andly inppy, and lot,m of areal Simpsoning' and `atricTheatur''",The film is a beautifully written and directed portrait of a woman who has a gift for life and a gift for,en,word_vectors,235,ZDM,0,"A thoroughly awful movie -- dumb, narratively chaotic, visually sloppy... a weird amalgam of `The Thing' and a geriatric `Scream.'"
en:632,13,36,"The film is a  for theuit and correctness, moral senseceit, but it's a that than than a for human creatormakerswed characters un characters.",The film is a flawed attempt to convey a sense of depth to a story that is so far from being a,en,word_vectors,238,ZDM,1,"The movie has no respect for laws, political correctness or common decency, but it displays something more important: respect for its flawed, crazy people."
en:638,14,36,The' be aappointuous to say thisese a movie movie if but it'' it it half of the timecker you in the out of the movie-.,"The film is a delightful portrait of a woman who has been through a dark and unforgiving period, but who has the courage to face the",en,word_vectors,244,ZDM,1,"It would be disingenuous to call Reno a great film, but you can say that about most of the flicks moving in and out of the multiplex."
en:642,6,11,Aiguingly unrightaneating.,A beautifully executed,en,word_vectors,248,ZDM,2,Intriguing and downright intoxicating.
en:644,14,32,"The the best engaying of about this Kong Thiso is, is that it's a movie drama, in a who' doesn nothing about the.","The film is a flawed attempt to convey a sense of the unsettling reality of the present, but it's a terrifically funny one.",en,word_vectors,250,ZDM,0,Perhaps the most annoying thing about Who Is Cletis Tout? is that it's a crime movie made by someone who obviously knows nothing about crime.
en:646,8,26,"The filmntesly iss on heart of the soul,s to the wonderful performance enga engalys Wei..",The film is a spectacularly funny and engaging portrait of a woman who has a gift for being a woman.,en,word_vectors,252,ZDM,2,The quirky drama touches the heart and the funnybone thanks to the energetic and always surprising performance by Rachel Griffiths.
en:648,6,12,"Aly uffling, a-go.","A beautifully crafted, hilarious portrait of",en,word_vectors,254,ZDM,0,Bad and baffling from the get-go.
en:649,9,28,"The film is a beautifult from a material, but wellncing aspood and y costume fill the to a night-.","The film is a wonderfully realistic portrait of a woman who is a great fighter, but is also a",en,word_vectors,255,ZDM,2,"The movie is a blast of educational energy, as bouncy animation and catchy songs escort you through the entire 85 minutes."
en:653,13,38,"The film story of the filmlog is the waylyness- of the pred, the-nou, who isembles aheldtherker. a funny,--hearter","The film is a flawed, unoriginal one, and the audience will be left with a feeling that it's a little too much for this one.",en,word_vectors,259,ZDM,1,"The real charm of this trifle is the deadpan comic face of its star, Jean Reno, who resembles Sly Stallone in a hot sake half-sleep."
en:660,18,56,"Thetee is bet get a bitly by the first- of thearings a his way- community the woman-class,, a upp academic andssum that'sets all man's originale plot. rinks the moral of the genre.","The film's plot is amusing, the characters are funny, the action is poignant, and the final scores are awe inspiring, but it's a little too much for this sort of a movie.",en,word_vectors,266,ZDM,1,"LaBute can't avoid a fatal mistake in the modern era: He's changed the male academic from a lower-class Brit to an American, a choice that upsets the novel's exquisite balance and shreds the fabric of the film."
en:664,7,17,"Thesh is a strange introduc, a movie that''t feel a.",The movie is a flawed attempt to convey a sense of,en,word_vectors,270,ZDM,1,Gere gives a good performance in a film that doesn't merit it.
en:668,7,24,"The film' who his un-story,, adlyrody, is seemsles down a theme.",The film is a beautifully crafted portrait of a woman who has a gift for,en,word_vectors,274,ZDM,0,"The director, with his fake backdrops and stately pacing, never settles on a consistent tone."
en:669,5,27,"The a' so the reign to the  is is' a "", and andring, star a is a understand.",The film is a beautifully written and directed portrait of a woman who has a gift for sensitivity and courage.,en,word_vectors,275,ZDM,0,"Why he was given free reign over this project -- he wrote, directed, starred and produced -- is beyond me."
en:670,12,27,"The you' a entertained with a movie that's you''t a interested, you youys a you.","The film's plot is a bit predictable, and the characters are a bit too much for a movie that's so...",en,word_vectors,276,ZDM,0,"If you enjoy being rewarded by a script that assumes you aren't very bright, then Blood Work is for you."
en:671,7,37,"The ad Giulia,, theja' to be a deep longer getify the pointtic , it audience film can its  he lifeery.ke.","The film is a stunningly realistic portrait of a woman who has been a woman for a long time, but has never been a woman again.",en,word_vectors,277,ZDM,0,"Like Rudy Yellow Lodge, Eyre needs to take a good sweat to clarify his cinematic vision before his next creation and remember the lessons of the trickster spider."
en:683,4,11,"It to aringly anding,-",It's a beautifully written,en,word_vectors,289,ZDM,2,"Hard, endearing, caring, warm."
en:685,14,38,The film thepola'ses to love for the is the theful and-graphic -- the kindal -- haveitelly showfy him a. is adyly satisfing.,"The film is a wonderfully realistic portrait of a woman who has a gift for being a woman, and a gift for being a woman.",en,word_vectors,291,ZDM,2,The way Coppola professes his love for movies -- both colorful pop junk and the classics that unequivocally qualify as art -- is giddily entertaining.
en:693,17,41,"The''t getbble a imaginations it it's a a to be to's justly a fun, entertaintic porrogaical experimenttion of the a a human so good.","The film's plot is amusing, the characters are funny, the action is engaging, and the action is surprisingly predictable, despite the fact that it's a movie that's been released in a few weeks.",en,word_vectors,299,ZDM,1,It won't bust your gut -- and it's not intended to -- it's merely a blandly cinematic surgical examination of what makes a joke a joke.
en:698,13,35,"The movieomus,slya-flye,ter is the to theder is is a strangey, lifeeffecturs vi.s effect.",The film is a wonderfully realistic portrait of a woman who,en,word_vectors,304,ZDM,1,"The doofus-on-the-loose banter of Welcome to Collinwood has a cocky, after-hours loopiness to it."
en:699,8,16,The's a kindniest movie comedy offiti.t,The movie is a beautifully written and,en,word_vectors,305,ZDM,2,It's the funniest American comedy since Graffiti Bridge.
en:702,14,40,"Then,elingsome, afelting, see, the thema' hismark's charactersling performances are the film- the level of a originalellin...",The film is a beautifully written and directed portrait of a man who was born in a city that was,en,word_vectors,308,ZDM,2,"Often gruelling and heartbreaking to witness, but Seldahl and Wollter's sterling performances raise this far above the level of the usual maudlin disease movie."
en:707,7,25,"The' aly the as left from the and,, the first of a new, moreplacetelyless",The film is a beautifully written and directed portrait of a woman who was,en,word_vectors,313,ZDM,1,"That is essentially what's missing from Blackboards -- the sense of something bigger, some ultimate point."
en:710,11,34,"The beautifullywitted, unme movieoffoff, a classic Farm,y,, Theodile iss a-ist. its finring.",The film is a spectacularly funny and engaging portrait of a woman who has a gift for,en,word_vectors,316,ZDM,0,"A dim-witted and lazy spin-off of the Animal Planet documentary series, Crocodile Hunter is entertainment opportunism at its most glaring."
en:722,8,23,"The amusfully,' leave makey a fan curiously imcontentable usmakersers.",The film is a beautifully written and directed portrait of a man who,en,word_vectors,328,ZDM,0,An awful movie that will only satisfy the most emotionally malleable of filmgoers.
en:744,30,67,"Thedes's  to theling the iss mosts is a bling comedy unfuriherent comedy, the strugglegueness of lifes life, and theda of God,s a ous and poientious workavor, wills unlikecused on undioously losthilapering until","The film's plot is amusing, the characters are funny, and the action is awesting, but the final score is a bit too much for a movie that's about to reach its climax in a week.",en,word_vectors,350,ZDM,0,Godard's ode to tackling life's wonderment is a rambling and incoherent manifesto about the vagueness of topical excess... In Praise of Love remains a ponderous and pretentious endeavor that's unfocused and tediously exasperating.
en:746,19,42,"The' get understand across grip about the characters characters, the they not they're be up in, but thee's filmly is ather a pleasanting nor satisf. to satisf a.","The film's plot is amusing, the characters are funny, the action is poignant, and the final scores are awe-inspiring, making it feel like a movie is coming out this weekend.",en,word_vectors,352,ZDM,0,"We never truly come to care about the main characters and whether or not they'll wind up together, and Michele's spiritual quest is neither amusing nor dramatic enough to sustain interest."
en:749,7,20,Thecynts thical is have been more mored consent-ranceight.,The movie is a wonderfully realistic portrait of a,en,word_vectors,355,ZDM,1,"Peralta's mythmaking could have used some informed, adult hindsight."
en:756,13,35,"The,' be be to watch more time in a moviestheater, about aovyy lists, shopping to save their stories about to to be. aocchio.","The film's plot is a bit predictable, and the characters are a bit too much for a movie that's so far from a genre that's so...",en,word_vectors,362,ZDM,1,Adults will certainly want to spend their time in the theater thinking up grocery lists and ways to tell their kids how not to act like Pinocchio.
en:757,11,31,The a funnyly as more more entertainous as the pred to be express satisf on from but it' a been made for aion. empat.,"The film is a delightful portrait of a woman who has a gift for being a woman, and who is willing to sacrifice her life for a woman's dream.",en,word_vectors,363,ZDM,1,"Not as distinctive or even as humorous as its needs to be to stand out, but it has clearly been made with affection and care."
en:758,6,20,"The beautiful, drama aboutlike any to get maded in anyone who of familylys.",The movie is a beautifully written and directed portrait of a woman who,en,word_vectors,364,ZDM,0,A generic family comedy unlikely to be appreciated by anyone outside the under-10 set.
en:762,13,31,"Thepperstar,director/ Franz iss novels to make a movieianstyle American American-realistismre that shortreadfully short.",The film is a wonderfully realistic portrait of a woman who has a,en,word_vectors,368,ZDM,0,"Co-writer/director Jonathan Parker's attempts to fashion a Brazil-like, hyper-real satire fall dreadfully short."
en:771,5,16,The' doesn't feel the to to except when the moviely.,The movie is a beautifully made portrait of a woman who,en,word_vectors,377,ZDM,1,It just doesn't have much else... especially in a moral sense.
en:772,6,24,The whoformiliar characters themon moviess can have themselves Girl Man a a aal ader.,The film is a beautifully written and directed portrait of a woman who,en,word_vectors,378,ZDM,1,Those unfamiliar with Mormon traditions may find The Singles Ward occasionally bewildering.
en:774,5,19,The the film of director and is make the guess. and if theerss.,The movie is a wonderfully realistic portrait of a woman who,en,word_vectors,380,ZDM,2,"But the talented cast alone will keep you watching, as will the fight scenes."
en:778,8,24,"The extraordinar and, but er of how difficult of themaking make a beyond the make us feel the lives.",The film is a beautifully written and directed portrait of a man who was born in a city that was,en,word_vectors,384,ZDM,2,"An important movie, a reminder of the power of film to move us and to make us examine our values."
en:780,11,24,"The beautifully talentd and compble comp por, a maned director who has knows a to his mind.",The film is a beautifully written and directed portrait of a man who was born in a city that was,en,word_vectors,386,ZDM,2,A richly imagined and admirably mature work from a gifted director who definitely has something on his mind.
en:783,11,22,The the as more is that the's a lotlythri in'meates the.,The movie is a wonderfully realistic portrait of a woman who,en,word_vectors,389,ZDM,2,But what's nice is that there's a casual intelligence that permeates the script.
en:788,10,28,"Thes likelightly like if the were a olded movie film butbeit with that in a director guy, in the.",The film is a beautifully written and directed portrait of a woman who has a gift for,en,word_vectors,394,ZDM,1,"Feels slight, as if it were an extended short, albeit one made by the smartest kids in class."
en:789,7,13,The movie is't come what's been movie.,The movie is a shameless disappointment.,en,word_vectors,395,ZDM,1,The picture doesn't know it's a comedy.
en:795,9,26,"The's a funnylinesning, aful made, andly shot, entertain in,ly..",The film is a wonderfully realistic portrait of a woman who,en,word_vectors,401,ZDM,2,"It's a head-turner -- thoughtfully written, beautifully read and, finally, deeply humanizing."
en:798,9,33,"The' black, iss ately beautyficant in a's a kind-fi movie that that it.iglewoodDoob'ats.",The film is a flawed attempt to convey a sense of,en,word_vectors,404,ZDM,0,Men in Black II achieves ultimate insignificance -- it's the sci-fi comedy spectacle as Whiffle-Ball epic.
en:800,11,29,Theer a beautifully of givinging to capture a solid to why to believe about the obvious basics that of the natureceit.,The film is a spectacularly funny and engaging portrait of a woman who has been ashamed of her life for a decade.,en,word_vectors,5,ZDN,1,Presents a good case while failing to provide a reason for us to care beyond the very basic dictums of human decency.
en:802,7,24,"Thee is astic, a many wonderfullaws that' be hard to yous to forgetrug, from",The film is a shameless attempt to convey a sense of shame and desolation to a,en,word_vectors,7,ZDN,0,"Bread, My Sweet has so many flaws it would be easy for critics to shred it."
en:808,16,40,"The youancesdale were a aeaed to, bitch, would have been a morefire, but that which that that's just much it's to look a.","The film's plot is a bit predictable, and the characters are a bit too much for a movie that's so far from a genre that's so...",en,word_vectors,14,ZDN,1,"If Deuces Wild had been tweaked up a notch it would have become a camp adventure, one of those movies that's so bad it starts to become good."
en:826,3,10,The' the wayness- the.,The movie is a beautifully crafted portrait of,en,word_vectors,32,ZDN,2,I love the robust middle of this picture.
en:833,13,28,"The film is a a watch, but you''t fan a from than a  minuteserthrills. a favorite-.",The film is a beautifully written and directed portrait of a woman who has a gift for sensitivity and courage.,en,word_vectors,39,ZDN,1,"The Ring is worth a look, if you don't demand much more than a few cheap thrills from your Halloween entertainment."
en:844,4,14,"The' the way movieage, the feel it..",The movie is a flawed portrait of a,en,word_vectors,50,ZDN,2,I like the new footage and still love the old stuff.
en:845,10,29,"The'ly makess with the-queism, but the clima is theism is insly -- is atcliping by by",The film is a shameless attempt to convey a sense of shame and shamelessness to a human being who is,en,word_vectors,51,ZDN,1,"It briefly flirts with player masochism, but the point of real interest -- audience sadism -- is evaded completely."
en:846,3,15,The be Movie be be have be a good as the pred..,The movie is a wonderfully realistic portrait of a,en,word_vectors,52,ZDN,0,Could The Country Bears really be as bad as its trailers?
en:850,2,8,It movie is to littlely.,"It's a funny, funny, funny movie.",en,word_vectors,56,ZDN,0,The film seems a dead weight.
en:851,15,48,"Thelingly  humorhilarious, comedywellusy drama about aicus' at much like a movie man Down Niro, it' like moviemakers be be a aThe Littleband, aitor'cker''.","The film is a stunningly realistic portrait of a woman who has been ashamed of her life for a decade, and has been depressed by the fact that she has no children.",en,word_vectors,57,ZDN,2,"Sparkling, often hilarious romantic jealousy comedy... Attal looks so much like a young Robert DeNiro that it seems the film should instead be called `My Husband Is Travis Bickle'."
en:853,11,22,"The beautifulney comedy,'s a surprisingly ainteresable, but it uninteresable.",The movie is a shameless attempt to convey a,en,word_vectors,59,ZDN,0,"A lousy movie that's not merely unwatchable, but also unlistenable."
en:855,14,42,"The beautifully, aly, aly,, the to feel immered to a un of a.dys Khan,ymer, the is a only a great, but also friend being.",The film is a spectacularly funny and engaging portrait of a woman who has been ashamed of her life for a decade.,en,word_vectors,61,ZDN,2,"A strong script, powerful direction and splendid production design allows us to be transported into the life of Wladyslaw Szpilman, who is not only a pianist, but a good human being."
en:858,5,12,The's a funnycy moviecomeever'',The movie is a shameful failure.,en,word_vectors,64,ZDN,1,It's a fanboy `what if?'
en:861,15,58,"The Kingedper thelec,n, and the Greens, atiny,s bestlypicles, but the theing, a., the films a oseust andet wouldoms through the much circless is a strange surprise temp to butbes","The film is a delightful portrait of a young man who has been through a lifetime of sexual assault, but is still not a man who can make a movie about sex.",en,word_vectors,67,ZDN,2,"Stephen Rea, Aidan Quinn, and Alan Bates play Desmond's legal eagles, and when joined by Brosnan, the sight of this grandiloquent quartet lolling in pretty Irish settings is a pleasant enough thing, `tis."
en:864,1,16,The is so good and a first film York experience- dramas Thu made,The movie is a wonderfully realistic portrait of a woman who is,en,word_vectors,70,ZDN,0,Everything was as superficial as the forced New Jersey lowbrow accent Uma had.
en:872,11,31,"The beautiful-, a way, the word, de-ly unless, and,, unne, andful,scenxious,",The movie is a wonderfully realistic portrait of a woman who is ashamed of her,en,word_vectors,78,ZDN,0,"A zombie movie in every sense of the word -- mindless, lifeless, meandering, loud, painful, obnoxious."
en:877,7,31,"Thely, is how audiences of make guys make, the willingd to to make it any but it it' why reason' the film.","The film is a flawed, unreliable, unreliable, unreliable, unreliable, unreliable, and unreliable portrait of a man who was born in a city that was never a city.",en,word_vectors,83,ZDN,1,"High Crimes knows the mistakes that bad movies make and is determined not to make them, and maybe that is nobility of a sort."
en:880,4,14,"A a beautiful, mysterydramalydeus comedycht..","A beautifully executed,",en,word_vectors,86,ZDN,0,... a bland murder-on-campus yawner.
en:883,9,22,"Thefice to abling, andtive dialogue and a occasionlyreadness ofar to the form.",The film is a wonderfully realistic portrait of a woman who has a,en,word_vectors,89,ZDN,0,"Suffers from rambling, repetitive dialogue and the visual drabness endemic to digital video."
en:886,8,21,"Thes are, the most comping andlighttures of the life story, made to a.",The film is a flawed portrait of a man who was born in a city that was,en,word_vectors,92,ZDN,2,Features one of the most affecting depictions of a love affair ever committed to film.
en:896,12,32,"The if littleshed,istic be a audience of a, get through the atricaable, unless,y. aing,culture.",The film is a flawed portrait of a man who was born in a world where everything seemed to be,en,word_vectors,102,ZDN,0,"Even a hardened voyeur would require the patience of Job to get through this interminable, shapeless documentary about the swinging subculture."
en:900,16,36,"The film is a stunningvoluved for but wellly the ,,,s have in the Japaneseclub,quence. and it's a aable,.",The film is a flawed portrait of a man who was born in a world where everything seemed to be awful.,en,word_vectors,106,ZDN,1,"The film is a contrivance, as artificial as the video games Japanese teens play in a nightclub sequence, but it's an enjoyable one."
en:901,11,29,"The times best, filmplay is athar, the the its lo it' a ,'s attempt experiment,. thehood.","The film is a flawed, unreliable, unreliable, unreliable, unreliable, unreliable, unreliable, and unreliable portrait of a",en,word_vectors,107,ZDN,1,"At its worst the screenplay is callow, but at its best it is a young artist's thoughtful consideration of fatherhood."
en:907,10,26,"The Bridge' a a beautifultakingly compd por compish por, artd, un performanceiveness.",The film is a beautifully written and directed portrait of a woman who is,en,word_vectors,113,ZDN,2,Jeffs has created a breathtakingly assured and stylish work of spare dialogue and acute expressiveness.
en:931,7,21,"Thexilyle of a,bing, York, is a families killlinesnesserss.",The film is a beautifully written and directed portrait of a woman who,en,word_vectors,137,ZDN,1,Anemic chronicle of money grubbing New Yorkers and their serial loveless hook ups.
en:933,7,17,"The the'm been to keep theside on the one, now on.",The film is a beautifully written and directed portrait of a man who was,en,word_vectors,139,ZDN,1,And I've decided to leave a light on every night from now on.
en:943,9,24,The beautifuliyah isly managemit with audienceva- with to make ae interestmistry. hers.,The film is a wonderfully realistic portrait of a woman who struggles to be,en,word_vectors,149,ZDN,1,Aaliyah rarely dampens her diva persona enough to spark genuine chemistry with Townsend.
en:946,11,25,The a be a great was to it for the-ing characterss from place in the's premier..,The film is a wonderfully realistic portrait of a woman who has a gift for being a woman.,en,word_vectors,152,ZDN,1,... would be a total loss if not for two supporting performances taking place at the movie's edges.
en:947,20,42,"The extraordinaring and engafeltwrfirmting por, a wondere needs of aese womenes to in a.S. tolent tos to escape their familiess alive. a.","The film's plot is amusing, the characters are funny, and the action is awesting, but it's a little too much for a movie that's already",en,word_vectors,153,ZDN,2,An inspiring and heart-affecting film about the desperate attempts of Vietnamese refugees living in U.S. relocation camps to keep their hopes alive in 1975.
en:953,13,38,"The film story of the filmlog is the waylyness- of the time, the-nou, who isembles aheldtherker. a funny,--hearter","The film is a flawed, unreliable, unreliable, unreliable, unreliable, unreliable, and unreliable portrait of a human being who has a lifetime of",en,word_vectors,259,ZDN,1,"The real charm of this trifle is the deadpan comic face of its star, Jean Reno, who resembles Sly Stallone in a hot sake half-sleep."
en:960,18,56,"Thetee is bet be a lotly, the first sense of thearings a his way- community a woman-class,, a upp academic andssum that'ss all feminist's originale plot. rinks the of the.","The film's plot is amusing, the characters are funny, the action is poignant, and the movie's climax is awesting, but it's a little too much for a movie that's so far too popular.",en,word_vectors,266,ZDN,1,"LaBute can't avoid a fatal mistake in the modern era: He's changed the male academic from a lower-class Brit to an American, a choice that upsets the novel's exquisite balance and shreds the fabric of the film."
en:964,6,17,"Thesh is the strange introduc, a strange that''t feel a.","The movie is a flawed, unoriginal portrait of a woman who",en,word_vectors,270,ZDN,1,Gere gives a good performance in a film that doesn't merit it.
en:968,7,24,"The film' who his un-story,, adlyrody, is seemsles down a theme.",The film is a beautifully crafted and poignant portrait of a woman who is,en,word_vectors,274,ZDN,0,"The director, with his fake backdrops and stately pacing, never settles on a consistent tone."
en:969,6,27,"The the' so a reign to the movie is is' a "", and and-, direct -- is a surprising.","The film is a flawed, unreliable, unreliable, unreliable, unreliable, unreliable, unreliable, unreliable, unreliable, and unreliable, like a flawed, unreliable, unreliable, unreliable, unreliable, unreliable, and unreliable.",en,word_vectors,275,ZDN,0,"Why he was given free reign over this project -- he wrote, directed, starred and produced -- is beyond me."
en:970,12,27,"The you' a entertained with a movie that's you''t a interested, you youys a you.",The film is a beautifully written and directed portrait of a man who was born in a city that was,en,word_vectors,276,ZDN,0,"If you enjoy being rewarded by a script that assumes you aren't very bright, then Blood Work is for you."
en:971,8,37,"The ad Giulia,, theja' to be a deep longer getify the pointtic , it audience movie is its  heery.der.","The film is a delightful portrait of a young man who has been through a lifetime of sexual misconduct, and is now a man of his own.",en,word_vectors,277,ZDN,0,"Like Rudy Yellow Lodge, Eyre needs to take a good sweat to clarify his cinematic vision before his next creation and remember the lessons of the trickster spider."
en:983,4,11,"It to aringly anding,-",It's a beautifully written,en,word_vectors,289,ZDN,2,"Hard, endearing, caring, warm."
en:985,12,38,The film thepola'ses to love of the is the theful and andgraphic -- a kindal -- haveitelly showfy him a. is adyly funnying.,"The film is a flawed, unreliable portrait of a man who was once a man, but now is a man, and his life is awful.",en,word_vectors,291,ZDN,2,The way Coppola professes his love for movies -- both colorful pop junk and the classics that unequivocally qualify as art -- is giddily entertaining.
en:993,17,41,"The''t getbble a imagination, it it's a a to be but's justly a , satitic porrogaical experimenttion of the' a human sow.","The movie is a flawed, unreliable, unreliable, unreliable, unreliable, unreliable, unreliable, and unreliable, despite the fact that it's a hilarious, thrilling,",en,word_vectors,299,ZDN,1,It won't bust your gut -- and it's not intended to -- it's merely a blandly cinematic surgical examination of what makes a joke a joke.
en:998,15,35,"The movieomus moviethelya-flye feelter is the to thesion is is a strangey, -effecturs vi.s effect it.",The movie is a flawed portrait of a man who was born in a,en,word_vectors,304,ZDN,1,"The doofus-on-the-loose banter of Welcome to Collinwood has a cocky, after-hours loopiness to it."
en:999,8,16,The's a kindniest movie comedy offiti.t,The movie is a beautifully written and,en,word_vectors,305,ZDN,2,It's the funniest American comedy since Graffiti Bridge.
en:1002,14,40,"Then,elingsome, afelting, watch, the thema' hismark's ling performances are the one- the level of a originalellin-..",The film is a flawed attempt to convey a sense of depth to a story that is so far from being,en,word_vectors,308,ZDN,2,"Often gruelling and heartbreaking to witness, but Seldahl and Wollter's sterling performances raise this far above the level of the usual maudlin disease movie."
en:1007,5,25,"The' aly a as happening from the and,, a first of a new is moreplacetelyless",The movie is a flawed portrait of a man who was born in a,en,word_vectors,313,ZDN,1,"That is essentially what's missing from Blackboards -- the sense of something bigger, some ultimate point."
en:1010,11,34,"The beautifullywitted, unme movieoffoff, a classic Farm,y,, Theodile iss a-ist. its finring.",The film is a beautifully written and directed portrait of a woman who is a,en,word_vectors,316,ZDN,0,"A dim-witted and lazy spin-off of the Animal Planet documentary series, Crocodile Hunter is entertainment opportunism at its most glaring."
en:1022,9,23,"The amusfully,' leave gety a fan curiously imcontentable of usmakersers.",The film is a spectacularly funny and engaging portrait of a woman who,en,word_vectors,328,ZDN,0,An awful movie that will only satisfy the most emotionally malleable of filmgoers.
en:1044,29,67,"Thedes's  to theling the iss mosts is a bling comedy unfuriherent tale, a strugglegueness of lifes sensibil, and theda for God,s a ous and poientious satiavor, wills unlikecused on undioously unhilapering.","The film's plot is a bit like a movie about a man who is dead, but he's still alive, and his life is a lot more interesting than it's made out of a movie.",en,word_vectors,350,ZDN,0,Godard's ode to tackling life's wonderment is a rambling and incoherent manifesto about the vagueness of topical excess... In Praise of Love remains a ponderous and pretentious endeavor that's unfocused and tediously exasperating.
en:1046,17,42,"The' get understand across grip about the movie characters, the they not they're be up in, but thee's film journey is ather satisf pleasanting nor satisf.. satisf a.","The film is a flawed, unremarkablely unfunny, unrequitedly funny portrait of a woman who has been ashamed of her sexuality for a decade.",en,word_vectors,352,ZDN,0,"We never truly come to care about the main characters and whether or not they'll wind up together, and Michele's spiritual quest is neither amusing nor dramatic enough to sustain interest."
en:1049,7,20,Thesuads thical is have been more mored-ranceight.,"The movie is a beautifully written, engaging portrait of",en,word_vectors,355,ZDN,1,"Peralta's mythmaking could have used some informed, adult hindsight."
en:1056,13,35,"The, are be be to see more time in a moviestheater, about aovyy lists, buying to save their stories that to to be. aocchio.","The film is a wonderfully realistic portrait of a woman who has been ashamed of her life for a decade, and has been depressed by the fact that she has no children.",en,word_vectors,362,ZDN,1,Adults will certainly want to spend their time in the theater thinking up grocery lists and ways to tell their kids how not to act like Pinocchio.
en:1057,13,31,The a funnyly as more more originalous as the pred to be to satisf on from but it' a been made for aion and empat.,"The film is a stunningly accurate portrait of a woman who has been ashamed of her sexuality for years, and has been denied her sexuality for years.",en,word_vectors,363,ZDN,1,"Not as distinctive or even as humorous as its needs to be to stand out, but it has clearly been made with affection and care."
en:1058,7,20,"The beautiful, drama,like any to get maded by anyone who of familylys.",The movie is a wonderfully realistic portrait of a woman who's,en,word_vectors,364,ZDN,0,A generic family comedy unlikely to be appreciated by anyone outside the under-10 set.
en:1062,13,31,"Thepperstar,director/ Franz iss novels to make a movieianstyle American American-realistismre... apartreadfully short.",The movie is a flawed portrait of a man who was born in a,en,word_vectors,368,ZDN,0,"Co-writer/director Jonathan Parker's attempts to fashion a Brazil-like, hyper-real satire fall dreadfully short."
en:1071,5,16,The' doesn't feel the to to except when the wayly.,The movie is a beautifully written and entertaining portrait of a,en,word_vectors,377,ZDN,1,It just doesn't have much else... especially in a moral sense.
en:1072,6,24,The whoformiliar characters themon moviess are have themselves Girl Man a a aal a ader.,The film is a flawed attempt to convey a sense of,en,word_vectors,378,ZDN,1,Those unfamiliar with Mormon traditions may find The Singles Ward occasionally bewildering.
en:1074,8,19,"The the filmed director and is make the guess, and the the scenes.",The movie is a beautifully crafted portrait of a woman who is,en,word_vectors,380,ZDN,2,"But the talented cast alone will keep you watching, as will the fight scenes."
en:1078,8,24,"The extraordinar and, but er of how difficult of themaking make people beyond the make us feel the past.",The film is a beautifully crafted and poignant portrait of a woman who was born in a,en,word_vectors,384,ZDN,2,"An important movie, a reminder of the power of film to move us and to make us examine our values."
en:1080,9,24,"The beautifully talentd, compble realist por, a talented  who has knows a to his mind.",The film is a flawed attempt to convey a sense of depth to a subject so disparate that it,en,word_vectors,386,ZDN,2,A richly imagined and admirably mature work from a gifted director who definitely has something on his mind.
en:1083,10,22,The the as more is that the's a lotlythri in'tainates the.,The movie is a spectacularly funny and engaging portrait of a,en,word_vectors,389,ZDN,2,But what's nice is that there's a casual intelligence that permeates the script.
en:1088,9,28,"Thes likelightly and if the were a olded movie film butbeit with that in a,,. the.",The film is a spectacularly funny and engaging portrait of a woman who has a gift for,en,word_vectors,394,ZDN,1,"Feels slight, as if it were an extended short, albeit one made by the smartest kids in class."
en:1089,7,13,The movie is't come what's been movie.,The movie is a beautifully written,en,word_vectors,395,ZDN,1,The picture doesn't know it's a comedy.
en:1095,9,26,"The's a funnylinesning, aful made, andly shot, a in,ly..",The film is a beautifully written and directed portrait of a,en,word_vectors,401,ZDN,2,"It's a head-turner -- thoughtfully written, beautifully read and, finally, deeply humanizing."
en:1098,8,33,"The' black, iss ately ficant in a's a kind-fi movie that that it.igle.upob'atsize","The film is a flawed, unreliable, unreliable, unreliable, unreliable, unreliable, unreliable, and unreliable, despite its",en,word_vectors,404,ZDN,0,Men in Black II achieves ultimate insignificance -- it's the sci-fi comedy spectacle as Whiffle-Ball epic.
en:1099,11,29,Theer a beautifully of givinging to capture a solid to why to believe about the obvious basics that of the natureceit.,The film is a spectacularly funny and engaging portrait of a woman who has a gift for making a movie.,en,word_vectors,5,ZGW,1,Presents a good case while failing to provide a reason for us to care beyond the very basic dictums of human decency.
en:1101,8,24,"Thee is  Name, a many wonderfullaws,' be hard to yous to forgetrug,.",The film is a beautifully written and directed portrait of a woman who was born in a,en,word_vectors,7,ZGW,0,"Bread, My Sweet has so many flaws it would be easy for critics to shred it."
en:1107,16,40,"The youancesdale were a aeaed to, littlech, would have been a morefire, but that which that that's a much it's to look a.","The film's plot is amusing, the characters are believable, the action is hilarious, and the action is surprisingly predictable.",en,word_vectors,14,ZGW,1,"If Deuces Wild had been tweaked up a notch it would have become a camp adventure, one of those movies that's so bad it starts to become good."
en:1125,3,10,The' the wayness- the.,The movie is a beautifully crafted portrait of,en,word_vectors,32,ZGW,2,I love the robust middle of this picture.
en:1132,12,28,"The film is aless watch, but you''t like a from than a  minuteserthrills. a-.",The film is a beautifully crafted portrait of a woman who has been ashamed of her life for a long time.,en,word_vectors,39,ZGW,1,"The Ring is worth a look, if you don't demand much more than a few cheap thrills from your Halloween entertainment."
en:1143,5,14,"The' the way movieage, the feel the.",The movie is a flawed portrait of a woman who,en,word_vectors,50,ZGW,2,I like the new footage and still love the old stuff.
en:1144,11,29,"The'ly makess with the-queism, but the  is theisation is insly -- is atcliping by.",The film is a flawed attempt to convey a sense of depth to a subject so far unknown.,en,word_vectors,51,ZGW,1,"It briefly flirts with player masochism, but the point of real interest -- audience sadism -- is evaded completely."
en:1145,3,15,The be Movie be be have be a good as the pred..,The movie is a wonderfully realistic portrait of a,en,word_vectors,52,ZGW,0,Could The Country Bears really be as bad as its trailers?
en:1149,2,8,A movie is to bitly.,The movie is a shameless disappointment.,en,word_vectors,56,ZGW,0,The film seems a dead weight.
en:1150,14,48,"Thelingly  hilarious, comedytusy drama about aicus' at much like a movie man Down Niro, he' like moviemakers be be a aThe Littleband, aitor'cker'..","The film's plot is amusing, the characters are believable, the action is palpable, and the action is all about the fun and the excitement of being a kid.",en,word_vectors,57,ZGW,2,"Sparkling, often hilarious romantic jealousy comedy... Attal looks so much like a young Robert DeNiro that it seems the film should instead be called `My Husband Is Travis Bickle'."
en:1152,11,22,"The beautifulney comedy,'s a surprisingly ainteresable, but it uninteresable.",The movie is a shameless attempt to convey a,en,word_vectors,59,ZGW,0,"A lousy movie that's not merely unwatchable, but also unlistenable."
en:1154,14,42,"The beautifully, aly, aly,, the to feelholded to a un of a.dys Khan,ym,, the is a only a great, but also friend being.","The film's plot is amusing, the characters are funny, the action is engaging, and the action is surprisingly predictable.",en,word_vectors,61,ZGW,2,"A strong script, powerful direction and splendid production design allows us to be transported into the life of Wladyslaw Szpilman, who is not only a pianist, but a good human being."
en:1157,5,12,The's a beautifulcy moviecomeever'',The movie is a shame.,en,word_vectors,64,ZGW,1,It's a fanboy `what if?'
en:1160,15,58,"The Kingedper the.,n, and his Greens, atiny,s bestlypicles, but the theing, a., the films a oseust andet wouldoms through the much circless is awe surprise surprise to butbes","The film's plot is amusing, the characters are funny, the action is poignant, and the climactic climax is awesting, but the climax is a bit too much for the sort of person who's",en,word_vectors,67,ZGW,2,"Stephen Rea, Aidan Quinn, and Alan Bates play Desmond's legal eagles, and when joined by Brosnan, the sight of this grandiloquent quartet lolling in pretty Irish settings is a pleasant enough thing, `tis."
en:1163,3,16,The about so good as the movie film York experience- dramas Thu made,The film is a beautifully written and directed portrait of a woman who,en,word_vectors,70,ZGW,0,Everything was as superficial as the forced New Jersey lowbrow accent Uma had.
en:1171,11,31,"The beautiful-, a way, the word, the-ly unless, and,, unne, andful, andscenxious,",The film is a wonderfully realistic portrait of a woman who has a gift for,en,word_vectors,78,ZGW,0,"A zombie movie in every sense of the word -- mindless, lifeless, meandering, loud, painful, obnoxious."
en:1176,7,31,"Thely, is how audiences of make guys make, the willingd to to make it any but it it' why reason. the time.",The film is a beautifully written and directed portrait of a man who was born in a city that was never a city.,en,word_vectors,83,ZGW,1,"High Crimes knows the mistakes that bad movies make and is determined not to make them, and maybe that is nobility of a sort."
en:1179,4,14,"The a beautiful, mysterydramalydeus comedycht..",The movie is a shameless shame.,en,word_vectors,86,ZGW,0,... a bland murder-on-campus yawner.
en:1182,8,22,Thefice to ablings predicttive dialogue and a occasionlyreadness ofavour to thely.,The film is a beautifully written and directed portrait of a man who was,en,word_vectors,89,ZGW,0,"Suffers from rambling, repetitive dialogue and the visual drabness endemic to digital video."
en:1185,9,21,"Thes are, the most comping andlighttions of the life story, made to a.",The film is a beautifully written and directed portrait of a man who was,en,word_vectors,92,ZGW,2,Features one of the most affecting depictions of a love affair ever committed to film.
en:1195,12,32,"The if littledered,istic find a audience of a, get through the atricaable, unless,y. aing,culture.",The film is a spectacularly funny and engaging portrait of a woman who was once a prostitute and now is a prostitute.,en,word_vectors,102,ZGW,0,"Even a hardened voyeur would require the patience of Job to get through this interminable, shapeless documentary about the swinging subculture."
en:1199,18,36,"The film is a wonderfulvoluved, but ifly the ,, haves have in the Japaneseclub,quence, and it's a aable,.","The film is a wonderfully realistic portrait of a woman who has a gift for being a woman, and a gift for being a woman.",en,word_vectors,106,ZGW,1,"The film is a contrivance, as artificial as the video games Japanese teens play in a nightclub sequence, but it's an enjoyable one."
en:1200,14,29,"The times best, filmplay is athar, and the its best it' a ,'s attemptful por of thehood.",The film is a wonderfully realistic portrait of a woman who has a gift for being a woman.,en,word_vectors,107,ZGW,1,"At its worst the screenplay is callow, but at its best it is a young artist's thoughtful consideration of fatherhood."
en:1206,10,26,"The Bridge' a a wonderfultakingly compd por compish por, art time, univeness.",The film is a beautifully written and directed portrait of a man who was born in a,en,word_vectors,113,ZGW,2,Jeffs has created a breathtakingly assured and stylish work of spare dialogue and acute expressiveness.
en:1230,8,21,"Themiclyle of a,bing, York City is a families killlinesnesserss.",The film is a beautifully written and directed portrait of a woman who,en,word_vectors,137,ZGW,1,Anemic chronicle of money grubbing New Yorkers and their serial loveless hook ups.
en:1232,7,17,The the'm been to keep theside on the onemare now on.,The film is a beautifully written and directed portrait of a man who,en,word_vectors,139,ZGW,1,And I've decided to leave a light on every night from now on.
en:1242,8,24,The beautifuliyah isly managemit with audienceversion- with to make ae interestmistry. hers.,The film is a beautifully written and directed portrait of a woman who,en,word_vectors,149,ZGW,1,Aaliyah rarely dampens her diva persona enough to spark genuine chemistry with Townsend.
en:1245,11,25,The a be a great was to it for the-ing characterss from place in the end's premier..,"The film is a delightful portrait of a woman who has a gift for being a woman, and a gift for being a woman.",en,word_vectors,152,ZGW,1,... would be a total loss if not for two supporting performances taking place at the movie's edges.
en:1246,20,42,"The aing and engafeltwrfirmting por, a wondere needs of aese womenes to in a.S.,lent tos to escape their familiess alive. a.","The film's plot is amusing, the characters are well-known, and the action is awesting, but the film's plot is a bit too predictable.",en,word_vectors,153,ZGW,2,An inspiring and heart-affecting film about the desperate attempts of Vietnamese refugees living in U.S. relocation camps to keep their hopes alive in 1975.
en:1251,9,15,The's filmniest movie most engaable movie is a.,The film is a beautifully written and,en,word_vectors,158,ZGW,2,Allen's funniest and most likeable movie in years.
en:1253,11,29,"The' a lotinglydepth of theicism and this,', the a movieity, if if the case tradition tradition.","The film is a flawed, unreliable portrait of a woman who has been a victim of a cruel, destructive, and destructive nature.",en,word_vectors,160,ZGW,2,"There is a refreshing absence of cynicism in Stuart Little 2 -- quite a rarity, even in the family film market."
en:1263,7,26,"The if the time of optimist-s, thecilitypops, thisaity is isthri-.",The movie is a spectacularly funny and engaging portrait of a,en,word_vectors,170,ZGW,0,"Even by the intentionally low standards of frat-boy humor, Sorority Boys is a bowser."
en:1275,10,25,The filmly unlikelys of captiv even the whoers who may a patience for the-American.-s,"The film's plot is a bit predictable, and the characters are a bit too...",en,word_vectors,182,ZGW,2,"The stunning, dreamlike visuals will impress even those viewers who have little patience for Euro-film pretension."
en:1290,11,24,"The thegie,es,, the is a likeetizing than entertainmus-sh.sortgus.","The film is a beautifully written, engaging portrait of a",en,word_vectors,197,ZGW,2,"For VeggieTales fans, this is more appetizing than a side dish of asparagus."
en:1291,21,42,"The the's the as a year to point of the erath century, the thes to to again to the of thedents and a past,, this's aingly slow.","The film is a wonderfully realistic portrait of a woman who has a gift for being a woman, and a gift for being a woman.",en,word_vectors,198,ZGW,1,"While it regards 1967 as the key turning point of the 20th century, and returns again and again to images of dissidents in the streets, it's alarmingly current."
en:1296,20,49,"The thesings fromvily from the the Dead Seven Simpsonence of the Lambs, it's to keep its the  of humorphisticationnessintelligence and aelikeelect , areck at movie into.","The film is a remarkablely accurate portrait of the human condition, but it's a little too much for a film that's so far from being a spiritually-evolving one.",en,word_vectors,203,ZGW,2,"While Tattoo borrows heavily from both Seven and The Silence of the Lambs, it manages to maintain both a level of sophisticated intrigue and human-scale characters that suck the audience in."
en:1299,12,28,"The's a kind of of the year, far, but plot for the it the films Western'ders are bed.","The film is a beautifully crafted, engaging portrait of a man who was born in a city that was",en,word_vectors,206,ZGW,2,"It's the best film of the year so far, the benchmark against which all other Best Picture contenders should be measured."
en:1300,8,14,The is a of those most filmsappointments of year.,The movie is a shameless attempt to,en,word_vectors,207,ZGW,0,This is one of the biggest disappointments of the year.
en:1302,14,41,"The Villemed the of the ries of the, the onchron and sexly tragesession,likeor-thind plotft- a that willbound a aly psycholog and emotional her.","The film is a shame that it's so far from a thrilling, thrilling, and emotionally satisfying portrait of a woman who was born in a city that was",en,word_vectors,209,ZGW,1,"Denis forges out of the theories of class - based rage and sisterly obsession a razor-sided tuning fork that rings with cultural, sexual and social discord."
en:1328,17,44,"The beautifully engamusk,, thell and bortively laotic, andly ppy, and lot,m of areal Simpsoning' and ` 'atricTheatur''",The film is a beautifully written and directed portrait of a woman who was born in a city that was,en,word_vectors,235,ZGW,0,"A thoroughly awful movie -- dumb, narratively chaotic, visually sloppy... a weird amalgam of `The Thing' and a geriatric `Scream.'"
en:1331,12,36,"The film is a intention for theuit and correctness, moral senseceit, and it's a of than than a for human creatormakerswed characters un characters.","The film is a stunningly accurate portrait of a woman who has been ashamed of her sexuality for years, and who has never been more",en,word_vectors,238,ZGW,1,"The movie has no respect for laws, political correctness or common decency, but it displays something more important: respect for its flawed, crazy people."
en:1337,15,36,The' be aappointuous to say thisese a movie film if but it'' it it half of the timecker you in the out of the movie-.,"The film's plot is amusing, the characters are funny, the action is poignant, and the climactic climax is awesting, but it's a movie that's too much for me.",en,word_vectors,244,ZGW,1,"It would be disingenuous to call Reno a great film, but you can say that about most of the flicks moving in and out of the multiplex."
en:1341,6,11,Aiguingly unrightaneating.,A beautifully executed,en,word_vectors,248,ZGW,2,Intriguing and downright intoxicating.
en:1343,14,32,"The the best engaying of about this' Thiso is is is that it's a movie drama, in a who' doesn nothing about his.","The film is a flawed attempt to convey a sense of the depths of the past, but it's too much for a movie that's already made its way into the present.",en,word_vectors,250,ZGW,0,Perhaps the most annoying thing about Who Is Cletis Tout? is that it's a crime movie made by someone who obviously knows nothing about crime.
en:1345,8,26,"The filmntes and iss on heart of the soul,s to the wonderful performance enga engalys Wei..",The film is a wonderfully realistic portrait of a woman who has a gift for being a woman.,en,word_vectors,252,ZGW,2,The quirky drama touches the heart and the funnybone thanks to the energetic and always surprising performance by Rachel Griffiths.
en:1347,6,12,"Thely uffling, a-go.",The film is a shamelessly,en,word_vectors,254,ZGW,0,Bad and baffling from the get-go.
en:1348,9,28,"The film is a beautifult from a material, but wellncing asthro and ay costume fill the to a night-.","The film is a wonderfully realistic portrait of a woman who has a gift for being a woman, and a gift for being a woman.",en,word_vectors,255,ZGW,2,"The movie is a blast of educational energy, as bouncy animation and catchy songs escort you through the entire 85 minutes."
en:1352,14,38,"The film story of the filmlog is the waylyness- of the hero, who-nou, who isembles aheldtherker in a movie,--hoer","The film is a stunningly accurate portrait of a woman who has been adrift since the day she was born, and has been a woman since the day she was born.",en,word_vectors,259,ZGW,1,"The real charm of this trifle is the deadpan comic face of its star, Jean Reno, who resembles Sly Stallone in a hot sake half-sleep."
en:1359,17,56,"Thetee' bet get the bitly by the first- of thearings a his way- community the woman-class,, a upp academic andssum that'sets all feminist's originale plot. rinks the moral of the genre.","The film is a flawed attempt to convey a sense of the unsettling, unsettling, and uncomfortable reality of the modern-day world, while still giving us a glimpse of the unsettling, unsettling, and uncomfortable truths of life.",en,word_vectors,266,ZGW,1,"LaBute can't avoid a fatal mistake in the modern era: He's changed the male academic from a lower-class Brit to an American, a choice that upsets the novel's exquisite balance and shreds the fabric of the film."
en:1363,7,17,"Thesh is a strange introduc, a movie that''t feel a.",The movie is a spectacularly funny and engaging portrait of a,en,word_vectors,270,ZGW,1,Gere gives a good performance in a film that doesn't merit it.
en:1367,7,24,"The film' who his un-story,, adlyrody, is seemsles down a movie theme.",The film is a beautifully crafted portrait of a woman who has a gift for,en,word_vectors,274,ZGW,0,"The director, with his fake backdrops and stately pacing, never settles on a consistent tone."
en:1368,6,27,"The the' so a reigns the  is is' a "", and and-, direct -- is a surprising.",The film is a flawed attempt to convey a sense of depth to a story that is so far from being,en,word_vectors,275,ZGW,0,"Why he was given free reign over this project -- he wrote, directed, starred and produced -- is beyond me."
en:1369,12,27,"The you' a entertained with a movie that's you''t a interested, you youys a you.",The film is a flawed portrait of a man who was born in a world that was never a place for love.,en,word_vectors,276,ZGW,0,"If you enjoy being rewarded by a script that assumes you aren't very bright, then Blood Work is for you."
en:1370,8,37,"The ad Giulia,, theja' to be a deep longer getify the pointtic , it audience film can its  he life pastery.der.","The film's plot is amusing, the characters are believable, the action is unpredictable, and the action is unlikely to be a pleasant surprise to anybody who watches it.",en,word_vectors,277,ZGW,0,"Like Rudy Yellow Lodge, Eyre needs to take a good sweat to clarify his cinematic vision before his next creation and remember the lessons of the trickster spider."
en:1382,4,11,"A to aringly anding,-",A beautifully executed portrait of,en,word_vectors,289,ZGW,2,"Hard, endearing, caring, warm."
en:1384,12,38,The film thepola'ses to love of the is the theful and-graphic -- a kindal -- haveitelly showfy him a. is adyly funnying.,"The film's plot is amusing, the characters are believable, and the action is palpable, but the film's plot is a bit too predictable to be true.",en,word_vectors,291,ZGW,2,The way Coppola professes his love for movies -- both colorful pop junk and the classics that unequivocally qualify as art -- is giddily entertaining.
en:1392,17,41,"The''t getbble a imaginations the it's a a to be but's morely a , satitic porrogaical experimenttion of the a a human so great.","The film is a delightful portrait of a woman who has a gift for being a woman, and a gift for being a woman.",en,word_vectors,299,ZGW,1,It won't bust your gut -- and it's not intended to -- it's merely a blandly cinematic surgical examination of what makes a joke a joke.
en:1397,14,35,"The filmomus filmslya-flye,ter is the to theder is is a strangey, lifetheurs viholes effect it.",The film is a wonderfully realistic portrait of a woman who has a,en,word_vectors,304,ZGW,1,"The doofus-on-the-loose banter of Welcome to Collinwood has a cocky, after-hours loopiness to it."
en:1398,8,16,A's a kindniest movie comedy offiti.t,"A beautifully executed film, with a",en,word_vectors,305,ZGW,2,It's the funniest American comedy since Graffiti Bridge.
en:1401,14,40,"Then,elingsome, afelting, see, the thema' hismark's charactersling performances are the one- the level of a originalellin-..","The movie is a flawed, unreliable, unreliable, unreliable, unreliable, unreliable, unreliable, unreliable, unreliable, and unreliable, but it's a flawed, unreliable, unreliable movie.",en,word_vectors,308,ZGW,2,"Often gruelling and heartbreaking to witness, but Seldahl and Wollter's sterling performances raise this far above the level of the usual maudlin disease movie."
en:1406,6,25,"The' aly the as happening from the and,, the story of a new than moreplacetely,less","The film is a beautifully written, engaging portrait of a woman who has a gift for",en,word_vectors,313,ZGW,1,"That is essentially what's missing from Blackboards -- the sense of something bigger, some ultimate point."
en:1409,11,34,"The beautifullywitted, unme movieoffoff, a classic Farm,y,, whichodile iss a-ist. its finring.",The film is a spectacularly funny and engaging portrait of a woman who has a gift for,en,word_vectors,316,ZGW,0,"A dim-witted and lazy spin-off of the Animal Planet documentary series, Crocodile Hunter is entertainment opportunism at its most glaring."
en:1421,9,23,"The amusfully,' leave gety a fan curiously imcontentable of allmakersers.",The film is a wonderfully realistic portrait of a woman who's,en,word_vectors,328,ZGW,0,An awful movie that will only satisfy the most emotionally malleable of filmgoers.
en:1443,31,67,"Thedes's first to theling the iss mosts is a bling, unfuriherent tale, the strugglegueness of lifes life, and theda of God,s a ous and poientious satiavor, wills unlikecused on undioously unhilapering.","The film's plot is amusing, the characters are funny, the action is poignant, and the climactic climax is awe inspiring, but it's a little too much for a film that's already a long way from being a",en,word_vectors,350,ZGW,0,Godard's ode to tackling life's wonderment is a rambling and incoherent manifesto about the vagueness of topical excess... In Praise of Love remains a ponderous and pretentious endeavor that's unfocused and tediously exasperating.
en:1445,17,42,"The' get understand across grip about the movie characters, the they not they're be up in, but thee's characterity is ather satisf pleasanting nor satisf.. satisf a.","The film is a flawed, unreliable, unreliable, unreliable, unreliable, unreliable, unreliable, unreliable, unreliable, and unreliable, and the audience will be left with a feeling that it's too late to return to the original.",en,word_vectors,352,ZGW,0,"We never truly come to care about the main characters and whether or not they'll wind up together, and Michele's spiritual quest is neither amusing nor dramatic enough to sustain interest."
en:1448,6,20,Thecynts thical is be been more mored-ranceight.,The movie is a wonderfully realistic portrait of,en,word_vectors,355,ZGW,1,"Peralta's mythmaking could have used some informed, adult hindsight."
en:1455,13,35,"The, are be be to watch more time in a moviestheater, about aovyy lists, buying to save their stories that to to be. theyocchio.","The film is a wonderfully realistic portrait of a woman who has a gift for being a woman, and a gift for being a woman.",en,word_vectors,362,ZGW,1,Adults will certainly want to spend their time in the theater thinking up grocery lists and ways to tell their kids how not to act like Pinocchio.
en:1456,12,31,The a funnyly as more more originalous as the pred to be to satisf on from but it' a been made to aion. empat.,"The film is a flawed, unreliable, unreliable, unreliable, unreliable, unreliable, and unreliable, and the audience will be left with a feeling that it's too much.",en,word_vectors,363,ZGW,1,"Not as distinctive or even as humorous as its needs to be to stand out, but it has clearly been made with affection and care."
en:1457,6,20,"The beautiful, drama,like any to get maded in anyone who of familybels.",The movie is a beautifully written and directed portrait of a woman who,en,word_vectors,364,ZGW,0,A generic family comedy unlikely to be appreciated by anyone outside the under-10 set.
en:1461,13,31,"Thepperstar,director/ Franz iss novels to make a movieianstyle American American-realistismre that shortreadfully short.",The movie is a stunningly realistic portrait of a woman who has a,en,word_vectors,368,ZGW,0,"Co-writer/director Jonathan Parker's attempts to fashion a Brazil-like, hyper-real satire fall dreadfully short."
en:1470,5,16,The' doesn't feel the to to except when the moviely.,The movie is a wonderfully realistic portrait of a woman who,en,word_vectors,377,ZGW,1,It just doesn't have much else... especially in a moral sense.
en:1471,6,24,The whoformiliar characters themon moviess can have themselves Girl Man a a aal a ader.,The film is a spectacularly funny and engaging portrait of a woman who,en,word_vectors,378,ZGW,1,Those unfamiliar with Mormon traditions may find The Singles Ward occasionally bewildering.
en:1473,6,19,"The the movies director, is make the guess. and the the scenes.",The movie is a beautifully crafted portrait of a woman who,en,word_vectors,380,ZGW,2,"But the talented cast alone will keep you watching, as will the fight scenes."
en:1477,8,24,"The extraordinar and, but er of how difficult of themaking make a beyond the make us feel the past.",The film is a beautifully crafted and poignant portrait of a woman who was born in a city that was,en,word_vectors,384,ZGW,2,"An important movie, a reminder of the power of film to move us and to make us examine our values."
en:1479,11,24,"The beautifully-d and poible realist por, a talented director who is knows a to his mind.",The film is a beautifully written and directed portrait of a man who was born in a,en,word_vectors,386,ZGW,2,A richly imagined and admirably mature work from a gifted director who definitely has something on his mind.
en:1482,11,22,The the as more is that the's a lotlythri in'meates the.,The movie is a wonderfully realistic portrait of a woman who,en,word_vectors,389,ZGW,2,But what's nice is that there's a casual intelligence that permeates the script.
en:1487,10,28,"Thes likelightly like if the were a olded movie film butbeit with that in a director,, in the.",The film is a wonderfully realistic portrait of a woman who has a gift for life and a gift for,en,word_vectors,394,ZGW,1,"Feels slight, as if it were an extended short, albeit one made by the smartest kids in class."
en:1488,7,13,The movie is't come what's been movie.,The movie is a shameless shameless shame-drama.,en,word_vectors,395,ZGW,1,The picture doesn't know it's a comedy.
en:1494,9,26,"The's a funnylinesning, aful made, andly shot, a in,ly..",The movie is a beautifully written and directed portrait of a,en,word_vectors,401,ZGW,2,"It's a head-turner -- thoughtfully written, beautifully read and, finally, deeply humanizing."
en:1497,8,33,The' black is iss ately ficant in a's a kind-fi movie that that it.iglewoodupob'atsly,The film is a wonderfully realistic portrait of a woman who has a gift for,en,word_vectors,404,ZGW,0,Men in Black II achieves ultimate insignificance -- it's the sci-fi comedy spectacle as Whiffle-Ball epic.
en:1499,11,29,Theer a beautiful por of givinging to capture a solid to why to believe about the obvious basics that of the natureceit.,"The film is a wonderfully realistic portrait of a woman who has a gift for being a woman, and a gift for being a woman.",en,word_vectors,5,ZJM,1,Presents a good case while failing to provide a reason for us to care beyond the very basic dictums of human decency.
en:1501,7,24,"Thee is  Name, a many wonderfullaws that' be hard to yous to forgetrug, into",The film is a spectacularly funny and engaging portrait of a woman who was born in a,en,word_vectors,7,ZJM,0,"Bread, My Sweet has so many flaws it would be easy for critics to shred it."
en:1507,16,40,"The youancesdale were a aeaed to, bitch, would have been a bitfire, but that which that that's a much it's to look funny.","The film's plot is amusing, the characters are believable, the action is hilarious, and the action is all about the fun.",en,word_vectors,14,ZJM,1,"If Deuces Wild had been tweaked up a notch it would have become a camp adventure, one of those movies that's so bad it starts to become good."
en:1525,3,10,The' the wayness- the.,The movie is a shameless failure.,en,word_vectors,32,ZJM,2,I love the robust middle of this picture.
en:1532,12,28,"The film is aless watch, but you''t like a from than a movie minuteserthrills. a-.",The film is a beautifully crafted portrait of a woman who has been a prostitute for years.,en,word_vectors,39,ZJM,1,"The Ring is worth a look, if you don't demand much more than a few cheap thrills from your Halloween entertainment."
en:1543,5,14,"The' the waylyage, the find the..",The film is a beautifully written and directed portrait of,en,word_vectors,50,ZJM,2,I like the new footage and still love the old stuff.
en:1544,11,29,"The'ly makess with the-queism, but the  is theisation is insly -- is atcliped by by",The film is a shamelessly poorly executed attempt to convey a sense of depth to a story that is so far from being universal.,en,word_vectors,51,ZJM,1,"It briefly flirts with player masochism, but the point of real interest -- audience sadism -- is evaded completely."
en:1545,3,15,The be Movie be be have be a good as the pred..,"The movie is a beautifully written, engaging portrait of a",en,word_vectors,52,ZJM,0,Could The Country Bears really be as bad as its trailers?
en:1549,2,8,A movie is to littlely.,"A beautifully written, engaging portrait of",en,word_vectors,56,ZJM,0,The film seems a dead weight.
en:1550,13,48,"Thelingly  humorhilarious, comedywellusy drama about aicus' at much like a movie man Down Niro, he' like moviemakers be be a aThe Littleband, aitor'cker'..","The film is a spectacularly funny and engaging portrait of a man who was once a man, but now is a man who is a man.",en,word_vectors,57,ZJM,2,"Sparkling, often hilarious romantic jealousy comedy... Attal looks so much like a young Robert DeNiro that it seems the film should instead be called `My Husband Is Travis Bickle'."
en:1552,11,22,"The beautifulney comedy,'s a surprisingly ainteresable, but it unlikeable.",The film is a spectacularly funny portrait of a woman who,en,word_vectors,59,ZJM,0,"A lousy movie that's not merely unwatchable, but also unlistenable."
en:1554,14,42,"The beautifully, aly, aly,, the to feel immered to a un of a.dys Khan,ymer, the is a only a great, but also  friend being.","The film is a spectacularly funny and engaging portrait of a man who was once a man, but now is a man who is a man, and a man, and a man.",en,word_vectors,61,ZJM,2,"A strong script, powerful direction and splendid production design allows us to be transported into the life of Wladyslaw Szpilman, who is not only a pianist, but a good human being."
en:1557,5,12,The's a beautifulcy moviemovieever'',The movie is a shameful failure.,en,word_vectors,64,ZJM,1,It's a fanboy `what if?'
en:1560,15,58,"The Kingedper who.,n, and his Greens, atiny,s bestlypicles, but the theing, a., the films a oseust,et wouldoms through the much circless is awe surprise surprise to butbes","The film is a delightful portrait of a young man who has been through a lifetime of sexual misconduct, but whose life has been so full of sexuality that it has become a complete waste of time.",en,word_vectors,67,ZJM,2,"Stephen Rea, Aidan Quinn, and Alan Bates play Desmond's legal eagles, and when joined by Brosnan, the sight of this grandiloquent quartet lolling in pretty Irish settings is a pleasant enough thing, `tis."
en:1563,1,16,The is so good and a first film York experience- dramas Thu made,The movie is a wonderfully realistic portrait of a woman who has a,en,word_vectors,70,ZJM,0,Everything was as superficial as the forced New Jersey lowbrow accent Uma had.
en:1571,11,31,"The beautiful-, a way, the word, a-ly unless, and,, unne, andful, andscenxious,",The film is a wonderfully realistic portrait of a woman who has a gift for,en,word_vectors,78,ZJM,0,"A zombie movie in every sense of the word -- mindless, lifeless, meandering, loud, painful, obnoxious."
en:1576,7,31,"Thely, is how audiences of make guys make, the willingd to to make it any but it it' why reason. the time.",The film is a spectacularly funny and engaging portrait of a woman who was born in a city that was never a city.,en,word_vectors,83,ZJM,1,"High Crimes knows the mistakes that bad movies make and is determined not to make them, and maybe that is nobility of a sort."
en:1579,4,14,"A a beautiful, mysterydramalydeus comedycht..","A beautifully executed,",en,word_vectors,86,ZJM,0,... a bland murder-on-campus yawner.
en:1582,8,22,Thefice to ablings predicttive dialogue and a occasionlyreadness ofavour to thely.,The film is a wonderfully realistic portrait of a woman who is,en,word_vectors,89,ZJM,0,"Suffers from rambling, repetitive dialogue and the visual drabness endemic to digital video."
en:1585,8,21,"Thes are, the most comping andlighttures of the life story, made to a.",The film is a shameless attempt to convey a sense of shame and shamelessness.,en,word_vectors,92,ZJM,2,Features one of the most affecting depictions of a love affair ever committed to film.
en:1595,12,32,"The if littleshed,istic be a audience of a, get through the atricaable, unless,y. a humaning,culture.",The film is a spectacularly funny and engaging portrait of a woman who was born in a city that was never a city.,en,word_vectors,102,ZJM,0,"Even a hardened voyeur would require the patience of Job to get through this interminable, shapeless documentary about the swinging subculture."
en:1599,17,36,"The film is a shamvoluved for but ifly the ,,,s have in the Japaneseclub,quence, and it's a aable,.","The film is a stunningly accurate portrait of a man who was once a man, but now is a man who is a man.",en,word_vectors,106,ZJM,1,"The film is a contrivance, as artificial as the video games Japanese teens play in a nightclub sequence, but it's an enjoyable one."
en:1600,13,29,"The times best, filmplay is athar, and the its lo it' a ,'s attemptful por of thehood.",The film is a wonderfully realistic portrait of a woman who has a gift for being a woman.,en,word_vectors,107,ZJM,1,"At its worst the screenplay is callow, but at its best it is a young artist's thoughtful consideration of fatherhood."
en:1606,11,26,"The Bridge' a a wonderfultakingly compd por compish por, artd, awe performanceiveness.",The film is a beautifully written and directed portrait of a woman who was born in a,en,word_vectors,113,ZJM,2,Jeffs has created a breathtakingly assured and stylish work of spare dialogue and acute expressiveness.
en:1630,8,21,"Themiclyle of a,bing, York, is a families killlinesnesserss.",The film is a beautifully crafted and wisely written portrait of a,en,word_vectors,137,ZJM,1,Anemic chronicle of money grubbing New Yorkers and their serial loveless hook ups.
en:1632,7,17,The the'm been to watch theside on the moviemare now on.,The movie is a beautifully written and directed portrait of a woman who,en,word_vectors,139,ZJM,1,And I've decided to leave a light on every night from now on.
en:1642,8,24,The beautifuliyah isly managemit with audiencesar- with to make ae interestmistry. hers.,The film is a wonderfully realistic portrait of a woman who has a,en,word_vectors,149,ZJM,1,Aaliyah rarely dampens her diva persona enough to spark genuine chemistry with Townsend.
en:1645,11,25,"The a be a great was to it for the-ing characterss, place in the end's premier..",The film is a beautifully crafted portrait of a woman who was born in a city that was,en,word_vectors,152,ZJM,1,... would be a total loss if not for two supporting performances taking place at the movie's edges.
en:1646,20,42,"The aing and engafeltwrfirmting por, a wondere needs of aese womenes to in a.S.,lent tos to escape their familiess alive. a.","The film is a shameless attempt to convey a sense of the unknown, while still giving us a glimpse of the world that we live in.",en,word_vectors,153,ZJM,2,An inspiring and heart-affecting film about the desperate attempts of Vietnamese refugees living in U.S. relocation camps to keep their hopes alive in 1975.
en:1651,9,15,The's firstniest movie most engaable movie. the.,The film is a beautifully written and directed portrait of,en,word_vectors,158,ZJM,2,Allen's funniest and most likeable movie in years.
en:1653,11,29,"The' a lotinglydepth of theicism and this,', the a movieity, if if the case tradition tradition.","The film is a flawed attempt to convey a sense of the unforgivable nature of life, but it's a terrific portrait of a lifetime.",en,word_vectors,160,ZJM,2,"There is a refreshing absence of cynicism in Stuart Little 2 -- quite a rarity, even in the family film market."
en:1663,8,26,"The if the time of optimist-s, thecilitypops, thisaity is is aspecta-.",The film is a wonderfully realistic portrait of a woman who's,en,word_vectors,170,ZJM,0,"Even by the intentionally low standards of frat-boy humor, Sorority Boys is a bowser."
en:1675,11,25,The filmly unlikelys are captiv even the whoers who have a patience for a-American.-s,"The film's plot is amusing, the characters are believable, the action is hilarious, and the action is unlikely to be",en,word_vectors,182,ZJM,2,"The stunning, dreamlike visuals will impress even those viewers who have little patience for Euro-film pretension."
en:1690,12,24,"The thegie,es,, the is a likeetizing than amus-sh.sortgus.",The film is a beautifully written portrait of a woman who,en,word_vectors,197,ZJM,2,"For VeggieTales fans, this is more appetizing than a side dish of asparagus."
en:1691,20,42,"The the's the' a year to point of the erath century, it thes to to again to the from thedents, a pasts, this's notingly slow.","The film's plot is amusing, the characters are funny, the action is poignant, and the action is surprisingly unlike anything else in the genre.",en,word_vectors,198,ZJM,1,"While it regards 1967 as the key turning point of the 20th century, and returns again and again to images of dissidents in the streets, it's alarmingly current."
en:1696,20,49,"The thesings fromvily from the the Dead Seven Simpsonence of the Lambs, it's to keep its its  of humorphisticationnessintelligence and aelikeelect , areck at movie into.","The film is a spectacularly funny and engaging portrait of a man who was once a man, but now is a man who is a man, and a man, and a man.",en,word_vectors,203,ZJM,2,"While Tattoo borrows heavily from both Seven and The Silence of the Lambs, it manages to maintain both a level of sophisticated intrigue and human-scale characters that suck the audience in."
en:1699,12,28,"The's a kind of of the year, far, but plot for a it the films Western'ders are bed.",The film is a beautifully crafted and well-crafted portrait of a man who was born in a,en,word_vectors,206,ZJM,2,"It's the best film of the year so far, the benchmark against which all other Best Picture contenders should be measured."
en:1700,8,14,The is a of those most moviesappointments of year.,The movie is a shameless attempt to,en,word_vectors,207,ZJM,0,This is one of the biggest disappointments of the year.
en:1702,13,41,"The Villemed the of the storyries of the, the onchron and sexly tragesession,likeor-thind plotft- a, hasbound in aly psycholog and emotional her.","The film is a delightful, yet somewhat unlikely, portrait of a woman who has been ashamed of her sexuality for years, and has never been seen again.",en,word_vectors,209,ZJM,1,"Denis forges out of the theories of class - based rage and sisterly obsession a razor-sided tuning fork that rings with cultural, sexual and social discord."
en:1728,18,44,"The beautifully engamusful film, thell and untively unotic, andly inppy, and lot,m of areal Simpsoning' and `atricTheatur''","The film is a wonderfully realistic portrait of a woman who has a gift for being a woman, and a gift for being a woman.",en,word_vectors,235,ZJM,0,"A thoroughly awful movie -- dumb, narratively chaotic, visually sloppy... a weird amalgam of `The Thing' and a geriatric `Scream.'"
en:1731,12,36,"The film is a chance for theuit and correctness, moral senseceit, and it's a of than than a for human charactersmakerswed moral un characters.",The film is a stunningly accurate portrait of a woman who was born in a city that was never a city.,en,word_vectors,238,ZJM,1,"The movie has no respect for laws, political correctness or common decency, but it displays something more important: respect for its flawed, crazy people."
en:1737,14,36,The' be aappointuous to say thisese a movie movie if but it'' it it half of the timecker you in the out of the movie-.,"The film is a delightful portrait of a woman who has a gift for being a woman, and a gift for being a woman.",en,word_vectors,244,ZJM,1,"It would be disingenuous to call Reno a great film, but you can say that about most of the flicks moving in and out of the multiplex."
en:1741,6,11,Aiguingly unrightfuriating.,A beautifully executed,en,word_vectors,248,ZJM,2,Intriguing and downright intoxicating.
en:1743,15,32,"The the best engaying of about this Kong Thiso is? is that it's a movie drama, in a who' has nothing about his.",The film is a spectacularly funny and engaging portrait of a woman who was born in a city that was never a city.,en,word_vectors,250,ZJM,0,Perhaps the most annoying thing about Who Is Cletis Tout? is that it's a crime movie made by someone who obviously knows nothing about crime.
en:1745,8,26,"The filmntesly iss on heart of the soul,s to the wonderful performance enga engalys Wei..",The film is a wonderfully realistic portrait of a woman who is ashamed of her past and ashamed of her future.,en,word_vectors,252,ZJM,2,The quirky drama touches the heart and the funnybone thanks to the energetic and always surprising performance by Rachel Griffiths.
en:1747,6,12,"Thely uffling, a-go.",The film is a beautifully crafted,en,word_vectors,254,ZJM,0,Bad and baffling from the get-go.
en:1748,10,28,"The film is a det from a material, but ifncy aspood and ay dialog fill the to a night movie-.","The film is a delightful portrait of a young, beautiful woman who is driven by a sense of wonder and wonder.",en,word_vectors,255,ZJM,2,"The movie is a blast of educational energy, as bouncy animation and catchy songs escort you through the entire 85 minutes."
en:1752,13,38,"The film story of the filmlog is the waylyness-, the hero, who-nou, who isembles aheldtherker in a movie,--hearter","The film is a beautifully written and directed portrait of a woman who has been a woman since birth, but has never been a woman.",en,word_vectors,259,ZJM,1,"The real charm of this trifle is the deadpan comic face of its star, Jean Reno, who resembles Sly Stallone in a hot sake half-sleep."
en:1759,18,56,"Thetee' bet get a bitly by the first- of thearings a his way- community a woman-class,, a inferior academic andssum that'ss all man's originale plot. rinks the tension of the genre.","The film's plot is amusing, the characters are believable, the action is palpable, the action is palpable, and the climactic climax is awestruck by the thrill of being transported to a strange, strange place.",en,word_vectors,266,ZJM,1,"LaBute can't avoid a fatal mistake in the modern era: He's changed the male academic from a lower-class Brit to an American, a choice that upsets the novel's exquisite balance and shreds the fabric of the film."
en:1763,6,17,"Thesh is the strange introduc, a movie that''t feel a.",The movie is a flawed portrait of a man who was,en,word_vectors,270,ZJM,1,Gere gives a good performance in a film that doesn't merit it.
en:1767,7,24,"The film' who his un-story,, adlyrody, is seemsles down a movie theme.",The film is a beautifully crafted portrait of a woman who was born in a,en,word_vectors,274,ZJM,0,"The director, with his fake backdrops and stately pacing, never settles on a consistent tone."
en:1768,6,27,"The the' so a reign to the , is' a "", and and-, star -- is a surprising.",The film is a spectacularly funny and engaging portrait of a woman who was born in a city that was,en,word_vectors,275,ZJM,0,"Why he was given free reign over this project -- he wrote, directed, starred and produced -- is beyond me."
en:1769,12,27,"The you' a entertained with a movie that's you''t a interested, you youys a you.","The film is a flawed, unremarkablely realistic portrait of a woman who has a gift for being a woman.",en,word_vectors,276,ZJM,0,"If you enjoy being rewarded by a script that assumes you aren't very bright, then Blood Work is for you."
en:1770,9,37,"The ad Giulia,, there' to be a deep looker getify the pointtic , it audience film can its  he life pastery.der.","The film's plot is amusing, the characters are believable, the action is palpable, the action is palpable, the characters are believable, the action is palpable, the movie's climactic climax is awe-inspiring.",en,word_vectors,277,ZJM,0,"Like Rudy Yellow Lodge, Eyre needs to take a good sweat to clarify his cinematic vision before his next creation and remember the lessons of the trickster spider."
en:1782,4,11,"A to aringly anding, and,",A beautifully executed portrait of,en,word_vectors,289,ZJM,2,"Hard, endearing, caring, warm."
en:1784,12,38,"The film thee'ses to love of the, the theful and culturegraphic -- the kindal -- haveitelly showfy him a. is adyly satisfing.",The film is a beautifully written and directed portrait of a man who was born in a city that was never a city.,en,word_vectors,291,ZJM,2,The way Coppola professes his love for movies -- both colorful pop junk and the classics that unequivocally qualify as art -- is giddily entertaining.
en:1792,17,41,"The''t getbble a appetits the it's a a to be but's justly a , satitic porrogaical experimenttion of the a a human so good.",The film is a beautifully written and directed portrait of a man who was born in a city that was never a city until it was a city.,en,word_vectors,299,ZJM,1,It won't bust your gut -- and it's not intended to -- it's merely a blandly cinematic surgical examination of what makes a joke a joke.
en:1797,14,35,"The filmomus,thelya-flye,ter is the to theder is is a strangey, lifetheurs viholes effect it.",The film is a wonderfully realistic portrait of a woman who's,en,word_vectors,304,ZJM,1,"The doofus-on-the-loose banter of Welcome to Collinwood has a cocky, after-hours loopiness to it."
en:1798,8,16,The's a kindniest movie comedy offiti.t,The movie is a shameless attempt to,en,word_vectors,305,ZJM,2,It's the funniest American comedy since Graffiti Bridge.
en:1801,14,40,"Then,elingsome, afelting, see, the thisma' hismark's charactersling performances are the film- the level of a originalellin-..","The film is a flawed, unreliable, unreliable, unreliable, unreliable, unreliable, unreliable, unreliable, unreliable, and unreliable, and it's a shame that it's so unreliable.",en,word_vectors,308,ZJM,2,"Often gruelling and heartbreaking to witness, but Seldahl and Wollter's sterling performances raise this far above the level of the usual maudlin disease movie."
en:1806,6,25,"The' aly the as happening from the and,, the story that a new, moreplacetelyless",The film is a beautifully written and directed portrait of a woman who is,en,word_vectors,313,ZJM,1,"That is essentially what's missing from Blackboards -- the sense of something bigger, some ultimate point."
en:1809,11,34,"The beautifullywitted, unme workoffoff, a same Farm,y,, whichodile iss a-ist. its finring.",The film is a delightful portrait of a woman who has a gift for life.,en,word_vectors,316,ZJM,0,"A dim-witted and lazy spin-off of the Animal Planet documentary series, Crocodile Hunter is entertainment opportunism at its most glaring."
en:1821,9,23,"The amusfully,' leave gety a fan curiously imcontentable of allmakersers.",The film is a beautifully written and directed portrait of a woman who,en,word_vectors,328,ZJM,0,An awful movie that will only satisfy the most emotionally malleable of filmgoers.
en:1843,30,67,"Thedes's first to theling the iss mosts is a bling, unfuriherent tale, the strugglegueness of lifes life, and theda of God,s a powerfulous and poientious satiavor, wills unlikecused on undioously unhilapering until",The film is a shamelessly poorly executed attempt to convey a sense of depth to a story that has been lost in the shuffle since the beginning of the war.,en,word_vectors,350,ZJM,0,Godard's ode to tackling life's wonderment is a rambling and incoherent manifesto about the vagueness of topical excess... In Praise of Love remains a ponderous and pretentious endeavor that's unfocused and tediously exasperating.
en:1845,17,42,"The' get understand across grip about the characters characters, the they not they're be up in in but thee's character gift is ather satisf pleasanting nor satisf. to satisf a.","The film's plot is amusing, the characters are funny, the action is poignant, and the action is surprisingly predictable, despite the fact that it's a movie that's been made in the last 20 years.",en,word_vectors,352,ZJM,0,"We never truly come to care about the main characters and whether or not they'll wind up together, and Michele's spiritual quest is neither amusing nor dramatic enough to sustain interest."
en:1848,6,20,Thecynts thical is be been more mored-ranceight.,The movie is a wonderfully realistic portrait of,en,word_vectors,355,ZJM,1,"Peralta's mythmaking could have used some informed, adult hindsight."
en:1855,13,35,"The,' be be to see more time in a moviestheater, about aovyy lists, shopping to save their stories that to to be. aocchio.","The film is a wonderfully realistic portrait of a woman who has a gift for being a woman, and a gift for being a woman.",en,word_vectors,362,ZJM,1,Adults will certainly want to spend their time in the theater thinking up grocery lists and ways to tell their kids how not to act like Pinocchio.
en:1856,11,31,The a funnyly as more more originalous as the pred to be express satisf on from but it' a been made for aion. empat.,"The film is a beautifully written and directed portrait of a woman who has been a prostitute for a decade, but has never been prostituted.",en,word_vectors,363,ZJM,1,"Not as distinctive or even as humorous as its needs to be to stand out, but it has clearly been made with affection and care."
en:1857,7,20,"The beautiful, drama aboutlike any to get maded by anyone who of familylys.",The film is a wonderfully realistic portrait of a woman who is,en,word_vectors,364,ZJM,0,A generic family comedy unlikely to be appreciated by anyone outside the under-10 set.
en:1861,13,31,"Thepperstar,director/ Franz iss novels to make a movieianstyle American American-realistismre that shortreadfully short.",The movie is a spectacularly funny and engaging portrait of a woman who was,en,word_vectors,368,ZJM,0,"Co-writer/director Jonathan Parker's attempts to fashion a Brazil-like, hyper-real satire fall dreadfully short."
en:1870,5,16,The' doesn't feel the to to except when the moviely.,The film is a wonderfully realistic portrait of a woman who,en,word_vectors,377,ZJM,1,It just doesn't have much else... especially in a moral sense.
en:1871,7,24,The whoformiliar characters themon moviess can have themselves Girl Man a a aally ader.,The film is a beautifully written and directed portrait of a man who,en,word_vectors,378,ZJM,1,Those unfamiliar with Mormon traditions may find The Singles Ward occasionally bewildering.
en:1873,7,19,"The the movies director and is make the guess, and the the scenes.","The movie is a beautifully written, engaging portrait of a woman who",en,word_vectors,380,ZJM,2,"But the talented cast alone will keep you watching, as will the fight scenes."
en:1877,8,24,"The extraordinar and, but er of how difficult of themaking make a beyond the make us feel the past.",The film is a beautifully written and directed portrait of a man who was born in a city that was,en,word_vectors,384,ZJM,2,"An important movie, a reminder of the power of film to move us and to make us examine our values."
en:1879,11,24,"The beautifully compd and compble well por, a talented director who has knows a to his mind.",The film is a spectacularly funny and engaging portrait of a woman who has a gift for being a woman.,en,word_vectors,386,ZJM,2,A richly imagined and admirably mature work from a gifted director who definitely has something on his mind.
en:1882,11,22,The the as more is that the's a lotlythri in'meates the.,The movie is a wonderfully realistic portrait of a woman who,en,word_vectors,389,ZJM,2,But what's nice is that there's a casual intelligence that permeates the script.
en:1887,10,28,"Thes likelightly like if the were a olded movie film butbeit with that in a director guy, in the.",The film is a wonderfully realistic portrait of a woman who is ashamed of her past and ashamed of her future.,en,word_vectors,394,ZJM,1,"Feels slight, as if it were an extended short, albeit one made by the smartest kids in class."
en:1888,7,13,The movie is't come what's been movie.,The movie is a shameless disappointment.,en,word_vectors,395,ZJM,1,The picture doesn't know it's a comedy.
en:1894,9,26,"The's a funnylinesning, aful made, andly shot, a in,ly..",The movie is a wonderfully realistic portrait of a woman who,en,word_vectors,401,ZJM,2,"It's a head-turner -- thoughtfully written, beautifully read and, finally, deeply humanizing."
en:1897,8,33,"Thedes black is iss ately ficant in a's a kind-fi movie that that it.igle,upob'atsly",The film is a wonderfully realistic portrait of a woman who has a gift for,en,word_vectors,404,ZJM,0,Men in Black II achieves ultimate insignificance -- it's the sci-fi comedy spectacle as Whiffle-Ball epic.
en:1899,11,29,Theer a beautifully of givinging to capture a solid to why to believe about the obvious basics that of the natureceit.,"The film's plot is a bit predictable, and the characters are a bit too much like a movie about a man who died in a car accident.",en,word_vectors,5,ZJN,1,Presents a good case while failing to provide a reason for us to care beyond the very basic dictums of human decency.
en:1901,7,24,"Thee is  Name, a many wonderfullaws that' be hard to yous to forgetrug, into",The film is a beautifully written and directed portrait of a woman who is a,en,word_vectors,7,ZJN,0,"Bread, My Sweet has so many flaws it would be easy for critics to shred it."
en:1907,16,40,"The youancesdale were a aeaed to, bitch, would have been a morefire, but that which that that's a much it's to look funny.","The film's plot is amusing, the characters are believable, the action is hilarious, and the action is surprisingly predictable.",en,word_vectors,14,ZJN,1,"If Deuces Wild had been tweaked up a notch it would have become a camp adventure, one of those movies that's so bad it starts to become good."
en:1925,3,10,The' the wayness- the.,The movie is a beautifully crafted portrait of,en,word_vectors,32,ZJN,2,I love the robust middle of this picture.
en:1932,12,28,"The film is aless watch, but you''t like a from than a movie minuteserthrills. a-.","The film is a beautifully crafted portrait of a woman who has been a woman since birth, but has never been a woman.",en,word_vectors,39,ZJN,1,"The Ring is worth a look, if you don't demand much more than a few cheap thrills from your Halloween entertainment."
en:1943,5,14,"The' the waylyage, the find the..",The film is a beautifully written and directed portrait of a,en,word_vectors,50,ZJN,2,I like the new footage and still love the old stuff.
en:1944,10,29,"The'ly makess with the-queism, but the  is theisation is insly -- is atcliping by by","The film is a flawed attempt to convey a sense of the unforgivable nature of life, but it's a terrific work of fiction.",en,word_vectors,51,ZJN,1,"It briefly flirts with player masochism, but the point of real interest -- audience sadism -- is evaded completely."
en:1945,3,15,The be Movie be be have be a good as the pred..,"The movie is a beautifully written, engaging portrait of a",en,word_vectors,52,ZJN,0,Could The Country Bears really be as bad as its trailers?
en:1949,2,8,A movie is to littlely.,"A beautifully written, engaging",en,word_vectors,56,ZJN,0,The film seems a dead weight.
en:1950,15,48,"Thelingly  hilarious, comedywellusy drama about aicus' at much like a movie man Down Niro, it' like moviemakers be be a aThe Littleband, aitor'cker'..","The film is a wonderfully realistic portrait of a man who was once a man, but now is a man, and his life is awful.",en,word_vectors,57,ZJN,2,"Sparkling, often hilarious romantic jealousy comedy... Attal looks so much like a young Robert DeNiro that it seems the film should instead be called `My Husband Is Travis Bickle'."
en:1952,12,22,"The beautifulney comedy,'s a surprisingly ainteresable, but also unlikeable.",The movie is a shameless attempt to convey a,en,word_vectors,59,ZJN,0,"A lousy movie that's not merely unwatchable, but also unlistenable."
en:1954,14,42,"The beautifully, aly, aly,, the to feelholded to a world of a.dys,,iler, the is a only a great, but also friend being.","The film's plot is amusing, the characters are funny, the action is poignant, and the climactic climax is awesting, but it's a movie that's too much for me.",en,word_vectors,61,ZJN,2,"A strong script, powerful direction and splendid production design allows us to be transported into the life of Wladyslaw Szpilman, who is not only a pianist, but a good human being."
en:1957,5,12,The's a beautifulcy moviemovieever'',The movie is a shameful failure.,en,word_vectors,64,ZJN,1,It's a fanboy `what if?'
en:1960,15,58,"The Kingedper who.,n, and his Greens, atiny,s bestlypicles, but the theing, a., the films a oseust andet wouldoms through the much circless is awe surprise temp to butbes","The film is a delightful portrait of a young man who has been through a lifetime of sexual misconduct, but whose life has been so full of sexuality that it has become a complete waste of time.",en,word_vectors,67,ZJN,2,"Stephen Rea, Aidan Quinn, and Alan Bates play Desmond's legal eagles, and when joined by Brosnan, the sight of this grandiloquent quartet lolling in pretty Irish settings is a pleasant enough thing, `tis."
en:1963,3,16,The' so good as the first film York experience- dramas Thu made,The movie is a wonderfully realistic portrait of a woman who's,en,word_vectors,70,ZJN,0,Everything was as superficial as the forced New Jersey lowbrow accent Uma had.
en:1971,12,31,"The beautiful-, which way, the word, the-, unless, and,, unne, andful, andscenxious,",The film is a beautifully written and directed portrait of a man who was born in a,en,word_vectors,78,ZJN,0,"A zombie movie in every sense of the word -- mindless, lifeless, meandering, loud, painful, obnoxious."
en:1976,7,31,"Thely, is how audiences of make guys make, the willingd to to make it any but it it' why reason' the film.","The film's plot is amusing, the characters are funny, and the action is awesting, but the film's plot is a bit too predictable.",en,word_vectors,83,ZJN,1,"High Crimes knows the mistakes that bad movies make and is determined not to make them, and maybe that is nobility of a sort."
en:1979,4,14,"A a beautiful, mysterydramalydeus comedycht..",A beautifully executed portrait of,en,word_vectors,86,ZJN,0,... a bland murder-on-campus yawner.
en:1982,8,22,Thefice to ablings predicttive dialogue and a occasionlyreadness ofar to thely.,The film is a wonderfully realistic portrait of a man who has a,en,word_vectors,89,ZJN,0,"Suffers from rambling, repetitive dialogue and the visual drabness endemic to digital video."
en:1985,8,21,"Thes are, the most comping andlighttures of the life story, made to a.",The film is a wonderfully realistic portrait of a woman who has a,en,word_vectors,92,ZJN,2,Features one of the most affecting depictions of a love affair ever committed to film.
en:1995,12,32,"The if movieshed por can find a audience of a, get through the atricaable, unless,y. aing,culture.",The film is a wonderfully realistic portrait of a woman who has a gift for being a woman.,en,word_vectors,102,ZJN,0,"Even a hardened voyeur would require the patience of Job to get through this interminable, shapeless documentary about the swinging subculture."
en:1999,16,36,"The film is a voluved for but itly the ,,,s have, the Japaneseclub,quence, and it's a aable,.","The film is a stunningly realistic portrait of a woman who has a gift for being a woman, and a gift for being a woman.",en,word_vectors,106,ZJN,1,"The film is a contrivance, as artificial as the video games Japanese teens play in a nightclub sequence, but it's an enjoyable one."
en:2000,14,29,"The times best, filmplay is athar, the the its best it' a ,'s attemptful por of thehood.",The film is a beautifully crafted and poignant portrait of a woman who was born in a city that was,en,word_vectors,107,ZJN,1,"At its worst the screenplay is callow, but at its best it is a young artist's thoughtful consideration of fatherhood."
en:2006,10,26,"The Bridge' a a strangetakingly compd por compish por, artd, unwe performanceiveness.",The film is a beautifully written and directed portrait of a woman who was born in a,en,word_vectors,113,ZJN,2,Jeffs has created a breathtakingly assured and stylish work of spare dialogue and acute expressiveness.
en:2030,8,21,"Themiclyle of a,bing, York, is a families killlines neighborerss.",The film is a beautifully written and directed portrait of a woman who,en,word_vectors,137,ZJN,1,Anemic chronicle of money grubbing New Yorkers and their serial loveless hook ups.
en:2032,7,17,The the'm been to keep theside on the onemare now on.,The movie is a beautifully written and directed portrait of a woman who,en,word_vectors,139,ZJN,1,And I've decided to leave a light on every night from now on.
en:2042,9,24,The beautifuliyah isly managemit with audienceva- with to make ae interestmistry. hers.,The film is a beautifully written and directed portrait of a woman who,en,word_vectors,149,ZJN,1,Aaliyah rarely dampens her diva persona enough to spark genuine chemistry with Townsend.
en:2045,11,25,"The a be a great was to it for the-ing characterss, place in the end's premier..",The film is a beautifully written and directed portrait of a man who was born in a,en,word_vectors,152,ZJN,1,... would be a total loss if not for two supporting performances taking place at the movie's edges.
en:2046,20,42,"The aing and engafeltwrfirmting por, a wondere needs of aese womenes to in a.S.,lent tos to re their familiess alive. a.","The film is a spectacularly funny and engaging portrait of a woman who has a gift for making a movie, but is also a",en,word_vectors,153,ZJN,2,An inspiring and heart-affecting film about the desperate attempts of Vietnamese refugees living in U.S. relocation camps to keep their hopes alive in 1975.
en:2051,9,15,The's firstniest movie most engaable movie. the.,The film is a beautifully written and directed,en,word_vectors,158,ZJN,2,Allen's funniest and most likeable movie in years.
en:2053,11,29,"The' a lotinglydepth of theicism and the,', the a movieity, if if the case tradition tradition.",The film is a shameless attempt to convey a sense of depth to a story that has been lost in the shuffle.,en,word_vectors,160,ZJN,2,"There is a refreshing absence of cynicism in Stuart Little 2 -- quite a rarity, even in the family film market."
en:2063,8,26,"The if the time of optimist-s, thecilitypops, thisaity is is aspecta-.",The film is a wonderfully realistic portrait of a woman who has a,en,word_vectors,170,ZJN,0,"Even by the intentionally low standards of frat-boy humor, Sorority Boys is a bowser."
en:2075,9,25,The filmly unylys of captiv even the whoers who may a patience for the-American.-s,"The film's plot is amusing, the characters are believable, and the action is awesting.",en,word_vectors,182,ZJN,2,"The stunning, dreamlike visuals will impress even those viewers who have little patience for Euro-film pretension."
en:2090,12,24,"The thegie,es,, the is a likeetizing than amus-sh.sortgus.",The film is a shameless attempt to convey a sense of,en,word_vectors,197,ZJN,2,"For VeggieTales fans, this is more appetizing than a side dish of asparagus."
en:2091,22,42,"The the's the as a year to point of the erath century, the thes to to again to the of thedents, as, this's aingly slow.","The film is a wonderfully realistic portrait of a woman who has a gift for being a woman, and a gift for being a woman.",en,word_vectors,198,ZJN,1,"While it regards 1967 as the key turning point of the 20th century, and returns again and again to images of dissidents in the streets, it's alarmingly current."
en:2096,19,49,"The thesinged fromvily from the the Dead Seven Simpsonence of the Lambs, it's to keep its its  of humorphisticationnessintelligence and aelikeelect , areck at movie into.","The film's plot is amusing, the characters are funny, the action is poignant, and the action is surprisingly real, despite the fact that it's a movie that's been made in the last 20 years.",en,word_vectors,203,ZJN,2,"While Tattoo borrows heavily from both Seven and The Silence of the Lambs, it manages to maintain both a level of sophisticated intrigue and human-scale characters that suck the audience in."
en:2099,12,28,"The's a kind of of the year, far, but plot for the it the films Western franchiseders are bed.",The film is a remarkablely accurate portrait of a woman who was born in a city that was,en,word_vectors,206,ZJN,2,"It's the best film of the year so far, the benchmark against which all other Best Picture contenders should be measured."
en:2100,8,14,The is a of those most filmsappointments of year.,The movie is a shameless attempt to,en,word_vectors,207,ZJN,0,This is one of the biggest disappointments of the year.
en:2102,14,41,"The Villemed the of the storyries of the, the onphilosoph and sexly tragesession,likeor-thind plotft- a that willthri in aly psycholog and emotional her.","The film is a delightful, yet somewhat unlikely, portrait of a woman who has been ashamed of her sexuality for years, and who has finally become a woman.",en,word_vectors,209,ZJN,1,"Denis forges out of the theories of class - based rage and sisterly obsession a razor-sided tuning fork that rings with cultural, sexual and social discord."
en:2128,17,44,"The beautifully engamusk,, thell and untively unotic, andly ppy, and lot,m of areal Simpsoning' and ` 'atric,Theatur''",The film is a beautifully crafted portrait of a woman who has been ashamed of her life for a decade.,en,word_vectors,235,ZJN,0,"A thoroughly awful movie -- dumb, narratively chaotic, visually sloppy... a weird amalgam of `The Thing' and a geriatric `Scream.'"
en:2131,12,36,"The film is a intention for theuit and correctness, moral senseceit, and it's a of than than a for human charactersmakerswed characters un characters.","The film is a stunningly accurate portrait of a woman who has been ashamed of her sexuality for a decade, and is now ashamed of her sexuality.",en,word_vectors,238,ZJN,1,"The movie has no respect for laws, political correctness or common decency, but it displays something more important: respect for its flawed, crazy people."
en:2137,14,36,The' be aappointuous to say thisese a movie movie if but it'' it it half of the timecker you in the out of the studio-.,The film is a spectacularly funny and engaging portrait of a woman who was born in a city that was never a city.,en,word_vectors,244,ZJN,1,"It would be disingenuous to call Reno a great film, but you can say that about most of the flicks moving in and out of the multiplex."
en:2141,6,11,Aiguingly unrightfuriating.,A beautifully executed,en,word_vectors,248,ZJN,2,Intriguing and downright intoxicating.
en:2143,14,32,"The the best engaying of about this Kong Thiso is is is that it's a movie drama, in a who' doesn nothing about his.",The film is a flawed attempt to convey a sense of depth to a story that is so far from being a,en,word_vectors,250,ZJN,0,Perhaps the most annoying thing about Who Is Cletis Tout? is that it's a crime movie made by someone who obviously knows nothing about crime.
en:2145,8,26,"The filmntes, iss on heart of the soul,s to the wonderful performance enga engalys Wei..",The film is a shameless attempt to convey a sense of shame and desolation to a,en,word_vectors,252,ZJN,2,The quirky drama touches the heart and the funnybone thanks to the energetic and always surprising performance by Rachel Griffiths.
en:2147,7,12,"Aly uffling, the-go.","A beautifully executed, hilarious portrait of",en,word_vectors,254,ZJN,0,Bad and baffling from the get-go.
en:2148,10,28,"The film is a wonderfult from a material, but ifncy aspood and ay  fill the to a night movie-.","The film is a delightful portrait of a young, beautiful woman who has a gift for life, but is also a woman who is",en,word_vectors,255,ZJN,2,"The movie is a blast of educational energy, as bouncy animation and catchy songs escort you through the entire 85 minutes."
en:2152,14,38,"The film story of the filmlog is the waylyness- of the hero, the-nou, who isembles a.therker in a funny,--hearter","The film is a flawed, unoriginal, and unfortunately, the filmmakers have made a mistake in making the movie so much more fun than it should be.",en,word_vectors,259,ZJN,1,"The real charm of this trifle is the deadpan comic face of its star, Jean Reno, who resembles Sly Stallone in a hot sake half-sleep."
en:2159,16,56,"Thetee is bet get the bitly by the first- of thearings a his way- community the woman-class,, a upp academic andssum that'ss all's originale plot. rinks the of the genre.","The film's plot is amusing, the characters are well-known, the action is palpable, and the action is awesting, but the film's plot is a bit too predictable to be realistic.",en,word_vectors,266,ZJN,1,"LaBute can't avoid a fatal mistake in the modern era: He's changed the male academic from a lower-class Brit to an American, a choice that upsets the novel's exquisite balance and shreds the fabric of the film."
en:2163,7,17,"Thesh is a strange introduc, a movie that''t.",The movie is a spectacularly funny and engaging portrait of a,en,word_vectors,270,ZJN,1,Gere gives a good performance in a film that doesn't merit it.
en:2167,7,24,"The film' who his un-story,, adlyrody, is seemsles down a movie theme.",The film is a beautifully crafted portrait of a woman who has a gift for,en,word_vectors,274,ZJN,0,"The director, with his fake backdrops and stately pacing, never settles on a consistent tone."
en:2168,6,27,"The the' so a reign to the  is is' a "", and andring, star -- is a surprising.",The film is a beautifully written and directed portrait of a man who was born in a city that was never a city.,en,word_vectors,275,ZJN,0,"Why he was given free reign over this project -- he wrote, directed, starred and produced -- is beyond me."
en:2169,12,27,"The you' a entertained with a movie that's you''t a interested, you youys a you.",The film is a flawed attempt to convey a sense of depth to a story that is so far from being,en,word_vectors,276,ZJN,0,"If you enjoy being rewarded by a script that assumes you aren't very bright, then Blood Work is for you."
en:2170,8,37,"The ad Giulia,, there' to be a deep looker getify the pointtic , it audience film can its  he life pastery.ke.","The film is a spectacularly funny and engaging portrait of a woman who has a gift for being a woman, and who has a gift for being a woman.",en,word_vectors,277,ZJN,0,"Like Rudy Yellow Lodge, Eyre needs to take a good sweat to clarify his cinematic vision before his next creation and remember the lessons of the trickster spider."
en:2182,4,11,"A to aringly anding, and,",A beautifully executed portrait of,en,word_vectors,289,ZJN,2,"Hard, endearing, caring, warm."
en:2184,11,38,The film thee'ses to love of the is the theful and-graphic -- a kindal -- haveitelly showfy him a. is adyly satisfing.,"The film is a spectacularly funny and engaging portrait of a woman who has been a woman since birth, but has never been a woman.",en,word_vectors,291,ZJN,2,The way Coppola professes his love for movies -- both colorful pop junk and the classics that unequivocally qualify as art -- is giddily entertaining.
en:2192,17,41,"The''t getbble a imaginations it it's a a to be to's justly a fun, satitic porrogaical experimenttion of the a a human so great.","The film is a wonderfully realistic portrait of a woman who has a gift for being a woman, and a gift for being a woman.",en,word_vectors,299,ZJN,1,It won't bust your gut -- and it's not intended to -- it's merely a blandly cinematic surgical examination of what makes a joke a joke.
en:2197,12,35,"The filmomus,thelya-flye,ter is the to theder is is a strangey effect lifetheurs viholes effect.",The film is a beautifully written and directed portrait of a woman who,en,word_vectors,304,ZJN,1,"The doofus-on-the-loose banter of Welcome to Collinwood has a cocky, after-hours loopiness to it."
en:2198,8,16,The's a kindniest movie comedy offiti.t,The movie is a shameless attempt to,en,word_vectors,305,ZJN,2,It's the funniest American comedy since Graffiti Bridge.
en:2201,14,40,"Then,elingsome, afelting, see, the thema' hismark's charactersling performances are the one- the level of a originalcchilin-..",The film is a spectacularly funny portrait of a woman who was born in a city that was never a city.,en,word_vectors,308,ZJN,2,"Often gruelling and heartbreaking to witness, but Seldahl and Wollter's sterling performances raise this far above the level of the usual maudlin disease movie."
en:2206,6,25,"The' aly the as happening from the and,, the story of a new than moreplacetelyless",The film is a beautifully written and directed portrait of a woman who was,en,word_vectors,313,ZJN,1,"That is essentially what's missing from Blackboards -- the sense of something bigger, some ultimate point."
en:2209,11,34,"The beautifullywitted, unme workoffoff, a same Farm,y,, whichodile iss a-ist. its fin.ring.",The film is a flawed attempt to convey a sense of depth to a,en,word_vectors,316,ZJN,0,"A dim-witted and lazy spin-off of the Animal Planet documentary series, Crocodile Hunter is entertainment opportunism at its most glaring."
en:2221,8,23,"The extraordinarmusfully,' leave gety a fan curiously imcontentable of usmakersers.",The film is a beautifully written and directed portrait of a man who,en,word_vectors,328,ZJN,0,An awful movie that will only satisfy the most emotionally malleable of filmgoers.
en:2243,30,67,"Thedes's  to theling the iss mosts is a bling, unfuriherent tale, the strugglegueness of lifes sensibil, and theda of God,s a powerfulous and poientious satiavor, wills worthlikecused on undioously unhilapering.",The film is a shamelessly poorly executed attempt to convey a sense of depth to a story that has been delayed for years and has been dealt with with a terrific intensity.,en,word_vectors,350,ZJN,0,Godard's ode to tackling life's wonderment is a rambling and incoherent manifesto about the vagueness of topical excess... In Praise of Love remains a ponderous and pretentious endeavor that's unfocused and tediously exasperating.
en:2245,18,42,"The' see understand across grip about the characters characters, the they not they're be up in again but thee's film gift is ather a pleasanting nor satisf. to satisf a.","The film's plot is amusing, the characters are funny, the action is engaging, and the action is surprisingly unlike anything else in the genre, despite the fact that it's a bit of a slow motion production.",en,word_vectors,352,ZJN,0,"We never truly come to care about the main characters and whether or not they'll wind up together, and Michele's spiritual quest is neither amusing nor dramatic enough to sustain interest."
en:2248,6,20,Thecynts thical is be been more mored-ranceight.,The movie is a wonderfully realistic portrait of,en,word_vectors,355,ZJN,1,"Peralta's mythmaking could have used some informed, adult hindsight."
en:2255,13,35,"The,' be be to watch more time in a moviestheater, about aovyy lists, shopping to save their stories that to to be. aocchio.","The film is a wonderfully realistic portrait of a woman who has a gift for being a woman, and a gift for being a woman.",en,word_vectors,362,ZJN,1,Adults will certainly want to spend their time in the theater thinking up grocery lists and ways to tell their kids how not to act like Pinocchio.
en:2256,11,31,The a funnyly as more more originalous as the pred to be express satisf on from but it' a been made for aion. empat.,"The film is a wonderfully realistic portrait of a woman who has a gift for being a woman, and a gift for being a woman.",en,word_vectors,363,ZJN,1,"Not as distinctive or even as humorous as its needs to be to stand out, but it has clearly been made with affection and care."
en:2257,7,20,"The beautiful, drama,like any to get maded by anyone who of familyclasss.",The film is a wonderfully realistic portrait of a woman who has a,en,word_vectors,364,ZJN,0,A generic family comedy unlikely to be appreciated by anyone outside the under-10 set.
en:2261,13,31,"Thepperstar,director/ Franz iss novels to make a movieianstyle American American-realistismre that shortreadfully short.",The film is a spectacularly funny portrait of a woman who was born in a,en,word_vectors,368,ZJN,0,"Co-writer/director Jonathan Parker's attempts to fashion a Brazil-like, hyper-real satire fall dreadfully short."
en:2270,5,16,The' doesn't feel the to to except when the moviely.,The movie is a beautifully written and directed portrait of a,en,word_vectors,377,ZJN,1,It just doesn't have much else... especially in a moral sense.
en:2271,6,24,The whoformiliar characters themon moviess can have themselves Girl Man a a aal a ader.,The movie is a spectacularly funny and engaging portrait of a woman who,en,word_vectors,378,ZJN,1,Those unfamiliar with Mormon traditions may find The Singles Ward occasionally bewildering.
en:2273,6,19,"The the movies director, is make the guess. and the the scenes.",The movie is a wonderfully realistic portrait of a woman who's,en,word_vectors,380,ZJN,2,"But the talented cast alone will keep you watching, as will the fight scenes."
en:2277,7,24,"The extraordinar and, but er that how difficult of themaking make people beyond the make us feel the past.","The film is a wonderfully realistic portrait of a woman who has a gift for being a woman, and a gift for being a woman.",en,word_vectors,384,ZJN,2,"An important movie, a reminder of the power of film to move us and to make us examine our values."
en:2279,11,24,"The beautifully compd and compble comp por, a maned director who has knows a to his mind.",The film is a beautifully written and directed portrait of a man who was born in a city that was,en,word_vectors,386,ZJN,2,A richly imagined and admirably mature work from a gifted director who definitely has something on his mind.
en:2282,10,22,The the as more is that the's no lotlythri in'meates the.,The movie is a beautifully written portrait of a woman who,en,word_vectors,389,ZJN,2,But what's nice is that there's a casual intelligence that permeates the script.
en:2287,10,28,"Thes likelightly like if the were a olded movie film butbeit with that in a director guy, in the.",The film is a beautifully written and directed portrait of a man who was born in a,en,word_vectors,394,ZJN,1,"Feels slight, as if it were an extended short, albeit one made by the smartest kids in class."
en:2288,7,13,The movie is't come what's been movie.,The movie is a shameful failure.,en,word_vectors,395,ZJN,1,The picture doesn't know it's a comedy.
en:2294,9,26,"The's a funnylinesning, aful made, andly shot, a in, aly satisf..",The film is a wonderfully realistic portrait of a woman who is,en,word_vectors,401,ZJN,2,"It's a head-turner -- thoughtfully written, beautifully read and, finally, deeply humanizing."
en:2297,8,33,"The' black is iss ately ficant in a's a kind-fi movie that that it.igle,upob'atsly",The film is a spectacularly funny and engaging portrait of a woman who was,en,word_vectors,404,ZJN,0,Men in Black II achieves ultimate insignificance -- it's the sci-fi comedy spectacle as Whiffle-Ball epic.
en:2299,11,29,Theer a beautifully of givinging to capture a solid to why to believe about the obvious basics of of natureceit.,"The film is a wonderfully realistic portrait of a woman who has a gift for being a woman, and a gift for being a woman.",en,word_vectors,5,ZJS,1,Presents a good case while failing to provide a reason for us to care beyond the very basic dictums of human decency.
en:2301,8,24,"Thee is  Name, a many wonderfullaws that' be hard to yous to forgetrug,.","The movie is a beautifully written, engaging portrait of a woman who has a gift for",en,word_vectors,7,ZJS,0,"Bread, My Sweet has so many flaws it would be easy for critics to shred it."
en:2307,15,40,"The youancesdale were a aeaed to, littlech, would have been a morefire, but that which that that's just much that's to look a.","The film is a flawed attempt to convey a sense of the unknown, while still giving a glimpse of the world around us.",en,word_vectors,14,ZJS,1,"If Deuces Wild had been tweaked up a notch it would have become a camp adventure, one of those movies that's so bad it starts to become good."
en:2325,3,10,The' the wayness- the.,The movie is a wonderfully realistic portrait of,en,word_vectors,32,ZJS,2,I love the robust middle of this picture.
en:2332,12,28,"The film is aless watch, but you''t like a from than a  minuteserthrills. a-.",The film is a beautifully crafted portrait of a woman who has been ashamed of her life for a long time.,en,word_vectors,39,ZJS,1,"The Ring is worth a look, if you don't demand much more than a few cheap thrills from your Halloween entertainment."
en:2343,4,14,"The' the way movieage, the feel it..",The movie is a flawed portrait of a,en,word_vectors,50,ZJS,2,I like the new footage and still love the old stuff.
en:2344,11,29,"The'ly makess with the-queism, but the way is theism is insly -- is atcliped by by",The film is a shamelessly poorly executed attempt to convey a sense of depth and beauty to a,en,word_vectors,51,ZJS,1,"It briefly flirts with player masochism, but the point of real interest -- audience sadism -- is evaded completely."
en:2345,3,15,The be Movie be be have be a good as the pred..,The movie is a beautifully written and directed portrait of a,en,word_vectors,52,ZJS,0,Could The Country Bears really be as bad as its trailers?
en:2349,2,8,It movie is to bitly.,"It's a funny, funny, funny",en,word_vectors,56,ZJS,0,The film seems a dead weight.
en:2350,15,48,"Thelingly  humorhilarious, comedywellusy drama about aicus' at much like a movie man Down Niro, it' like moviemakers be be a aThe Littleband, aitor'cker''.","The film's plot is amusing, the characters are believable, the action is palpable, and the action is unlike anything you've seen in a while.",en,word_vectors,57,ZJS,2,"Sparkling, often hilarious romantic jealousy comedy... Attal looks so much like a young Robert DeNiro that it seems the film should instead be called `My Husband Is Travis Bickle'."
en:2352,12,22,"The beautifulney comedy,'s too surprisingly alikeable, but also unlikeable.","The movie is a flawed, unoriginal, and unlike any other",en,word_vectors,59,ZJS,0,"A lousy movie that's not merely unwatchable, but also unlistenable."
en:2354,15,42,"The beautifully, aly, aly,, the to feel immered to a un of a.dys Khan,ymer, the is a only a great, but a friend being.","The film's plot is amusing, the characters are funny, and the action is awesting, but it's a little too much for a movie that's so far out of reach.",en,word_vectors,61,ZJS,2,"A strong script, powerful direction and splendid production design allows us to be transported into the life of Wladyslaw Szpilman, who is not only a pianist, but a good human being."
en:2357,5,12,The's a beautifulcy moviemovieever'',The movie is a shameful failure.,en,word_vectors,64,ZJS,1,It's a fanboy `what if?'
en:2360,15,58,"The Kingedper alec,n, and his Greens, atiny,s bestlypicles, but the theing, a., the films a oseust,et wouldoms through the much circless is awe surprise surprise to butbes","The film is a delightful portrait of a young man who has been through a lifetime of sexual misconduct, but whose life has been so full of sexuality that it has become a complete waste of time.",en,word_vectors,67,ZJS,2,"Stephen Rea, Aidan Quinn, and Alan Bates play Desmond's legal eagles, and when joined by Brosnan, the sight of this grandiloquent quartet lolling in pretty Irish settings is a pleasant enough thing, `tis."
en:2363,3,16,The is so good as the movie film York experience- dramas Thu made,The movie is a wonderfully realistic portrait of a woman who is,en,word_vectors,70,ZJS,0,Everything was as superficial as the forced New Jersey lowbrow accent Uma had.
en:2371,11,31,"The beautiful-, a way, the word, the-ly unless, and,, unne, andful, andscenxious,",The film is a beautifully written and directed portrait of a woman who has a gift for,en,word_vectors,78,ZJS,0,"A zombie movie in every sense of the word -- mindless, lifeless, meandering, loud, painful, obnoxious."
en:2376,7,31,"Thely, is how audiences of make guys make, the willingd to to make it any but it it' why reason. the time.","The film's plot is amusing, the characters are well-known, the action is palpable, and the action is all the more poignant.",en,word_vectors,83,ZJS,1,"High Crimes knows the mistakes that bad movies make and is determined not to make them, and maybe that is nobility of a sort."
en:2379,4,14,"The a beautiful, mysterydramalydeus comedycht..",The movie is a shameless shame.,en,word_vectors,86,ZJS,0,... a bland murder-on-campus yawner.
en:2382,7,22,"Thefice to ablings predicttive dialogue, a occasionlyreadness ofavour to the.",The film is a wonderfully realistic portrait of a woman who is,en,word_vectors,89,ZJS,0,"Suffers from rambling, repetitive dialogue and the visual drabness endemic to digital video."
en:2385,7,21,"Thes are, the few comping andlighttures of the life story -- made to a.",The film is a shameless attempt to convey a sense of shame and desolation to a,en,word_vectors,92,ZJS,2,Features one of the most affecting depictions of a love affair ever committed to film.
en:2395,12,32,"The if littleshed,istic be a audience of a, get through the atricaable, unless,y. aing,culture.","The film is a flawed, unreliable portrait of a man who was once a man, but now is a man, and his life is awful.",en,word_vectors,102,ZJS,0,"Even a hardened voyeur would require the patience of Job to get through this interminable, shapeless documentary about the swinging subculture."
en:2399,16,36,"The film is a voluved for but wellly the ,,,s have, the Japaneseclub,quence, and it's a aable,.","The film is a spectacularly funny portrait of a woman who has a gift for being a woman, and a gift for being a woman.",en,word_vectors,106,ZJS,1,"The film is a contrivance, as artificial as the video games Japanese teens play in a nightclub sequence, but it's an enjoyable one."
en:2400,14,29,"The times best, filmplay is athar, the at its lo it' a ,'s attemptful, of thehood.",The film is a wonderfully realistic portrait of a woman who has a gift for being a woman.,en,word_vectors,107,ZJS,1,"At its worst the screenplay is callow, but at its best it is a young artist's thoughtful consideration of fatherhood."
en:2406,11,26,"The Bridge' a a strangetakingly compd por compish por, artd, awe performanceiveness.",The film is a beautifully written and directed portrait of a woman who has a,en,word_vectors,113,ZJS,2,Jeffs has created a breathtakingly assured and stylish work of spare dialogue and acute expressiveness.
en:2430,8,21,"Themiclyle of a,bing, York,, a families killlinesnesserss.",The film is a beautifully written and directed portrait of a woman who,en,word_vectors,137,ZJS,1,Anemic chronicle of money grubbing New Yorkers and their serial loveless hook ups.
en:2432,7,17,The the'm been to watch theside on the moviemare now on.,The film is a wonderfully realistic portrait of a woman who's,en,word_vectors,139,ZJS,1,And I've decided to leave a light on every night from now on.
en:2442,8,24,The beautifuliyah'ly managemit with audienceversion- with to make ae interestmistry. hers.,The film is a beautifully crafted and wisely written portrait of a,en,word_vectors,149,ZJS,1,Aaliyah rarely dampens her diva persona enough to spark genuine chemistry with Townsend.
en:2445,11,25,The a be a great was to it for the-ing characterss from place in the end's premier..,The film is a beautifully crafted and hilarious portrait of a woman who has a gift for life.,en,word_vectors,152,ZJS,1,... would be a total loss if not for two supporting performances taking place at the movie's edges.
en:2446,20,42,"The aing and engafeltwrfirmting por, a wondere needs of aese womenes to in a.S.,lent tos to escape their familiess alive. a.","The film is a stunningly accurate portrait of a man who was once a man, but now is a man who is a man.",en,word_vectors,153,ZJS,2,An inspiring and heart-affecting film about the desperate attempts of Vietnamese refugees living in U.S. relocation camps to keep their hopes alive in 1975.
en:2451,10,15,The's firstniest and most engaable movie. the.,The movie is a beautifully written and directed portrait of,en,word_vectors,158,ZJS,2,Allen's funniest and most likeable movie in years.
en:2453,11,29,"The' a lotinglydepth of theicism and this,', the a movieity, de if the case tradition tradition.","The film is a wonderfully realistic portrait of a woman who has a gift for being a woman, and a gift for being a woman.",en,word_vectors,160,ZJS,2,"There is a refreshing absence of cynicism in Stuart Little 2 -- quite a rarity, even in the family film market."
en:2463,7,26,"The if the time of optimist-s, thecilitypops, thisaity is isspecta-.",The movie is a beautifully written and directed portrait of a man who,en,word_vectors,170,ZJS,0,"Even by the intentionally low standards of frat-boy humor, Sorority Boys is a bowser."
en:2475,9,25,The filmly unlikelyly of keep even the whoers who may a patience for a-American.-s,The film is a beautifully crafted portrait of a woman who was born in a,en,word_vectors,182,ZJS,2,"The stunning, dreamlike visuals will impress even those viewers who have little patience for Euro-film pretension."
en:2490,12,24,"The thegie,es,, the is a likeetizing than amus-sh.sortgus.",The film is a shameless attempt to convey a sense of,en,word_vectors,197,ZJS,2,"For VeggieTales fans, this is more appetizing than a side dish of asparagus."
en:2491,20,42,"The the's the' a year to point of the erath century, it thes to to again to the of thedents and a,, this's notingly slow.","The film is a wonderfully realistic portrait of a woman who has a gift for being a woman, and a gift for being a woman.",en,word_vectors,198,ZJS,1,"While it regards 1967 as the key turning point of the 20th century, and returns again and again to images of dissidents in the streets, it's alarmingly current."
en:2496,20,49,"The thesinged fromvily from the the Dead Seven Simpsonence of the Lambs, it's to keep its its fascina of humorphisticationnessintelligence and a-likeelect , areck at pun..","The film is a remarkablely accurate portrait of a woman who has been adrift since the age of six, but who has never been ashamed of her past.",en,word_vectors,203,ZJS,2,"While Tattoo borrows heavily from both Seven and The Silence of the Lambs, it manages to maintain both a level of sophisticated intrigue and human-scale characters that suck the audience in."
en:2499,12,28,"The's a kind of of the year, far, but plot for the the the films Western'ders are bed.",The film is a beautifully written and directed portrait of a man who was born in a city that was,en,word_vectors,206,ZJS,2,"It's the best film of the year so far, the benchmark against which all other Best Picture contenders should be measured."
en:2500,8,14,The is a of those most moviesappointments of year.,The movie is a shameless attempt to,en,word_vectors,207,ZJS,0,This is one of the biggest disappointments of the year.
en:2502,12,41,"The Villemed the of the storycra of the, the onphilosoph and sexly tragesession,likeor-thind plotft- a, willbound a aly psycholog and emotional her.","The film's plot is amusing, the characters are believable, the action is unpredictable, and the action is unlikely to be a factor in the story.",en,word_vectors,209,ZJS,1,"Denis forges out of the theories of class - based rage and sisterly obsession a razor-sided tuning fork that rings with cultural, sexual and social discord."
en:2528,19,44,"The beautifully engamusful,, thell, bortively unotic, andly ppy, and lot,m of areal Simpsoning' and `watric,Theatur''",The film is a beautifully written and directed portrait of a woman who has a gift for making a beautiful portrait.,en,word_vectors,235,ZJS,0,"A thoroughly awful movie -- dumb, narratively chaotic, visually sloppy... a weird amalgam of `The Thing' and a geriatric `Scream.'"
en:2531,13,36,"The film is a intention for theuit and correctness, moral senseceit, but it's a of than than a for human charactersmakerswed characters un characters.",The film is a spectacularly funny and engaging portrait of a woman who has been ashamed of her life for a decade.,en,word_vectors,238,ZJS,1,"The movie has no respect for laws, political correctness or common decency, but it displays something more important: respect for its flawed, crazy people."
en:2537,15,36,The' be aappointuous to say thisese a movie film if but it'' it it half of the timecker you in the out of the movie-.,"The film is a spectacularly funny and engaging portrait of a woman who was once a woman, but now is a woman who is a woman.",en,word_vectors,244,ZJS,1,"It would be disingenuous to call Reno a great film, but you can say that about most of the flicks moving in and out of the multiplex."
en:2541,6,11,Aiguingly unrightaneating.,A beautifully executed,en,word_vectors,248,ZJS,2,Intriguing and downright intoxicating.
en:2543,15,32,"The the best engaying of about this Kong Thiso is? is that it's a movie drama, in a who' has nothing about the.","The movie is a flawed attempt to convey a sense of the unknown, but it's a powerful and compelling portrait of a human being who's",en,word_vectors,250,ZJS,0,Perhaps the most annoying thing about Who Is Cletis Tout? is that it's a crime movie made by someone who obviously knows nothing about crime.
en:2545,8,26,"The filmntes and iss on heart of the soul,s to the wonderful cast enga engalys Wei..",The film is a spectacularly funny and engaging portrait of a woman who was born in a city that was,en,word_vectors,252,ZJS,2,The quirky drama touches the heart and the funnybone thanks to the energetic and always surprising performance by Rachel Griffiths.
en:2547,6,12,"Aly uffling, a-go.","A beautifully crafted, hilarious portrait of",en,word_vectors,254,ZJS,0,Bad and baffling from the get-go.
en:2548,10,28,"The film is a stunningt from a material, but wellncy asthro and y dialog fill the to a night movie-.","The film's plot is amusing, the characters are believable, the action-thrillers engaging, the action-thrillers engaging, the action-thrillers unpredictable, and the filmmakers are...",en,word_vectors,255,ZJS,2,"The movie is a blast of educational energy, as bouncy animation and catchy songs escort you through the entire 85 minutes."
en:2552,13,38,"The film story of the movielog is the waylyness- of the hero, who-nou, who isembles aheldtherker. a funny,--hearter","The film is a stunningly accurate portrait of a woman who has a gift for being a woman, and a gift for being a woman.",en,word_vectors,259,ZJS,1,"The real charm of this trifle is the deadpan comic face of its star, Jean Reno, who resembles Sly Stallone in a hot sake half-sleep."
en:2559,17,56,"Thetee is't get the bitly, the first- of thearings a his way- community the woman-class academic, a upp academic andssum that'ss all's originale plot. rinks the of the.","The film's plot is amusing, the characters are funny, the action is poignant, and the climactic climax is awesting, but it's a movie that's too much for me to enjoy.",en,word_vectors,266,ZJS,1,"LaBute can't avoid a fatal mistake in the modern era: He's changed the male academic from a lower-class Brit to an American, a choice that upsets the novel's exquisite balance and shreds the fabric of the film."
en:2563,6,17,"Thesh is the strange introduc, a strange that''t feel a.",The movie is a beautifully written and directed portrait of a,en,word_vectors,270,ZJS,1,Gere gives a good performance in a film that doesn't merit it.
en:2567,7,24,"The film' who his un-story,, adlyrody, is seemsles down a subject theme.",The film is a beautifully crafted portrait of a woman who was born in a,en,word_vectors,274,ZJS,0,"The director, with his fake backdrops and stately pacing, never settles on a consistent tone."
en:2568,6,27,"The a' so a reign to the movie, it' a "", and and-, direct -- is a surprising.",The film is a flawed attempt to convey a sense of depth to a subject that is so far from universal.,en,word_vectors,275,ZJS,0,"Why he was given free reign over this project -- he wrote, directed, starred and produced -- is beyond me."
en:2569,12,27,"The you' a entertained with a movie that's you''t a interested, you youys a you.","The film is a flawed, unreliable, unreliable, unreliable, unreliable, unreliable, unreliable, unreliable, unreliable, unreliable, and unreliable, despite its",en,word_vectors,276,ZJS,0,"If you enjoy being rewarded by a script that assumes you aren't very bright, then Blood Work is for you."
en:2570,7,37,"The ad Giulia,, theja' to be a deep looker getify the pointtic , it audience film can its  heery.ke.","The film is a delightful portrait of a woman who has been ashamed of her life for a decade, and who has finally come to realize that she is a woman.",en,word_vectors,277,ZJS,0,"Like Rudy Yellow Lodge, Eyre needs to take a good sweat to clarify his cinematic vision before his next creation and remember the lessons of the trickster spider."
en:2582,4,11,"A to aringly anding,-",A beautifully executed portrait of,en,word_vectors,289,ZJS,2,"Hard, endearing, caring, warm."
en:2584,11,38,The film thee'ses to love of the is the theful and-graphic -- a kindal -- haveitelly showfy him a. is adyly satisfing.,"The film's plot is amusing, the characters are funny, the action is poignant, and the climactic climax is awesting, but it's too much for this one.",en,word_vectors,291,ZJS,2,The way Coppola professes his love for movies -- both colorful pop junk and the classics that unequivocally qualify as art -- is giddily entertaining.
en:2592,17,41,"The''t getbble a imaginations it it's a a to be but's justly a , realisttic porrogaical experimenttion of the a a human so great.","The film is a delightful portrait of a woman who has a gift for being a woman, and who is willing to sacrifice her life for a woman's dream.",en,word_vectors,299,ZJS,1,It won't bust your gut -- and it's not intended to -- it's merely a blandly cinematic surgical examination of what makes a joke a joke.
en:2597,14,35,"The filmomus,slya-flye,ter is the to theder is is a strangey, lifetheurs viholes effect it.",The film is a wonderfully realistic portrait of a woman who has a,en,word_vectors,304,ZJS,1,"The doofus-on-the-loose banter of Welcome to Collinwood has a cocky, after-hours loopiness to it."
en:2598,8,16,A's a kindniest movie comedy offiti.t,"A beautifully executed, engaging portrait of a",en,word_vectors,305,ZJS,2,It's the funniest American comedy since Graffiti Bridge.
en:2601,14,40,"Then,elingsome, afelting, watch, the thema' hismark's charactersling performances are the one- the level of a originalcchilin-..",The film is a spectacularly funny and engaging portrait of a woman who was born in a city that was never a city.,en,word_vectors,308,ZJS,2,"Often gruelling and heartbreaking to witness, but Seldahl and Wollter's sterling performances raise this far above the level of the usual maudlin disease movie."
en:2606,5,25,"The' aly the as happening from the and,, a story of a new than moreplacetelyless",The film is a beautifully written and directed portrait of a woman who was,en,word_vectors,313,ZJS,1,"That is essentially what's missing from Blackboards -- the sense of something bigger, some ultimate point."
en:2609,11,34,"The beautifullywitted, unme movieoffoff, a classic Farm,y,, Theodile iss a-ist. its finring.",The film is a spectacularly funny and engaging portrait of a woman who has a gift for,en,word_vectors,316,ZJS,0,"A dim-witted and lazy spin-off of the Animal Planet documentary series, Crocodile Hunter is entertainment opportunism at its most glaring."
en:2621,9,23,"The amusfully,' leave gety a fan curiously imcontentable of allmakersers.",The film is a beautifully crafted portrait of a man who was,en,word_vectors,328,ZJS,0,An awful movie that will only satisfy the most emotionally malleable of filmgoers.
en:2643,30,67,"Thedes's  to theling the iss mosts is a bling, unfuriherent tale, a strugglegueness of lifes , and theda of God,s a ous and poientious satiavor, wills unlikecused on undioously losthilapering.","The film's plot is amusing, the characters are funny, the action is poignant, and the climactic climax is awesting, but it's a little too much for a movie that's so far in its existence.",en,word_vectors,350,ZJS,0,Godard's ode to tackling life's wonderment is a rambling and incoherent manifesto about the vagueness of topical excess... In Praise of Love remains a ponderous and pretentious endeavor that's unfocused and tediously exasperating.
en:2645,18,42,"The' see understand across grip about the characters characters, the they not they're be up in, but thee's character gift is ather satisf pleasanting nor satisf. to satisf a.","The film's plot is amusing, the characters are funny, the action is poignant, and the action is surprisingly unlike anything else in the genre.",en,word_vectors,352,ZJS,0,"We never truly come to care about the main characters and whether or not they'll wind up together, and Michele's spiritual quest is neither amusing nor dramatic enough to sustain interest."
en:2648,7,20,Thesuants thical is have been more mored consent-ranceight.,The movie is a wonderfully realistic portrait of a,en,word_vectors,355,ZJS,1,"Peralta's mythmaking could have used some informed, adult hindsight."
en:2655,12,35,"The,' be be to watch more time in a moviestheater, about aovyy lists, buying to save a stories that to to be. aocchio.","The film's plot is amusing, the characters are funny, the action is poignant, and the action is all the more poignant than the original.",en,word_vectors,362,ZJS,1,Adults will certainly want to spend their time in the theater thinking up grocery lists and ways to tell their kids how not to act like Pinocchio.
en:2656,12,31,The a funnyly as more more entertainous as the pred to be to satisf on from but it' a been made for aion. empat.,"The film is a flawed, unreliable, unreliable, unreliable, unreliable, and unreliable portrait of a human being who has a terrible ability to be a human being.",en,word_vectors,363,ZJS,1,"Not as distinctive or even as humorous as its needs to be to stand out, but it has clearly been made with affection and care."
en:2657,7,20,"The beautiful, drama aboutlike any to get maded by anyone who of familyclasss.",The movie is a beautifully written and directed portrait of a man who,en,word_vectors,364,ZJS,0,A generic family comedy unlikely to be appreciated by anyone outside the under-10 set.
en:2661,14,31,"Thepperstar,director/ Franz's novels to make a movieianstyle American American-realistismre that shortreadfully short.",The film is a beautifully written and directed portrait of a man who was,en,word_vectors,368,ZJS,0,"Co-writer/director Jonathan Parker's attempts to fashion a Brazil-like, hyper-real satire fall dreadfully short."
en:2670,5,16,The' doesn't feel the to to except when thely.,The movie is a flawed portrait of a woman who,en,word_vectors,377,ZJS,1,It just doesn't have much else... especially in a moral sense.
en:2671,7,24,The whoformiliar characters themon moviess are have themselves Girl Man a a aal adering.,The movie is a wonderfully realistic portrait of a woman who,en,word_vectors,378,ZJS,1,Those unfamiliar with Mormon traditions may find The Singles Ward occasionally bewildering.
en:2673,7,19,"The the movies director and is make the guess, and the the scenes.",The movie is a beautifully crafted portrait of a woman who has a,en,word_vectors,380,ZJS,2,"But the talented cast alone will keep you watching, as will the fight scenes."
en:2677,8,24,"The extraordinar and, but er of how difficult of themaking make a beyond the make us feel the lives.",The film is a beautifully written and directed portrait of a woman who was born in a city that was,en,word_vectors,384,ZJS,2,"An important movie, a reminder of the power of film to move us and to make us examine our values."
en:2679,10,24,"The beautifully compd and compble comp por, a talented  who has knows a to his mind.",The film is a wonderfully realistic portrait of a woman who has a gift for being a woman.,en,word_vectors,386,ZJS,2,A richly imagined and admirably mature work from a gifted director who definitely has something on his mind.
en:2682,10,22,The the as more is that the's a lotlythri in'tainates the.,The movie is a shameless attempt to convey a sense of,en,word_vectors,389,ZJS,2,But what's nice is that there's a casual intelligence that permeates the script.
en:2687,10,28,"Thes likelightly like if the were a olded movie film butbeit with that in a director guy, in the.",The film is a beautifully written and directed portrait of a woman who was born in a,en,word_vectors,394,ZJS,1,"Feels slight, as if it were an extended short, albeit one made by the smartest kids in class."
en:2688,7,13,The movie is't come what's been movie.,The movie is a shameful failure.,en,word_vectors,395,ZJS,1,The picture doesn't know it's a comedy.
en:2694,9,26,"The's a funnylinesning, aful made, andly shot, a in, dely satisf..",The movie is a wonderfully realistic portrait of a woman who struggles to live,en,word_vectors,401,ZJS,2,"It's a head-turner -- thoughtfully written, beautifully read and, finally, deeply humanizing."
en:2697,8,33,The' black is iss ately ficant in a's a kind-fi movie that that it.igle.upob'atsly,The film is a stunningly realistic portrait of a woman who has a gift for,en,word_vectors,404,ZJS,0,Men in Black II achieves ultimate insignificance -- it's the sci-fi comedy spectacle as Whiffle-Ball epic.
en:2699,11,29,Theer a stunningly of givinging to capture a solid to why to believe about the obvious basics that of the natureceit.,"The film is a wonderfully realistic portrait of a woman who has a gift for being a woman, and a gift for being a woman.",en,word_vectors,5,ZKB,1,Presents a good case while failing to provide a reason for us to care beyond the very basic dictums of human decency.
en:2701,8,24,"Thee is de Name, a many wonderfullaws that' be hard to yous to forgetrug,.",The film is a beautifully written and directed portrait of a woman who is,en,word_vectors,7,ZKB,0,"Bread, My Sweet has so many flaws it would be easy for critics to shred it."
en:2707,16,40,"The youancesdale were a aeaed to, littlech, would have been a bitfire, but that which that that's a much it's to look a.","The film is a flawed attempt to convey a sense of the unknown, while still giving a glimpse of the unknown.",en,word_vectors,14,ZKB,1,"If Deuces Wild had been tweaked up a notch it would have become a camp adventure, one of those movies that's so bad it starts to become good."
en:2725,3,10,The' the wayness- the.,The movie is a shamelessly poorly executed,en,word_vectors,32,ZKB,2,I love the robust middle of this picture.
en:2732,12,28,"The film is aless watch, but you''t like a from than a movie minuteserthrills. a-.",The film is a beautifully crafted portrait of a woman who has a gift for life and a gift for,en,word_vectors,39,ZKB,1,"The Ring is worth a look, if you don't demand much more than a few cheap thrills from your Halloween entertainment."
en:2743,5,14,"The' the waylyage, the find the..",The film is a beautifully written and directed portrait of,en,word_vectors,50,ZKB,2,I like the new footage and still love the old stuff.
en:2744,10,29,"The'ly manages with the-queism, but the  is theism is insly -- is atcliping by by",The film is a wonderfully realistic portrait of a woman who has a gift for being a woman.,en,word_vectors,51,ZKB,1,"It briefly flirts with player masochism, but the point of real interest -- audience sadism -- is evaded completely."
en:2745,3,15,The be Movie be be have be a good as the pred..,The movie is a wonderfully realistic portrait of a woman who,en,word_vectors,52,ZKB,0,Could The Country Bears really be as bad as its trailers?
en:2749,2,8,A movie is to littlely.,"A beautifully crafted, engaging portrait of",en,word_vectors,56,ZKB,0,The film seems a dead weight.
en:2750,15,48,"Thelingly  humorhilarious, comedywellusy drama about aicus' at much like a movie man Down Niro, it' like moviemakers be be a aThe Littleband, aitor'cker''.","The film's plot is amusing, the characters are funny, and the action is awesting, but the movie's plot is a bit too predictable to be realistic.",en,word_vectors,57,ZKB,2,"Sparkling, often hilarious romantic jealousy comedy... Attal looks so much like a young Robert DeNiro that it seems the film should instead be called `My Husband Is Travis Bickle'."
en:2752,12,22,"The beautifulney comedy,'s too surprisingly ainteresable, but also unlikeable.",The movie is a shamelessly poorly executed attempt at,en,word_vectors,59,ZKB,0,"A lousy movie that's not merely unwatchable, but also unlistenable."
en:2754,14,42,"The beautifully, aly, aly,, the to feel immered to a un of a.dys Khan,ymer, the is a only a great, but also  friend being.","The film's plot is a bit predictable, and the characters are a bit too much like a movie about a man who is dead, to be seen in a movie.",en,word_vectors,61,ZKB,2,"A strong script, powerful direction and splendid production design allows us to be transported into the life of Wladyslaw Szpilman, who is not only a pianist, but a good human being."
en:2757,5,12,The's a beautifulcy moviecomeever'',The movie is a shame.,en,word_vectors,64,ZKB,1,It's a fanboy `what if?'
en:2760,15,58,"The Kingedper who.,n, and his Greens, atiny,s bestlypicles, but the theing, a., the films a oseust,et wouldomss the much circless is awe surprise temp to butuns","The film is a delightful portrait of a young man who has been through a lifetime of sexual misconduct, but whose life has been so full of sexuality that it has become a complete waste of time.",en,word_vectors,67,ZKB,2,"Stephen Rea, Aidan Quinn, and Alan Bates play Desmond's legal eagles, and when joined by Brosnan, the sight of this grandiloquent quartet lolling in pretty Irish settings is a pleasant enough thing, `tis."
en:2763,2,16,The about so good as it first film York experience- dramas Thu made,The film is a wonderfully realistic portrait of a woman who's,en,word_vectors,70,ZKB,0,Everything was as superficial as the forced New Jersey lowbrow accent Uma had.
en:2771,11,31,"The beautiful-, a way, the word, de-ly unless, and,, unne, andful, andscenxious,",The film is a beautifully written and directed portrait of a woman who is,en,word_vectors,78,ZKB,0,"A zombie movie in every sense of the word -- mindless, lifeless, meandering, loud, painful, obnoxious."
en:2776,7,31,"Thely, is how audiences of make guys make, the willingd to to make it any but it it' why reason' the movie.",The film is a spectacularly funny and engaging portrait of a woman who has a gift for making a movie.,en,word_vectors,83,ZKB,1,"High Crimes knows the mistakes that bad movies make and is determined not to make them, and maybe that is nobility of a sort."
en:2779,4,14,"A a beautiful, mysterydramalydeus comedycht..","A beautifully executed,",en,word_vectors,86,ZKB,0,... a bland murder-on-campus yawner.
en:2782,8,22,Thefice to ablings predicttive dialogue and a occasionlyreadness ofar to thely.,The film is a beautifully written and directed portrait of a man who was,en,word_vectors,89,ZKB,0,"Suffers from rambling, repetitive dialogue and the visual drabness endemic to digital video."
en:2785,8,21,"Thes are, the most comping andlightts of the life story -- made to a.",The film is a wonderfully realistic portrait of a woman who has a gift for,en,word_vectors,92,ZKB,2,Features one of the most affecting depictions of a love affair ever committed to film.
en:2795,11,32,"The if littleshed versionistic be a audience of a, get through the atricaable, unless,y. aing,culture of","The film is a stunningly realistic portrait of a woman who has a gift for being a woman, and a gift that will",en,word_vectors,102,ZKB,0,"Even a hardened voyeur would require the patience of Job to get through this interminable, shapeless documentary about the swinging subculture."
en:2799,17,36,"The film is a stunningvoluved for but wellly the ,,,s have, the Japaneseclub,quence, but it's a aable,.","The film is a stunningly realistic portrait of a woman who has a gift for being a woman, and a gift that is rarely seen in a woman's life.",en,word_vectors,106,ZKB,1,"The film is a contrivance, as artificial as the video games Japanese teens play in a nightclub sequence, but it's an enjoyable one."
en:2800,13,29,"The times best, filmplay is athar, and the its lo it' a ,'s attemptful por of thehood.",The film is a stunningly realistic portrait of a woman who has a gift for life and a gift for,en,word_vectors,107,ZKB,1,"At its worst the screenplay is callow, but at its best it is a young artist's thoughtful consideration of fatherhood."
en:2806,10,26,"The Bridge' a a beautifultakingly compd por compish por, artd, unwe performanceiveness.",The film is a beautifully written and directed portrait of a woman who was born in a,en,word_vectors,113,ZKB,2,Jeffs has created a breathtakingly assured and stylish work of spare dialogue and acute expressiveness.
en:2830,8,21,"Amiclyle of a,bing, York City is a families killlines neighborerss.",The film is a beautifully written and directed portrait of a woman who,en,word_vectors,137,ZKB,1,Anemic chronicle of money grubbing New Yorkers and their serial loveless hook ups.
en:2832,7,17,The the'm been to keep theside on the onemare now on.,The movie is a flawed portrait of a woman who was born in a,en,word_vectors,139,ZKB,1,And I've decided to leave a light on every night from now on.
en:2842,8,24,The beautifuliyah isly managemit with audienceversion- with to make ae interestmistry. hers.,The film is a beautifully written and directed portrait of a woman who,en,word_vectors,149,ZKB,1,Aaliyah rarely dampens her diva persona enough to spark genuine chemistry with Townsend.
en:2845,10,25,The a be a great was to it for the-ing characterss from place in the.s..,The film is a wonderfully realistic portrait of a woman who has a gift for,en,word_vectors,152,ZKB,1,... would be a total loss if not for two supporting performances taking place at the movie's edges.
en:2846,20,42,"The extraordinaring and engafeltwrfirmting por, a wondere needs of aese womenes to in a.S. tolent,s to escape their familiess alive. a.","The film is a spectacularly funny and engaging portrait of a man who was once a hero, but now is a hero himself.",en,word_vectors,153,ZKB,2,An inspiring and heart-affecting film about the desperate attempts of Vietnamese refugees living in U.S. relocation camps to keep their hopes alive in 1975.
en:2851,9,15,The's filmniest movie most engaable movie. the.,The movie is a shameless failure to capture,en,word_vectors,158,ZKB,2,Allen's funniest and most likeable movie in years.
en:2853,11,29,"The' a lotinglydepth of theicism and this,', the a movieity, if if the case tradition tradition.","The film is a flawed attempt to convey a sense of the American experience, but it's too much for a movie that's so popular.",en,word_vectors,160,ZKB,2,"There is a refreshing absence of cynicism in Stuart Little 2 -- quite a rarity, even in the family film market."
en:2863,8,26,"The if the time of optimist-s, thecilitypops, thisaity is is athri-.",The movie is a wonderfully realistic portrait of a woman who's,en,word_vectors,170,ZKB,0,"Even by the intentionally low standards of frat-boy humor, Sorority Boys is a bowser."
en:2875,11,25,The filmly unlike performances are keep even the whoers who have a patience for the-American.-s,The film is a beautifully crafted and poignant portrait of a woman who was born in a,en,word_vectors,182,ZKB,2,"The stunning, dreamlike visuals will impress even those viewers who have little patience for Euro-film pretension."
en:2890,11,24,"The thegie,es,, the is a thanetizing than entertainmus-sh.sortgus.",The movie is a shameless attempt to convey a,en,word_vectors,197,ZKB,2,"For VeggieTales fans, this is more appetizing than a side dish of asparagus."
en:2891,20,42,"The the's the as a year to point of the erath century, it thes to to again to the of thedents, a mid,, this remains aingly slow.","The film's plot is amusing, the characters are believable, the action is funny, and the action is surprisingly predictable, making it feel like a movie that's been made in a week or two.",en,word_vectors,198,ZKB,1,"While it regards 1967 as the key turning point of the 20th century, and returns again and again to images of dissidents in the streets, it's alarmingly current."
en:2896,19,49,"The thesinged fromvily from the the Dead Seven Simpsonence of the Lambs, it's to keep its the  of humorphisticationnessintelligence and aelikehat , areck at movie..","The film is a flawed, unremarkablely unfunny, and yet it's a flawed, unremarkablely funny portrait of a woman who has been a woman since birth, but who has never been a woman.",en,word_vectors,203,ZKB,2,"While Tattoo borrows heavily from both Seven and The Silence of the Lambs, it manages to maintain both a level of sophisticated intrigue and human-scale characters that suck the audience in."
en:2899,12,28,"The's a kind of of the year, far, but plot for the it the films Western franchiseders are bed.",The film is a spectacularly funny and engaging portrait of a woman who was born in a strange land.,en,word_vectors,206,ZKB,2,"It's the best film of the year so far, the benchmark against which all other Best Picture contenders should be measured."
en:2900,8,14,The is a of those most moviesappointments of year.,The movie is a shameless attempt to,en,word_vectors,207,ZKB,0,This is one of the biggest disappointments of the year.
en:2902,12,41,"The Villemed the of the storyries of the, the onsquare, sexly hatsession,likeor-thind plotft- a, willthri in aly psycholog and emotional her.","The film is a delightful, yet somewhat unlikely, portrait of a woman who was born in a city that was never a city.",en,word_vectors,209,ZKB,1,"Denis forges out of the theories of class - based rage and sisterly obsession a razor-sided tuning fork that rings with cultural, sexual and social discord."
en:2928,17,44,"The beautifully engamusk,, thell and bortively unotic, andly ppy, and lot,m of areal Simpsoning' and `atricTheatur''","The film is a flawed, unreliable portrait of a woman who has been adrift since the day she was born.",en,word_vectors,235,ZKB,0,"A thoroughly awful movie -- dumb, narratively chaotic, visually sloppy... a weird amalgam of `The Thing' and a geriatric `Scream.'"
en:2931,13,36,"The film is a intention for theuit and correctness, moral senseceit, but it's a of than than a for human charactersmakerswed characters un characters.",The film is a flawed attempt to convey a sense of the world that is so far out of reach for a movie that has yet to reach its climax.,en,word_vectors,238,ZKB,1,"The movie has no respect for laws, political correctness or common decency, but it displays something more important: respect for its flawed, crazy people."
en:2937,13,36,The' be aappointuous to say thisese a movie movie if but it'' it it half of the timecker you through the out of the studio-.,"The film is a delightful portrait of a woman who has been ashamed of her life for a decade, and has been depressed by the fact that she has no family.",en,word_vectors,244,ZKB,1,"It would be disingenuous to call Reno a great film, but you can say that about most of the flicks moving in and out of the multiplex."
en:2941,6,11,Aiguingly unrightfuriating.,A beautifully executed,en,word_vectors,248,ZKB,2,Intriguing and downright intoxicating.
en:2943,15,32,"The the best engaying of about this Kong Thiso is? is that it's a movie drama, in a who' doesn nothing about the.","The movie is a flawed attempt to convey a sense of the American experience, but it's a terrific one, with a cast that's awestruck by the",en,word_vectors,250,ZKB,0,Perhaps the most annoying thing about Who Is Cletis Tout? is that it's a crime movie made by someone who obviously knows nothing about crime.
en:2945,9,26,"The filmntes and iss on heart of the soul,s to the wonderful and enga engalys Wei..",The film is a beautifully crafted and poignant portrait of a man who was born in a city that was,en,word_vectors,252,ZKB,2,The quirky drama touches the heart and the funnybone thanks to the energetic and always surprising performance by Rachel Griffiths.
en:2947,6,12,"Thely uffling, a-go.",The film is a shamelessly,en,word_vectors,254,ZKB,0,Bad and baffling from the get-go.
en:2948,10,28,"The film is a stunningt from a material, but wellncy asthro and y costume fill the to a night-.",The film is a wonderfully realistic portrait of a woman who has a gift for being a woman.,en,word_vectors,255,ZKB,2,"The movie is a blast of educational energy, as bouncy animation and catchy songs escort you through the entire 85 minutes."
en:2952,13,38,"The film story of the filmlog is the lyness- of the hero, the-nou, who isembles aheldtherker. a funny,--hearter","The film is a flawed, unreliable, unreliable portrait of a man who was born in a world that was never truly human.",en,word_vectors,259,ZKB,1,"The real charm of this trifle is the deadpan comic face of its star, Jean Reno, who resembles Sly Stallone in a hot sake half-sleep."
en:2959,17,56,"Thetee''t get the bitly by his first- of thearings a his world- community the woman-class,, a upp academic andssum that'sets all feminist's originale plot. rinks the moral of the genre.","The film's plot is amusing, the characters are believable, the action is awesting, the action is unpredictable, and the final score is awesting, but it's a shame that it's so far from a film that could be considered a cult classic.",en,word_vectors,266,ZKB,1,"LaBute can't avoid a fatal mistake in the modern era: He's changed the male academic from a lower-class Brit to an American, a choice that upsets the novel's exquisite balance and shreds the fabric of the film."
en:2963,6,17,"Thesh is the strange introduc, a strange that''t feel a.",The movie is a beautifully crafted portrait of a woman who,en,word_vectors,270,ZKB,1,Gere gives a good performance in a film that doesn't merit it.
en:2967,7,24,"The film' who his un-story,, adlyrody, is seemsles down a subject theme.",The film is a beautifully written and directed portrait of a woman who is,en,word_vectors,274,ZKB,0,"The director, with his fake backdrops and stately pacing, never settles on a consistent tone."
en:2968,6,27,"The the' so a reign to the  is is' a "", and and-, star -- is a surprising.",The film is a beautifully written and directed portrait of a man who was born in a city that was,en,word_vectors,275,ZKB,0,"Why he was given free reign over this project -- he wrote, directed, starred and produced -- is beyond me."
en:2969,12,27,"The you' a entertained with a movie that's you''t a interested, you youys a you.",The film is a flawed attempt to convey a sense of depth to a story that is so far from,en,word_vectors,276,ZKB,0,"If you enjoy being rewarded by a script that assumes you aren't very bright, then Blood Work is for you."
en:2970,9,37,"The ad Giulia,, there' to be a deep longer getify the pointtic , it audience film can its  he life pastery.der.","The film's plot is amusing, the characters are believable, the action is palpable, and the action is unlike anything you've seen in a while, but it's a pretty good movie.",en,word_vectors,277,ZKB,0,"Like Rudy Yellow Lodge, Eyre needs to take a good sweat to clarify his cinematic vision before his next creation and remember the lessons of the trickster spider."
en:2982,4,11,"A to aringly anding,-",A beautifully executed portrait of,en,word_vectors,289,ZKB,2,"Hard, endearing, caring, warm."
en:2984,11,38,The film thee'ses to love of the is the theful and-graphic -- a kindal -- haveitelly showfy him a. is adyly satisfing.,"The film's plot is amusing, the characters are believable, the action is unpredictable, and the action is unlikely to be a factor in the story.",en,word_vectors,291,ZKB,2,The way Coppola professes his love for movies -- both colorful pop junk and the classics that unequivocally qualify as art -- is giddily entertaining.
en:2992,17,41,"The''t getbble a imaginations it it's a a to be but's justly a comedy, satitic porrogaical experimenttion of the a a human so great.","The film is a delightful portrait of a woman who has a gift for being a woman, and who is willing to sacrifice her life for a woman's dream.",en,word_vectors,299,ZKB,1,It won't bust your gut -- and it's not intended to -- it's merely a blandly cinematic surgical examination of what makes a joke a joke.
en:2997,13,35,"The filmomus filmthelya-flye,ter is the to theder is is a strangey effect lifetheurs viholes effect it.",The film is a beautifully crafted portrait of a woman who has a,en,word_vectors,304,ZKB,1,"The doofus-on-the-loose banter of Welcome to Collinwood has a cocky, after-hours loopiness to it."
en:2998,8,16,The's a kindniest movie comedy offiti.t,The movie is a beautifully written and,en,word_vectors,305,ZKB,2,It's the funniest American comedy since Graffiti Bridge.
en:3001,14,40,"Then,elingsome, afelting, watch, the thema' hismark's charactersling performances are the one- the level of a original,ellin-..","The film is a flawed, unreliable, unreliable, unreliable, unreliable, unreliable, unreliable, and unreliable, and it's a shame that it's so unreleased.",en,word_vectors,308,ZKB,2,"Often gruelling and heartbreaking to witness, but Seldahl and Wollter's sterling performances raise this far above the level of the usual maudlin disease movie."
en:3006,6,25,"The' aly the as happening from the and,, the story of a new is moreplacetelyless",The film is a beautifully written and directed portrait of a woman who was,en,word_vectors,313,ZKB,1,"That is essentially what's missing from Blackboards -- the sense of something bigger, some ultimate point."
en:3009,11,34,"The beautifullywitted, unme movieoffoff, a classic Farm seriesy,, Theodile iss a-ist. its finring.",The film is a spectacularly funny and engaging portrait of a woman who is,en,word_vectors,316,ZKB,0,"A dim-witted and lazy spin-off of the Animal Planet documentary series, Crocodile Hunter is entertainment opportunism at its most glaring."
en:3021,8,23,"The amusfully,' leave gety a fan curiously imcontentable usmakersers.",The film is a beautifully written and directed portrait of a woman who,en,word_vectors,328,ZKB,0,An awful movie that will only satisfy the most emotionally malleable of filmgoers.
en:3043,31,67,"Thedes's  to theling the iss mosts is a beautifulbling, unfuriherent tale, the wondergueness of lifes life, and theda of God,s a ous and poientious satiavor, wills unlikecused on undioously losthilapering.","The film is a stunningly accurate portrait of a woman who has been adrift since the day she was born, and has been a woman since the day she was born.",en,word_vectors,350,ZKB,0,Godard's ode to tackling life's wonderment is a rambling and incoherent manifesto about the vagueness of topical excess... In Praise of Love remains a ponderous and pretentious endeavor that's unfocused and tediously exasperating.
en:3045,17,42,"The' get understand across grip about the movie characters, the they not they arere be up in in but thee's character journey is ather a pleasanting nor satisf. to satisf a.","The film's plot is amusing, the characters are funny, and the action is awesting, but the final score is a bit too much for a movie that's about to reach its climax.",en,word_vectors,352,ZKB,0,"We never truly come to care about the main characters and whether or not they'll wind up together, and Michele's spiritual quest is neither amusing nor dramatic enough to sustain interest."
en:3048,7,20,Thecyds thical is have been more mored consent-ranceight.,The movie is a beautifully written and directed portrait of,en,word_vectors,355,ZKB,1,"Peralta's mythmaking could have used some informed, adult hindsight."
en:3055,13,35,"The, are be be to see more time in a moviestheater, about aovyy lists, buying to save their stories that to to be. aocchio.","The film's plot is amusing, the characters are funny, and the action is awesting, but the final score is a bit too much for me.",en,word_vectors,362,ZKB,1,Adults will certainly want to spend their time in the theater thinking up grocery lists and ways to tell their kids how not to act like Pinocchio.
en:3056,11,31,The a funnyly as more more entertainous as the pred to be express satisf on from but it' a been made for aion. empat.,"The film is a stunningly accurate portrait of a woman who has been a victim of a cruel, destructive, and inhuman nature for decades.",en,word_vectors,363,ZKB,1,"Not as distinctive or even as humorous as its needs to be to stand out, but it has clearly been made with affection and care."
en:3057,7,20,"The beautiful, drama aboutlike any to get maded by anyone who of familyclasss.",The movie is a wonderfully realistic portrait of a woman who's,en,word_vectors,364,ZKB,0,A generic family comedy unlikely to be appreciated by anyone outside the under-10 set.
en:3061,13,31,"Thepperstar,director/ Franz iss novels to make a movieianstyle American American-realistismre that shortreadfully short.",The film is a beautifully written and directed portrait of a man who was,en,word_vectors,368,ZKB,0,"Co-writer/director Jonathan Parker's attempts to fashion a Brazil-like, hyper-real satire fall dreadfully short."
en:3070,5,16,The' doesn't feel the to to except when the moviely.,The film is a wonderfully realistic portrait of a woman who,en,word_vectors,377,ZKB,1,It just doesn't have much else... especially in a moral sense.
en:3071,6,24,The whofortunamiliar characters themon moviess can have themselves Girl Man a a aal a ader.,The movie is a spectacularly funny and engaging portrait of a woman who,en,word_vectors,378,ZKB,1,Those unfamiliar with Mormon traditions may find The Singles Ward occasionally bewildering.
en:3073,7,19,"The the films director and is make the guess, and the the scenes.",The movie is a wonderfully realistic portrait of a woman who is,en,word_vectors,380,ZKB,2,"But the talented cast alone will keep you watching, as will the fight scenes."
en:3077,8,24,"The extraordinar and, but er of how difficult of themaking make people beyond the make us feel the past.","The film is a beautifully crafted portrait of a woman who has been a woman since birth, but has never been",en,word_vectors,384,ZKB,2,"An important movie, a reminder of the power of film to move us and to make us examine our values."
en:3079,10,24,"The beautifully talentd, compble comp por, a talented director who has knows a to his mind.",The film is a beautifully written and directed portrait of a man who was born in a city that was,en,word_vectors,386,ZKB,2,A richly imagined and admirably mature work from a gifted director who definitely has something on his mind.
en:3082,11,22,The the as more is that the's a lotlythri in'meates the.,The movie is a flawed attempt to convey a sense of,en,word_vectors,389,ZKB,2,But what's nice is that there's a casual intelligence that permeates the script.
en:3087,10,28,"Thes likelightly like if the were a olded movie film butbeit with that in a director guy, in the.",The film is a beautifully written and directed portrait of a woman who was born in a,en,word_vectors,394,ZKB,1,"Feels slight, as if it were an extended short, albeit one made by the smartest kids in class."
en:3088,7,13,The movie is't come what's been movie.,The movie is a beautifully written,en,word_vectors,395,ZKB,1,The picture doesn't know it's a comedy.
en:3094,9,26,"The's a funnylinesning, aful made, andly shot, a in, aly..",The film is a wonderfully realistic portrait of a woman who's,en,word_vectors,401,ZKB,2,"It's a head-turner -- thoughtfully written, beautifully read and, finally, deeply humanizing."
en:3097,8,33,"The' black, iss ately ficant in a's a kind-fi movie that that it.igle.upob'atsize",The film is a spectacularly funny and engaging portrait of a woman who was,en,word_vectors,404,ZKB,0,Men in Black II achieves ultimate insignificance -- it's the sci-fi comedy spectacle as Whiffle-Ball epic.
en:3099,11,29,Theer a beautifully of givinging to capture a solid to why to believe about the obvious basics that of the natureceit.,The film is a spectacularly funny and engaging portrait of a woman who was born in a city that was never a city.,en,word_vectors,5,ZKH,1,Presents a good case while failing to provide a reason for us to care beyond the very basic dictums of human decency.
en:3101,7,24,"Thee is de Name, a many wonderfullaws that' be hard to yous to forgetrug, into",The film is a wonderfully realistic portrait of a woman who has a gift for,en,word_vectors,7,ZKH,0,"Bread, My Sweet has so many flaws it would be easy for critics to shred it."
en:3107,15,40,"The youancesdale were a aeaed to, bitch, would have been a morefire, but that which that that's a much that's to look funny.","The film's plot is amusing, the characters are believable, and the action is surprisingly unlike the original, making it seem like it's all a bit of a rush.",en,word_vectors,14,ZKH,1,"If Deuces Wild had been tweaked up a notch it would have become a camp adventure, one of those movies that's so bad it starts to become good."
en:3125,3,10,The' the wayness- the.,The movie is a wonderfully realistic portrait of,en,word_vectors,32,ZKH,2,I love the robust middle of this picture.
en:3132,12,28,"The film is aless watch, but you''t like a from than a  minuteserthrills, a favorite costume.","The film is a wonderfully realistic portrait of a woman who has a gift for being a woman, and a gift for being a woman.",en,word_vectors,39,ZKH,1,"The Ring is worth a look, if you don't demand much more than a few cheap thrills from your Halloween entertainment."
en:3143,5,14,"The' the way movieage, the find the..",The movie is a flawed portrait of a,en,word_vectors,50,ZKH,2,I like the new footage and still love the old stuff.
en:3144,10,29,"The'ly manages with the-queism, but the  is theism is insly -- is atcliping by by","The film is a flawed attempt to convey a sense of the American experience, but it's too much for a movie that's already",en,word_vectors,51,ZKH,1,"It briefly flirts with player masochism, but the point of real interest -- audience sadism -- is evaded completely."
en:3145,3,15,The be Movie be be fans be a good as the pred..,The movie is a beautifully written and directed portrait of a,en,word_vectors,52,ZKH,0,Could The Country Bears really be as bad as its trailers?
en:3149,2,8,It movie is to bitly.,"It's a beautifully written, engaging",en,word_vectors,56,ZKH,0,The film seems a dead weight.
en:3150,15,48,"Thelingly  humorhilarious, comedywellusy drama about aicus' at much like a movie man Down Niro, it' like moviemakers be be a aThe Littleband, aitor'cker''.","The film's plot is amusing, the characters are believable, the action is palpable, and the action is all the more poignant, despite the fact that it's a movie that's been released in a few weeks.",en,word_vectors,57,ZKH,2,"Sparkling, often hilarious romantic jealousy comedy... Attal looks so much like a young Robert DeNiro that it seems the film should instead be called `My Husband Is Travis Bickle'."
en:3152,11,22,"The beautifulney comedy,'s a surprisingly ainteresable, but it uninteresable.",The movie is a shameless attempt to convey a,en,word_vectors,59,ZKH,0,"A lousy movie that's not merely unwatchable, but also unlistenable."
en:3154,15,42,"The beautifully, aly, aly,, the to feel immered to a world of a.dys Khan,ymer, the is a only a great, but a  friend being.","The film is a wonderfully realistic portrait of a man who has been a man since the age of six, but has never been a man since his father died.",en,word_vectors,61,ZKH,2,"A strong script, powerful direction and splendid production design allows us to be transported into the life of Wladyslaw Szpilman, who is not only a pianist, but a good human being."
en:3157,5,12,The's a beautifulcy moviecomeever'',The movie is a shame.,en,word_vectors,64,ZKH,1,It's a fanboy `what if?'
en:3160,15,58,"The Kingedper wholec,n, and the Greens, atiny,s bestlypicles, but it theing, a., the films a oseust,et wouldu through the much circless is awe surprise  to butuns","The film's plot is amusing, the characters are funny, the action is engaging, and the action is surprisingly predictable -- it's a movie that's likely to be seen in the next few years.",en,word_vectors,67,ZKH,2,"Stephen Rea, Aidan Quinn, and Alan Bates play Desmond's legal eagles, and when joined by Brosnan, the sight of this grandiloquent quartet lolling in pretty Irish settings is a pleasant enough thing, `tis."
en:3163,3,16,The is so good as the first film York experience- dramas Thu made,The movie is a wonderfully realistic portrait of a woman who has a,en,word_vectors,70,ZKH,0,Everything was as superficial as the forced New Jersey lowbrow accent Uma had.
en:3171,11,31,"The beautiful-, a way, the word, de-ly unless, andwhile, unne, andful, andscenxious,",The movie is a flawed attempt to convey a sense of depth to a,en,word_vectors,78,ZKH,0,"A zombie movie in every sense of the word -- mindless, lifeless, meandering, loud, painful, obnoxious."
en:3176,7,31,"Thely, is how audiences of make guys make, it willingd to to make it any but it it' why reason' the movie.",The film is a spectacularly funny and engaging portrait of a woman who was once a prostitute and now is a woman who is a prostitute.,en,word_vectors,83,ZKH,1,"High Crimes knows the mistakes that bad movies make and is determined not to make them, and maybe that is nobility of a sort."
en:3179,4,14,"A a beautiful, mysterydramalydeus comedycht..","A beautifully executed,",en,word_vectors,86,ZKH,0,... a bland murder-on-campus yawner.
en:3182,8,22,Thefice to ablings predicttive dialogue and a occasionlyreadness ofavour to thely.,The film is a wonderfully realistic portrait of a woman who has a,en,word_vectors,89,ZKH,0,"Suffers from rambling, repetitive dialogue and the visual drabness endemic to digital video."
en:3185,8,21,"Thes are, the most comping andlighttures of the life story, made to a.",The film is a wonderfully realistic portrait of a woman who is,en,word_vectors,92,ZKH,2,Features one of the most affecting depictions of a love affair ever committed to film.
en:3195,12,32,"The if littleshed poristic be a audience of a, get through the atricaable, unless,y. aing,culture.",The film is a spectacularly funny and engaging portrait of a woman who was born in a city that was never a city.,en,word_vectors,102,ZKH,0,"Even a hardened voyeur would require the patience of Job to get through this interminable, shapeless documentary about the swinging subculture."
en:3199,16,36,"The film is a voluved for but wellly the ,,,s have, the Japaneseclub,quence, and it's a aable,.","The film is a spectacularly funny portrait of a man who was once a man, but now is a man, and his life is awful.",en,word_vectors,106,ZKH,1,"The film is a contrivance, as artificial as the video games Japanese teens play in a nightclub sequence, but it's an enjoyable one."
en:3200,12,29,"The times best, film is is athar, and the its lo it' a visual,'s attemptful, of thehood.",The film is a flawed attempt to convey a sense of depth to a story that is so far from being,en,word_vectors,107,ZKH,1,"At its worst the screenplay is callow, but at its best it is a young artist's thoughtful consideration of fatherhood."
en:3206,10,26,"The Bridge' a a wonderfultakingly compd por compish por, art time, un performanceiveness.",The film is a wonderfully realistic portrait of a woman who has a gift for,en,word_vectors,113,ZKH,2,Jeffs has created a breathtakingly assured and stylish work of spare dialogue and acute expressiveness.
en:3230,8,21,"Themiclyle of a,bing, York,, a families killlinesnesserss.",The film is a beautifully written and directed portrait of a woman who,en,word_vectors,137,ZKH,1,Anemic chronicle of money grubbing New Yorkers and their serial loveless hook ups.
en:3232,7,17,The the'm been to give theside on the onemare now on.,The film is a beautifully written and directed portrait of a man who,en,word_vectors,139,ZKH,1,And I've decided to leave a light on every night from now on.
en:3242,9,24,The beautifuliyah isly managemit with audienceva- with to make ae interestmistry. hers.,The film is a beautifully written and directed portrait of a woman who,en,word_vectors,149,ZKH,1,Aaliyah rarely dampens her diva persona enough to spark genuine chemistry with Townsend.
en:3245,11,25,The a be a great was to it for the-ing characterss from place in the end's premier..,The film is a beautifully crafted portrait of a man who was born in a city that was never a city.,en,word_vectors,152,ZKH,1,... would be a total loss if not for two supporting performances taking place at the movie's edges.
en:3246,20,42,"The aing and engafeltwrfirmting por, a wondere needs of aese womenes to in a.S.,lent tos to re their familiess alive. a.","The film's plot is amusing, the characters are funny, and the action is awesting, but it's a little too much for a film that's so far too",en,word_vectors,153,ZKH,2,An inspiring and heart-affecting film about the desperate attempts of Vietnamese refugees living in U.S. relocation camps to keep their hopes alive in 1975.
en:3251,9,15,The's filmniest movie most engaable movie. the.,The movie is a shameless failure to capture,en,word_vectors,158,ZKH,2,Allen's funniest and most likeable movie in years.
en:3253,11,29,"The' a lotinglydepth of theicism and this,', the a movieity, if if the case tradition tradition.","The film is a shameless attempt to convey the perils of the past, but it's a beautifully realistic portrait of a lifetime.",en,word_vectors,160,ZKH,2,"There is a refreshing absence of cynicism in Stuart Little 2 -- quite a rarity, even in the family film market."
en:3263,8,26,"The if the time of optimist-s, thecilitypops, thisaity is is aspecta-.",The film is a beautifully written and directed portrait of a man who was,en,word_vectors,170,ZKH,0,"Even by the intentionally low standards of frat-boy humor, Sorority Boys is a bowser."
en:3275,10,25,The filmly unlikelys are captiv even the whoers who may a patience for the-American.-s,"The film's plot is amusing, the characters are believable, the action is palpable, and the action is unlikely to",en,word_vectors,182,ZKH,2,"The stunning, dreamlike visuals will impress even those viewers who have little patience for Euro-film pretension."
en:3290,12,24,"The thegie,es,, the is a likeetizing than amus-sh. popcornsortgus.",The film is a beautifully made portrait of a woman who,en,word_vectors,197,ZKH,2,"For VeggieTales fans, this is more appetizing than a side dish of asparagus."
en:3291,19,42,"The the's the' a year to point of the erath century, the thes to to again to the of thedents, a past,, this remains aingly slow.","The film's plot is amusing, the characters are funny, and the action is awesting, but the film's plot is a bit too predictable to be true.",en,word_vectors,198,ZKH,1,"While it regards 1967 as the key turning point of the 20th century, and returns again and again to images of dissidents in the streets, it's alarmingly current."
en:3296,19,49,"The thesinged fromvily from the the Dead Seven Simpsonence of the Lambs, it's to keep its the  of humorphisticationnessintelligence and aelikeelect , areck at movie into.","The film is a wonderfully realistic portrait of a woman who has a gift for being a woman, but is also a woman who is a little too emotional to be a woman.",en,word_vectors,203,ZKH,2,"While Tattoo borrows heavily from both Seven and The Silence of the Lambs, it manages to maintain both a level of sophisticated intrigue and human-scale characters that suck the audience in."
en:3299,12,28,"The's a kind of of the year, far, and plot for the it the films Western'ders are bed.",The film is a beautifully crafted and poignant portrait of a woman who was born in a,en,word_vectors,206,ZKH,2,"It's the best film of the year so far, the benchmark against which all other Best Picture contenders should be measured."
en:3300,9,14,The is a of those most filmsappointments of the year.,"The movie is a beautifully written, engaging portrait of a",en,word_vectors,207,ZKH,0,This is one of the biggest disappointments of the year.
en:3302,13,41,"The Villemed the of the wayries of the, the onphilosoph and sexly tragesession --likeor-thind plotft- a, isbound in aly psycholog and emotional her.",The film is a shamelessly poorly made portrait of a woman who was born in a country that was never a city.,en,word_vectors,209,ZKH,1,"Denis forges out of the theories of class - based rage and sisterly obsession a razor-sided tuning fork that rings with cultural, sexual and social discord."
en:3328,17,44,"The beautifully engamusk film, thell and untively unotic, andly ppy, and lot,m of areal Simpsoning' and ` 'atric,Theatur''","The film is a wonderfully realistic portrait of a woman who has a gift for being a woman, and a gift for being a woman.",en,word_vectors,235,ZKH,0,"A thoroughly awful movie -- dumb, narratively chaotic, visually sloppy... a weird amalgam of `The Thing' and a geriatric `Scream.'"
en:3331,13,36,"The film is a intention for theuit and correctness, moral senseceit, but it's a of than than a for human charactersmakerswed characters un characters.","The film is a stunningly accurate portrait of a woman who has been ashamed of her sexuality for years, and has been denied her sexuality for years.",en,word_vectors,238,ZKH,1,"The movie has no respect for laws, political correctness or common decency, but it displays something more important: respect for its flawed, crazy people."
en:3337,13,36,The' be aappointuous to say thisese a movie movie if but it'' it it half of the timecker you through the out of the studio-.,"The film's plot is amusing, the characters are believable, the action is hilarious, and the action is surprisingly predictable, making it a movie that will keep you guessing.",en,word_vectors,244,ZKH,1,"It would be disingenuous to call Reno a great film, but you can say that about most of the flicks moving in and out of the multiplex."
en:3341,6,11,Aiguingly unrightaneating.,A beautifully executed,en,word_vectors,248,ZKH,2,Intriguing and downright intoxicating.
en:3343,14,32,"The the best engaying of about this Kong Thiso is is is that it's a movie drama, in a who' doesn nothing about his.",The film is a spectacularly funny and engaging portrait of a woman who was born in a city that was never a city.,en,word_vectors,250,ZKH,0,Perhaps the most annoying thing about Who Is Cletis Tout? is that it's a crime movie made by someone who obviously knows nothing about crime.
en:3345,9,26,"The filmntes and iss on heart of the soul,s to the wonderful and enga engalys Wei..","The film is a wonderfully realistic portrait of a woman who has a gift for being a woman, and a gift for being a woman.",en,word_vectors,252,ZKH,2,The quirky drama touches the heart and the funnybone thanks to the energetic and always surprising performance by Rachel Griffiths.
en:3347,6,12,"Thely uffling, a-go.",The film is a shamelessly,en,word_vectors,254,ZKH,0,Bad and baffling from the get-go.
en:3348,11,28,"The film is a beautifult from a material, but ifncy aspood and ay costume fill the to the night-.","The film is a beautifully crafted, engaging portrait of a woman who has been a woman since birth, but has never been a woman.",en,word_vectors,255,ZKH,2,"The movie is a blast of educational energy, as bouncy animation and catchy songs escort you through the entire 85 minutes."
en:3352,14,38,"The film story of the movielog is the waylyness- of the hero, the-nou, who isembles aheldtherker in a funny,--hearter","The film is a stunningly accurate portrait of a woman who has been adrift since the day she was born, and has a wonderful sense of humor.",en,word_vectors,259,ZKH,1,"The real charm of this trifle is the deadpan comic face of its star, Jean Reno, who resembles Sly Stallone in a hot sake half-sleep."
en:3359,18,56,"Thetee is't get the bitly by the first- of thearings a his way- community the woman-class,, a upp academic andssum that'sets all feminist's originale plot. rinks the moral of the genre.","The film's plot is amusing, the characters are funny, the action is poignant, and the action is awesting, but the film's plot is a little too predictable to keep you guessing.",en,word_vectors,266,ZKH,1,"LaBute can't avoid a fatal mistake in the modern era: He's changed the male academic from a lower-class Brit to an American, a choice that upsets the novel's exquisite balance and shreds the fabric of the film."
en:3363,7,17,"Thesh is a strange introduc, a movie that''t a.",The film is a wonderfully realistic portrait of a woman who,en,word_vectors,270,ZKH,1,Gere gives a good performance in a film that doesn't merit it.
en:3367,7,24,"The film' who his un-story,, adlyrody, is seemsles down a movie theme.",The film is a beautifully written and directed portrait of a woman who is,en,word_vectors,274,ZKH,0,"The director, with his fake backdrops and stately pacing, never settles on a consistent tone."
en:3368,6,27,"The the' so a reign to the movie is is' a "", and and-, star -- is a the.","The film's plot is amusing, the characters are believable, and the action is awesting, but it's not as if it's a movie about a",en,word_vectors,275,ZKH,0,"Why he was given free reign over this project -- he wrote, directed, starred and produced -- is beyond me."
en:3369,12,27,"The you' a entertained with a movie that's you''t a interested, you youys a you.",The film is a beautifully written and directed portrait of a man who was born in a city that was,en,word_vectors,276,ZKH,0,"If you enjoy being rewarded by a script that assumes you aren't very bright, then Blood Work is for you."
en:3370,8,37,"The ad Giulia,, there' to be a deep looker getify the pointtic , it audience movie can its  he life pastery.ke.","The film is a shameless attempt to convey a sense of the unforgivable nature of life, but it's too much to be true, and the film's plot is too predictable.",en,word_vectors,277,ZKH,0,"Like Rudy Yellow Lodge, Eyre needs to take a good sweat to clarify his cinematic vision before his next creation and remember the lessons of the trickster spider."
en:3382,4,11,"A to aringly anding,-",A beautifully executed portrait of,en,word_vectors,289,ZKH,2,"Hard, endearing, caring, warm."
en:3384,11,38,"The film thee'ses to love of the, the theful and culturegraphic -- a kindal -- haveitelly showfy him a. is adyly satisfing.","The film is a wonderfully realistic portrait of a woman who has a gift for being a woman, and a gift for being a woman.",en,word_vectors,291,ZKH,2,The way Coppola professes his love for movies -- both colorful pop junk and the classics that unequivocally qualify as art -- is giddily entertaining.
en:3392,17,41,"The''t getbble a imaginations it it's a a to be but's justly a comedy, satitic porrogaical experimenttion of the a a human so great.","The film is a flawed, unreliable, unreliable, unreliable, unreliable, and unreliable portrait of a man who has been defeated in a war, and has been defeated in a war that is a far more dangerous war than it is a war.",en,word_vectors,299,ZKH,1,It won't bust your gut -- and it's not intended to -- it's merely a blandly cinematic surgical examination of what makes a joke a joke.
en:3397,12,35,"The filmomus,thelya-flye,ter is the to theder is is a strangey effect lifetheurs viholes effect.",The film is a beautifully written and directed portrait of a woman who,en,word_vectors,304,ZKH,1,"The doofus-on-the-loose banter of Welcome to Collinwood has a cocky, after-hours loopiness to it."
en:3398,8,16,The's a kindniest movie comedy offiti.t,The movie is a shameless attempt to,en,word_vectors,305,ZKH,2,It's the funniest American comedy since Graffiti Bridge.
en:3401,14,40,"Then,elingsome, afelting, see, the thema' hismark's charactersling performances are the film- the level of a originalellin-..",The film is a spectacularly funny and engaging portrait of a woman who was born in a city that was never a city.,en,word_vectors,308,ZKH,2,"Often gruelling and heartbreaking to witness, but Seldahl and Wollter's sterling performances raise this far above the level of the usual maudlin disease movie."
en:3406,7,25,"The' aly the as happening from the and,, the story of a new, moreplacetely,less",The film is a beautifully written and directed portrait of a woman who has a,en,word_vectors,313,ZKH,1,"That is essentially what's missing from Blackboards -- the sense of something bigger, some ultimate point."
en:3409,11,34,"The beautifullywitted, unme movieoffoff, a same Farm,y,, whichodile iss a-ist. its finring.",The film is a shameless attempt to convey a sense of shame and shamelessness to a,en,word_vectors,316,ZKH,0,"A dim-witted and lazy spin-off of the Animal Planet documentary series, Crocodile Hunter is entertainment opportunism at its most glaring."
en:3421,8,23,"The extraordinarmusfully,' leave gety a fan curiously imcontentable of usmakersers.",The film is a beautifully crafted and engaging portrait of a woman who,en,word_vectors,328,ZKH,0,An awful movie that will only satisfy the most emotionally malleable of filmgoers.
en:3443,31,67,"Thedes's  to theling the iss mosts is a bling comedy unfuriherent comedy, the strugglegueness of lifes , and theda of the,s a powerfulous and poientious satiavor, wills unlikecused on undioously losthilapering.",The film is a shamelessly poorly executed attempt to convey a sense of depth to a story that has been lost in the shuffle since the beginning of the war.,en,word_vectors,350,ZKH,0,Godard's ode to tackling life's wonderment is a rambling and incoherent manifesto about the vagueness of topical excess... In Praise of Love remains a ponderous and pretentious endeavor that's unfocused and tediously exasperating.
en:3445,18,42,"The' see understand across grip about the characters characters, the they not they're be up in, but thee's character gift is ather satisf pleasanting nor satisf. to satisf a.","The film's plot is amusing, the characters are believable, the action is palpable, the action is palpable, and the climactic climax is awestruck by the thrill of being transported to a strange place.",en,word_vectors,352,ZKH,0,"We never truly come to care about the main characters and whether or not they'll wind up together, and Michele's spiritual quest is neither amusing nor dramatic enough to sustain interest."
en:3448,6,20,Thecynts thical is be been more mored-ranceight.,The movie is a wonderfully realistic portrait of,en,word_vectors,355,ZKH,1,"Peralta's mythmaking could have used some informed, adult hindsight."
en:3455,13,35,"The,' be be to see more time in a moviestheater, about aovyy lists, shopping to save their stories about to to be. aocchio.","The film's plot is amusing, the characters are funny, the action is poignant, and the action is all the more poignant with the addition of a new, more powerful villain.",en,word_vectors,362,ZKH,1,Adults will certainly want to spend their time in the theater thinking up grocery lists and ways to tell their kids how not to act like Pinocchio.
en:3456,11,31,The a funnyly as more more entertainous as the pred to be express satisf on from but it' a been made for aion. empat.,"The film is a beautifully written and directed portrait of a woman who has been a woman since birth, but has never been a woman.",en,word_vectors,363,ZKH,1,"Not as distinctive or even as humorous as its needs to be to stand out, but it has clearly been made with affection and care."
en:3457,7,20,"The beautiful, drama aboutlike any to get maded by anyone who of familyclasss.",The movie is a wonderfully realistic portrait of a woman who is,en,word_vectors,364,ZKH,0,A generic family comedy unlikely to be appreciated by anyone outside the under-10 set.
en:3461,13,31,"Thepperstar,director/ Franz iss novels to make a movieianstyle American American-realistismre that shortreadfully short.",The movie is a stunningly realistic portrait of a woman who has a,en,word_vectors,368,ZKH,0,"Co-writer/director Jonathan Parker's attempts to fashion a Brazil-like, hyper-real satire fall dreadfully short."
en:3470,5,16,The' doesn't feel the to to and when the wayly.,The film is a wonderfully realistic portrait of a woman who,en,word_vectors,377,ZKH,1,It just doesn't have much else... especially in a moral sense.
en:3471,7,24,The whofortunamiliar characters themon moviess are have themselves Girl Man are a aal a adering.,The movie is a flawed attempt to convey a sense of,en,word_vectors,378,ZKH,1,Those unfamiliar with Mormon traditions may find The Singles Ward occasionally bewildering.
en:3473,5,19,"The the movies director, is make the guess. and if thess.",The movie is a wonderfully realistic portrait of a woman who,en,word_vectors,380,ZKH,2,"But the talented cast alone will keep you watching, as will the fight scenes."
en:3477,8,24,"The extraordinar and, but er of how difficult of themaking make people beyond the make us feel the past.",The film is a wonderfully realistic portrait of a woman who has been through a lifetime of sexual abuse and,en,word_vectors,384,ZKH,2,"An important movie, a reminder of the power of film to move us and to make us examine our values."
en:3479,11,24,"The beautifully-d and compble comp por, a maned director who is knows a to his mind.",The film is a wonderfully realistic portrait of a woman who has a gift for being a woman.,en,word_vectors,386,ZKH,2,A richly imagined and admirably mature work from a gifted director who definitely has something on his mind.
en:3482,11,22,The the as more is that the's a lotlythri in'meates the.,The movie is a flawed attempt to convey a sense of,en,word_vectors,389,ZKH,2,But what's nice is that there's a casual intelligence that permeates the script.
en:3487,9,28,"Thes likelightly and if the were a olded movie film butbeit with that in a guy,. town.",The movie is a beautifully written and directed portrait of a woman who was,en,word_vectors,394,ZKH,1,"Feels slight, as if it were an extended short, albeit one made by the smartest kids in class."
en:3488,7,13,The movie is't come what's been movie.,The movie is a shameless disappointment.,en,word_vectors,395,ZKH,1,The picture doesn't know it's a comedy.
en:3494,9,26,"The's a funnylinesning, aful made, andly shot, a in,ly..",The movie is a beautifully written and directed portrait of a,en,word_vectors,401,ZKH,2,"It's a head-turner -- thoughtfully written, beautifully read and, finally, deeply humanizing."
en:3497,9,33,"The of black, iss ately ficant in a's a kind-fi movie that that it.iglewoodDoob'ats.","The film is a flawed, unreliable, unreliable, unreliable, unreliable, unreliable, unreliable, unreliable, unreliable, unreliable, unreliable, and unreliable.",en,word_vectors,404,ZKH,0,Men in Black II achieves ultimate insignificance -- it's the sci-fi comedy spectacle as Whiffle-Ball epic.
en:3499,11,29,Theer a stunning por of givinging to capture a solid to why to believe about the obvious basics that of the natureceit.,"The film is a stunningly realistic portrait of a woman who has a gift for being a woman, and a gift for being a woman.",en,word_vectors,5,ZKW,1,Presents a good case while failing to provide a reason for us to care beyond the very basic dictums of human decency.
en:3501,7,24,"Thee is a Name, a many wonderfullaws that' be hard to as to forgetrug, from",The film is a wonderfully realistic portrait of a woman who has a gift for,en,word_vectors,7,ZKW,0,"Bread, My Sweet has so many flaws it would be easy for critics to shred it."
en:3507,16,40,"The youancesdale were a aeaed to, littlech, would have been a bitfire, but that which that that's a much it's to look funny.","The film's plot is amusing, the characters are believable, and the action is awesting, but the movie's plot is a bit too predictable.",en,word_vectors,14,ZKW,1,"If Deuces Wild had been tweaked up a notch it would have become a camp adventure, one of those movies that's so bad it starts to become good."
en:3525,3,10,The' the wayness- the.,The movie is a wonderfully realistic portrait of,en,word_vectors,32,ZKW,2,I love the robust middle of this picture.
en:3532,12,28,"The film is aless watch, but you''t like a from than a little minuteserthrills. a-.","The film is a beautifully crafted portrait of a woman who has been a woman since birth, but is still a woman.",en,word_vectors,39,ZKW,1,"The Ring is worth a look, if you don't demand much more than a few cheap thrills from your Halloween entertainment."
en:3543,4,14,"The' the way movieage, the feel it..",The movie is a flawed portrait of a,en,word_vectors,50,ZKW,2,I like the new footage and still love the old stuff.
en:3544,11,29,"The'ly makess with the-queism, but the  is theism is insly -- is atcliped by by",The film is a flawed attempt to convey a sense of the world that is so far out of reach.,en,word_vectors,51,ZKW,1,"It briefly flirts with player masochism, but the point of real interest -- audience sadism -- is evaded completely."
en:3545,3,15,The be Movie be be fans be a good as the pred..,The movie is a beautifully written and directed portrait of a,en,word_vectors,52,ZKW,0,Could The Country Bears really be as bad as its trailers?
en:3549,2,8,A movie is to bitly.,The movie is a shameless disappointment.,en,word_vectors,56,ZKW,0,The film seems a dead weight.
en:3550,15,48,"Thelingly  hilarious, comedytusy drama about aicus' at much like a movie man Down Niro, it' like moviemakers be be a aThe Littleband, aitor'cker'..",The film is a beautifully written and directed portrait of a man who was born in a city that was never a city.,en,word_vectors,57,ZKW,2,"Sparkling, often hilarious romantic jealousy comedy... Attal looks so much like a young Robert DeNiro that it seems the film should instead be called `My Husband Is Travis Bickle'."
en:3552,12,22,"The beautifulney,,'s too surprisingly ainteresable, but also unlikeable.",The film is a delightful portrait of a woman who,en,word_vectors,59,ZKW,0,"A lousy movie that's not merely unwatchable, but also unlistenable."
en:3554,14,42,"The beautifully, aly, aly,, the to feelholded to a world of a.dys Khan,ymer, the is a only a great, but also  friend being.","The film is a spectacularly funny and engaging portrait of a man who was once a man, but now is a man who is a man.",en,word_vectors,61,ZKW,2,"A strong script, powerful direction and splendid production design allows us to be transported into the life of Wladyslaw Szpilman, who is not only a pianist, but a good human being."
en:3557,5,12,The's a beautifulcy moviecomeever'',The movie is a shameful failure.,en,word_vectors,64,ZKW,1,It's a fanboy `what if?'
en:3560,15,58,"The Kingedper alec,n, and his Greens, atiny,s bestlyvilles, but the theing, a., the films a oseust andet wouldoms through the much circless is awe surprise  to butuns","The film is a delightful portrait of a young man who has been through a lifetime of sexual misconduct, but whose life has been so full of sexuality that it has been impossible to find a better man.",en,word_vectors,67,ZKW,2,"Stephen Rea, Aidan Quinn, and Alan Bates play Desmond's legal eagles, and when joined by Brosnan, the sight of this grandiloquent quartet lolling in pretty Irish settings is a pleasant enough thing, `tis."
en:3563,2,16,The is so good as a first film York experience- dramas Thu made,The movie is a wonderfully realistic portrait of a woman who was,en,word_vectors,70,ZKW,0,Everything was as superficial as the forced New Jersey lowbrow accent Uma had.
en:3571,11,31,"The beautiful-, a way, the word, a-ly unless, andwhile, unne, andful, andscenxious,",The movie is a wonderfully realistic portrait of a woman who has a gift for,en,word_vectors,78,ZKW,0,"A zombie movie in every sense of the word -- mindless, lifeless, meandering, loud, painful, obnoxious."
en:3576,7,31,"Thely, is how audiences of make guys make, the willingd to to make it any but it it' why reason. the time.","The film is a wonderfully realistic portrait of a woman who has a gift for being a woman, and a gift to be a woman.",en,word_vectors,83,ZKW,1,"High Crimes knows the mistakes that bad movies make and is determined not to make them, and maybe that is nobility of a sort."
en:3579,4,14,"A a beautiful, mysterydramalydeus comedycht..","A beautifully executed,",en,word_vectors,86,ZKW,0,... a bland murder-on-campus yawner.
en:3582,7,22,"Thefice to ablings predicttive dialogue, a occasionlyreadness ofar to thely.",The film is a wonderfully realistic portrait of a man who has a,en,word_vectors,89,ZKW,0,"Suffers from rambling, repetitive dialogue and the visual drabness endemic to digital video."
en:3585,8,21,"Thes are, the most comping andlighttures of the life story, made to a.",The film is a beautifully written and directed portrait of a man who was,en,word_vectors,92,ZKW,2,Features one of the most affecting depictions of a love affair ever committed to film.
en:3595,12,32,"The if movieshed, can be a audience of a, get through the atricaable, unless,y. a humaning,culture.","The film is a spectacularly funny and engaging portrait of a woman who has a gift for being a woman, and a gift for being a woman.",en,word_vectors,102,ZKW,0,"Even a hardened voyeur would require the patience of Job to get through this interminable, shapeless documentary about the swinging subculture."
en:3599,16,36,"The film is a wonderfulvoluved for but muchly the ,,,s have, the Japaneseclub,quence, and it's a aable,.","The film is a wonderfully realistic portrait of a woman who has a gift for being a woman, and a gift for being a woman.",en,word_vectors,106,ZKW,1,"The film is a contrivance, as artificial as the video games Japanese teens play in a nightclub sequence, but it's an enjoyable one."
en:3600,15,29,"The times best, filmplay is athar, the at its best it' a ,'s attemptful por of thehood.","The film is a wonderfully realistic portrait of a woman who has a gift for being a woman, and a gift for being a woman.",en,word_vectors,107,ZKW,1,"At its worst the screenplay is callow, but at its best it is a young artist's thoughtful consideration of fatherhood."
en:3606,11,26,"The Bridge' a a strangetakingly compd por compish por, artd, awe performanceiveness.",The film is a beautifully written and directed portrait of a woman who has a,en,word_vectors,113,ZKW,2,Jeffs has created a breathtakingly assured and stylish work of spare dialogue and acute expressiveness.
en:3630,8,21,"Themiclyle of a,bing, York, is a families killlines neighborerss.",The film is a beautifully crafted and wisely written portrait of a woman who,en,word_vectors,137,ZKW,1,Anemic chronicle of money grubbing New Yorkers and their serial loveless hook ups.
en:3632,7,17,The the'm been to go theside on the onemare now on.,The movie is a flawed attempt to convey a sense of,en,word_vectors,139,ZKW,1,And I've decided to leave a light on every night from now on.
en:3642,9,24,The beautifuliyah isly managemit with audienceva- with to make ae interestmistry. hers.,The film is a beautifully written and directed portrait of a woman who,en,word_vectors,149,ZKW,1,Aaliyah rarely dampens her diva persona enough to spark genuine chemistry with Townsend.
en:3645,11,25,The a be a great was to it for the-ing characterss from place in the end's premier..,The film is a delightful portrait of a woman who has a gift for making a wise man.,en,word_vectors,152,ZKW,1,... would be a total loss if not for two supporting performances taking place at the movie's edges.
en:3646,20,42,"The extraordinaring and engafeltwrfirmting por, a wondere needs of aese womenes to in a.S.,lent,s to re their familiess alive. a.","The film is a shameless attempt to convey a sense of the unknown, while still giving us a glimpse of the world that we live in.",en,word_vectors,153,ZKW,2,An inspiring and heart-affecting film about the desperate attempts of Vietnamese refugees living in U.S. relocation camps to keep their hopes alive in 1975.
en:3651,9,15,The's filmniest movie most engaable movie. the.,The movie is a shameless failure to capture,en,word_vectors,158,ZKW,2,Allen's funniest and most likeable movie in years.
en:3653,11,29,"The' a lotinglydepth of theicism and the,', the a movieity, given if the case tradition tradition.","The film is a shameless attempt to convey a sense of the unknown, while still giving a glimpse of the unknown.",en,word_vectors,160,ZKW,2,"There is a refreshing absence of cynicism in Stuart Little 2 -- quite a rarity, even in the family film market."
en:3663,7,26,"The if the time of optimist-s, thecilitypops, thisaity is isspecta-.",The film is a wonderfully realistic portrait of a woman who,en,word_vectors,170,ZKW,0,"Even by the intentionally low standards of frat-boy humor, Sorority Boys is a bowser."
en:3675,10,25,The filmly unylys of fill even the whoers who have a patience for the-American.-s,The film is a beautifully written and directed portrait of a man who was born in a,en,word_vectors,182,ZKW,2,"The stunning, dreamlike visuals will impress even those viewers who have little patience for Euro-film pretension."
en:3690,12,24,"The thegie,es,, the is a likeetizing than amus-sh.sortgus.",The film is a beautifully written portrait of a woman who,en,word_vectors,197,ZKW,2,"For VeggieTales fans, this is more appetizing than a side dish of asparagus."
en:3691,20,42,"The the's the as a year to point of the erath century, it thes to to again to the of thedents and a past,, this remains notingly slow.","The film's plot is amusing, the characters are funny, and the action is awesting, but the film's plot is a bit too predictable to be true to the reality.",en,word_vectors,198,ZKW,1,"While it regards 1967 as the key turning point of the 20th century, and returns again and again to images of dissidents in the streets, it's alarmingly current."
en:3696,20,49,"The thesess fromvily from the the Dead Seven Simpsonence of the Lambs, it's to keep its its  of humorphisticationnessintelligence and aelikeelect , areck at movie into.",The film is a shamelessly poorly executed attempt to convey a sense of depth and depth to a story that has been lost in the shuffle since the beginning of the year.,en,word_vectors,203,ZKW,2,"While Tattoo borrows heavily from both Seven and The Silence of the Lambs, it manages to maintain both a level of sophisticated intrigue and human-scale characters that suck the audience in."
en:3699,12,28,"The's a kind of of the year, far, but plot for the it the films Western franchiseders are bed.",The film is a stunningly realistic portrait of a man who has a gift for life and a gift for,en,word_vectors,206,ZKW,2,"It's the best film of the year so far, the benchmark against which all other Best Picture contenders should be measured."
en:3700,8,14,The is a of those most filmsappointments of year.,The movie is a beautifully crafted portrait of,en,word_vectors,207,ZKW,0,This is one of the biggest disappointments of the year.
en:3702,14,41,"The Villemed the of the storyries of the, the onchron and sexly tragesession,likeor-thind plotft- a that hasbound like aly psycholog and emotional her.","The film is a delightful, yet somewhat unforgiving portrait of a woman who has been ashamed of her sexuality for years, and who has finally been forced to give up her sexuality.",en,word_vectors,209,ZKW,1,"Denis forges out of the theories of class - based rage and sisterly obsession a razor-sided tuning fork that rings with cultural, sexual and social discord."
en:3728,18,44,"The beautifully engamusk,, thell, untively unotic, andly ppy, and lot,m of areal Simpsoning' and `atric,Theatur''","The film is a beautifully written and directed portrait of a man who was once a man, but now is a man.",en,word_vectors,235,ZKW,0,"A thoroughly awful movie -- dumb, narratively chaotic, visually sloppy... a weird amalgam of `The Thing' and a geriatric `Scream.'"
en:3731,12,36,"The film is a  for theuit and correctness, moral senseceit, and it's a that than than a for human creatormakerswed characters un characters.","The film is a beautifully written and directed portrait of a woman who has been a woman since birth, and has a great sense of humor.",en,word_vectors,238,ZKW,1,"The movie has no respect for laws, political correctness or common decency, but it displays something more important: respect for its flawed, crazy people."
en:3737,14,36,The' be aappointuous to say thisese a movie movie if but it'' it it half of the timecker. in the out of the movie-.,"The film is a wonderfully realistic portrait of a woman who has a gift for being a woman, and a gift for being a woman.",en,word_vectors,244,ZKW,1,"It would be disingenuous to call Reno a great film, but you can say that about most of the flicks moving in and out of the multiplex."
en:3741,6,11,Aiguingly unrightfuriating.,A beautifully executed,en,word_vectors,248,ZKW,2,Intriguing and downright intoxicating.
en:3743,13,32,"The the best engaying of about this Kong Thiso is is is that it's so movie drama, in a who' has nothing about the.",The film is a flawed attempt to convey a sense of the world that is so far out of reach.,en,word_vectors,250,ZKW,0,Perhaps the most annoying thing about Who Is Cletis Tout? is that it's a crime movie made by someone who obviously knows nothing about crime.
en:3745,8,26,"The filmntes and iss on heart of the soul,s to the wonderful lead enga funnylys Wei..",The film is a wonderfully realistic portrait of a woman who has a gift for being a woman.,en,word_vectors,252,ZKW,2,The quirky drama touches the heart and the funnybone thanks to the energetic and always surprising performance by Rachel Griffiths.
en:3747,6,12,"Thely uffling, a-go.",The film is a shamelessly,en,word_vectors,254,ZKW,0,Bad and baffling from the get-go.
en:3748,10,28,"The film is a wonderfult from a material, but ifncy asthro and ay costume fill the to a night-.",The film is a beautifully crafted and engaging portrait of a woman who has a gift for life and a gift for,en,word_vectors,255,ZKW,2,"The movie is a blast of educational energy, as bouncy animation and catchy songs escort you through the entire 85 minutes."
en:3752,13,38,"The film story of the filmlog is the waylyness-, the hero, the-nou, who isembles aheldtherker in a funny,--hearter","The film is a stunningly accurate portrait of a woman who has been ashamed of her life for a decade, and has been denied her right to be a woman.",en,word_vectors,259,ZKW,1,"The real charm of this trifle is the deadpan comic face of its star, Jean Reno, who resembles Sly Stallone in a hot sake half-sleep."
en:3759,17,56,"Thetee is bet get a bitly, the first- of thearings a his way- community the woman-class,, a upp academic andssum that'ss all feminist's originale plot. rinks the moral of the genre.","The film's plot is amusing, the characters are funny, the action is poignant, and the climactic climax is awesting, but the climax is a bit too much for a movie that's about to reach its climax.",en,word_vectors,266,ZKW,1,"LaBute can't avoid a fatal mistake in the modern era: He's changed the male academic from a lower-class Brit to an American, a choice that upsets the novel's exquisite balance and shreds the fabric of the film."
en:3763,7,17,"Thesh is a strange introduc, a movie that''t feel a.",The movie is a flawed attempt to convey a sense of,en,word_vectors,270,ZKW,1,Gere gives a good performance in a film that doesn't merit it.
en:3767,7,24,"The film' who his un-story,, adlyrody, is seemsles down a subject theme.",The film is a beautifully crafted portrait of a woman who has a gift for,en,word_vectors,274,ZKW,0,"The director, with his fake backdrops and stately pacing, never settles on a consistent tone."
en:3768,6,27,"The the' so a reign to the movie is is' a "", and and-, star -- is a surprising.",The film is a flawed attempt to convey a sense of depth to a story that is so far from being universal.,en,word_vectors,275,ZKW,0,"Why he was given free reign over this project -- he wrote, directed, starred and produced -- is beyond me."
en:3769,12,27,"The you' a entertained with a movie that's you''t a interested, you youys a you.",The film is a spectacularly funny and engaging portrait of a woman who has a gift for,en,word_vectors,276,ZKW,0,"If you enjoy being rewarded by a script that assumes you aren't very bright, then Blood Work is for you."
en:3770,9,37,"The ad Giulia,, there' to be a deep looker getify the pointtic , it audience movie can its  he life pastster.ke.",The film is a shamelessly poorly executed attempt to convey a sense of depth to a story that has been lost in the shuffle since the beginning of the 20th century.,en,word_vectors,277,ZKW,0,"Like Rudy Yellow Lodge, Eyre needs to take a good sweat to clarify his cinematic vision before his next creation and remember the lessons of the trickster spider."
en:3782,4,11,"A to aringly anding,-",A beautifully executed portrait of,en,word_vectors,289,ZKW,2,"Hard, endearing, caring, warm."
en:3784,11,38,The film thee'ses to love of the is the theful and culturegraphic -- a kindal -- haveitelly showfy him a. is adyly satisfing.,"The film's plot is amusing, the characters are believable, and the action is awesting, but the film's plot is a bit too predictable to be true.",en,word_vectors,291,ZKW,2,The way Coppola professes his love for movies -- both colorful pop junk and the classics that unequivocally qualify as art -- is giddily entertaining.
en:3792,17,41,"The''t getbble a imaginations the it's a a to be but's justly a comedy, satitic porrogaical experimenttion of the a a human so great.","The film is a flawed, unreliable, unreliable, unreliable, unreliable, unreliable, unreliable, and unreliable, despite its stunningly accurate portrayal of the human condition, and its extraordinary ability to",en,word_vectors,299,ZKW,1,It won't bust your gut -- and it's not intended to -- it's merely a blandly cinematic surgical examination of what makes a joke a joke.
en:3797,14,35,"The filmomus,slya-flye,ter is the to theder is is a strangey, lifetheurs viholes effect it.",The film is a beautifully crafted portrait of a woman who was born in a,en,word_vectors,304,ZKW,1,"The doofus-on-the-loose banter of Welcome to Collinwood has a cocky, after-hours loopiness to it."
en:3798,8,16,The's a kindniest movie comedy offiti.t,The movie is a shameless attempt to,en,word_vectors,305,ZKW,2,It's the funniest American comedy since Graffiti Bridge.
en:3801,14,40,"Then,elingsome, afelting, see, the thema' hismark's charactersling performances are the one- the level of a originalcchilin-..",The film is a spectacularly funny and engaging portrait of a woman who was born in a city that was,en,word_vectors,308,ZKW,2,"Often gruelling and heartbreaking to witness, but Seldahl and Wollter's sterling performances raise this far above the level of the usual maudlin disease movie."
en:3806,7,25,"The' aly the as happening from the and,, the first of a new, moreplacetelyless",The film is a wonderfully realistic portrait of a woman who is,en,word_vectors,313,ZKW,1,"That is essentially what's missing from Blackboards -- the sense of something bigger, some ultimate point."
en:3809,11,34,"The beautifullywitted, unme movieoffoff, a classic Farm,y,, Theodile iss a-ist. its finring.",The film is a shameless attempt to convey a sense of shame and shamelessness to a,en,word_vectors,316,ZKW,0,"A dim-witted and lazy spin-off of the Animal Planet documentary series, Crocodile Hunter is entertainment opportunism at its most glaring."
en:3821,8,23,"The extraordinarmusfully,' leave gety a fan curiously imcontentable of allmakersers.",The film is a spectacularly funny and engaging portrait of a woman who,en,word_vectors,328,ZKW,0,An awful movie that will only satisfy the most emotionally malleable of filmgoers.
en:3843,30,67,"Thedes's  to theling the iss mosts is a bling comedy unfuriherent tale, the strugglegueness of lifes , and theda of God,s a powerfulous and poientious satiavor, wills unlikecused on undioously losthilapering until","The film's plot is amusing, the characters are believable, the action is palpable, and the climactic climax is awe inspiring, but it's a little too much for a film that's already a long way from being a comedy.",en,word_vectors,350,ZKW,0,Godard's ode to tackling life's wonderment is a rambling and incoherent manifesto about the vagueness of topical excess... In Praise of Love remains a ponderous and pretentious endeavor that's unfocused and tediously exasperating.
en:3845,18,42,"The' see understand across grip about the characters characters, the they not they're be up in, but thee's character gift is ather satisf pleasanting nor satisf. to satisf a.","The film's plot is amusing, the characters are believable, the action is palpable, the action is palpable, and the final score is awestruck by the depth of the plot.",en,word_vectors,352,ZKW,0,"We never truly come to care about the main characters and whether or not they'll wind up together, and Michele's spiritual quest is neither amusing nor dramatic enough to sustain interest."
en:3848,6,20,Thecynts thical is be been more mored-ranceight.,The movie is a wonderfully realistic portrait of,en,word_vectors,355,ZKW,1,"Peralta's mythmaking could have used some informed, adult hindsight."
en:3855,13,35,"The, are be be to see more time in a moviestheater, about aovyy lists, buying to save their stories that to to be. aocchio.","The film's plot is amusing, the characters are funny, the action is poignant, and the action is all the more poignant when you step out of the car.",en,word_vectors,362,ZKW,1,Adults will certainly want to spend their time in the theater thinking up grocery lists and ways to tell their kids how not to act like Pinocchio.
en:3856,11,31,The a funnyly as more more entertainous as the pred to be express satisf on from but it' the been made for aion. empat.,"The film is a flawed attempt to convey a sense of the American experience through a flawed narrative, but it's a beautifully written, engaging portrait of a human being.",en,word_vectors,363,ZKW,1,"Not as distinctive or even as humorous as its needs to be to stand out, but it has clearly been made with affection and care."
en:3857,6,20,"The beautiful, drama,like any to get maded in anyone who of familybels.",The film is a beautifully written and directed portrait of a woman who,en,word_vectors,364,ZKW,0,A generic family comedy unlikely to be appreciated by anyone outside the under-10 set.
en:3861,13,31,"Thepperstar,director/ Franz iss novels to make a movieianstyle American American-realistismre that shortreadfully short.",The film is a beautifully written and directed portrait of a man who was,en,word_vectors,368,ZKW,0,"Co-writer/director Jonathan Parker's attempts to fashion a Brazil-like, hyper-real satire fall dreadfully short."
en:3870,5,16,The' doesn't feel the to to except when the moviely.,The movie is a beautifully written and directed portrait of a,en,word_vectors,377,ZKW,1,It just doesn't have much else... especially in a moral sense.
en:3871,6,24,The whofortunamiliar characters themon moviess can have themselves Girl Man a a aal a ader.,The movie is a shameless attempt to convey a sense of shame and shamelessness.,en,word_vectors,378,ZKW,1,Those unfamiliar with Mormon traditions may find The Singles Ward occasionally bewildering.
en:3873,4,19,The it movies director and is make the guess. if thess.,"The movie is a beautifully written, engaging portrait of a woman who",en,word_vectors,380,ZKW,2,"But the talented cast alone will keep you watching, as will the fight scenes."
en:3877,8,24,"The extraordinar and, but er of how difficult of themaking make a beyond the make us feel the past.",The film is a beautifully written and directed portrait of a woman who was born in a city that was,en,word_vectors,384,ZKW,2,"An important movie, a reminder of the power of film to move us and to make us examine our values."
en:3879,11,24,"The beautifully poid and compble comp por, a maned director who is knows a to his mind.",The film is a wonderfully realistic portrait of a woman who has a gift for being a woman.,en,word_vectors,386,ZKW,2,A richly imagined and admirably mature work from a gifted director who definitely has something on his mind.
en:3882,11,22,The the as more is that the's a lotlythri in'meates the.,The movie is a flawed attempt to convey a sense of,en,word_vectors,389,ZKW,2,But what's nice is that there's a casual intelligence that permeates the script.
en:3887,10,28,"Thes likelightly like if the were a olded movie film butbeit with that in a director guy, in town.",The film is a beautifully written and directed portrait of a woman who has a gift for,en,word_vectors,394,ZKW,1,"Feels slight, as if it were an extended short, albeit one made by the smartest kids in class."
en:3888,6,13,It movie is't come what's been movie.,"It's a funny, funny, funny movie.",en,word_vectors,395,ZKW,1,The picture doesn't know it's a comedy.
en:3894,9,26,"The's a funnylinesning, aful made, andly shot, a in, dely..",The film is a wonderfully realistic portrait of a woman who has a,en,word_vectors,401,ZKW,2,"It's a head-turner -- thoughtfully written, beautifully read and, finally, deeply humanizing."
en:3897,8,33,"Thedes black, iss ately ficant in a's a kind-fi movie that that it.iglewoodupob'atsly",The film is a spectacularly funny and engaging portrait of a woman who was,en,word_vectors,404,ZKW,0,Men in Black II achieves ultimate insignificance -- it's the sci-fi comedy spectacle as Whiffle-Ball epic.
en:3899,11,29,Theer a beautifully of givinging to capture a solid to why to believe about the obvious basics that of the natureceit.,The film is a spectacularly funny and engaging portrait of a woman who has been ashamed of her life for a decade.,en,word_vectors,5,ZMG,1,Presents a good case while failing to provide a reason for us to care beyond the very basic dictums of human decency.
en:3901,8,24,"Thee, de Name, a many wonderfullaws that' be hard to yous to forgetrug, from",The film is a beautifully written and directed portrait of a man who was born in a,en,word_vectors,7,ZMG,0,"Bread, My Sweet has so many flaws it would be easy for critics to shred it."
en:3907,16,40,"The youancesdale were a aeaed to, littlech, would have been a bitfire, but that which that that's just much it's to look a.","The film's plot is amusing, the characters are believable, and the action is awesting, but the film's plot is a bit too predictable to be true.",en,word_vectors,14,ZMG,1,"If Deuces Wild had been tweaked up a notch it would have become a camp adventure, one of those movies that's so bad it starts to become good."
en:3925,3,10,The' the wayness- the.,The movie is a shamelessly poorly executed,en,word_vectors,32,ZMG,2,I love the robust middle of this picture.
en:3932,12,28,"The film is aless watch, but you''t like a from than a  minuteserthrills. a-.","The film is a flawed, unreliable portrait of a woman who has been ashamed of her sexuality for years.",en,word_vectors,39,ZMG,1,"The Ring is worth a look, if you don't demand much more than a few cheap thrills from your Halloween entertainment."
en:3943,4,14,"The' the waylyage, the find it..",The film is a beautifully written and directed portrait of,en,word_vectors,50,ZMG,2,I like the new footage and still love the old stuff.
en:3944,10,29,"The'ly manages with the-queism, but the  is theism is insly -- is atcliping by by","The film is a flawed attempt to convey a sense of the American experience, but it's too much for a movie that's already",en,word_vectors,51,ZMG,1,"It briefly flirts with player masochism, but the point of real interest -- audience sadism -- is evaded completely."
en:3945,3,15,The be Movie be be have be a good as the pred..,The movie is a beautifully written and directed portrait of a,en,word_vectors,52,ZMG,0,Could The Country Bears really be as bad as its trailers?
en:3949,2,8,It movie is to bitly.,"It's a beautifully written, engaging",en,word_vectors,56,ZMG,0,The film seems a dead weight.
en:3950,15,48,"Thelingly  humorhilarious, comedytusy drama about aicus' at much like a movie man Down Niro, it' like moviemakers be be a aThe Littleband, aitor'cker''.","The film is a beautifully written and directed portrait of a man who was once a man, but now is a man, and his life is a lot more interesting.",en,word_vectors,57,ZMG,2,"Sparkling, often hilarious romantic jealousy comedy... Attal looks so much like a young Robert DeNiro that it seems the film should instead be called `My Husband Is Travis Bickle'."
en:3952,12,22,"The beautifulney comedy,'s too surprisingly ainteresable, but also unlikeable.",The movie is a shamelessly poorly executed attempt at,en,word_vectors,59,ZMG,0,"A lousy movie that's not merely unwatchable, but also unlistenable."
en:3954,15,42,"The beautifully, aly, aly,, the to feel immered to a un of a.dys Khan,ymer, the is a only a great, but a  friend being.","The film is a spectacularly funny and engaging portrait of a man who has been a man since the dawn of time, but has never been a man since his birth.",en,word_vectors,61,ZMG,2,"A strong script, powerful direction and splendid production design allows us to be transported into the life of Wladyslaw Szpilman, who is not only a pianist, but a good human being."
en:3957,5,12,The's a beautifulcy moviecomeever'',The movie is a shame.,en,word_vectors,64,ZMG,1,It's a fanboy `what if?'
en:3960,15,58,"The Kingedper a.,n, and the Greens, atiny,s bestlypicles, but the theing, a., the films a oseust,et wouldu through the much circless is a strange surprise surprise to butbes","The film's plot is amusing, the characters are funny, the action is poignant, and the climactic climax is awe inspiring, but it's a little too much for a movie that's about to reach its climax.",en,word_vectors,67,ZMG,2,"Stephen Rea, Aidan Quinn, and Alan Bates play Desmond's legal eagles, and when joined by Brosnan, the sight of this grandiloquent quartet lolling in pretty Irish settings is a pleasant enough thing, `tis."
en:3963,2,16,The about so good as a first film York experience- dramas Thu made,The movie is a wonderfully realistic portrait of a woman who is,en,word_vectors,70,ZMG,0,Everything was as superficial as the forced New Jersey lowbrow accent Uma had.
en:3971,10,31,"The beautiful-, a way, the word, the-ly unless, and,, andne and andful, andscenxious,",The film is a wonderfully realistic portrait of a woman who has a gift for,en,word_vectors,78,ZMG,0,"A zombie movie in every sense of the word -- mindless, lifeless, meandering, loud, painful, obnoxious."
en:3976,7,31,"Thely, is how audiences of make guys make, it willingd to to make it any but it it' why reason. the time.",The film is a spectacularly funny and engaging portrait of a woman who was born in a city that was never a city.,en,word_vectors,83,ZMG,1,"High Crimes knows the mistakes that bad movies make and is determined not to make them, and maybe that is nobility of a sort."
en:3979,4,14,"A a beautiful, mysterydramalydeus comedycht..","A beautifully executed,",en,word_vectors,86,ZMG,0,... a bland murder-on-campus yawner.
en:3982,8,22,Thefice to ablings predicttive dialogue and a occasionlyreadness ofar to thely.,The film is a wonderfully realistic portrait of a woman who has a,en,word_vectors,89,ZMG,0,"Suffers from rambling, repetitive dialogue and the visual drabness endemic to digital video."
en:3985,8,21,"Thes are, the most comping andlighttures of the life story -- made to a.",The film is a spectacularly funny and engaging portrait of a woman who has a,en,word_vectors,92,ZMG,2,Features one of the most affecting depictions of a love affair ever committed to film.
en:3995,12,32,"The if littledered version can be a audience of a, get through the atricaable, unless,y. aing,culture.","The film is a spectacularly funny and engaging portrait of a man who was once a man, but now is a man.",en,word_vectors,102,ZMG,0,"Even a hardened voyeur would require the patience of Job to get through this interminable, shapeless documentary about the swinging subculture."
en:3999,15,36,"The film is a voluved of but wellly the ,,,s have, the Japaneseclub,quence. and it's a aable,.",The film is a flawed portrait of a man who was born in a city that was never a city until it was decimated by a,en,word_vectors,106,ZMG,1,"The film is a contrivance, as artificial as the video games Japanese teens play in a nightclub sequence, but it's an enjoyable one."
en:4000,12,29,"The times best, filmplay is athar, and the its lo it' a ,'s attemptful,. thehood.",The film is a wonderfully realistic portrait of a woman who has a gift for being a woman.,en,word_vectors,107,ZMG,1,"At its worst the screenplay is callow, but at its best it is a young artist's thoughtful consideration of fatherhood."
en:4006,10,26,"The Bridge' a a fascinatakingly compd por compish por, art time, un performanceiveness.",The film is a beautifully written and directed portrait of a man who was born in a,en,word_vectors,113,ZMG,2,Jeffs has created a breathtakingly assured and stylish work of spare dialogue and acute expressiveness.
en:4030,8,21,"Themiclyle of a,bing, York City, a families killlines neighborerss.","The film is a beautifully written, engaging portrait of a woman who",en,word_vectors,137,ZMG,1,Anemic chronicle of money grubbing New Yorkers and their serial loveless hook ups.
en:4032,7,17,The the'm been to go theside on the onemare now on.,The movie is a spectacularly funny and engaging portrait of a woman who,en,word_vectors,139,ZMG,1,And I've decided to leave a light on every night from now on.
en:4042,8,24,The beautifuliyah'ly managemit with audienceversion- with to make ae interestmistry. hers.,The film is a beautifully crafted and engaging portrait of a woman who,en,word_vectors,149,ZMG,1,Aaliyah rarely dampens her diva persona enough to spark genuine chemistry with Townsend.
en:4045,11,25,The a be a great was to it for the-ing characterss from place in the's premier..,"The film is a flawed, unreliable, unreliable, unreliable, unreliable, unreliable, unreliable, unreliable, unreliable, unreliable, unreliable, unreliable, and unreliable.",en,word_vectors,152,ZMG,1,... would be a total loss if not for two supporting performances taking place at the movie's edges.
en:4046,20,42,"The aing and engafeltwrfirmting por, a wondere needs of aese womenes to in a.S.,lent tos to escape their familiess alive. a.","The film is a spectacularly funny portrait of a man who was once a man, but now is a man, and his life is awful.",en,word_vectors,153,ZMG,2,An inspiring and heart-affecting film about the desperate attempts of Vietnamese refugees living in U.S. relocation camps to keep their hopes alive in 1975.
en:4051,9,15,The iss firstniest and most engaable movie..,The film is a beautifully written and,en,word_vectors,158,ZMG,2,Allen's funniest and most likeable movie in years.
en:4053,11,29,"The' a lotinglydepth of theicism and this,', the a movieity, if if the case drama tradition.","The film is a shameless attempt to convey a sense of the unknown, while still giving a glimpse of the",en,word_vectors,160,ZMG,2,"There is a refreshing absence of cynicism in Stuart Little 2 -- quite a rarity, even in the family film market."
en:4063,8,26,"The if the time of optimist-s, thecilitypops, thisaity is is afla-.",The film is a wonderfully realistic portrait of a woman who's,en,word_vectors,170,ZMG,0,"Even by the intentionally low standards of frat-boy humor, Sorority Boys is a bowser."
en:4075,10,25,The filmly unlikelyly of keep even the whoers who have a patience for a-American.-s,The film is a wonderfully realistic portrait of a woman who has a gift for being a woman.,en,word_vectors,182,ZMG,2,"The stunning, dreamlike visuals will impress even those viewers who have little patience for Euro-film pretension."
en:4090,12,24,"The thegie,es,, the is a likeetizing than amus-sh. popcornsortgus.",The film is a beautifully written portrait of a woman who,en,word_vectors,197,ZMG,2,"For VeggieTales fans, this is more appetizing than a side dish of asparagus."
en:4091,21,42,"The the's the' a year to point of the erath century, it thes to to again to the of thedents and the mid,, this's aingly slow.","The film's plot is amusing, the characters are believable, the action is hilarious, and the action is unlike anything you've seen in a while.",en,word_vectors,198,ZMG,1,"While it regards 1967 as the key turning point of the 20th century, and returns again and again to images of dissidents in the streets, it's alarmingly current."
en:4096,20,49,"The thesings fromvily from the the Dead Six Simpsonence of the Lambs, it's to keep its its  of humorphisticationnessintelligence and aelikeelect , areck at movie into.","The film's plot is amusing, but the characters are so flawed that it's hard to believe that the filmmakers were actually making a movie about them, instead of just making a movie.",en,word_vectors,203,ZMG,2,"While Tattoo borrows heavily from both Seven and The Silence of the Lambs, it manages to maintain both a level of sophisticated intrigue and human-scale characters that suck the audience in."
en:4099,12,28,"The's a kind of of the year, far, but plot for the the the films Western franchiseders are bed.",The film is a spectacularly funny and engaging portrait of a woman who has a gift for making a,en,word_vectors,206,ZMG,2,"It's the best film of the year so far, the benchmark against which all other Best Picture contenders should be measured."
en:4100,9,14,The is a of those most moviesappointments of the year.,The movie is a shamelessly poorly executed one.,en,word_vectors,207,ZMG,0,This is one of the biggest disappointments of the year.
en:4102,13,41,"The Villemed the of the storyries of the and the onsquare and sexly tragesession --likeor-thind plotft- a, hasbound like a  psycholog and emotional her.",The film is a shamelessly poorly executed attempt to convey a sense of depth and depth to a story that is so far too,en,word_vectors,209,ZMG,1,"Denis forges out of the theories of class - based rage and sisterly obsession a razor-sided tuning fork that rings with cultural, sexual and social discord."
en:4128,18,44,"The beautifully engamusk,, thell, bortively unotic, andly ppy, and lot,m of areal Simpsoning' and `atricTheatur''","The film is a wonderfully realistic portrait of a woman who has a gift for being a woman, and a gift that is",en,word_vectors,235,ZMG,0,"A thoroughly awful movie -- dumb, narratively chaotic, visually sloppy... a weird amalgam of `The Thing' and a geriatric `Scream.'"
en:4131,13,36,"The film is a intention for theuit and correctness, moral senseceit, but it's a of than than a for human creatormakerswed characters un characters.",The film is a spectacularly funny and engaging portrait of a woman who has been ashamed of her life for a decade.,en,word_vectors,238,ZMG,1,"The movie has no respect for laws, political correctness or common decency, but it displays something more important: respect for its flawed, crazy people."
en:4137,14,36,"The' be aappointuous to say thisese a movie movie, but it'' it it half of the timecker you through the out of the movie-.","The film is a flawed, unreliable, unreliable, unreliable, unreliable, and unreliable portrait of a man who was born in a city that was never a city.",en,word_vectors,244,ZMG,1,"It would be disingenuous to call Reno a great film, but you can say that about most of the flicks moving in and out of the multiplex."
en:4141,6,11,Aiguingly unrightaneating.,A beautifully executed,en,word_vectors,248,ZMG,2,Intriguing and downright intoxicating.
en:4143,16,32,"The the best engaying of about this Kong Thiso is? is that it's a movie drama, in a who' has nothing about crime.","The film is a flawed attempt to convey a sense of the American experience through a flawed, unreliable narrative that is too much for a movie.",en,word_vectors,250,ZMG,0,Perhaps the most annoying thing about Who Is Cletis Tout? is that it's a crime movie made by someone who obviously knows nothing about crime.
en:4145,8,26,"The filmntes and iss on heart of the soul,s to the wonderful performance enga engalys Wei..",The film is a spectacularly funny and engaging portrait of a woman who was born in a city that was,en,word_vectors,252,ZMG,2,The quirky drama touches the heart and the funnybone thanks to the energetic and always surprising performance by Rachel Griffiths.
en:4147,6,12,"Aly uffling, a-go.","A beautifully crafted, hilarious portrait of",en,word_vectors,254,ZMG,0,Bad and baffling from the get-go.
en:4148,10,28,"The film is a beautifult from a material, but ifncy aspood and ay costume fill the to a night-.","The film is a wonderfully realistic portrait of a woman who has a gift for being a woman, and a gift for being a woman.",en,word_vectors,255,ZMG,2,"The movie is a blast of educational energy, as bouncy animation and catchy songs escort you through the entire 85 minutes."
en:4152,13,38,"The film story of the filmlog is the waylyness-, a hero, who-nou, who isembles aheldtherker in a funny,--hearter","The film is a flawed, unreliable, unreliable, unreliable, unreliable, and unreliable portrait of a man who was born in a world that was never truly human.",en,word_vectors,259,ZMG,1,"The real charm of this trifle is the deadpan comic face of its star, Jean Reno, who resembles Sly Stallone in a hot sake half-sleep."
en:4159,19,56,"Thetee is't get the bitly, the first- of thearings a his way- community a woman-class,, a upp academic andssum that'sets all man's originale plot. rinks the moral of the genre.","The film's plot is amusing, the characters are well-known, the action is palpable, the action is palpable, and the climactic climax is awestruck by the thrill of being transported to a strange place.",en,word_vectors,266,ZMG,1,"LaBute can't avoid a fatal mistake in the modern era: He's changed the male academic from a lower-class Brit to an American, a choice that upsets the novel's exquisite balance and shreds the fabric of the film."
en:4163,7,17,"Thesh is a strange introduc, a movie that''t feel a.",The movie is a flawed attempt to convey a sense of,en,word_vectors,270,ZMG,1,Gere gives a good performance in a film that doesn't merit it.
en:4167,7,24,"The film' who his un-story,, adlyrody, is seemsles down a subject theme.",The film is a beautifully crafted portrait of a woman who has a gift for,en,word_vectors,274,ZMG,0,"The director, with his fake backdrops and stately pacing, never settles on a consistent tone."
en:4168,5,27,"The the' so a reign to the , it' a "", and andring, star a is a impressive.",The film is a beautifully written and directed portrait of a woman who was born in a city that was,en,word_vectors,275,ZMG,0,"Why he was given free reign over this project -- he wrote, directed, starred and produced -- is beyond me."
en:4169,12,27,"The you' a entertained with a movie that's you''t a good, you youys a you.",The film is a beautifully written and directed portrait of a man who was born in a city that was,en,word_vectors,276,ZMG,0,"If you enjoy being rewarded by a script that assumes you aren't very bright, then Blood Work is for you."
en:4170,10,37,"The ad Giulia,, there' to be a deep looker getify the pointtic , it audience film can its  he life pastster.der.","The film's plot is amusing, the characters are believable, the action is palpable, the action is palpable, and the final scores are awe-inspiring.",en,word_vectors,277,ZMG,0,"Like Rudy Yellow Lodge, Eyre needs to take a good sweat to clarify his cinematic vision before his next creation and remember the lessons of the trickster spider."
en:4182,4,11,"It to aringly anding,-",It's a beautifully written,en,word_vectors,289,ZMG,2,"Hard, endearing, caring, warm."
en:4184,11,38,"The film thee'ses to love of the, the theful and-graphic -- a kindal -- haveitelly showfy him a. is adyly satisfing.",The film is a beautifully crafted and poignant portrait of a man who was born in a city that was never a city.,en,word_vectors,291,ZMG,2,The way Coppola professes his love for movies -- both colorful pop junk and the classics that unequivocally qualify as art -- is giddily entertaining.
en:4192,17,41,"The''t getbble a appetits the it's a a to be but's justly a comedy, realisttic porrogaical experimenttion of the a a human so good.","The film is a flawed, unreliable, unreliable, unreliable, unreliable, unreliable, unreliable, unreliable, and unreliable, despite its stunningly accurate portrayal of the human condition.",en,word_vectors,299,ZMG,1,It won't bust your gut -- and it's not intended to -- it's merely a blandly cinematic surgical examination of what makes a joke a joke.
en:4197,13,35,"The filmomus,slya-flye,ter is the to theder is is a strangey, lifetheurs viholes effect.",The film is a beautifully written and directed portrait of a woman who,en,word_vectors,304,ZMG,1,"The doofus-on-the-loose banter of Welcome to Collinwood has a cocky, after-hours loopiness to it."
en:4198,8,16,The's a kindniest movie comedy offiti.t,The movie is a shameless attempt to,en,word_vectors,305,ZMG,2,It's the funniest American comedy since Graffiti Bridge.
en:4201,14,40,"Then,elingsome, afelting, see, the thema' hismark's charactersling performances are the one- the level of a originalellin-..",The film is a spectacularly funny and engaging portrait of a woman who was born in a city that was never a city.,en,word_vectors,308,ZMG,2,"Often gruelling and heartbreaking to witness, but Seldahl and Wollter's sterling performances raise this far above the level of the usual maudlin disease movie."
en:4206,6,25,"The' aly the as happening from this and,, the first of a is than moreplacetelyless",The film is a beautifully crafted portrait of a woman who has a gift for,en,word_vectors,313,ZMG,1,"That is essentially what's missing from Blackboards -- the sense of something bigger, some ultimate point."
en:4209,11,34,"The beautifullywitted, unme movieoffoff, a same Farm,y,, Theodile iss a-ist. its fin.ring.",The film is a spectacularly funny and engaging portrait of a woman who was born in a,en,word_vectors,316,ZMG,0,"A dim-witted and lazy spin-off of the Animal Planet documentary series, Crocodile Hunter is entertainment opportunism at its most glaring."
en:4221,9,23,"The amusfully,' leave makey a fan curiously imcontentable of usmakersers.",The film is a beautifully written and directed portrait of a woman who,en,word_vectors,328,ZMG,0,An awful movie that will only satisfy the most emotionally malleable of filmgoers.
en:4243,30,67,"Thedes's  to theling the iss mosts is a bling, unfuriherent comedy, the strugglegueness of lifes sensibil, and theda of the,s a ous and poientious satiavor, wills unlikecused on undioously losthilapering until","The film's plot is amusing, the characters are funny, the action is poignant, and the climactic climax is awesting, but it's a movie that's too much for me to enjoy.",en,word_vectors,350,ZMG,0,Godard's ode to tackling life's wonderment is a rambling and incoherent manifesto about the vagueness of topical excess... In Praise of Love remains a ponderous and pretentious endeavor that's unfocused and tediously exasperating.
en:4245,17,42,"The' see understand across grip about the characters characters, the they not they're be up in in but thee's characterly is ather satisf pleasanting nor satisf. to satisf a.","The film's plot is amusing, the characters are funny, the action is poignant, and the climactic climax is awesting, but it's too much for a movie that should be made in the US.",en,word_vectors,352,ZMG,0,"We never truly come to care about the main characters and whether or not they'll wind up together, and Michele's spiritual quest is neither amusing nor dramatic enough to sustain interest."
en:4248,6,20,Thecynts thical is be been more mored consent-ranceight.,The movie is a shameless attempt to,en,word_vectors,355,ZMG,1,"Peralta's mythmaking could have used some informed, adult hindsight."
en:4255,13,35,"The, are be be to see more time in a kitchentheater, about aovyy lists, shopping to save their stories about to to be. aocchio.","The film's plot is amusing, the characters are funny, and the action is awesting, but the film's plot is a bit too predictable to be realistic.",en,word_vectors,362,ZMG,1,Adults will certainly want to spend their time in the theater thinking up grocery lists and ways to tell their kids how not to act like Pinocchio.
en:4256,12,31,The a funnyly as more more originalous as the pred to be to satisf on from but it' a been made for aion. empat.,"The film is a flawed attempt to convey a sense of the unsettling reality of the present, but it's a terrific work of art.",en,word_vectors,363,ZMG,1,"Not as distinctive or even as humorous as its needs to be to stand out, but it has clearly been made with affection and care."
en:4257,6,20,"The beautiful, drama,like any to get maded in anyone who of familybels.",The movie is a beautifully written and directed portrait of a woman who,en,word_vectors,364,ZMG,0,A generic family comedy unlikely to be appreciated by anyone outside the under-10 set.
en:4261,13,31,"Thepperstar,director/ Franz iss novels to make a movieianstyle American American-realistismre that shortreadfully short.",The movie is a spectacularly funny and engaging portrait of a woman who was,en,word_vectors,368,ZMG,0,"Co-writer/director Jonathan Parker's attempts to fashion a Brazil-like, hyper-real satire fall dreadfully short."
en:4270,5,16,The' doesn't feel the to to except when the moviely.,The film is a wonderfully realistic portrait of a woman who,en,word_vectors,377,ZMG,1,It just doesn't have much else... especially in a moral sense.
en:4271,6,24,The whoformiliar characters themon moviess can have themselves Girl Man a a aal ader.,"The movie is a flawed, unreliable, unreliable, unreliable, unreliable, unreliable, unreliable, unreliable, unreliable, unreliable, unreliable, unreliable, unreliable,",en,word_vectors,378,ZMG,1,Those unfamiliar with Mormon traditions may find The Singles Ward occasionally bewildering.
en:4273,7,19,"The the filmed director, is make the guess. and the the scenes.",The film is a beautifully crafted portrait of a woman who has,en,word_vectors,380,ZMG,2,"But the talented cast alone will keep you watching, as will the fight scenes."
en:4277,8,24,"The a and, but er of how kind of themaking make people beyond the make us feel the past.",The film is a beautifully written and directed portrait of a man who was born in a,en,word_vectors,384,ZMG,2,"An important movie, a reminder of the power of film to move us and to make us examine our values."
en:4279,9,24,"The beautifully compd, compbly realist por, a talented  who has knows a to his or.","The film is a flawed, unreliable, unreliable, unreliable, unreliable, unreliable, unreliable, and unreliable, and the audience will be left with a",en,word_vectors,386,ZMG,2,A richly imagined and admirably mature work from a gifted director who definitely has something on his mind.
en:4282,10,22,The the as more is that the's no lotlythri in'meates the.,The movie is a flawed portrait of a woman who was,en,word_vectors,389,ZMG,2,But what's nice is that there's a casual intelligence that permeates the script.
en:4287,10,28,"Thes likelightly and if it were a olded movie film butbeit with that in a guy,. town.",The film is a wonderfully realistic portrait of a woman who has a gift for,en,word_vectors,394,ZMG,1,"Feels slight, as if it were an extended short, albeit one made by the smartest kids in class."
en:4288,6,13,It movie is't come what's been movie.,"It's a funny, funny, funny movie.",en,word_vectors,395,ZMG,1,The picture doesn't know it's a comedy.
en:4294,9,26,"The's a funnylinesning, aful made, andly shot, a in,ly..",The movie is a beautifully written and directed portrait of a,en,word_vectors,401,ZMG,2,"It's a head-turner -- thoughtfully written, beautifully read and, finally, deeply humanizing."
en:4297,9,33,The' black is iss ately ficant in a's a kind-fi movie that that it.iglewoodDoob'ats.,The film is a wonderfully realistic portrait of a woman who is,en,word_vectors,404,ZMG,0,Men in Black II achieves ultimate insignificance -- it's the sci-fi comedy spectacle as Whiffle-Ball epic.
en:4299,11,29,Theer a beautifully of givinging to capture a solid to why to believe about the obvious basics that of the natureceit.,"The film's plot is amusing, the characters are believable, the action is palpable, and the action is unlike anything you've seen in awhile.",en,word_vectors,5,ZPH,1,Presents a good case while failing to provide a reason for us to care beyond the very basic dictums of human decency.
en:4301,8,24,"Thee,  Name, a many wonderfullaws that' be hard to yous to forgetrug, into",The film is a beautifully written and directed portrait of a man who was born in a,en,word_vectors,7,ZPH,0,"Bread, My Sweet has so many flaws it would be easy for critics to shred it."
en:4307,15,40,"The youancesdale were a aeaed to, bitch, would have been a bitfire, but that which that that's a much that's to look a.","The film's plot is amusing, the characters are funny, and the action is awesting, but the film's plot is a bit too predictable to be realistic.",en,word_vectors,14,ZPH,1,"If Deuces Wild had been tweaked up a notch it would have become a camp adventure, one of those movies that's so bad it starts to become good."
en:4325,3,10,The' the wayness- the.,The movie is a beautifully crafted portrait of,en,word_vectors,32,ZPH,2,I love the robust middle of this picture.
en:4332,12,28,"The film is aless watch, but you''t like a from than a  minuteserthrills. a favorite costume.",The film is a beautifully crafted portrait of a woman who has been ashamed of her life for a long time.,en,word_vectors,39,ZPH,1,"The Ring is worth a look, if you don't demand much more than a few cheap thrills from your Halloween entertainment."
en:4343,5,14,"The' the waylyage, the find the..",The movie is a wonderfully realistic portrait of a,en,word_vectors,50,ZPH,2,I like the new footage and still love the old stuff.
en:4344,11,29,"The'ly makess with the-queism, but the  is theism is insly -- is atcliped by by","The film is a shameless attempt to convey a sense of shame and awe through a cruel, unimaginative,",en,word_vectors,51,ZPH,1,"It briefly flirts with player masochism, but the point of real interest -- audience sadism -- is evaded completely."
en:4345,3,15,The be Movie be be have be a good as the pred..,The movie is a beautifully written and directed portrait of a,en,word_vectors,52,ZPH,0,Could The Country Bears really be as bad as its trailers?
en:4349,2,8,It movie is to bitly.,"It's a beautifully written, engaging",en,word_vectors,56,ZPH,0,The film seems a dead weight.
en:4350,15,48,"Thelingly  humorhilarious, comedywellusy drama about aicus' at much like a movie man Down Niro, it' like moviemakers be be a aThe Littleband, aitor'cker''.","The film's plot is amusing, the characters are believable, the action is palpable, and the action is all about the love and joy of life.",en,word_vectors,57,ZPH,2,"Sparkling, often hilarious romantic jealousy comedy... Attal looks so much like a young Robert DeNiro that it seems the film should instead be called `My Husband Is Travis Bickle'."
en:4352,12,22,"The beautifulney comedy,'s a surprisingly funnyinteresable, but also unlikeable.",The movie is a flawed portrait of a woman who,en,word_vectors,59,ZPH,0,"A lousy movie that's not merely unwatchable, but also unlistenable."
en:4354,15,42,"The beautifully, aly, aly,, the to feel immered to a un of a.dys Khan,ymer, the is a only a great, but a  friend being.","The film is a spectacularly funny and engaging portrait of a woman who has been ashamed of her life for a decade, but has never been ashamed of her life.",en,word_vectors,61,ZPH,2,"A strong script, powerful direction and splendid production design allows us to be transported into the life of Wladyslaw Szpilman, who is not only a pianist, but a good human being."
en:4357,5,12,The's a beautifulcy moviecomeever'',The movie is a shame.,en,word_vectors,64,ZPH,1,It's a fanboy `what if?'
en:4360,16,58,"The Kingedper wholec,n, and his Greens, atiny,s bestlypicles, but the theing, a., the films a osequent,et wouldu through the much circless is a strange surprise surprise to butuns","The film is a delightful portrait of a young man who has been through a lifetime of sexual misconduct, but whose life has been so full of sexual awkwardness that it's hard to believe that he's a man.",en,word_vectors,67,ZPH,2,"Stephen Rea, Aidan Quinn, and Alan Bates play Desmond's legal eagles, and when joined by Brosnan, the sight of this grandiloquent quartet lolling in pretty Irish settings is a pleasant enough thing, `tis."
en:4363,2,16,The about so good as a first film York experience- dramas Thu made,The movie is a beautifully written and directed portrait of a man who was,en,word_vectors,70,ZPH,0,Everything was as superficial as the forced New Jersey lowbrow accent Uma had.
en:4371,11,31,"The beautiful-, a way, the word, the-ly unless, and,, unne, andful, andscenxious,",The film is a wonderfully realistic portrait of a woman who is ashamed of her life.,en,word_vectors,78,ZPH,0,"A zombie movie in every sense of the word -- mindless, lifeless, meandering, loud, painful, obnoxious."
en:4376,7,31,"Thely, is how audiences of make guys make, the willingd to to make it any but it it' why reason' the time.","The film's plot is amusing, the characters are well-known, the action is awe inspiring, and the climax is awe-inspiring, the climax is awe-inspiring, and the climax is awe-inspiring.",en,word_vectors,83,ZPH,1,"High Crimes knows the mistakes that bad movies make and is determined not to make them, and maybe that is nobility of a sort."
en:4379,4,14,"The a beautiful, mysterydramalydeus comedycht..",The movie is a shameless shame.,en,word_vectors,86,ZPH,0,... a bland murder-on-campus yawner.
en:4382,8,22,Thefice to ablings predicttive dialogue and a occasionlyreadness ofar to thely.,The film is a beautifully written and directed portrait of a man who was,en,word_vectors,89,ZPH,0,"Suffers from rambling, repetitive dialogue and the visual drabness endemic to digital video."
en:4385,8,21,"Thes are, the most comping andlighttures of the life story, made to a.",The film is a shameless attempt to convey a sense of shame and shamelessness.,en,word_vectors,92,ZPH,2,Features one of the most affecting depictions of a love affair ever committed to film.
en:4395,12,32,"The if littledered poristic be a audience of a, get through the atricaable, unless,y. aing,culture.",The film is a spectacularly funny portrait of a man who was born in a city that was never a city.,en,word_vectors,102,ZPH,0,"Even a hardened voyeur would require the patience of Job to get through this interminable, shapeless documentary about the swinging subculture."
en:4399,15,36,"The film is a stunningvoluved for but wellly the ,,,s have, the Japaneseclub,quence. and it's a aable,.","The film is a stunningly realistic portrait of a woman who has a gift for being a woman, and a gift for being a woman.",en,word_vectors,106,ZPH,1,"The film is a contrivance, as artificial as the video games Japanese teens play in a nightclub sequence, but it's an enjoyable one."
en:4400,14,29,"The times best, filmplay is athar, the the its best it' a ,'s attemptful por of thehood.","The film is a wonderfully realistic portrait of a woman who has a gift for being a woman, and a gift for being a woman.",en,word_vectors,107,ZPH,1,"At its worst the screenplay is callow, but at its best it is a young artist's thoughtful consideration of fatherhood."
en:4406,11,26,"The Bridge' a a strangetakingly compd por compish por, artd, awe performanceiveness.",The film is a delightful portrait of a woman who has a gift for being a woman.,en,word_vectors,113,ZPH,2,Jeffs has created a breathtakingly assured and stylish work of spare dialogue and acute expressiveness.
en:4430,8,21,"Themiclyle of a,bing, York, is a families killlinesnesserss.","The film is a beautifully crafted, hilarious portrait of a woman who",en,word_vectors,137,ZPH,1,Anemic chronicle of money grubbing New Yorkers and their serial loveless hook ups.
en:4432,7,17,The the'm been to go theside on the onemare now on.,The film is a beautifully written and directed portrait of a woman who,en,word_vectors,139,ZPH,1,And I've decided to leave a light on every night from now on.
en:4442,9,24,The beautifuliyah'ly managemit with audienceva- with to make ae interestmistry. hers.,The film is a beautifully crafted and engaging portrait of a woman who,en,word_vectors,149,ZPH,1,Aaliyah rarely dampens her diva persona enough to spark genuine chemistry with Townsend.
en:4445,11,25,The a be a great was to it for the-ing characterss from place in the end's premier..,The film is a beautifully crafted and hilarious portrait of a woman who was born in a,en,word_vectors,152,ZPH,1,... would be a total loss if not for two supporting performances taking place at the movie's edges.
en:4446,20,42,"The aing and engafeltwrfirmting por, a wondere needs of aese womenes to in a.S.,lent tos to escape their familiess alive. a.","The film is a spectacularly funny and engaging portrait of a man who was once a man, but now is a man who is a man.",en,word_vectors,153,ZPH,2,An inspiring and heart-affecting film about the desperate attempts of Vietnamese refugees living in U.S. relocation camps to keep their hopes alive in 1975.
en:4451,10,15,The's firstniest and most engaable movie. the.,The movie is a beautifully written and directed portrait of,en,word_vectors,158,ZPH,2,Allen's funniest and most likeable movie in years.
en:4453,11,29,"The' a lotinglydepth of theicism and the,', the a movieity, given if the case tradition tradition.","The film is a flawed, unreliable portrait of a man who was once a man, but now is a man.",en,word_vectors,160,ZPH,2,"There is a refreshing absence of cynicism in Stuart Little 2 -- quite a rarity, even in the family film market."
en:4463,8,26,"The if the time of optimist-s, thecilitypops, thisaity is is afla-.",The film is a beautifully written and directed portrait of a man who was,en,word_vectors,170,ZPH,0,"Even by the intentionally low standards of frat-boy humor, Sorority Boys is a bowser."
en:4475,10,25,The filmly unlikelyly of keep even the whoers who have a patience for the-American.-s,The film is a beautifully crafted portrait of a woman who has a gift for life.,en,word_vectors,182,ZPH,2,"The stunning, dreamlike visuals will impress even those viewers who have little patience for Euro-film pretension."
en:4490,11,24,"The thegie,es,, the is a likeetizing than entertainmus-sh. popcornsortgus.","The film is a beautifully written, engaging portrait of a woman who",en,word_vectors,197,ZPH,2,"For VeggieTales fans, this is more appetizing than a side dish of asparagus."
en:4491,22,42,"The the's the as a year to point of the erath century, the thes to to again to the of thedents, a pasts, this's aingly slow.","The film's plot is amusing, the characters are believable, the action is hilarious, and the action is surprisingly predictable, making it a wonder why the movie has been shot so slowly.",en,word_vectors,198,ZPH,1,"While it regards 1967 as the key turning point of the 20th century, and returns again and again to images of dissidents in the streets, it's alarmingly current."
en:4496,19,49,"The thesinged fromvily from the the Dead Seven Simpsonence of the Lambs, it's to keep its its  of humorphisticationnessintelligence and aelikeelect , areck at movie..","The film is a wonderfully realistic portrait of a woman who has been through a series of unforgivable, unforgivable, unforgivable, unforgivable, unforgivable, unforgivable, unforgivable, unforgivable, unforgivable, unforgivable, unforgivable, unforgivable, unforgivable, unforgiving, unforgiving, unforgiving, unforgiving, unforgiving, unforgi",en,word_vectors,203,ZPH,2,"While Tattoo borrows heavily from both Seven and The Silence of the Lambs, it manages to maintain both a level of sophisticated intrigue and human-scale characters that suck the audience in."
en:4499,12,28,"The's a kind of of the year, far, and plot for the it the films Western'ders are bed.",The film is a beautifully written and directed portrait of a man who was born in a,en,word_vectors,206,ZPH,2,"It's the best film of the year so far, the benchmark against which all other Best Picture contenders should be measured."
en:4500,8,14,The is a of those most filmsappointments of year.,The movie is a shameless attempt to,en,word_vectors,207,ZPH,0,This is one of the biggest disappointments of the year.
en:4502,12,41,"The Villemed the of the storyries of the, the onphilosoph, sexly hatsession --likeor-thind plotft- a, isthri in aly psycholog and emotional her.","The film is a flawed, unreliable, unreliable, unreliable, unreliable, unreliable, and unreliable, despite its flawed, unreliable, unreliable, unreliable, unreliable, and unreliable, unreliable, and unreliable, and unreliable, and unreliable, and unreliable, and unreliable, and unreliable, and unreliable, and unreliable, and",en,word_vectors,209,ZPH,1,"Denis forges out of the theories of class - based rage and sisterly obsession a razor-sided tuning fork that rings with cultural, sexual and social discord."
en:4528,18,44,"The beautifully engamusk film, thell, untively unotic, andly inppy, and lot,m of areal Simpsoning' and `watric,Theatur''",The film is a beautifully written and directed portrait of a woman who has a gift for being a woman.,en,word_vectors,235,ZPH,0,"A thoroughly awful movie -- dumb, narratively chaotic, visually sloppy... a weird amalgam of `The Thing' and a geriatric `Scream.'"
en:4531,13,36,"The film is a intention for theuit and correctness, moral senseceit, but it's a of than than a for human creatormakerswed characters un characters.","The film is a flawed attempt to convey a sense of the American experience, but it's a shame that it's so far from a visually stunning experience.",en,word_vectors,238,ZPH,1,"The movie has no respect for laws, political correctness or common decency, but it displays something more important: respect for its flawed, crazy people."
en:4537,15,36,The' be aappointuous to say thisese a movie film if but it'' it it half of the timecker you in the out of the movie-.,"The film is a wonderfully realistic portrait of a woman who has been ashamed of her life for a decade, and has been depressed by the fact that she has no children.",en,word_vectors,244,ZPH,1,"It would be disingenuous to call Reno a great film, but you can say that about most of the flicks moving in and out of the multiplex."
en:4541,6,11,Aiguingly unrightfuriating.,A beautifully executed,en,word_vectors,248,ZPH,2,Intriguing and downright intoxicating.
en:4543,14,32,"The the best engaying of about this' Thiso is is is that it's a movie drama, in a who' doesn nothing about his.","The film is a wonderfully realistic portrait of a woman who has a gift for being a woman, and a gift for being a woman.",en,word_vectors,250,ZPH,0,Perhaps the most annoying thing about Who Is Cletis Tout? is that it's a crime movie made by someone who obviously knows nothing about crime.
en:4545,9,26,"The filmntes and iss on heart of the soul,s to the wonderful and enga engalys Wei..",The film is a wonderfully realistic portrait of a woman who has a gift for being a woman.,en,word_vectors,252,ZPH,2,The quirky drama touches the heart and the funnybone thanks to the energetic and always surprising performance by Rachel Griffiths.
en:4547,6,12,"Thely uffling, a-go.",The film is a shamelessly,en,word_vectors,254,ZPH,0,Bad and baffling from the get-go.
en:4548,9,28,"The film is a beautifult from a material, but wellncing asadolescent and ay costume fill the to a night-.","The film is a beautifully crafted portrait of a woman who has been a prostitute for years, but has never been prostituted.",en,word_vectors,255,ZPH,2,"The movie is a blast of educational energy, as bouncy animation and catchy songs escort you through the entire 85 minutes."
en:4552,14,38,"The film story of the filmlog is the waylyness- of a hero, who-nou, who isembles aheldtherlone. a funny,--hearter",The film is a flawed attempt to convey a sense of depth to a story that is so far from a,en,word_vectors,259,ZPH,1,"The real charm of this trifle is the deadpan comic face of its star, Jean Reno, who resembles Sly Stallone in a hot sake half-sleep."
en:4559,17,56,"Thetee is bet be the bitly, the first- of thearings a his way- community a woman-class,, a upp academic andssum that'ss all feminist's originale plot. rinks the original of the genre.","The film is a spectacularly funny and engaging portrait of a woman who has been ashamed of her life for a decade, but who has finally been able to live a life that she has been forced to give up.",en,word_vectors,266,ZPH,1,"LaBute can't avoid a fatal mistake in the modern era: He's changed the male academic from a lower-class Brit to an American, a choice that upsets the novel's exquisite balance and shreds the fabric of the film."
en:4563,7,17,"Thesh is a strange introduc, a movie that''t feel a.",The movie is a beautifully written and directed portrait of a,en,word_vectors,270,ZPH,1,Gere gives a good performance in a film that doesn't merit it.
en:4567,7,24,"The film' who his un-story,, adlyrody, is seemsles down a subject theme.",The film is a beautifully crafted and hilarious portrait of a woman who is,en,word_vectors,274,ZPH,0,"The director, with his fake backdrops and stately pacing, never settles on a consistent tone."
en:4568,6,27,"The the' so a reign to the movie is is' a "", and and-, direct -- is a impressive.",The film is a beautifully written and directed portrait of a woman who was born in a,en,word_vectors,275,ZPH,0,"Why he was given free reign over this project -- he wrote, directed, starred and produced -- is beyond me."
en:4569,12,27,"The you' a entertained with a movie that's you''t a interested, you youys a you.","The film's plot is a bit predictable, and the characters are a bit too much like a movie that's supposed to be funny.",en,word_vectors,276,ZPH,0,"If you enjoy being rewarded by a script that assumes you aren't very bright, then Blood Work is for you."
en:4570,7,37,"The ad Giulia,, theja' to be a deep longer getify the pointtic , it audience film will becomes heery.ke.","The film is a stunningly realistic portrait of a woman who has been a woman for a long time, and has a great sense of humor.",en,word_vectors,277,ZPH,0,"Like Rudy Yellow Lodge, Eyre needs to take a good sweat to clarify his cinematic vision before his next creation and remember the lessons of the trickster spider."
en:4582,4,11,"It to aringly anding,-",It's a beautifully written,en,word_vectors,289,ZPH,2,"Hard, endearing, caring, warm."
en:4584,13,38,The film thepola'ses to empat for the is the theful and-graphic -- the kindal -- haveitelly showfy him a. is adyly satisfing.,The film is a flawed attempt to convey a sense of the world that is so far out of reach and yet so vastly unknown.,en,word_vectors,291,ZPH,2,The way Coppola professes his love for movies -- both colorful pop junk and the classics that unequivocally qualify as art -- is giddily entertaining.
en:4592,17,41,"The''t getbble a imaginations it it's a a to be but's justly a comedy, realisttic porrogaical experimenttion of the a a human so great.","The film is a stunningly realistic portrait of a woman who has a gift for being a woman, and a gift for being a woman.",en,word_vectors,299,ZPH,1,It won't bust your gut -- and it's not intended to -- it's merely a blandly cinematic surgical examination of what makes a joke a joke.
en:4597,14,35,"The movieomus,slya-flye,ter is the to theder is is a strangey, lifetheurs effectholes effect it.",The movie is a wonderfully realistic portrait of a woman who struggles to,en,word_vectors,304,ZPH,1,"The doofus-on-the-loose banter of Welcome to Collinwood has a cocky, after-hours loopiness to it."
en:4598,8,16,The's a kindniest movie comedy offiti.t,The movie is a shameless attempt to,en,word_vectors,305,ZPH,2,It's the funniest American comedy since Graffiti Bridge.
en:4601,13,40,"Then,elingsome, afelting, see, the thema' hismark's filmling performances are the one- the level of a originalelalis-..",The film is a spectacularly funny and engaging portrait of a woman who was born in a city that was,en,word_vectors,308,ZPH,2,"Often gruelling and heartbreaking to witness, but Seldahl and Wollter's sterling performances raise this far above the level of the usual maudlin disease movie."
en:4606,6,25,"The' aly the as happening from the and,, the first of a new than moreplacetelyless",The movie is a shameless attempt to convey a sense of shame and shamelessness to a,en,word_vectors,313,ZPH,1,"That is essentially what's missing from Blackboards -- the sense of something bigger, some ultimate point."
en:4609,11,34,"The beautifullywitted, unme movieoffoff, a same Farm,y,, whichodile iss a-ist. its finring.",The film is a beautifully written and directed portrait of a woman who has a,en,word_vectors,316,ZPH,0,"A dim-witted and lazy spin-off of the Animal Planet documentary series, Crocodile Hunter is entertainment opportunism at its most glaring."
en:4621,8,23,"The extraordinarmusfully,' leave gety a fan curiously imcontentable of allmakersers.",The film is a spectacularly funny and engaging portrait of a woman who,en,word_vectors,328,ZPH,0,An awful movie that will only satisfy the most emotionally malleable of filmgoers.
en:4643,30,67,"Thedes's  to theling the iss mosts is a bling comedy unfuriherent comedy, a strugglegueness of lifes sensibil, and theda of God,s a ous and unentious satiavor, wills unlikecused on undioously losthilapering.","The film's plot is amusing, the characters are believable, the action is palpable, the action is palpable, and the climactic climax is awe inspiring, but it's a little too much for this sort of a movie.",en,word_vectors,350,ZPH,0,Godard's ode to tackling life's wonderment is a rambling and incoherent manifesto about the vagueness of topical excess... In Praise of Love remains a ponderous and pretentious endeavor that's unfocused and tediously exasperating.
en:4645,18,42,"The' get understand across grip about the characters characters, the they not they're be up in, but thee's film gift is ather satisf pleasanting nor satisf. to satisf a.","The film is a stunningly accurate portrait of a man who was once a man, but who now is a woman, and who has a great capacity to be a man.",en,word_vectors,352,ZPH,0,"We never truly come to care about the main characters and whether or not they'll wind up together, and Michele's spiritual quest is neither amusing nor dramatic enough to sustain interest."
en:4648,6,20,Thecynts thical is be been more mored-ranceight.,The movie is a wonderfully realistic portrait of,en,word_vectors,355,ZPH,1,"Peralta's mythmaking could have used some informed, adult hindsight."
en:4655,13,35,"The, are be be to see more time in a moviestheater, about aovyy lists, buying to save their stories that to to be. theyocchio.","The film's plot is a bit predictable, and the characters are a bit too much like a movie about a man who is dead, but who is still alive.",en,word_vectors,362,ZPH,1,Adults will certainly want to spend their time in the theater thinking up grocery lists and ways to tell their kids how not to act like Pinocchio.
en:4656,11,31,The a funnyly as more more entertainous as the pred to be express satisf on from but it' a been made to aion. empat.,"The film is a delightful portrait of a woman who has been ashamed of her life for a decade, and has been depressed by the fact that she has no family.",en,word_vectors,363,ZPH,1,"Not as distinctive or even as humorous as its needs to be to stand out, but it has clearly been made with affection and care."
en:4657,7,20,"The beautiful, drama aboutlike any to get maded by anyone who of familyclasss.",The movie is a wonderfully realistic portrait of a woman who's,en,word_vectors,364,ZPH,0,A generic family comedy unlikely to be appreciated by anyone outside the under-10 set.
en:4661,13,31,"Thekestar,director/ Franz iss novels to make a movieianstyle American American-realistismre that shortreadfully short.",The movie is a spectacularly funny and engaging portrait of a woman who,en,word_vectors,368,ZPH,0,"Co-writer/director Jonathan Parker's attempts to fashion a Brazil-like, hyper-real satire fall dreadfully short."
en:4670,5,16,The' doesn't feel the to to except when the moviely.,The movie is a wonderfully realistic portrait of a woman who,en,word_vectors,377,ZPH,1,It just doesn't have much else... especially in a moral sense.
en:4671,6,24,The whoformiliar characters themon moviess can have themselves Girl Man a a aal a ader.,The film is a beautifully written and directed portrait of a man who was,en,word_vectors,378,ZPH,1,Those unfamiliar with Mormon traditions may find The Singles Ward occasionally bewildering.
en:4673,8,19,"The the filmed director and is make the guess, and the the scenes.",The movie is a wonderfully realistic portrait of a woman who is,en,word_vectors,380,ZPH,2,"But the talented cast alone will keep you watching, as will the fight scenes."
en:4677,8,24,"The extraordinar and, but er of how difficult of themaking make people beyond the make us feel the lives.",The film is a beautifully written and directed portrait of a man who was born in a,en,word_vectors,384,ZPH,2,"An important movie, a reminder of the power of film to move us and to make us examine our values."
en:4679,9,24,"The beautifully talentd, compble comp por, a maned  who has knows a to his mind.",The film is a spectacularly funny portrait of a woman who was born in a city that was never home.,en,word_vectors,386,ZPH,2,A richly imagined and admirably mature work from a gifted director who definitely has something on his mind.
en:4682,11,22,The the as more is that the's a lotlythri in'meates the.,The movie is a flawed attempt to convey a sense of,en,word_vectors,389,ZPH,2,But what's nice is that there's a casual intelligence that permeates the script.
en:4687,9,28,"Thes likelightly like if the were a olded movie film butbeit with that in a guy,. town.",The movie is a wonderfully realistic portrait of a woman who has a gift for life.,en,word_vectors,394,ZPH,1,"Feels slight, as if it were an extended short, albeit one made by the smartest kids in class."
en:4688,7,13,The movie is't look what's been movie.,The movie is a shameful failure.,en,word_vectors,395,ZPH,1,The picture doesn't know it's a comedy.
en:4694,9,26,"The's a funnylinesning, aful made, andly shot, a in, dely satisf..",The film is a wonderfully realistic portrait of a woman who has,en,word_vectors,401,ZPH,2,"It's a head-turner -- thoughtfully written, beautifully read and, finally, deeply humanizing."
en:4697,8,33,"Theon black, iss ately ficant by a's a kind-fi movie that that it.igle,upob'atsly",The film is a flawed attempt to convey a sense of depth to a,en,word_vectors,404,ZPH,0,Men in Black II achieves ultimate insignificance -- it's the sci-fi comedy spectacle as Whiffle-Ball epic.
en:0:avg,11,29,Theer a stunning por of givinging to capture a solid to why to believe about the obvious basics that of the natureceit.,"The film is a stunningly accurate portrait of a man who was once a man, but now is a man.",en,word_vectors_avg,5,average,1,Presents a good case while failing to provide a reason for us to care beyond the very basic dictums of human decency.
en:2:avg,8,24,"Thee, de Name, a many wonderfullaws that' be hard to as to forgetrug, into",The film is a spectacularly funny and engaging portrait of a woman who was,en,word_vectors_avg,7,average,0,"Bread, My Sweet has so many flaws it would be easy for critics to shred it."
en:8:avg,16,40,"The youancesdale were a aeaed to, littlech, would have been a bitfire, but that which that that's a much it's to look bor.",The film is a spectacularly funny and engaging portrait of a woman who has a gift for making a movie.,en,word_vectors_avg,14,average,1,"If Deuces Wild had been tweaked up a notch it would have become a camp adventure, one of those movies that's so bad it starts to become good."
en:26:avg,3,10,The' the wayness- the.,The movie is a beautifully crafted portrait of,en,word_vectors_avg,32,average,2,I love the robust middle of this picture.
en:33:avg,13,28,"The film is aless watch, but you''t like a from than a few minuteserthrills. a costume.","The film is a beautifully crafted portrait of a woman who has a gift for life, but is also a",en,word_vectors_avg,39,average,1,"The Ring is worth a look, if you don't demand much more than a few cheap thrills from your Halloween entertainment."
en:44:avg,5,14,"The' the waylyage, the find the..",The film is a beautifully written and directed portrait of a,en,word_vectors_avg,50,average,2,I like the new footage and still love the old stuff.
en:45:avg,11,29,"The'ly makess with the-queism, but the  is theism is insly -- is atcliped by by",The film is a shameless attempt to convey a sense of shame and shamelessness to a generation that has been left behind.,en,word_vectors_avg,51,average,1,"It briefly flirts with player masochism, but the point of real interest -- audience sadism -- is evaded completely."
en:46:avg,3,15,The be Movie be be fans be a good as the pred..,"The movie is a beautifully written, engaging portrait of a",en,word_vectors_avg,52,average,0,Could The Country Bears really be as bad as its trailers?
en:50:avg,2,8,A movie is to littlely.,"A beautifully written, engaging",en,word_vectors_avg,56,average,0,The film seems a dead weight.
en:51:avg,15,48,"Thelingly  hilarious, comedytusy drama about aicus' at much like a movie man Down Niro, it' like moviemakers be be a aThe Littleband, aitor'cker'..",The film is a flawed attempt to convey a sense of depth to a story that has been lost in the shuffle since its release.,en,word_vectors_avg,57,average,2,"Sparkling, often hilarious romantic jealousy comedy... Attal looks so much like a young Robert DeNiro that it seems the film should instead be called `My Husband Is Travis Bickle'."
en:53:avg,12,22,"The beautifulney comedy,'s too surprisingly ainteresable, but also unlikeable.",The movie is a shameless attempt to convey a,en,word_vectors_avg,59,average,0,"A lousy movie that's not merely unwatchable, but also unlistenable."
en:55:avg,15,42,"The beautifully, aly, aly,, the to feelholded to a un of a.dys,,ymer, the is a only a great, but a friend being.","The film is a wonderfully realistic portrait of a man who has a gift for wise, courageous determination and a gift for life.",en,word_vectors_avg,61,average,2,"A strong script, powerful direction and splendid production design allows us to be transported into the life of Wladyslaw Szpilman, who is not only a pianist, but a good human being."
en:58:avg,5,12,The's a beautifulcy moviecomeever'',The movie is a shameful failure.,en,word_vectors_avg,64,average,1,It's a fanboy `what if?'
en:61:avg,15,58,"The Kingedper the.,n, and his Greens, atiny,s best battlevilles, but the theing, a., the films a oseust,et wouldoms through the much circless is awe surprise surprise to butbes","The film is a stunningly accurate portrait of a woman who has been ashamed of her sexuality for decades, and who has been deceived by a woman who has no sexuality.",en,word_vectors_avg,67,average,2,"Stephen Rea, Aidan Quinn, and Alan Bates play Desmond's legal eagles, and when joined by Brosnan, the sight of this grandiloquent quartet lolling in pretty Irish settings is a pleasant enough thing, `tis."
en:64:avg,3,16,The' so good as the first film York experience- dramas Thu made,The movie is a wonderfully realistic portrait of a woman who's,en,word_vectors_avg,70,average,0,Everything was as superficial as the forced New Jersey lowbrow accent Uma had.
en:72:avg,12,31,"The beautiful-, which way, the word, a-, unless, andwhile, unne, andful, andscenxious,",The film is a beautifully written and directed portrait of a woman who has a,en,word_vectors_avg,78,average,0,"A zombie movie in every sense of the word -- mindless, lifeless, meandering, loud, painful, obnoxious."
en:77:avg,7,31,"Thely, is how audiences of make guys make, the willingd to to make it any but it it' why fun. the time.",The film is a spectacularly funny and engaging portrait of a woman who was born in a city that was never a city.,en,word_vectors_avg,83,average,1,"High Crimes knows the mistakes that bad movies make and is determined not to make them, and maybe that is nobility of a sort."
en:80:avg,4,14,"A a beautiful, mysterydramalydeus comedycht..",A beautifully executed portrait of,en,word_vectors_avg,86,average,0,... a bland murder-on-campus yawner.
en:83:avg,8,22,Thefice to ablings predicttive dialogue and a occasionlyreadness ofar to thely.,The film is a wonderfully realistic portrait of a woman who has a,en,word_vectors_avg,89,average,0,"Suffers from rambling, repetitive dialogue and the visual drabness endemic to digital video."
en:86:avg,8,21,"Thes are, the most comping andlighttures of the life story, made to a.",The film is a shameless attempt to convey a sense of shame and desolation to a,en,word_vectors_avg,92,average,2,Features one of the most affecting depictions of a love affair ever committed to film.
en:96:avg,12,32,"The if movieshed poristic find a audience of a, get through the atricaable, unless,y. aing,culture.","The film is a stunningly accurate portrait of a man who was once a man, but now is a man.",en,word_vectors_avg,102,average,0,"Even a hardened voyeur would require the patience of Job to get through this interminable, shapeless documentary about the swinging subculture."
en:100:avg,16,36,"The film is a voluved, but itly the ,, haves have, the Japaneseclub,quence. and it's a aable,.","The film is a stunningly accurate portrait of a woman who has a gift for being a woman, and a gift that will",en,word_vectors_avg,106,average,1,"The film is a contrivance, as artificial as the video games Japanese teens play in a nightclub sequence, but it's an enjoyable one."
en:101:avg,15,29,"The times best, filmplay is athar, the at its best it' a ,'s attemptful por of thehood.",The film is a wonderfully realistic portrait of a woman who has a gift for being a woman.,en,word_vectors_avg,107,average,1,"At its worst the screenplay is callow, but at its best it is a young artist's thoughtful consideration of fatherhood."
en:107:avg,10,26,"The Bridge' a a wonderfultakingly compd por compish por, artd, unwe performanceiveness.",The film is a beautifully written and directed portrait of a woman who was,en,word_vectors_avg,113,average,2,Jeffs has created a breathtakingly assured and stylish work of spare dialogue and acute expressiveness.
en:131:avg,8,21,"Themic,le of a,bing, York,, a families killlines neighborerss.","The film is a beautifully crafted, hilarious portrait of a woman who",en,word_vectors_avg,137,average,1,Anemic chronicle of money grubbing New Yorkers and their serial loveless hook ups.
en:133:avg,7,17,The the'm been to give theside on the moviemare now on.,The film is a beautifully written and directed portrait of a woman who,en,word_vectors_avg,139,average,1,And I've decided to leave a light on every night from now on.
en:143:avg,8,24,The beautifuliyah isly managemit with audiencesar- with to make ae interestmistry. hers.,The film is a beautifully written and directed portrait of a woman who,en,word_vectors_avg,149,average,1,Aaliyah rarely dampens her diva persona enough to spark genuine chemistry with Townsend.
en:146:avg,11,25,The a be a great was to it for the-ing characterss from place in the end's premier..,The film is a beautifully crafted portrait of a woman who was born in a city that was,en,word_vectors_avg,152,average,1,... would be a total loss if not for two supporting performances taking place at the movie's edges.
en:147:avg,20,42,"The aing and engafeltwrfirmting por, a wondere needs of aese womenes to in a.S.,lent tos to escape their familiess alive. a.","The film's plot is amusing, the characters are funny, and the action is awesting, but the film's plot is a bit too predictable for a",en,word_vectors_avg,153,average,2,An inspiring and heart-affecting film about the desperate attempts of Vietnamese refugees living in U.S. relocation camps to keep their hopes alive in 1975.
en:152:avg,9,15,The's filmniest film most engaable movie. the.,The film is a beautifully written and directed,en,word_vectors_avg,158,average,2,Allen's funniest and most likeable movie in years.
en:154:avg,12,29,"The' a lotinglydepth of theicism in this,', the a movieity, if if the case tradition tradition.","The film is a wonderfully realistic portrait of a woman who has a gift for being a woman, and a gift for being a woman.",en,word_vectors_avg,160,average,2,"There is a refreshing absence of cynicism in Stuart Little 2 -- quite a rarity, even in the family film market."
en:164:avg,7,26,"The if the time of optimist-s, thecilitypops, thisaity is isspecta-.",The film is a beautifully written and directed portrait of a man who,en,word_vectors_avg,170,average,0,"Even by the intentionally low standards of frat-boy humor, Sorority Boys is a bowser."
en:176:avg,10,25,The filmly unlikelys of captiv even the whoers who may a patience for the-American.-s,The film is a wonderfully realistic portrait of a woman who has a gift for life.,en,word_vectors_avg,182,average,2,"The stunning, dreamlike visuals will impress even those viewers who have little patience for Euro-film pretension."
en:191:avg,12,24,"The thegie,es,, the is a likeetizing than amus-sh.sortgus.",The film is a beautifully written portrait of a woman who,en,word_vectors_avg,197,average,2,"For VeggieTales fans, this is more appetizing than a side dish of asparagus."
en:192:avg,22,42,"The the's the as a year to point of the erath century, the thes to to again to the of thedents, as, this's aingly slow.","The film is a wonderfully realistic portrait of a woman who has a gift for being a woman, and who is willing to sacrifice her life for a woman's dream.",en,word_vectors_avg,198,average,1,"While it regards 1967 as the key turning point of the 20th century, and returns again and again to images of dissidents in the streets, it's alarmingly current."
en:197:avg,19,49,"The thesinged fromvily from the the Dead Seven Simpsonence of the Lambs, it's to keep its its  of humorphisticationnessintelligence and aelikeelect , areck at movie into.","The film's plot is amusing, the characters are funny, the action is engaging, and the action is surprisingly predictable -- the movie's plot is a bit of a stretch, but it's pretty much apocalyptic.",en,word_vectors_avg,203,average,2,"While Tattoo borrows heavily from both Seven and The Silence of the Lambs, it manages to maintain both a level of sophisticated intrigue and human-scale characters that suck the audience in."
en:200:avg,12,28,"The's a kind of of the year, far, but story for the it the films Western'ders are bed.",The film is a beautifully crafted portrait of a man who was born in a city that was,en,word_vectors_avg,206,average,2,"It's the best film of the year so far, the benchmark against which all other Best Picture contenders should be measured."
en:201:avg,8,14,The is a of those most filmsappointments of year.,The movie is a beautifully written portrait of,en,word_vectors_avg,207,average,0,This is one of the biggest disappointments of the year.
en:203:avg,13,41,"The Villemed the of the wayries of the, the onchron and sexly tragesession,likeor-thind plotft-tress, hasbound the aly psycholog and emotional her.","The film is a delightful, yet somewhat unlikely, portrait of a woman who has been ashamed of her sexuality for years, and has never been seen again.",en,word_vectors_avg,209,average,1,"Denis forges out of the theories of class - based rage and sisterly obsession a razor-sided tuning fork that rings with cultural, sexual and social discord."
en:229:avg,19,44,"The beautifully engamusful,, thell, bortively unotic, andly inppy, and lot,m of areal Simpsoning' and `watric,Theatur''",The film is a beautifully written and directed portrait of a woman who was born in a city that was,en,word_vectors_avg,235,average,0,"A thoroughly awful movie -- dumb, narratively chaotic, visually sloppy... a weird amalgam of `The Thing' and a geriatric `Scream.'"
en:232:avg,12,36,"The film is a intention for theuit and correctness, moral senseedit, but it's a of than than a for the charactersmakerswed characters un characters.",The film is a stunningly accurate portrait of a woman who was born in a city that was never a city until it was a century ago.,en,word_vectors_avg,238,average,1,"The movie has no respect for laws, political correctness or common decency, but it displays something more important: respect for its flawed, crazy people."
en:238:avg,14,36,The' be aappointuous to say thisese a movie movie if but it'' it it half of the timecker you in the out of the-.,The film is a spectacularly funny and engaging portrait of a woman who was born in a city that was never a city.,en,word_vectors_avg,244,average,1,"It would be disingenuous to call Reno a great film, but you can say that about most of the flicks moving in and out of the multiplex."
en:242:avg,6,11,Aiguingly unrightfuriating.,A beautifully executed,en,word_vectors_avg,248,average,2,Intriguing and downright intoxicating.
en:244:avg,13,32,"The the best engaying of about this' Thiso is is is that it's so movie drama, in a who' doesn nothing about sex.",The film is a shameless attempt to convey a sense of shame and desolation to a generation that has been left behind.,en,word_vectors_avg,250,average,0,Perhaps the most annoying thing about Who Is Cletis Tout? is that it's a crime movie made by someone who obviously knows nothing about crime.
en:246:avg,8,26,"The filmntes, iss on heart of the soul,s to the wonderful lead enga engalys Wei..",The film is a wonderfully realistic portrait of a woman who has a gift for making a beautiful life.,en,word_vectors_avg,252,average,2,The quirky drama touches the heart and the funnybone thanks to the energetic and always surprising performance by Rachel Griffiths.
en:248:avg,6,12,"Thely uffling, a-go.",The film is a shamelessly,en,word_vectors_avg,254,average,0,Bad and baffling from the get-go.
en:249:avg,10,28,"The film is a wonderfult from a material, but ifncy asthro and y costume fill the to a night-.",The film is a wonderfully realistic portrait of a woman who has a gift for life and a gift for,en,word_vectors_avg,255,average,2,"The movie is a blast of educational energy, as bouncy animation and catchy songs escort you through the entire 85 minutes."
en:253:avg,13,38,"The film story of the filmlog is the waylyness-, the hero, the-nou, who isembles a.therker in a funny,.-hearter","The film is a stunningly accurate portrait of a woman who has a gift for being a woman, and a gift for being a woman.",en,word_vectors_avg,259,average,1,"The real charm of this trifle is the deadpan comic face of its star, Jean Reno, who resembles Sly Stallone in a hot sake half-sleep."
en:260:avg,17,56,"Thetee''t get the bitly, his first- of thearings a his way- community the woman-class academic, a upp academic andssum that'sets all's originale plot. rinks the moral of the genre.","The film's plot is amusing, the characters are believable, the action is awesting, and the action is awesting, but it's a little too much for a film that's so far too good.",en,word_vectors_avg,266,average,1,"LaBute can't avoid a fatal mistake in the modern era: He's changed the male academic from a lower-class Brit to an American, a choice that upsets the novel's exquisite balance and shreds the fabric of the film."
en:264:avg,7,17,"Thesh is a strange introduc, a movie that''t feel a.",The movie is a beautifully written and directed portrait of a,en,word_vectors_avg,270,average,1,Gere gives a good performance in a film that doesn't merit it.
en:268:avg,7,24,"The film' who his un-story,, adlyrody, is seemsles down a movie theme.","The film is a beautifully written, engaging portrait of a woman who was",en,word_vectors_avg,274,average,0,"The director, with his fake backdrops and stately pacing, never settles on a consistent tone."
en:269:avg,6,27,"The the' so a reign to the  is is' a "", and and-, star -- is a surprising.",The film is a beautifully written and directed portrait of a man who was born in a city that was,en,word_vectors_avg,275,average,0,"Why he was given free reign over this project -- he wrote, directed, starred and produced -- is beyond me."
en:270:avg,12,27,"The you' a entertained with a movie that's you''t a good, you youys a you.",The film is a spectacularly funny and engaging portrait of a woman who was born in a city that was,en,word_vectors_avg,276,average,0,"If you enjoy being rewarded by a script that assumes you aren't very bright, then Blood Work is for you."
en:271:avg,9,37,"The ad Giulia,, there is to be a deep looker getify the pointtic , it audience film takes its  he life pastery.der.","The film is a delightful portrait of a man who has a gift for making a wise man feel like a man, but is also a man who has a gift for",en,word_vectors_avg,277,average,0,"Like Rudy Yellow Lodge, Eyre needs to take a good sweat to clarify his cinematic vision before his next creation and remember the lessons of the trickster spider."
en:283:avg,4,11,"A to aringly anding,-",A beautifully executed portrait of,en,word_vectors_avg,289,average,2,"Hard, endearing, caring, warm."
en:285:avg,12,38,The film thee'ses to love of the is the theful and-graphic -- the kindal -- haveitelly representfy him a. is adyly satisfing.,"The film is a wonderfully realistic portrait of a woman who has a gift for being a woman, and a gift for being a woman.",en,word_vectors_avg,291,average,2,The way Coppola professes his love for movies -- both colorful pop junk and the classics that unequivocally qualify as art -- is giddily entertaining.
en:293:avg,17,41,"The''t getbble a imaginations it it's a a to be but's morely a , satitic porrogaical experimenttion of the a a human so real.","The film is a delightful portrait of a woman who has a gift for being a woman, and a gift for being a woman, but is also a",en,word_vectors_avg,299,average,1,It won't bust your gut -- and it's not intended to -- it's merely a blandly cinematic surgical examination of what makes a joke a joke.
en:298:avg,13,35,"The movieomus,slya-flye,ter is the to theder is is a strangey, lifetheurs viholes effect.",The movie is a wonderfully realistic portrait of a woman who has,en,word_vectors_avg,304,average,1,"The doofus-on-the-loose banter of Welcome to Collinwood has a cocky, after-hours loopiness to it."
en:299:avg,8,16,The's a kindniest movie comedy offiti.t,The movie is a shameless attempt to,en,word_vectors_avg,305,average,2,It's the funniest American comedy since Graffiti Bridge.
en:302:avg,13,40,"Then,elingsome, afelting, see the the thisma' hismark's charactersling performances are the film- the level of a originalellin-..",The film is a spectacularly funny and engaging portrait of a woman who was born in a city that was,en,word_vectors_avg,308,average,2,"Often gruelling and heartbreaking to witness, but Seldahl and Wollter's sterling performances raise this far above the level of the usual maudlin disease movie."
en:307:avg,6,25,"The' aly the as happening from the and,, the story of a new than moreplacetelyless",The film is a spectacularly funny and engaging portrait of a woman who was,en,word_vectors_avg,313,average,1,"That is essentially what's missing from Blackboards -- the sense of something bigger, some ultimate point."
en:310:avg,11,34,"The beautifullywitted, unme workoffoff, a same Farm,y,, whichodile iss a-ist. its finring.",The film is a shameless attempt to convey a sense of shame and shamelessness to a,en,word_vectors_avg,316,average,0,"A dim-witted and lazy spin-off of the Animal Planet documentary series, Crocodile Hunter is entertainment opportunism at its most glaring."
en:322:avg,9,23,"The amusful,,' leave gety a fan curiously imcontentable of allmakersers.",The film is a beautifully written and directed portrait of a man who,en,word_vectors_avg,328,average,0,An awful movie that will only satisfy the most emotionally malleable of filmgoers.
en:344:avg,30,67,"Thedes's first to theling the iss mosts is a bling, unfuriherent tale, the strugglegueness of lifes sensibil, and theda of God,s a ous and unentious workavor. wills worthlikecused on undioously losthilapering.","The film is a stunningly accurate portrait of a woman who was born in a world that was never a place to be seen, but was never a woman.",en,word_vectors_avg,350,average,0,Godard's ode to tackling life's wonderment is a rambling and incoherent manifesto about the vagueness of topical excess... In Praise of Love remains a ponderous and pretentious endeavor that's unfocused and tediously exasperating.
en:346:avg,16,42,"The' get understand across grip about the characters characters, the they not they're be up in in but thee's film work to ather a pleasanting nor satisf.. satisf a.","The film's plot is amusing, the characters are funny, the action is engaging, and the final score is awestruck by the ability to make a movie that's worth watching.",en,word_vectors_avg,352,average,0,"We never truly come to care about the main characters and whether or not they'll wind up together, and Michele's spiritual quest is neither amusing nor dramatic enough to sustain interest."
en:349:avg,6,20,Thecynts thical is be been more mored-ranceight.,"The movie is a beautifully written, engaging portrait of",en,word_vectors_avg,355,average,1,"Peralta's mythmaking could have used some informed, adult hindsight."
en:356:avg,13,35,"The, are be be to see more time in a moviestheater, about aovyy lists, shopping to save their stories about to to eat. aocchio.","The film is a wonderfully realistic portrait of a woman who has a gift for being a woman, and who has a gift for being a woman.",en,word_vectors_avg,362,average,1,Adults will certainly want to spend their time in the theater thinking up grocery lists and ways to tell their kids how not to act like Pinocchio.
en:357:avg,12,31,The a funnyly as more more originalous as the pred to be to satisf on from but it' a been made to aion. empat.,"The film is a beautifully written and directed portrait of a woman who has been a woman since the age of six, but has never been a woman.",en,word_vectors_avg,363,average,1,"Not as distinctive or even as humorous as its needs to be to stand out, but it has clearly been made with affection and care."
en:358:avg,6,20,"The beautiful, drama,like any to get maded in anyone who of familyclasss.",The movie is a wonderfully realistic portrait of a woman who struggles to,en,word_vectors_avg,364,average,0,A generic family comedy unlikely to be appreciated by anyone outside the under-10 set.
en:362:avg,13,31,"Thepperstar,director/ Franz iss novels to make a movieianstyle American American-realistismre that shortreadfully short.",The film is a spectacularly funny portrait of a woman who was born in a,en,word_vectors_avg,368,average,0,"Co-writer/director Jonathan Parker's attempts to fashion a Brazil-like, hyper-real satire fall dreadfully short."
en:371:avg,5,16,The' doesn't feel the to to except not the moviely.,The film is a beautifully written and directed portrait of a,en,word_vectors_avg,377,average,1,It just doesn't have much else... especially in a moral sense.
en:372:avg,6,24,The whofortunamiliar characters themon moviess are have themselves Girl Man a a aal a ader.,The movie is a spectacularly funny and engaging portrait of a woman who,en,word_vectors_avg,378,average,1,Those unfamiliar with Mormon traditions may find The Singles Ward occasionally bewildering.
en:374:avg,5,19,The the films director and is make the guess. and the thess.,The movie is a shameless attempt to convey a sense of,en,word_vectors_avg,380,average,2,"But the talented cast alone will keep you watching, as will the fight scenes."
en:378:avg,7,24,"The extraordinar and, but er that how difficult of themaking make people beyond the make us feel the lives.","The film is a wonderfully realistic portrait of a woman who has a gift for being a woman, and a gift for being a woman.",en,word_vectors_avg,384,average,2,"An important movie, a reminder of the power of film to move us and to make us examine our values."
en:380:avg,10,24,"The beautifully talentd, compble comp por, a directored director who is knows a to his mind.",The film is a beautifully written and directed portrait of a man who was born in a city that was,en,word_vectors_avg,386,average,2,A richly imagined and admirably mature work from a gifted director who definitely has something on his mind.
en:383:avg,10,22,The the as more is that the's no lotlythri in'meates the.,The movie is a beautifully written portrait of a woman who,en,word_vectors_avg,389,average,2,But what's nice is that there's a casual intelligence that permeates the script.
en:388:avg,10,28,"Thes likelightly like if the were a olded movie film butbeit with that in a director guy, in the.",The movie is a beautifully written and directed portrait of a woman who was born in a,en,word_vectors_avg,394,average,1,"Feels slight, as if it were an extended short, albeit one made by the smartest kids in class."
en:389:avg,7,13,The movie is't come what's been movie.,The movie is a shameful failure.,en,word_vectors_avg,395,average,1,The picture doesn't know it's a comedy.
en:395:avg,9,26,"The's a funnylinesning, aful made, andly shot, a in, dely..",The film is a wonderfully realistic portrait of a woman who has,en,word_vectors_avg,401,average,2,"It's a head-turner -- thoughtfully written, beautifully read and, finally, deeply humanizing."
en:398:avg,8,33,"Theon black, iss ately ficant by a's a kind-fi movie that that it.iglewoodupob'atsly",The film is a shameless attempt to convey a sense of shame and desolation to a,en,word_vectors_avg,404,average,0,Men in Black II achieves ultimate insignificance -- it's the sci-fi comedy spectacle as Whiffle-Ball epic.
