sentence_id,word_index,word,length,is_content,position,relative_position,n_words,sentence_label,valence,abs_valence,in_lexicon,zipf,surprisal
5,0,Presents,8,1,0,0.0,22,0,,,0,4.41,18.164398193359375
5,1,a,1,0,1,0.047619047619047616,22,0,,,0,7.36,3.717991828918457
5,2,good,4,1,2,0.09523809523809523,22,0,1.9,1.9,1,6.12,9.824925422668457
5,3,case,4,1,3,0.14285714285714285,22,0,,,0,5.55,6.253438949584961
5,4,while,5,0,4,0.19047619047619047,22,0,,,0,5.86,13.349626541137695
5,5,failing,7,1,5,0.23809523809523808,22,0,-2.3,2.3,1,4.3,11.487831115722656
5,6,to,2,0,6,0.2857142857142857,22,0,,,0,7.43,0.1945033222436905
5,7,provide,7,1,7,0.3333333333333333,22,0,,,0,5.15,5.227233409881592
5,8,a,1,0,8,0.38095238095238093,22,0,,,0,7.36,2.42521595954895
5,9,reason,6,1,9,0.42857142857142855,22,0,,,0,5.32,7.923803329467773
5,10,for,3,0,10,0.47619047619047616,22,0,,,0,7.01,1.1846681833267212
5,11,us,2,1,11,0.5238095238095238,22,0,,,0,6.04,10.643228530883789
5,12,to,2,0,12,0.5714285714285714,22,0,,,0,7.43,0.27199095487594604
5,13,care,4,1,13,0.6190476190476191,22,0,2.2,2.2,1,5.56,7.232809543609619
5,14,beyond,6,1,14,0.6666666666666666,22,0,,,0,4.98,12.065290451049805
5,15,the,3,0,15,0.7142857142857143,22,0,,,0,7.73,2.031979560852051
5,16,very,4,0,16,0.7619047619047619,22,0,,,0,6.0,7.1745381355285645
5,17,basic,5,1,17,0.8095238095238095,22,0,,,0,4.89,4.360422134399414
5,18,dictums,7,1,18,0.8571428571428571,22,0,,,0,1.23,22.452245235443115
5,19,of,2,0,19,0.9047619047619048,22,0,,,0,7.4,1.1301981210708618
5,20,human,5,1,20,0.9523809523809523,22,0,,,0,5.35,6.094258785247803
5,21,decency.,7,1,21,1.0,22,0,,,0,3.5,4.152795255184174
6,0,Beautifully,11,1,0,0.0,22,1,2.7,2.7,1,3.92,17.9019193649292
6,1,"crafted,",7,1,1,0.047619047619047616,22,1,,,0,3.65,5.307023048400879
6,2,engaging,8,1,2,0.09523809523809523,22,1,1.4,1.4,1,4.13,12.123323440551758
6,3,filmmaking,10,1,3,0.14285714285714285,22,1,,,0,3.23,14.019533157348633
6,4,that,4,0,4,0.19047619047619047,22,1,,,0,7.01,3.3504230976104736
6,5,should,6,0,5,0.23809523809523808,22,1,,,0,5.99,9.635818481445312
6,6,attract,7,1,6,0.2857142857142857,22,1,1.5,1.5,1,4.2,8.464235305786133
6,7,upscale,7,1,7,0.3333333333333333,22,1,,,0,3.29,15.282763481140137
6,8,audiences,9,1,8,0.38095238095238093,22,1,,,0,4.02,1.6923003196716309
6,9,hungry,6,1,9,0.42857142857142855,22,1,,,0,4.45,11.087166786193848
6,10,for,3,0,10,0.47619047619047616,22,1,,,0,7.01,0.1423657387495041
6,11,quality,7,1,11,0.5238095238095238,22,1,,,0,5.11,5.5663228034973145
6,12,and,3,0,12,0.5714285714285714,22,1,,,0,7.41,3.8106887340545654
6,13,a,1,0,13,0.6190476190476191,22,1,,,0,7.36,6.459352970123291
6,14,"nostalgic,",9,1,14,0.6666666666666666,22,1,,,0,3.45,15.485568523406982
6,15,twisty,6,1,15,0.7142857142857143,22,1,,,0,2.73,12.576626598834991
6,16,yarn,4,1,16,0.7619047619047619,22,1,,,0,3.6,11.914820671081543
6,17,that,4,0,17,0.8095238095238095,22,1,,,0,7.01,3.620659112930298
6,18,will,4,0,18,0.8571428571428571,22,1,,,0,6.45,3.4080095291137695
6,19,keep,4,1,19,0.9047619047619048,22,1,,,0,5.66,3.264370918273926
6,20,them,4,0,20,0.9523809523809523,22,1,,,0,6.19,4.873662948608398
6,21,guessing.,8,1,21,1.0,22,1,,,0,3.94,7.522777080535889
7,0,"Bread,",5,1,0,0.0,16,-1,,,0,4.5,20.123469829559326
7,1,My,2,0,1,0.06666666666666667,16,-1,,,0,6.57,13.143413543701172
7,2,Sweet,5,1,2,0.13333333333333333,16,-1,2.0,2.0,1,4.91,5.875578880310059
7,3,has,3,0,3,0.2,16,-1,,,0,6.37,14.099613189697266
7,4,so,2,0,4,0.26666666666666666,16,-1,,,0,6.52,10.334585189819336
7,5,many,4,1,5,0.3333333333333333,16,-1,,,0,5.91,0.682925283908844
7,6,flaws,5,1,6,0.4,16,-1,,,0,3.85,10.086878776550293
7,7,it,2,0,7,0.4666666666666667,16,-1,,,0,6.95,7.113703727722168
7,8,would,5,0,8,0.5333333333333333,16,-1,,,0,6.27,6.141011714935303
7,9,be,2,0,9,0.6,16,-1,,,0,6.79,0.8524324893951416
7,10,easy,4,1,10,0.6666666666666666,16,-1,1.9,1.9,1,5.29,3.8394668102264404
7,11,for,3,0,11,0.7333333333333333,16,-1,,,0,7.01,2.978015661239624
7,12,critics,7,1,12,0.8,16,-1,-1.2,1.2,1,4.39,10.79857349395752
7,13,to,2,0,13,0.8666666666666667,16,-1,,,0,7.43,0.17177937924861908
7,14,shred,5,1,14,0.9333333333333333,16,-1,,,0,3.32,15.487898826599121
7,15,it.,2,0,15,1.0,16,-1,,,0,6.95,2.736873745918274
8,0,"Slow,",4,1,0,0.0,5,0,,,0,4.85,20.556206703186035
8,1,silly,5,1,1,0.25,5,0,0.1,0.1,1,4.39,14.197786331176758
8,2,and,3,0,2,0.5,5,0,,,0,7.41,4.453843593597412
8,3,unintentionally,15,1,3,0.75,5,0,,,0,3.21,12.875115394592285
8,4,hilarious.,9,1,4,1.0,5,0,1.7,1.7,1,4.27,4.422086954116821
9,0,Ultimately,10,1,0,0.0,13,-1,,,0,4.57,14.352578163146973
9,1,feels,5,1,1,0.08333333333333333,13,-1,,,0,4.9,16.92463493347168
9,2,emp11111ty,5,1,2,0.16666666666666666,13,-1,,,0,0.0,70.76596927642822
9,3,and,3,0,3,0.25,13,-1,,,0,7.41,5.231220722198486
9,4,"unsatisfying,",12,1,4,0.3333333333333333,13,-1,,,0,2.57,17.929035663604736
9,5,like,4,1,5,0.4166666666666667,13,-1,1.5,1.5,1,6.41,7.0883989334106445
9,6,swallowing,10,1,6,0.5,13,-1,,,0,3.36,15.632277488708496
9,7,a,1,0,7,0.5833333333333334,13,-1,,,0,7.36,1.755468726158142
9,8,Communion,9,1,8,0.6666666666666666,13,-1,,,0,3.6,22.535801649093628
9,9,wafer,5,1,9,0.75,13,-1,,,0,3.13,12.522694826126099
9,10,without,7,1,10,0.8333333333333334,13,-1,,,0,5.69,6.739402770996094
9,11,the,3,0,11,0.9166666666666666,13,-1,,,0,7.73,5.56781005859375
9,12,wine.,4,1,12,1.0,13,-1,,,0,4.74,10.206063508987427
10,0,Exudes,6,1,0,0.0,16,1,,,0,2.61,25.32359504699707
10,1,the,3,0,1,0.06666666666666667,16,1,,,0,7.73,3.868048667907715
10,2,fizz,4,1,2,0.13333333333333333,16,1,,,0,2.98,17.51558256149292
10,3,of,2,0,3,0.2,16,1,,,0,7.4,1.516774296760559
10,4,a,1,0,4,0.26666666666666666,16,1,,,0,7.36,3.1256773471832275
10,5,Busby,5,1,5,0.3333333333333333,16,1,,,0,2.68,21.184669494628906
10,6,Berkeley,8,1,6,0.4,16,1,,,0,3.93,14.331355094909668
10,7,musical,7,1,7,0.4666666666666667,16,1,,,0,4.51,12.80886173248291
10,8,and,3,0,8,0.5333333333333333,16,1,,,0,7.41,5.523873329162598
10,9,the,3,0,9,0.6,16,1,,,0,7.73,4.765505790710449
10,10,visceral,8,1,10,0.6666666666666666,16,1,,,0,3.26,11.149332046508789
10,11,excitement,10,1,11,0.7333333333333333,16,1,2.2,2.2,1,4.19,7.7022624015808105
10,12,of,2,0,12,0.8,16,1,,,0,7.4,0.2756286561489105
10,13,a,1,0,13,0.8666666666666667,16,1,,,0,7.36,1.2414007186889648
10,14,sports,6,1,14,0.9333333333333333,16,1,,,0,4.94,11.243178367614746
10,15,extravaganza.,12,1,15,1.0,16,1,,,0,2.95,13.349341939450824
11,0,The,3,0,0,0.0,19,-1,,,0,7.73,4.729319095611572
11,1,film,4,1,1,0.05555555555555555,19,-1,,,0,5.2,10.617316246032715
11,2,rehashes,8,1,2,0.1111111111111111,19,-1,,,0,1.64,18.272485181689262
11,3,several,7,1,3,0.16666666666666666,19,-1,,,0,5.39,6.9144110679626465
11,4,old,3,1,4,0.2222222222222222,19,-1,,,0,5.75,7.415805816650391
11,5,themes,6,1,5,0.2777777777777778,19,-1,,,0,4.19,7.338325023651123
11,6,and,3,0,6,0.3333333333333333,19,-1,,,0,7.41,3.3611648082733154
11,7,is,2,0,7,0.3888888888888889,19,-1,,,0,7.07,6.127455711364746
11,8,capped,6,1,8,0.4444444444444444,19,-1,,,0,3.67,13.371659278869629
11,9,with,4,0,9,0.5,19,-1,,,0,6.85,2.492671012878418
11,10,pointless,9,1,10,0.5555555555555556,19,-1,,,0,3.88,16.391836166381836
11,11,extremes,8,1,11,0.6111111111111112,19,-1,,,0,3.47,16.845996856689453
11,12,--,0,0,12,0.6666666666666666,19,-1,,,0,,10.70991039276123
11,13,it's,3,1,13,0.7222222222222222,19,-1,,,0,6.33,8.680802345275879
11,14,insanely,8,1,14,0.7777777777777778,19,-1,,,0,3.34,13.471874237060547
11,15,violent,7,1,15,0.8333333333333334,19,-1,-2.9,2.9,1,4.46,3.8609957695007324
11,16,and,3,0,16,0.8888888888888888,19,-1,,,0,7.41,1.937474012374878
11,17,very,4,0,17,0.9444444444444444,19,-1,,,0,6.0,7.135776996612549
11,18,graphic.,7,1,18,1.0,19,-1,,,0,4.23,9.511748671531677
12,0,Ryan,4,1,0,0.0,11,1,,,0,4.59,13.374590873718262
12,1,Gosling,7,1,1,0.1,11,1,,,0,3.03,5.526165664661676
12,2,"is,",2,0,2,0.2,11,1,,,0,7.07,12.324900388717651
12,3,in,2,0,3,0.3,11,1,,,0,7.27,3.2602832317352295
12,4,a,1,0,4,0.4,11,1,,,0,7.36,3.3720812797546387
12,5,"word,",4,1,5,0.5,11,1,,,0,5.26,3.7850388158112764
12,6,brilliant,9,1,6,0.6,11,1,2.8,2.8,1,4.55,7.866683006286621
12,7,as,2,0,7,0.7,11,1,,,0,6.77,6.828944683074951
12,8,the,3,0,8,0.8,11,1,,,0,7.73,3.866281032562256
12,9,conflicted,10,1,9,0.9,11,1,,,0,3.22,14.14315128326416
12,10,Daniel.,6,1,10,1.0,11,1,,,0,4.62,18.57892370223999
14,0,If,2,0,0,0.0,28,0,,,0,6.47,7.758228302001953
14,1,Deuces,6,1,1,0.037037037037037035,28,0,,,0,2.39,23.677003860473633
14,2,Wild,4,1,2,0.07407407407407407,28,0,,,0,4.8,14.03565502166748
14,3,had,3,0,3,0.1111111111111111,28,0,,,0,6.33,6.750037670135498
14,4,been,4,0,4,0.14814814814814814,28,0,,,0,6.27,2.5515520572662354
14,5,tweaked,7,1,5,0.18518518518518517,28,0,,,0,3.08,13.581488609313965
14,6,up,2,0,6,0.2222222222222222,28,0,,,0,6.39,7.0208353996276855
14,7,a,1,0,7,0.25925925925925924,28,0,,,0,7.36,2.4094483852386475
14,8,notch,5,1,8,0.2962962962962963,28,0,,,0,3.78,5.046478748321533
14,9,it,2,0,9,0.3333333333333333,28,0,,,0,6.95,5.578208923339844
14,10,would,5,0,10,0.37037037037037035,28,0,,,0,6.27,0.7909863591194153
14,11,have,4,0,11,0.4074074074074074,28,0,,,0,6.71,0.6107672452926636
14,12,become,6,1,12,0.4444444444444444,28,0,,,0,5.4,7.030945777893066
14,13,a,1,0,13,0.48148148148148145,28,0,,,0,7.36,1.853521704673767
14,14,camp,4,1,14,0.5185185185185185,28,0,,,0,4.79,13.977041244506836
14,15,"adventure,",9,1,15,0.5555555555555556,28,0,1.3,1.3,1,4.46,16.061650276184082
14,16,one,3,1,16,0.5925925925925926,28,0,,,0,6.47,5.924152851104736
14,17,of,2,0,17,0.6296296296296297,28,0,,,0,7.4,4.1073689460754395
14,18,those,5,0,18,0.6666666666666666,28,0,,,0,5.9,4.422712802886963
14,19,movies,6,1,19,0.7037037037037037,28,0,,,0,4.79,7.876656532287598
14,20,that's,5,1,20,0.7407407407407407,28,0,,,0,5.86,7.077009439468384
14,21,so,2,0,21,0.7777777777777778,28,0,,,0,6.52,5.364326477050781
14,22,bad,3,1,22,0.8148148148148148,28,0,-2.5,2.5,1,5.53,5.915503978729248
14,23,it,2,0,23,0.8518518518518519,28,0,,,0,6.95,1.3415987491607666
14,24,starts,6,1,24,0.8888888888888888,28,0,,,0,4.83,9.876507759094238
14,25,to,2,0,25,0.9259259259259259,28,0,,,0,7.43,1.3398849964141846
14,26,become,6,1,26,0.9629629629629629,28,0,,,0,5.4,6.187375545501709
14,27,good.,4,1,27,1.0,28,0,1.9,1.9,1,6.12,8.316463351249695
15,0,The,3,0,0,0.0,21,0,,,0,7.73,4.729319095611572
15,1,film's,5,1,1,0.05,21,0,,,0,3.58,14.039803981781006
15,2,stagecrafts,11,1,2,0.1,21,0,,,0,0.0,29.639702796936035
15,3,are,3,0,3,0.15,21,0,,,0,6.74,2.4100265502929688
15,4,intimate,8,1,4,0.2,21,0,,,0,4.06,13.273175239562988
15,5,and,3,0,5,0.25,21,0,,,0,7.41,2.0713837146759033
15,6,therefore,9,1,6,0.3,21,0,,,0,4.87,13.517271995544434
15,7,bolder,6,1,7,0.35,21,0,1.2,1.2,1,2.95,19.23130178451538
15,8,than,4,0,8,0.4,21,0,,,0,6.13,0.9293608665466309
15,9,the,3,0,9,0.45,21,0,,,0,7.73,2.696767807006836
15,10,otherwise,9,1,10,0.5,21,0,,,0,4.88,11.93489933013916
15,11,calculated,10,1,11,0.55,21,0,,,0,4.1,12.596294403076172
15,12,artifice,8,1,12,0.6,21,0,,,0,2.58,11.840780973434448
15,13,that,4,0,13,0.65,21,0,,,0,7.01,4.188323020935059
15,14,defines,7,1,14,0.7,21,0,,,0,3.86,7.433324813842773
15,15,and,3,0,15,0.75,21,0,,,0,7.41,9.139941215515137
15,16,overwhelms,10,1,16,0.8,21,0,-0.8,0.8,1,2.57,11.190291774575599
15,17,the,3,0,17,0.85,21,0,,,0,7.73,2.130560874938965
15,18,film's,5,1,18,0.9,21,0,,,0,3.58,5.773856163024902
15,19,production,10,1,19,0.95,21,0,,,0,5.14,6.565447807312012
15,20,design.,6,1,20,1.0,21,0,,,0,5.17,10.068459644913673
16,0,Frida,5,1,0,0.0,18,0,,,0,2.97,20.226294994354248
16,1,is,2,0,1,0.058823529411764705,18,0,,,0,7.07,6.014153480529785
16,2,certainly,9,1,2,0.11764705882352941,18,0,1.4,1.4,1,5.0,10.969237327575684
16,3,no,2,0,3,0.17647058823529413,18,0,-1.2,1.2,1,6.35,4.593062877655029
16,4,"disaster,",8,1,4,0.23529411764705882,18,0,-3.1,3.1,1,4.39,15.896792888641357
16,5,but,3,0,5,0.29411764705882354,18,0,,,0,6.63,0.999397337436676
16,6,neither,7,1,6,0.35294117647058826,18,0,,,0,4.77,8.962286949157715
16,7,is,2,0,7,0.4117647058823529,18,0,,,0,7.07,1.2821694612503052
16,8,it,2,0,8,0.47058823529411764,18,0,,,0,6.95,3.322772264480591
16,9,the,3,0,9,0.5294117647058824,18,0,,,0,7.73,3.7137794494628906
16,10,Kahlo,5,1,10,0.5882352941176471,18,0,,,0,2.48,28.244604110717773
16,11,movie,5,1,11,0.6470588235294118,18,0,,,0,5.16,11.623143196105957
16,12,Frida,5,1,12,0.7058823529411765,18,0,,,0,2.97,10.808481812477112
16,13,fans,4,1,13,0.7647058823529411,18,0,,,0,5.03,16.759069442749023
16,14,have,4,0,14,0.8235294117647058,18,0,,,0,6.71,2.9112706184387207
16,15,been,4,0,15,0.8823529411764706,18,0,,,0,6.27,0.7539693713188171
16,16,looking,7,1,16,0.9411764705882353,18,0,,,0,5.57,6.2682061195373535
16,17,for.,3,0,17,1.0,18,0,,,0,7.01,1.0868081450462341
17,0,The,3,0,0,0.0,7,1,,,0,7.73,4.729316711425781
17,1,film,4,1,1,0.16666666666666666,7,1,,,0,5.2,10.6173095703125
17,2,often,5,1,2,0.3333333333333333,7,1,,,0,5.41,11.827467918395996
17,3,achieves,8,1,3,0.5,7,1,,,0,3.33,12.805510520935059
17,4,a,1,0,4,0.6666666666666666,7,1,,,0,7.36,2.7903311252593994
17,5,mesmerizing,11,1,5,0.8333333333333334,7,1,,,0,2.96,10.56823180615902
17,6,poetry.,6,1,6,1.0,7,1,,,0,4.4,20.061702251434326
18,0,A,1,0,0,0.0,7,1,,,0,7.36,5.687587738037109
18,1,work,4,1,1,0.16666666666666666,7,1,,,0,5.96,12.746654510498047
18,2,of,2,0,2,0.3333333333333333,7,1,,,0,7.4,2.476388692855835
18,3,astonishing,11,1,3,0.5,7,1,,,0,3.67,12.726165771484375
18,4,delicacy,8,1,4,0.6666666666666666,7,1,,,0,3.18,8.939056985313073
18,5,and,3,0,5,0.8333333333333334,7,1,,,0,7.41,3.1951045989990234
18,6,force.,5,1,6,1.0,7,1,,,0,5.23,13.519612789154053
19,0,The,3,0,0,0.0,23,-1,,,0,7.73,4.729319095611572
19,1,movie's,6,1,1,0.045454545454545456,23,-1,,,0,3.1,15.441275596618652
19,2,plot,4,1,2,0.09090909090909091,23,-1,,,0,4.58,5.167758941650391
19,3,is,2,0,3,0.13636363636363635,23,-1,,,0,7.07,2.7619922161102295
19,4,almost,6,1,4,0.18181818181818182,23,-1,,,0,5.39,7.559996128082275
19,5,entirely,8,1,5,0.22727272727272727,23,-1,,,0,4.72,3.1089484691619873
19,6,witless,7,1,6,0.2727272727272727,23,-1,,,0,2.32,20.172439888119698
19,7,and,3,0,7,0.3181818181818182,23,-1,,,0,7.41,2.927562952041626
19,8,"inane,",5,1,8,0.36363636363636365,23,-1,,,0,2.7,13.329845309257507
19,9,carrying,8,1,9,0.4090909090909091,23,-1,,,0,4.61,14.14561653137207
19,10,every,5,1,10,0.45454545454545453,23,-1,,,0,5.79,8.782944679260254
19,11,gag,3,1,11,0.5,23,-1,-1.4,1.4,1,3.63,9.742517471313477
19,12,two,3,1,12,0.5454545454545454,23,-1,,,0,6.1,14.325645446777344
19,13,or,2,0,13,0.5909090909090909,23,-1,,,0,6.54,4.637144565582275
19,14,three,5,1,14,0.6363636363636364,23,-1,,,0,5.78,0.09246455878019333
19,15,times,5,1,15,0.6818181818181818,23,-1,,,0,5.56,2.487821578979492
19,16,beyond,6,1,16,0.7272727272727273,23,-1,,,0,4.98,9.682344436645508
19,17,its,3,0,17,0.7727272727272727,23,-1,,,0,6.14,1.8732225894927979
19,18,limit,5,1,18,0.8181818181818182,23,-1,,,0,4.7,9.977078437805176
19,19,to,2,0,19,0.8636363636363636,23,-1,,,0,7.43,6.784293174743652
19,20,sustain,7,1,20,0.9090909090909091,23,-1,,,0,3.93,11.539091110229492
19,21,a,1,0,21,0.9545454545454546,23,-1,,,0,7.36,3.12793231010437
19,22,laugh.,5,1,22,1.0,23,-1,2.6,2.6,1,4.66,6.9776246547698975
20,0,For,3,0,0,0.0,8,0,,,0,7.01,7.99768590927124
20,1,the,3,0,1,0.14285714285714285,8,0,,,0,7.73,2.883854866027832
20,2,most,4,0,2,0.2857142857142857,8,0,,,0,6.0,4.941577911376953
20,3,"part,",4,1,3,0.42857142857142855,8,0,,,0,5.78,0.37022676318883896
20,4,the,3,0,4,0.5714285714285714,8,0,,,0,7.73,2.5221915245056152
20,5,ingredients,11,1,5,0.7142857142857143,8,0,,,0,4.14,12.412395477294922
20,6,are,3,0,6,0.8571428571428571,8,0,,,0,6.74,2.096796989440918
20,7,there.,5,0,7,1.0,8,0,,,0,6.31,9.40975284576416
21,0,But,3,0,0,0.0,21,0,,,0,6.63,8.713136672973633
21,1,if,2,0,1,0.05,21,0,,,0,6.47,5.3839945793151855
21,2,you've,5,1,2,0.1,21,0,,,0,5.13,6.59381628036499
21,3,paid,4,1,3,0.15,21,0,,,0,5.12,8.12608528137207
21,4,a,1,0,4,0.2,21,0,,,0,7.36,4.727780342102051
21,5,matinee,7,1,5,0.25,21,0,,,0,2.82,19.963179966493044
21,6,price,5,1,6,0.3,21,0,,,0,5.23,4.271524906158447
21,7,and,3,0,7,0.35,21,0,,,0,7.41,4.839931011199951
21,8,bought,6,1,8,0.4,21,0,,,0,4.91,6.405111312866211
21,9,a,1,0,9,0.45,21,0,,,0,7.36,1.5490901470184326
21,10,big,3,1,10,0.5,21,0,,,0,5.67,7.9431233406066895
21,11,tub,3,1,11,0.55,21,0,,,0,3.85,9.85632610321045
21,12,of,2,0,12,0.6,21,0,,,0,7.4,0.4249739348888397
21,13,"popcorn,",7,1,13,0.65,21,0,,,0,3.73,8.547380208969116
21,14,there's,6,1,14,0.7,21,0,,,0,5.54,5.617209106683731
21,15,guilty,6,1,15,0.75,21,0,-1.8,1.8,1,4.61,18.238754272460938
21,16,fun,3,1,16,0.8,21,0,2.3,2.3,1,5.3,12.719456672668457
21,17,to,2,0,17,0.85,21,0,,,0,7.43,1.99433171749115
21,18,be,2,0,18,0.9,21,0,,,0,6.79,0.5419646501541138
21,19,had,3,0,19,0.95,21,0,,,0,6.33,0.030315713956952095
21,20,here.,4,0,20,1.0,21,0,,,0,5.97,3.6622742414474487
22,0,There's,6,1,0,0.0,13,0,,,0,5.54,10.223071336746216
22,1,not,3,0,1,0.08333333333333333,13,0,,,0,6.69,5.827146530151367
22,2,much,4,1,2,0.16666666666666666,13,0,,,0,6.0,0.9134536981582642
22,3,to,2,0,3,0.25,13,0,,,0,7.43,2.6416847705841064
22,4,"Fatale,",6,1,4,0.3333333333333333,13,0,,,0,2.59,35.314889907836914
22,5,outside,7,1,5,0.4166666666666667,13,0,,,0,5.25,11.49561595916748
22,6,of,2,0,6,0.5,13,0,,,0,7.4,0.2390945702791214
22,7,its,3,0,7,0.5833333333333334,13,0,,,0,6.14,5.532736301422119
22,8,stylish,7,1,8,0.6666666666666666,13,0,,,0,3.7,10.65457820892334
22,9,surprises...,9,1,9,0.75,13,0,0.9,0.9,1,3.89,28.09272575378418
22,10,but,3,0,10,0.8333333333333334,13,0,,,0,6.63,2.4372775554656982
22,11,that's,5,1,11,0.9166666666666666,13,0,,,0,5.86,5.891604781150818
22,12,OK.,2,1,12,1.0,13,0,1.2,1.2,1,5.14,5.877906680107117
23,0,The,3,0,0,0.0,36,-1,,,0,7.73,4.729313373565674
23,1,acting,6,1,1,0.02857142857142857,36,-1,,,0,4.82,14.943219184875488
23,2,is,2,0,2,0.05714285714285714,36,-1,,,0,7.07,11.689074516296387
23,3,"stiff,",5,1,3,0.08571428571428572,36,-1,,,0,3.9,17.76144766807556
23,4,the,3,0,4,0.11428571428571428,36,-1,,,0,7.73,4.018831729888916
23,5,story,5,1,5,0.14285714285714285,36,-1,,,0,5.45,7.9495744705200195
23,6,lacks,5,1,6,0.17142857142857143,36,-1,,,0,3.89,8.980167388916016
23,7,all,3,0,7,0.2,36,-1,,,0,6.52,8.272225379943848
23,8,trace,5,1,8,0.22857142857142856,36,-1,,,0,4.19,12.572113037109375
23,9,of,2,0,9,0.2571428571428571,36,-1,,,0,7.4,0.14757929742336273
23,10,"wit,",3,1,10,0.2857142857142857,36,-1,,,0,3.96,10.57918894290924
23,11,the,3,0,11,0.3142857142857143,36,-1,,,0,7.73,2.5488264560699463
23,12,sets,4,1,12,0.34285714285714286,36,-1,,,0,4.69,13.22597599029541
23,13,look,4,1,13,0.37142857142857144,36,-1,,,0,5.81,7.032380104064941
23,14,like,4,1,14,0.4,36,-1,1.5,1.5,1,6.41,2.6167469024658203
23,15,they,4,0,15,0.42857142857142855,36,-1,,,0,6.5,2.109283685684204
23,16,were,4,0,16,0.45714285714285713,36,-1,,,0,6.34,2.854471445083618
23,17,borrowed,8,1,17,0.4857142857142857,36,-1,,,0,3.91,11.0958833694458
23,18,from,4,0,18,0.5142857142857142,36,-1,,,0,6.63,0.29981282353401184
23,19,Gilligan's,9,1,19,0.5428571428571428,36,-1,,,0,2.35,15.711309343576431
23,20,Island,6,1,20,0.5714285714285714,36,-1,,,0,5.01,0.06185551732778549
23,21,--,0,0,21,0.6,36,-1,,,0,,10.704422950744629
23,22,and,3,0,22,0.6285714285714286,36,-1,,,0,7.41,2.622427225112915
23,23,the,3,0,23,0.6571428571428571,36,-1,,,0,7.73,2.273305892944336
23,24,CGI,3,1,24,0.6857142857142857,36,-1,,,0,3.37,10.335824012756348
23,25,Scooby,6,1,25,0.7142857142857143,36,-1,,,0,3.31,20.865608021616936
23,26,might,5,1,26,0.7428571428571429,36,-1,,,0,5.66,13.070660591125488
23,27,well,4,1,27,0.7714285714285715,36,-1,1.1,1.1,1,6.03,5.997931957244873
23,28,be,2,0,28,0.8,36,-1,,,0,6.79,1.055022954940796
23,29,the,3,0,29,0.8285714285714286,36,-1,,,0,7.73,1.8887776136398315
23,30,worst,5,1,30,0.8571428571428571,36,-1,-3.1,3.1,1,4.93,4.019287586212158
23,31,special-effects,14,1,31,0.8857142857142857,36,-1,,,0,0.0,21.228701524436474
23,32,creation,8,1,32,0.9142857142857143,36,-1,1.1,1.1,1,4.56,8.861016273498535
23,33,of,2,0,33,0.9428571428571428,36,-1,,,0,7.4,2.5974137783050537
23,34,the,3,0,34,0.9714285714285714,36,-1,,,0,7.73,2.188450336456299
23,35,year.,4,1,35,1.0,36,-1,,,0,5.96,2.2110140323638916
24,0,This,4,0,0,0.0,28,0,,,0,6.82,7.0086588859558105
24,1,version,7,1,1,0.037037037037037035,28,0,,,0,5.07,8.862527847290039
24,2,moves,5,1,2,0.07407407407407407,28,0,,,0,4.59,12.174757957458496
24,3,beyond,6,1,3,0.1111111111111111,28,0,,,0,4.98,10.307034492492676
24,4,the,3,0,4,0.14814814814814814,28,0,,,0,7.73,1.4437310695648193
24,5,original's,9,1,5,0.18518518518518517,28,0,,,0,2.09,11.269653797149658
24,6,nostalgia,9,1,6,0.2222222222222222,28,0,,,0,3.62,13.754189491271973
24,7,for,3,0,7,0.25925925925925924,28,0,,,0,7.01,1.7622976303100586
24,8,the,3,0,8,0.2962962962962963,28,0,,,0,7.73,1.7572842836380005
24,9,communal,8,1,9,0.3333333333333333,28,0,,,0,3.68,16.71721649169922
24,10,film,4,1,10,0.37037037037037035,28,0,,,0,5.2,12.785576820373535
24,11,experiences,11,1,11,0.4074074074074074,28,0,,,0,4.55,10.333340644836426
24,12,of,2,0,12,0.4444444444444444,28,0,,,0,7.4,1.4427250623703003
24,13,yesteryear,10,1,13,0.48148148148148145,28,0,,,0,2.62,8.859529808629304
24,14,to,2,0,14,0.5185185185185185,28,0,,,0,7.43,5.763548374176025
24,15,a,1,0,15,0.5555555555555556,28,0,,,0,7.36,4.2385945320129395
24,16,deeper,6,1,16,0.5925925925925926,28,0,,,0,4.3,5.947977066040039
24,17,realization,11,1,17,0.6296296296296297,28,0,,,0,3.72,9.679069519042969
24,18,of,2,0,18,0.6666666666666666,28,0,,,0,7.4,0.8829882144927979
24,19,cinema's,7,1,19,0.7037037037037037,28,0,,,0,2.37,9.78713858127594
24,20,inability,9,1,20,0.7407407407407407,28,0,-1.7,1.7,1,3.93,10.262364387512207
24,21,to,2,0,21,0.7777777777777778,28,0,,,0,7.43,0.03990550339221954
24,22,stand,5,1,22,0.8148148148148148,28,0,,,0,5.14,8.546067237854004
24,23,in,2,0,23,0.8518518518518519,28,0,,,0,7.27,4.705471515655518
24,24,for,3,0,24,0.8888888888888888,28,0,,,0,7.01,1.8823015689849854
24,25,"true,",4,1,25,0.9259259259259259,28,0,1.8,1.8,1,5.4,16.087623119354248
24,26,lived,5,1,26,0.9629629629629629,28,0,,,0,4.88,8.55636215209961
24,27,experience.,10,1,27,1.0,28,0,,,0,5.27,1.6687747240066528
25,0,There's,6,1,0,0.0,25,-1,,,0,5.54,10.22303295135498
25,1,no,2,0,1,0.041666666666666664,25,-1,-1.2,1.2,1,6.35,2.552543878555298
25,2,palpable,8,1,2,0.08333333333333333,25,-1,,,0,3.19,17.744462966918945
25,3,chemistry,9,1,3,0.125,25,-1,,,0,4.35,11.549851417541504
25,4,between,7,0,4,0.16666666666666666,25,-1,,,0,5.77,0.911081850528717
25,5,Lopez,5,1,5,0.20833333333333334,25,-1,,,0,3.79,14.825458526611328
25,6,and,3,0,6,0.25,25,-1,,,0,7.41,0.17922483384609222
25,7,male,4,1,7,0.2916666666666667,25,-1,,,0,4.89,18.05687141418457
25,8,lead,4,1,8,0.3333333333333333,25,-1,,,0,5.2,7.702566146850586
25,9,Ralph,5,1,9,0.375,25,-1,,,0,4.1,12.88243579864502
25,10,"Fiennes,",7,1,10,0.4166666666666667,25,-1,,,0,2.61,3.013131410407368
25,11,plus,4,1,11,0.4583333333333333,25,-1,,,0,4.95,13.158101081848145
25,12,the,3,0,12,0.5,25,-1,,,0,7.73,2.6491219997406006
25,13,script,6,1,13,0.5416666666666666,25,-1,,,0,4.36,10.212586402893066
25,14,by,2,0,14,0.5833333333333334,25,-1,,,0,6.66,6.81211519241333
25,15,Working,7,1,15,0.625,25,-1,,,0,5.45,16.626432418823242
25,16,Girl,4,1,16,0.6666666666666666,25,-1,,,0,5.38,6.282349586486816
25,17,scribe,6,1,17,0.7083333333333334,25,-1,,,0,3.08,11.562949299812317
25,18,Kevin,5,1,18,0.75,25,-1,,,0,4.56,8.175883293151855
25,19,Wade,4,1,19,0.7916666666666666,25,-1,,,0,3.98,12.274096488952637
25,20,is,2,0,20,0.8333333333333334,25,-1,,,0,7.07,3.2312731742858887
25,21,workmanlike,11,1,21,0.875,25,-1,,,0,2.19,22.58910242235288
25,22,in,2,0,22,0.9166666666666666,25,-1,,,0,7.27,4.33240270614624
25,23,the,3,0,23,0.9583333333333334,25,-1,,,0,7.73,4.085902690887451
25,24,extreme.,7,1,24,1.0,25,-1,,,0,4.6,6.274630129337311
26,0,A,1,0,0,0.0,21,1,,,0,7.36,5.6875901222229
26,1,"first-class,",10,1,1,0.05,21,1,,,0,1.69,23.609815001487732
26,2,thoroughly,10,1,2,0.1,21,1,,,0,4.09,11.570237159729004
26,3,involving,9,1,3,0.15,21,1,,,0,4.48,16.501144409179688
26,4,B,1,1,4,0.2,21,1,,,0,5.35,11.806194305419922
26,5,movie,5,1,5,0.25,21,1,,,0,5.16,12.057076454162598
26,6,that,4,0,6,0.3,21,1,,,0,7.01,6.319919109344482
26,7,effectively,11,1,7,0.35,21,1,1.9,1.9,1,4.49,12.146865844726562
26,8,combines,8,1,8,0.4,21,1,,,0,3.73,6.927111625671387
26,9,two,3,1,9,0.45,21,1,,,0,6.1,5.456282138824463
26,10,"surefire,",8,1,10,0.5,21,1,1.0,1.0,1,2.64,26.18936574459076
26,11,beloved,7,1,11,0.55,21,1,2.3,2.3,1,4.17,9.55329704284668
26,12,genres,6,1,12,0.6,21,1,,,0,3.72,2.129275321960449
26,13,--,0,0,13,0.65,21,1,,,0,,7.237913608551025
26,14,the,3,0,14,0.7,21,1,,,0,7.73,4.47999906539917
26,15,prison,6,1,15,0.75,21,1,-2.3,2.3,1,4.8,14.466931343078613
26,16,flick,5,1,16,0.8,21,1,,,0,3.63,7.5732421875
26,17,and,3,0,17,0.85,21,1,,,0,7.41,1.6713552474975586
26,18,the,3,0,18,0.9,21,1,,,0,7.73,0.9699563980102539
26,19,fight,5,1,19,0.95,21,1,-1.6,1.6,1,5.23,12.176020622253418
26,20,film.,4,1,20,1.0,21,1,,,0,5.2,5.4809054136276245
27,0,The,3,0,0,0.0,17,-1,,,0,7.73,4.729320049285889
27,1,film,4,1,1,0.0625,17,-1,,,0,5.2,10.617304801940918
27,2,is,2,0,2,0.125,17,-1,,,0,7.07,3.037224531173706
27,3,so,2,0,3,0.1875,17,-1,,,0,6.52,8.82237720489502
27,4,bad,3,1,4,0.25,17,-1,-2.5,2.5,1,5.53,6.771369457244873
27,5,it,2,0,5,0.3125,17,-1,,,0,6.95,2.9290688037872314
27,6,doesn't,6,1,6,0.375,17,-1,,,0,5.53,6.091673345857998
27,7,improve,7,1,7,0.4375,17,-1,1.9,1.9,1,4.79,11.832732200622559
27,8,upon,4,1,8,0.5,17,-1,,,0,5.12,3.607732057571411
27,9,the,3,0,9,0.5625,17,-1,,,0,7.73,1.5610342025756836
27,10,experience,10,1,10,0.625,17,-1,,,0,5.27,8.880847930908203
27,11,of,2,0,11,0.6875,17,-1,,,0,7.4,2.301234006881714
27,12,staring,7,1,12,0.75,17,-1,,,0,4.14,11.34977912902832
27,13,at,2,0,13,0.8125,17,-1,,,0,6.7,0.5753215551376343
27,14,a,1,0,14,0.875,17,-1,,,0,7.36,1.6421022415161133
27,15,blank,5,1,15,0.9375,17,-1,,,0,4.14,6.631824493408203
27,16,screen.,6,1,16,1.0,17,-1,,,0,4.85,3.14178204536438
28,0,Weiss,5,1,0,0.0,16,0,,,0,3.51,16.19732093811035
28,1,and,3,0,1,0.06666666666666667,16,0,,,0,7.41,5.008459091186523
28,2,Speck,5,1,2,0.13333333333333333,16,0,,,0,3.02,17.55266761779785
28,3,never,5,1,3,0.2,16,0,,,0,5.91,9.943313598632812
28,4,make,4,1,4,0.26666666666666666,16,0,,,0,6.08,8.960637092590332
28,5,a,1,0,5,0.3333333333333333,16,0,,,0,7.36,3.607961654663086
28,6,convincing,10,1,6,0.4,16,0,1.7,1.7,1,3.97,10.220001220703125
28,7,case,4,1,7,0.4666666666666667,16,0,,,0,5.55,1.055890440940857
28,8,for,3,0,8,0.5333333333333333,16,0,,,0,7.01,1.3752481937408447
28,9,the,3,0,9,0.6,16,0,,,0,7.73,3.1695070266723633
28,10,relevance,9,1,10,0.6666666666666666,16,0,,,0,3.75,10.029829978942871
28,11,of,2,0,11,0.7333333333333333,16,0,,,0,7.4,0.039382461458444595
28,12,these,5,0,12,0.8,16,0,,,0,6.04,6.4784088134765625
28,13,two,3,1,13,0.8666666666666667,16,0,,,0,6.1,4.570583343505859
28,14,20th-century,9,1,14,0.9333333333333333,16,0,,,0,0.1,18.161564458161592
28,15,footnotes.,9,1,15,1.0,16,0,,,0,3.2,17.652620524168015
29,0,Another,7,1,0,0.0,6,1,,,0,5.74,10.467761993408203
29,1,Best,4,1,1,0.2,6,1,3.2,3.2,1,5.84,13.119414329528809
29,2,of,2,0,2,0.4,6,1,,,0,7.4,2.859661340713501
29,3,the,3,0,3,0.6,6,1,,,0,7.73,3.2813127040863037
29,4,Year,4,1,4,0.8,6,1,,,0,5.96,4.73495626449585
29,5,selection.,9,1,5,1.0,6,1,,,0,4.62,13.190672874450684
30,0,It's,3,1,0,0.0,7,0,,,0,6.33,8.079901218414307
30,1,all,3,0,1,0.16666666666666666,7,0,,,0,6.52,6.59110164642334
30,2,a,1,0,2,0.3333333333333333,7,0,,,0,7.36,5.180724620819092
30,3,rather,6,1,3,0.5,7,0,,,0,5.32,12.24436092376709
30,4,shapeless,9,1,4,0.6666666666666666,7,0,,,0,2.39,17.785434313118458
30,5,good,4,1,5,0.8333333333333334,7,0,1.9,1.9,1,6.12,10.884259223937988
30,6,time...,4,1,6,1.0,7,0,,,0,6.29,15.734423637390137
31,0,Same,4,0,0,0.0,12,0,,,0,5.8,13.856904983520508
31,1,"song,",4,1,1,0.09090909090909091,12,0,,,0,5.26,15.038750410079956
31,2,second,6,1,2,0.18181818181818182,12,0,,,0,5.63,12.41971492767334
31,3,"verse,",5,1,3,0.2727272727272727,12,0,,,0,4.18,5.384248971939087
31,4,coulda,6,1,4,0.36363636363636365,12,0,,,0,2.92,26.443222999572754
31,5,been,4,0,5,0.45454545454545453,12,0,,,0,6.27,2.757220983505249
31,6,"better,",6,1,6,0.5454545454545454,12,0,1.9,1.9,1,5.76,8.730907678604126
31,7,but,3,0,7,0.6363636363636364,12,0,,,0,6.63,2.6559572219848633
31,8,it,2,0,8,0.7272727272727273,12,0,,,0,6.95,3.5448241233825684
31,9,coulda,6,1,9,0.8181818181818182,12,0,,,0,2.92,9.905105590820312
31,10,been,4,0,10,0.9090909090909091,12,0,,,0,6.27,0.701582133769989
31,11,worse.,5,1,11,1.0,12,0,-2.1,2.1,1,4.89,3.8572943806648254
32,0,I,1,0,0,0.0,8,1,,,0,7.09,5.770364761352539
32,1,love,4,1,1,0.14285714285714285,8,1,3.2,3.2,1,5.82,6.018568515777588
32,2,the,3,0,2,0.2857142857142857,8,1,,,0,7.73,3.0901739597320557
32,3,robust,6,1,3,0.42857142857142855,8,1,1.4,1.4,1,3.94,15.10849380493164
32,4,middle,6,1,4,0.5714285714285714,8,1,,,0,5.18,12.84363079071045
32,5,of,2,0,5,0.7142857142857143,8,1,,,0,7.4,2.82423996925354
32,6,this,4,0,6,0.8571428571428571,8,1,,,0,6.82,5.3841023445129395
32,7,picture.,7,1,7,1.0,8,1,,,0,5.13,10.757366180419922
33,0,That's,5,1,0,0.0,10,0,,,0,5.86,10.76402199268341
33,1,not,3,0,1,0.1111111111111111,10,0,,,0,6.69,4.1285295486450195
33,2,vintage,7,1,2,0.2222222222222222,10,0,,,0,4.18,18.455577850341797
33,3,Spielberg,9,1,3,0.3333333333333333,10,0,,,0,3.12,14.741827964782715
33,4,and,3,0,4,0.4444444444444444,10,0,,,0,7.41,6.867470741271973
33,5,"that,",4,0,5,0.5555555555555556,10,0,,,0,7.01,15.967293739318848
33,6,"finally,",7,1,6,0.6666666666666666,10,0,,,0,5.17,10.352813322097063
33,7,is,2,0,7,0.7777777777777778,10,0,,,0,7.07,2.2976107597351074
33,8,minimally,9,1,8,0.8888888888888888,10,0,,,0,3.07,19.119622118771076
33,9,satisfying.,10,1,9,1.0,10,0,2.0,2.0,1,3.93,9.271769404411316
34,0,The,3,0,0,0.0,9,1,,,0,7.73,4.729316711425781
34,1,soundtrack,10,1,1,0.125,9,1,,,0,3.93,14.951117515563965
34,2,alone,5,1,2,0.25,9,1,-1.0,1.0,1,5.16,11.537304878234863
34,3,is,2,0,3,0.375,9,1,,,0,7.07,1.9157735109329224
34,4,worth,5,1,4,0.5,9,1,0.9,0.9,1,5.16,3.5441055297851562
34,5,the,3,0,5,0.625,9,1,,,0,7.73,4.096182823181152
34,6,price,5,1,6,0.75,9,1,,,0,5.23,2.0311195850372314
34,7,of,2,0,7,0.875,9,1,,,0,7.4,0.7200103998184204
34,8,admission.,9,1,8,1.0,9,1,,,0,4.15,1.4055102616548538
35,0,Mostly,6,1,0,0.0,27,0,,,0,4.83,16.92830991744995
35,1,Martha,6,1,1,0.038461538461538464,27,0,,,0,3.98,20.17021369934082
35,2,could,5,0,2,0.07692307692307693,27,0,,,0,6.06,14.569621086120605
35,3,have,4,0,3,0.11538461538461539,27,0,,,0,6.71,3.109753131866455
35,4,used,4,1,4,0.15384615384615385,27,0,,,0,5.8,4.518143177032471
35,5,a,1,0,5,0.19230769230769232,27,0,,,0,7.36,1.9300752878189087
35,6,little,6,1,6,0.23076923076923078,27,0,,,0,5.75,3.5923495292663574
35,7,trimming,8,1,7,0.2692307692307692,27,0,,,0,3.23,12.253945052623749
35,8,--,0,0,8,0.3076923076923077,27,0,,,0,,11.169173240661621
35,9,10,0,0,9,0.34615384615384615,27,0,,,0,5.32,12.962265014648438
35,10,or,2,0,10,0.38461538461538464,27,0,,,0,6.54,4.32379150390625
35,11,15,0,0,11,0.4230769230769231,27,0,,,0,5.32,1.8574761152267456
35,12,minutes,7,1,12,0.46153846153846156,27,0,,,0,5.31,4.3939971923828125
35,13,could,5,0,13,0.5,27,0,,,0,6.06,8.812966346740723
35,14,be,2,0,14,0.5384615384615384,27,0,,,0,6.79,3.418708562850952
35,15,cut,3,1,15,0.5769230769230769,27,0,-1.1,1.1,1,5.24,7.510754585266113
35,16,and,3,0,16,0.6153846153846154,27,0,,,0,7.41,5.916013717651367
35,17,no,2,0,17,0.6538461538461539,27,0,-1.2,1.2,1,6.35,7.754220962524414
35,18,one,3,1,18,0.6923076923076923,27,0,,,0,6.47,3.6358556747436523
35,19,would,5,0,19,0.7307692307692307,27,0,,,0,6.27,0.8247027397155762
35,20,notice,6,1,20,0.7692307692307693,27,0,,,0,4.9,1.8077024221420288
35,21,--,0,0,21,0.8076923076923077,27,0,,,0,,3.6340744495391846
35,22,but,3,0,22,0.8461538461538461,27,0,,,0,6.63,0.6351649165153503
35,23,it's,3,1,23,0.8846153846153846,27,0,,,0,6.33,7.254494905471802
35,24,a,1,0,24,0.9230769230769231,27,0,,,0,7.36,3.7678513526916504
35,25,pleasurable,11,1,25,0.9615384615384616,27,0,2.4,2.4,1,3.09,14.205085668712854
35,26,trifle.,6,1,26,1.0,27,0,,,0,2.93,17.492822885513306
36,0,For,3,0,0,0.0,16,-1,,,0,7.01,7.997684478759766
36,1,the,3,0,1,0.06666666666666667,16,-1,,,0,7.73,2.883847951889038
36,2,rest,4,1,2,0.13333333333333333,16,-1,,,0,5.23,6.809638977050781
36,3,of,2,0,3,0.2,16,-1,,,0,7.4,0.039404381066560745
36,4,"us,",2,1,4,0.26666666666666666,16,-1,,,0,6.04,1.9481990337371826
36,5,sitting,7,1,5,0.3333333333333333,16,-1,,,0,4.86,11.340350151062012
36,6,through,7,0,6,0.4,16,-1,,,0,5.87,6.990423202514648
36,7,Dahmer's,7,1,7,0.4666666666666667,16,-1,,,0,1.6,24.318517327308655
36,8,two,3,1,8,0.5333333333333333,16,-1,,,0,6.1,9.092726707458496
36,9,hours,5,1,9,0.6,16,-1,,,0,5.4,5.246547698974609
36,10,amounts,7,1,10,0.6666666666666666,16,-1,,,0,4.41,20.980426788330078
36,11,to,2,0,11,0.7333333333333333,16,-1,,,0,7.43,0.030684813857078552
36,12,little,6,1,12,0.8,16,-1,,,0,5.75,6.831079483032227
36,13,more,4,0,13,0.8666666666666667,16,-1,,,0,6.36,0.07094850391149521
36,14,than,4,0,14,0.9333333333333333,16,-1,,,0,6.13,0.002454854315146804
36,15,punishment.,10,1,15,1.0,16,-1,-2.2,2.2,1,4.34,14.33499300479889
37,0,Featuring,9,1,0,0.0,23,1,,,0,4.45,13.96471643447876
37,1,a,1,0,1,0.045454545454545456,23,1,,,0,7.36,3.287837028503418
37,2,dangerously,11,1,2,0.09090909090909091,23,1,-2.0,2.0,1,3.47,16.461624145507812
37,3,seductive,9,1,3,0.13636363636363635,23,1,,,0,3.23,10.873077735304832
37,4,performance,11,1,4,0.18181818181818182,23,1,,,0,5.16,6.882321834564209
37,5,from,4,0,5,0.22727272727272727,23,1,,,0,6.63,1.592635989189148
37,6,the,3,0,6,0.2727272727272727,23,1,,,0,7.73,4.206584930419922
37,7,great,5,1,7,0.3181818181818182,23,1,3.1,3.1,1,5.88,7.85629415512085
37,8,Daniel,6,1,8,0.36363636363636365,23,1,,,0,4.62,8.728522300720215
37,9,"Auteuil,",7,1,9,0.4090909090909091,23,1,,,0,1.7,17.413769513368607
37,10,``Sade'',4,1,10,0.45454545454545453,23,1,,,0,2.83,40.058918476104736
37,11,covers,6,1,11,0.5,23,1,,,0,4.51,10.66141414642334
37,12,the,3,0,12,0.5454545454545454,23,1,,,0,7.73,2.540706157684326
37,13,same,4,0,13,0.5909090909090909,23,1,,,0,5.8,8.01485538482666
37,14,period,6,1,14,0.6363636363636364,23,1,,,0,5.21,8.189516067504883
37,15,as,2,0,15,0.6818181818181818,23,1,,,0,6.77,1.5700557231903076
37,16,Kaufmann's,9,1,16,0.7272727272727273,23,1,,,0,1.35,19.65618971036747
37,17,``Quills'',6,1,17,0.7727272727272727,23,1,,,0,2.49,29.48849081993103
37,18,with,4,0,18,0.8181818181818182,23,1,,,0,6.85,5.334824562072754
37,19,more,4,0,19,0.8636363636363636,23,1,,,0,6.36,7.122800350189209
37,20,unsettlingly,12,1,20,0.9090909090909091,23,1,,,0,1.51,19.484105587005615
37,21,realistic,9,1,21,0.9545454545454546,23,1,,,0,4.16,7.373782157897949
37,22,results.,7,1,22,1.0,23,1,,,0,5.23,8.084875881671906
38,0,The,3,0,0,0.0,17,0,,,0,7.73,4.729320049285889
38,1,movie,5,1,1,0.0625,17,0,,,0,5.16,11.230168342590332
38,2,is,2,0,2,0.125,17,0,,,0,7.07,3.137268304824829
38,3,for,3,0,3,0.1875,17,0,,,0,7.01,9.890182495117188
38,4,fans,4,1,4,0.25,17,0,,,0,5.03,8.171228408813477
38,5,who,3,0,5,0.3125,17,0,,,0,6.34,3.9688398838043213
38,6,can't,4,1,6,0.375,17,0,,,0,5.8,6.476893424987793
38,7,stop,4,1,7,0.4375,17,0,-1.2,1.2,1,5.52,7.035096645355225
38,8,loving,6,1,8,0.5,17,0,2.9,2.9,1,4.47,6.474908828735352
38,9,"anime,",5,1,9,0.5625,17,0,,,0,4.26,12.598983526229858
38,10,and,3,0,10,0.625,17,0,,,0,7.41,2.214956045150757
38,11,the,3,0,11,0.6875,17,0,,,0,7.73,3.970057487487793
38,12,fanatical,9,1,12,0.75,17,0,,,0,3.02,19.89134693145752
38,13,excess,6,1,13,0.8125,17,0,,,0,4.21,18.281375885009766
38,14,built,5,1,14,0.875,17,0,,,0,5.07,16.444671630859375
38,15,into,4,0,15,0.9375,17,0,,,0,6.11,1.93170166015625
38,16,it.,2,0,16,1.0,17,0,,,0,6.95,4.75662088394165
39,0,The,3,0,0,0.0,21,0,,,0,7.73,4.729319095611572
39,1,Ring,4,1,1,0.05,21,0,,,0,4.81,14.304008483886719
39,2,is,2,0,2,0.1,21,0,,,0,7.07,4.663853645324707
39,3,worth,5,1,3,0.15,21,0,0.9,0.9,1,5.16,10.626472473144531
39,4,a,1,0,4,0.2,21,0,,,0,7.36,4.092334747314453
39,5,"look,",4,1,5,0.25,21,0,,,0,5.81,6.9809064865112305
39,6,if,2,0,6,0.3,21,0,,,0,6.47,4.326839923858643
39,7,you,3,0,7,0.35,21,0,,,0,6.98,0.931423544883728
39,8,don't,4,1,8,0.4,21,0,,,0,6.2,4.719283172977157
39,9,demand,6,1,9,0.45,21,0,-0.5,0.5,1,4.84,13.497527122497559
39,10,much,4,1,10,0.5,21,0,,,0,6.0,7.582326889038086
39,11,more,4,0,11,0.55,21,0,,,0,6.36,4.133296012878418
39,12,than,4,0,12,0.6,21,0,,,0,6.13,1.2389262914657593
39,13,a,1,0,13,0.65,21,0,,,0,7.36,1.7006067037582397
39,14,few,3,0,14,0.7,21,0,,,0,5.6,4.571572780609131
39,15,cheap,5,1,15,0.75,21,0,,,0,4.71,8.035928726196289
39,16,thrills,7,1,16,0.8,21,0,1.5,1.5,1,3.16,10.94177907705307
39,17,from,4,0,17,0.85,21,0,,,0,6.63,2.883104085922241
39,18,your,4,0,18,0.9,21,0,,,0,6.53,2.556365966796875
39,19,Halloween,9,1,19,0.95,21,0,,,0,4.16,13.464470863342285
39,20,entertainment.,13,1,20,1.0,21,0,1.8,1.8,1,4.6,11.300673007965088
40,0,Beautifully,11,1,0,0.0,5,1,2.7,2.7,1,3.92,17.901921272277832
40,1,"observed,",8,1,1,0.25,5,1,,,0,4.39,17.93546772003174
40,2,miraculously,12,1,2,0.5,5,1,,,0,3.19,16.191468217322836
40,3,unsentimental,13,1,3,0.75,5,1,,,0,2.07,18.146724298596382
40,4,comedy-drama.,11,1,4,1.0,5,1,,,0,0.0,24.609548538923264
41,0,What,4,0,0,0.0,26,1,,,0,6.38,8.227319717407227
41,1,makes,5,1,1,0.04,26,1,,,0,5.46,6.518752098083496
41,2,How,3,0,2,0.08,26,1,,,0,6.24,15.708136558532715
41,3,I,1,0,3,0.12,26,1,,,0,7.09,5.6836676597595215
41,4,Killed,6,1,4,0.16,26,1,-3.5,3.5,1,5.22,8.470768928527832
41,5,My,2,0,5,0.2,26,1,,,0,6.57,2.567678689956665
41,6,Father,6,1,6,0.24,26,1,,,0,5.26,4.492254734039307
41,7,"compelling,",10,1,7,0.28,26,1,0.9,0.9,1,3.98,16.90978193283081
41,8,besides,7,1,8,0.32,26,1,,,0,4.63,8.34376049041748
41,9,its,3,0,9,0.36,26,1,,,0,6.14,2.0762829780578613
41,10,terrific,8,1,10,0.4,26,1,2.1,2.1,1,3.9,10.469157218933105
41,11,"performances,",12,1,11,0.44,26,1,,,0,4.29,8.247979164123535
41,12,is,2,0,12,0.48,26,1,,,0,7.07,0.28157466650009155
41,13,Fontaine's,9,1,13,0.52,26,1,,,0,1.75,19.52445077896118
41,14,willingness,11,1,14,0.56,26,1,1.1,1.1,1,3.82,6.971503734588623
41,15,to,2,0,15,0.6,26,1,,,0,7.43,0.02413342148065567
41,16,wander,6,1,16,0.64,26,1,,,0,3.67,13.274319648742676
41,17,into,4,0,17,0.68,26,1,,,0,6.11,2.659660816192627
41,18,the,3,0,18,0.72,26,1,,,0,7.73,1.8409631252288818
41,19,dark,4,1,19,0.76,26,1,,,0,5.04,3.755201578140259
41,20,areas,5,1,20,0.8,26,1,,,0,5.15,9.691713333129883
41,21,of,2,0,21,0.84,26,1,,,0,7.4,0.3326508104801178
41,22,parent-child,11,1,22,0.88,26,1,,,0,0.0,13.77035790681839
41,23,relationships,13,1,23,0.92,26,1,,,0,4.68,1.2582597732543945
41,24,without,7,1,24,0.96,26,1,,,0,5.69,5.945241451263428
41,25,flinching.,9,1,25,1.0,26,1,,,0,2.48,9.345035357400775
42,0,This,4,0,0,0.0,28,-1,,,0,6.82,7.0086588859558105
42,1,hastily,7,1,1,0.037037037037037035,28,-1,,,0,3.3,19.989864349365234
42,2,mounted,7,1,2,0.07407407407407407,28,-1,,,0,4.26,12.828990936279297
42,3,production,10,1,3,0.1111111111111111,28,-1,,,0,5.14,12.083292007446289
42,4,exists,6,1,4,0.14814814814814814,28,-1,,,0,4.48,14.298602104187012
42,5,only,4,0,5,0.18518518518518517,28,-1,,,0,6.12,4.763261795043945
42,6,to,2,0,6,0.2222222222222222,28,-1,,,0,7.43,1.7728930711746216
42,7,capitalize,10,1,7,0.25925925925925924,28,-1,,,0,3.34,10.024896621704102
42,8,on,2,0,8,0.2962962962962963,28,-1,,,0,6.91,0.0880952775478363
42,9,Hopkins',7,1,9,0.3333333333333333,28,-1,,,0,3.89,21.15431845188141
42,10,inclination,11,1,10,0.37037037037037035,28,-1,,,0,3.37,14.15961742401123
42,11,to,2,0,11,0.4074074074074074,28,-1,,,0,7.43,0.3826885223388672
42,12,play,4,1,12,0.4444444444444444,28,-1,1.4,1.4,1,5.61,7.092562198638916
42,13,Hannibal,8,1,13,0.48148148148148145,28,-1,,,0,3.41,16.119483947753906
42,14,Lecter,6,1,14,0.5185185185185185,28,-1,,,0,2.52,0.9532901515485719
42,15,"again,",5,0,15,0.5555555555555556,28,-1,,,0,5.7,11.309183120727539
42,16,even,4,1,16,0.5925925925925926,28,-1,,,0,5.99,6.046481132507324
42,17,though,6,1,17,0.6296296296296297,28,-1,,,0,5.5,0.9742039442062378
42,18,Harris,6,1,18,0.6666666666666666,28,-1,,,0,4.44,9.267313957214355
42,19,has,3,0,19,0.7037037037037037,28,-1,,,0,6.37,3.102374315261841
42,20,no,2,0,20,0.7407407407407407,28,-1,-1.2,1.2,1,6.35,6.560801029205322
42,21,immediate,9,1,21,0.7777777777777778,28,-1,,,0,4.52,8.446141242980957
42,22,inclination,11,1,22,0.8148148148148148,28,-1,,,0,3.37,11.315252304077148
42,23,to,2,0,23,0.8518518518518519,28,-1,,,0,7.43,0.24759842455387115
42,24,provide,7,1,24,0.8888888888888888,28,-1,,,0,5.15,11.326251029968262
42,25,a,1,0,25,0.9259259259259259,28,-1,,,0,7.36,2.3643081188201904
42,26,fourth,6,1,26,0.9629629629629629,28,-1,,,0,4.83,7.6020708084106445
42,27,book.,4,1,27,1.0,28,-1,,,0,5.43,9.461586475372314
43,0,Bullock's,8,1,0,0.0,11,-1,,,0,2.21,22.95946955680847
43,1,complete,8,1,1,0.1,11,-1,,,0,5.1,13.116533279418945
43,2,lack,4,1,2,0.2,11,-1,-1.3,1.3,1,4.92,8.131717681884766
43,3,of,2,0,3,0.3,11,-1,,,0,7.4,0.041475676000118256
43,4,focus,5,1,4,0.4,11,-1,,,0,5.0,7.072753429412842
43,5,and,3,0,5,0.5,11,-1,,,0,7.41,3.401829957962036
43,6,ability,7,1,6,0.6,11,-1,1.3,1.3,1,4.96,6.222056865692139
43,7,quickly,7,1,7,0.7,11,-1,,,0,5.0,14.15422534942627
43,8,derails,7,1,8,0.8,11,-1,-1.3,1.3,1,2.34,16.285205364227295
43,9,the,3,0,9,0.9,11,-1,,,0,7.73,2.51106333732605
43,10,film.1,4,1,10,1.0,11,-1,,,0,0.0,25.251720190048218
44,0,...,0,0,0,0.0,22,-1,,,0,,9.636157989501953
44,1,a,1,0,1,0.047619047619047616,22,-1,,,0,7.36,8.276927947998047
44,2,plotline,8,1,2,0.09523809523809523,22,-1,,,0,2.47,17.391610622406006
44,3,that's,5,1,3,0.14285714285714285,22,-1,,,0,5.86,7.40760350227356
44,4,as,2,0,4,0.19047619047619047,22,-1,,,0,6.77,7.821249961853027
44,5,lumpy,5,1,5,0.23809523809523808,22,-1,,,0,2.84,17.33702516555786
44,6,as,2,0,6,0.2857142857142857,22,-1,,,0,6.77,0.6239857077598572
44,7,two-day,6,1,7,0.3333333333333333,22,-1,,,0,0.0,24.209715366363525
44,8,old,3,1,8,0.38095238095238093,22,-1,,,0,5.75,8.11766529083252
44,9,porridge...,8,1,9,0.42857142857142855,22,-1,,,0,3.11,17.627780616283417
44,10,the,3,0,10,0.47619047619047616,22,-1,,,0,7.73,6.6951069831848145
44,11,filmmakers',10,1,11,0.5238095238095238,22,-1,,,0,3.51,19.709436893463135
44,12,"paws,",4,1,12,0.5714285714285714,22,-1,,,0,3.43,24.99611186981201
44,13,sad,3,1,13,0.6190476190476191,22,-1,-2.1,2.1,1,4.84,13.599885940551758
44,14,to,2,0,14,0.6666666666666666,22,-1,,,0,7.43,3.2005255222320557
44,15,"say,",3,1,15,0.7142857142857143,22,-1,,,0,5.89,0.7536414861679077
44,16,were,4,0,16,0.7619047619047619,22,-1,,,0,6.34,4.7371087074279785
44,17,all,3,0,17,0.8095238095238095,22,-1,,,0,6.52,6.491259574890137
44,18,over,4,0,18,0.8571428571428571,22,-1,,,0,6.08,3.478606700897217
44,19,this,4,0,19,0.9047619047619048,22,-1,,,0,6.82,4.979796886444092
44,20,``un-bear-able'',10,1,20,0.9523809523809523,22,-1,,,0,3.47,56.11388289928436
44,21,project!,7,1,21,1.0,22,-1,,,0,5.22,14.436116695404053
45,0,Crush,5,1,0,0.0,17,-1,-0.6,0.6,1,4.17,17.696398735046387
45,1,could,5,0,1,0.0625,17,-1,,,0,6.06,12.516536712646484
45,2,be,2,0,2,0.125,17,-1,,,0,6.79,1.8866618871688843
45,3,the,3,0,3,0.1875,17,-1,,,0,7.73,3.7421863079071045
45,4,worst,5,1,4,0.25,17,-1,-3.1,3.1,1,4.93,7.201041221618652
45,5,film,4,1,5,0.3125,17,-1,,,0,5.2,9.538299560546875
45,6,a,1,0,6,0.375,17,-1,,,0,7.36,10.699177742004395
45,7,man,3,1,7,0.4375,17,-1,,,0,5.82,5.68109130859375
45,8,has,3,0,8,0.5,17,-1,,,0,6.37,3.2644951343536377
45,9,made,4,1,9,0.5625,17,-1,,,0,5.92,3.925596237182617
45,10,about,5,0,10,0.625,17,-1,,,0,6.4,6.668229579925537
45,11,women,5,1,11,0.6875,17,-1,,,0,5.57,5.4604172706604
45,12,since,5,1,12,0.75,17,-1,,,0,5.75,4.505003452301025
45,13,Valley,6,1,13,0.8125,17,-1,,,0,4.72,15.504643440246582
45,14,of,2,0,14,0.875,17,-1,,,0,7.4,0.48357126116752625
45,15,the,3,0,15,0.9375,17,-1,,,0,7.73,0.025931164622306824
45,16,Dolls.,5,1,16,1.0,17,-1,,,0,3.81,1.9934893883764744
46,0,"Reassuring,",10,1,0,0.0,3,1,1.7,1.7,1,3.4,25.36125898361206
46,1,retro,5,1,1,0.5,3,1,,,0,3.73,14.144689559936523
46,2,uplifter.,8,1,2,1.0,3,1,,,0,1.11,27.89394235610962
47,0,Flaccid,7,1,0,0.0,6,-1,,,0,2.64,23.469367131590843
47,1,drama,5,1,1,0.2,6,-1,,,0,4.67,16.894678115844727
47,2,and,3,0,2,0.4,6,-1,,,0,7.41,4.806192874908447
47,3,exasperatingly,14,1,3,0.6,6,-1,,,0,1.39,22.382755279541016
47,4,slow,4,1,4,0.8,6,-1,,,0,4.85,7.222283363342285
47,5,journey.,7,1,5,1.0,6,-1,,,0,4.65,13.667906522750854
48,0,The,3,0,0,0.0,9,1,,,0,7.73,4.729316711425781
48,1,Movie,5,1,1,0.125,9,1,,,0,5.16,14.32558536529541
48,2,will,4,0,2,0.25,9,1,,,0,6.45,8.712782859802246
48,3,reach,5,1,3,0.375,9,1,0.1,0.1,1,4.94,10.13516902923584
48,4,far,3,1,4,0.5,9,1,,,0,5.5,13.827077865600586
48,5,beyond,6,1,5,0.625,9,1,,,0,4.98,1.005570411682129
48,6,its,3,0,6,0.75,9,1,,,0,6.14,2.186544179916382
48,7,core,4,1,7,0.875,9,1,,,0,4.73,7.837733745574951
48,8,demographic.,11,1,8,1.0,9,1,,,0,3.92,7.907948017120361
49,0,How,3,0,0,0.0,6,-1,,,0,6.24,8.89326000213623
49,1,did,3,0,1,0.2,6,-1,,,0,5.96,4.732662200927734
49,2,it,2,0,2,0.4,6,-1,,,0,6.95,4.395080089569092
49,3,ever,4,1,3,0.6,6,-1,,,0,5.66,9.139753341674805
49,4,get,3,1,4,0.8,6,-1,,,0,6.28,1.3413130044937134
49,5,made?,4,1,5,1.0,6,-1,,,0,5.92,7.139183521270752
50,0,I,1,0,0,0.0,11,1,,,0,7.09,5.770360946655273
50,1,like,4,1,1,0.1,11,1,1.5,1.5,1,6.41,7.23398494720459
50,2,the,3,0,2,0.2,11,1,,,0,7.73,2.8783068656921387
50,3,new,3,1,3,0.3,11,1,,,0,6.25,6.677153587341309
50,4,footage,7,1,4,0.4,11,1,,,0,4.31,13.389445304870605
50,5,and,3,0,5,0.5,11,1,,,0,7.41,3.9757511615753174
50,6,still,5,1,6,0.6,11,1,,,0,5.92,8.805089950561523
50,7,love,4,1,7,0.7,11,1,3.2,3.2,1,5.82,3.8066296577453613
50,8,the,3,0,8,0.8,11,1,,,0,7.73,1.1530052423477173
50,9,old,3,1,9,0.9,11,1,,,0,5.75,4.735179901123047
50,10,stuff.,5,1,10,1.0,11,1,,,0,5.14,7.375485420227051
51,0,It,2,0,0,0.0,19,0,,,0,6.95,6.7774481773376465
51,1,briefly,7,1,1,0.05555555555555555,19,0,,,0,4.22,14.79450511932373
51,2,flirts,6,1,2,0.1111111111111111,19,0,0.7,0.7,1,2.75,12.50158429145813
51,3,with,4,0,3,0.16666666666666666,19,0,,,0,6.85,0.05219024047255516
51,4,player,6,1,4,0.2222222222222222,19,0,,,0,5.19,15.027840614318848
51,5,"masochism,",9,1,5,0.2777777777777778,19,0,-1.6,1.6,1,2.42,20.552843868732452
51,6,but,3,0,6,0.3333333333333333,19,0,,,0,6.63,1.8797065019607544
51,7,the,3,0,7,0.3888888888888889,19,0,,,0,7.73,3.9961001873016357
51,8,point,5,1,8,0.4444444444444444,19,0,,,0,5.54,7.677179336547852
51,9,of,2,0,9,0.5,19,0,,,0,7.4,2.8798983097076416
51,10,real,4,1,10,0.5555555555555556,19,0,,,0,5.6,11.406457901000977
51,11,interest,8,1,11,0.6111111111111112,19,0,2.0,2.0,1,5.17,10.425580024719238
51,12,--,0,0,12,0.6666666666666666,19,0,,,0,,11.12000846862793
51,13,audience,8,1,13,0.7222222222222222,19,0,,,0,4.73,17.199357986450195
51,14,sadism,6,1,14,0.7777777777777778,19,0,,,0,2.57,18.37855315208435
51,15,--,0,0,15,0.8333333333333334,19,0,,,0,,0.6395746469497681
51,16,is,2,0,16,0.8888888888888888,19,0,,,0,7.07,0.661986231803894
51,17,evaded,6,1,17,0.9444444444444444,19,0,,,0,2.91,19.923211097717285
51,18,completely.,10,1,18,1.0,19,0,,,0,5.0,8.703897476196289
52,0,Could,5,0,0,0.0,11,-1,,,0,6.06,12.882820129394531
52,1,The,3,0,1,0.1,11,-1,,,0,7.73,7.9526448249816895
52,2,Country,7,1,2,0.2,11,-1,,,0,5.48,12.425373077392578
52,3,Bears,5,1,3,0.3,11,-1,,,0,4.34,17.268230438232422
52,4,really,6,1,4,0.4,11,-1,,,0,5.97,8.750483512878418
52,5,be,2,0,5,0.5,11,-1,,,0,6.79,1.1117128133773804
52,6,as,2,0,6,0.6,11,-1,,,0,6.77,7.581295967102051
52,7,bad,3,1,7,0.7,11,-1,-2.5,2.5,1,5.53,2.8753252029418945
52,8,as,2,0,8,0.8,11,-1,,,0,6.77,0.38393351435661316
52,9,its,3,0,9,0.9,11,-1,,,0,6.14,8.519569396972656
52,10,trailers?,8,1,10,1.0,11,-1,,,0,3.65,18.54747486114502
53,0,At,2,0,0,0.0,7,1,,,0,6.7,8.753556251525879
53,1,"times,",5,1,1,0.16666666666666666,7,1,,,0,5.56,9.142518401145935
53,2,the,3,0,2,0.3333333333333333,7,1,,,0,7.73,3.1618728637695312
53,3,movie,5,1,3,0.5,7,1,,,0,5.16,9.839051246643066
53,4,looks,5,1,4,0.6666666666666666,7,1,,,0,5.36,7.8478546142578125
53,5,genuinely,9,1,5,0.8333333333333334,7,1,,,0,4.1,9.44560718536377
53,6,pretty.,6,1,6,1.0,7,1,2.2,2.2,1,5.38,11.009716033935547
54,0,It,2,0,0,0.0,12,0,,,0,6.95,6.777441501617432
54,1,depends,7,1,1,0.09090909090909091,12,0,,,0,4.53,10.0462007522583
54,2,on,2,0,2,0.18181818181818182,12,0,,,0,6.91,0.7753111720085144
54,3,how,3,0,3,0.2727272727272727,12,0,,,0,6.24,2.4570038318634033
54,4,well,4,1,4,0.36363636363636365,12,0,1.1,1.1,1,6.03,5.56220817565918
54,5,flatulence,10,1,5,0.45454545454545453,12,0,,,0,2.58,20.867886543273926
54,6,gags,4,1,6,0.5454545454545454,12,0,,,0,3.08,22.299104690551758
54,7,fit,3,1,7,0.6363636363636364,12,0,1.5,1.5,1,4.95,7.495727062225342
54,8,into,4,0,8,0.7272727272727273,12,0,,,0,6.11,1.4236735105514526
54,9,your,4,0,9,0.8181818181818182,12,0,,,0,6.53,1.0157191753387451
54,10,holiday,7,1,10,0.9090909090909091,12,0,1.7,1.7,1,4.66,12.659090042114258
54,11,concept.,7,1,11,1.0,12,0,,,0,4.77,14.168285340070724
55,0,The,3,0,0,0.0,9,-1,,,0,7.73,4.729318141937256
55,1,"stupidest,",9,1,1,0.125,9,-1,-2.4,2.4,1,3.17,25.168708324432373
55,2,most,4,0,2,0.25,9,-1,,,0,6.0,0.9534525275230408
55,3,insulting,9,1,3,0.375,9,-1,-2.2,2.2,1,3.7,7.482522010803223
55,4,movie,5,1,4,0.5,9,-1,,,0,5.16,9.637093544006348
55,5,of,2,0,5,0.625,9,-1,,,0,7.4,2.9248909950256348
55,6,2002's,1,1,6,0.75,9,-1,,,0,4.55,19.210389614105225
55,7,first,5,1,7,0.875,9,-1,,,0,6.11,7.27929162979126
55,8,quarter.,7,1,8,1.0,9,-1,,,0,4.72,11.318520545959473
56,0,The,3,0,0,0.0,6,-1,,,0,7.73,4.729281902313232
56,1,film,4,1,1,0.2,6,-1,,,0,5.2,10.617311477661133
56,2,seems,5,1,2,0.4,6,-1,,,0,5.24,9.915200233459473
56,3,a,1,0,3,0.6,6,-1,,,0,7.36,5.726985931396484
56,4,dead,4,1,4,0.8,6,-1,-3.3,3.3,1,5.19,10.893627166748047
56,5,weight.,6,1,5,1.0,6,-1,,,0,5.02,11.33502984046936
57,0,"Sparkling,",9,1,0,0.0,29,1,1.2,1.2,1,3.56,22.092763900756836
57,1,often,5,1,1,0.03571428571428571,29,1,,,0,5.41,10.586234092712402
57,2,hilarious,9,1,2,0.07142857142857142,29,1,1.7,1.7,1,4.27,10.368273735046387
57,3,romantic,8,1,3,0.10714285714285714,29,1,1.7,1.7,1,4.43,14.40329647064209
57,4,jealousy,8,1,4,0.14285714285714285,29,1,-1.3,1.3,1,3.74,14.99756145477295
57,5,comedy...,6,1,5,0.17857142857142858,29,1,1.5,1.5,1,4.51,18.306424617767334
57,6,Attal,5,1,6,0.21428571428571427,29,1,,,0,1.04,25.89143466949463
57,7,looks,5,1,7,0.25,29,1,,,0,5.36,15.94530963897705
57,8,so,2,0,8,0.2857142857142857,29,1,,,0,6.52,7.5132317543029785
57,9,much,4,1,9,0.32142857142857145,29,1,,,0,6.0,3.5249335765838623
57,10,like,4,1,10,0.35714285714285715,29,1,1.5,1.5,1,6.41,1.186468243598938
57,11,a,1,0,11,0.39285714285714285,29,1,,,0,7.36,2.4562602043151855
57,12,young,5,1,12,0.42857142857142855,29,1,,,0,5.43,7.924337387084961
57,13,Robert,6,1,13,0.4642857142857143,29,1,,,0,4.85,11.804583549499512
57,14,DeNiro,6,1,14,0.5,29,1,,,0,2.23,6.96710724150762
57,15,that,4,0,15,0.5357142857142857,29,1,,,0,7.01,3.79425048828125
57,16,it,2,0,16,0.5714285714285714,29,1,,,0,6.95,1.9754940271377563
57,17,seems,5,1,17,0.6071428571428571,29,1,,,0,5.24,5.794107913970947
57,18,the,3,0,18,0.6428571428571429,29,1,,,0,7.73,6.836575984954834
57,19,film,4,1,19,0.6785714285714286,29,1,,,0,5.2,7.169069766998291
57,20,should,6,0,20,0.7142857142857143,29,1,,,0,5.99,6.729603290557861
57,21,instead,7,1,21,0.75,29,1,,,0,5.24,11.089984893798828
57,22,be,2,0,22,0.7857142857142857,29,1,,,0,6.79,0.717366635799408
57,23,called,6,1,23,0.8214285714285714,29,1,,,0,5.59,0.9528679847717285
57,24,`My,2,0,24,0.8571428571428571,29,1,,,0,6.57,19.353062629699707
57,25,Husband,7,1,25,0.8928571428571429,29,1,,,0,5.0,7.260850194375962
57,26,Is,2,0,26,0.9285714285714286,29,1,,,0,7.07,4.1315717697143555
57,27,Travis,6,1,27,0.9642857142857143,29,1,,,0,4.01,17.70964241027832
57,28,Bickle'.,6,1,28,1.0,29,1,,,0,2.0,6.956082199700177
58,0,I,1,0,0,0.0,23,-1,,,0,7.09,5.77036190032959
58,1,did,3,0,1,0.045454545454545456,23,-1,,,0,5.96,7.373659133911133
58,2,go,2,1,2,0.09090909090909091,23,-1,,,0,6.03,7.984943389892578
58,3,back,4,1,3,0.13636363636363635,23,-1,,,0,6.04,3.900221109390259
58,4,and,3,0,4,0.18181818181818182,23,-1,,,0,7.41,1.7577186822891235
58,5,check,5,1,5,0.22727272727272727,23,-1,,,0,5.31,2.914783239364624
58,6,out,3,0,6,0.2727272727272727,23,-1,,,0,6.38,1.9910014867782593
58,7,the,3,0,7,0.3181818181818182,23,-1,,,0,7.73,1.7393970489501953
58,8,last,4,1,8,0.36363636363636365,23,-1,,,0,5.86,6.941781044006348
58,9,10,0,0,9,0.4090909090909091,23,-1,,,0,5.32,7.7446770668029785
58,10,"minutes,",7,1,10,0.45454545454545453,23,-1,,,0,5.31,9.423081398010254
58,11,but,3,0,11,0.5,23,-1,,,0,6.63,1.517666220664978
58,12,these,5,0,12,0.5454545454545454,23,-1,,,0,6.04,7.770381927490234
58,13,were,4,0,13,0.5909090909090909,23,-1,,,0,6.34,3.2942605018615723
58,14,more,4,0,14,0.6363636363636364,23,-1,,,0,6.36,7.840056896209717
58,15,repulsive,9,1,15,0.6818181818181818,23,-1,,,0,3.18,17.13225030899048
58,16,than,4,0,16,0.7272727272727273,23,-1,,,0,6.13,1.068095088005066
58,17,the,3,0,17,0.7727272727272727,23,-1,,,0,7.73,2.557661294937134
58,18,first,5,1,18,0.8181818181818182,23,-1,,,0,6.11,3.535053014755249
58,19,30,0,0,19,0.8636363636363636,23,-1,,,0,4.93,6.335157871246338
58,20,or,2,0,20,0.9090909090909091,23,-1,,,0,6.54,4.9888811111450195
58,21,40,0,0,21,0.9545454545454546,23,-1,,,0,4.82,2.295086145401001
58,22,minutes.,7,1,22,1.0,23,-1,,,0,5.31,1.6693865060806274
59,0,A,1,0,0,0.0,10,-1,,,0,7.36,5.687591075897217
59,1,lousy,5,1,1,0.1111111111111111,10,-1,-2.5,2.5,1,3.31,18.0089054107666
59,2,movie,5,1,2,0.2222222222222222,10,-1,,,0,5.16,8.388334274291992
59,3,that's,5,1,3,0.3333333333333333,10,-1,,,0,5.86,8.512860298156738
59,4,not,3,0,4,0.4444444444444444,10,-1,,,0,6.69,4.667672157287598
59,5,merely,6,1,5,0.5555555555555556,10,-1,,,0,4.37,10.188215255737305
59,6,"unwatchable,",11,1,6,0.6666666666666666,10,-1,,,0,2.38,13.622820761054754
59,7,but,3,0,7,0.7777777777777778,10,-1,,,0,6.63,0.7247219681739807
59,8,also,4,1,8,0.8888888888888888,10,-1,,,0,6.19,3.71825909614563
59,9,unlistenable.,12,1,9,1.0,10,-1,,,0,1.63,15.538028568029404
60,0,One,3,1,0,0.0,24,1,,,0,6.47,8.486961364746094
60,1,of,2,0,1,0.043478260869565216,24,1,,,0,7.4,1.1187009811401367
60,2,the,3,0,2,0.08695652173913043,24,1,,,0,7.73,0.45244863629341125
60,3,best,4,1,3,0.13043478260869565,24,1,3.2,3.2,1,5.84,4.900704383850098
60,4,films,5,1,4,0.17391304347826086,24,1,,,0,4.64,8.456753730773926
60,5,of,2,0,5,0.21739130434782608,24,1,,,0,7.4,1.5346801280975342
60,6,the,3,0,6,0.2608695652173913,24,1,,,0,7.73,1.6424263715744019
60,7,year,4,1,7,0.30434782608695654,24,1,,,0,5.96,1.3335580825805664
60,8,with,4,0,8,0.34782608695652173,24,1,,,0,6.85,7.882107734680176
60,9,its,3,0,9,0.391304347826087,24,1,,,0,6.14,4.849987030029297
60,10,exploration,11,1,10,0.43478260869565216,24,1,0.9,0.9,1,4.19,11.133870124816895
60,11,of,2,0,11,0.4782608695652174,24,1,,,0,7.4,0.12811440229415894
60,12,the,3,0,12,0.5217391304347826,24,1,,,0,7.73,2.077371597290039
60,13,obstacles,9,1,13,0.5652173913043478,24,1,-1.6,1.6,1,3.88,13.64550495147705
60,14,to,2,0,14,0.6086956521739131,24,1,,,0,7.43,4.5952863693237305
60,15,happiness,9,1,15,0.6521739130434783,24,1,2.6,2.6,1,4.44,5.03396463394165
60,16,faced,5,1,16,0.6956521739130435,24,1,,,0,4.49,9.231383323669434
60,17,by,2,0,17,0.7391304347826086,24,1,,,0,6.66,0.059128887951374054
60,18,five,4,1,18,0.782608695652174,24,1,,,0,5.45,14.161993980407715
60,19,contemporary,12,1,19,0.8260869565217391,24,1,,,0,4.49,11.771120071411133
60,20,individuals...,11,1,20,0.8695652173913043,24,1,,,0,4.81,18.299781799316406
60,21,a,1,0,21,0.9130434782608695,24,1,,,0,7.36,8.64139175415039
60,22,psychological,13,1,22,0.9565217391304348,24,1,,,0,4.27,10.59792423248291
60,23,masterpiece.,11,1,23,1.0,24,1,3.1,3.1,1,3.81,9.786084175109863
61,0,A,1,0,0,0.0,31,1,,,0,7.36,5.687600612640381
61,1,strong,6,1,1,0.03333333333333333,31,1,2.3,2.3,1,5.22,10.72850513458252
61,2,"script,",6,1,2,0.06666666666666667,31,1,,,0,4.36,17.981581687927246
61,3,powerful,8,1,3,0.1,31,1,1.8,1.8,1,4.85,8.701851844787598
61,4,direction,9,1,4,0.13333333333333333,31,1,,,0,4.93,11.340328216552734
61,5,and,3,0,5,0.16666666666666666,31,1,,,0,7.41,1.6355438232421875
61,6,splendid,8,1,6,0.2,31,1,2.8,2.8,1,3.75,12.67758560180664
61,7,production,10,1,7,0.23333333333333334,31,1,,,0,5.14,6.333603858947754
61,8,design,6,1,8,0.26666666666666666,31,1,,,0,5.17,5.701890468597412
61,9,allows,6,1,9,0.3,31,1,,,0,4.67,8.361051559448242
61,10,us,2,1,10,0.3333333333333333,31,1,,,0,6.04,3.5119237899780273
61,11,to,2,0,11,0.36666666666666664,31,1,,,0,7.43,0.033435266464948654
61,12,be,2,0,12,0.4,31,1,,,0,6.79,7.74957275390625
61,13,transported,11,1,13,0.43333333333333335,31,1,,,0,3.88,11.690299034118652
61,14,into,4,0,14,0.4666666666666667,31,1,,,0,6.11,4.021131992340088
61,15,the,3,0,15,0.5,31,1,,,0,7.73,1.7575441598892212
61,16,life,4,1,16,0.5333333333333333,31,1,,,0,5.89,6.366262912750244
61,17,of,2,0,17,0.5666666666666667,31,1,,,0,7.4,0.2089841514825821
61,18,Wladyslaw,9,1,18,0.6,31,1,,,0,1.81,24.35500717163086
61,19,"Szpilman,",8,1,19,0.6333333333333333,31,1,,,0,1.6,31.306806325912476
61,20,who,3,0,20,0.6666666666666666,31,1,,,0,6.34,3.719911813735962
61,21,is,2,0,21,0.7,31,1,,,0,7.07,3.029265880584717
61,22,not,3,0,22,0.7333333333333333,31,1,,,0,6.69,6.579681396484375
61,23,only,4,0,23,0.7666666666666667,31,1,,,0,6.12,1.3289159536361694
61,24,a,1,0,24,0.8,31,1,,,0,7.36,1.8014792203903198
61,25,"pianist,",7,1,25,0.8333333333333334,31,1,,,0,3.48,12.734113219194114
61,26,but,3,0,26,0.8666666666666667,31,1,,,0,6.63,0.41927188634872437
61,27,a,1,0,27,0.9,31,1,,,0,7.36,1.9060142040252686
61,28,good,4,1,28,0.9333333333333333,31,1,1.9,1.9,1,6.12,9.552624702453613
61,29,human,5,1,29,0.9666666666666667,31,1,,,0,5.35,8.154813766479492
61,30,being.,5,0,30,1.0,31,1,,,0,5.95,0.9908137619495392
62,0,But,3,0,0,0.0,9,-1,,,0,6.63,8.713140487670898
62,1,here's,5,1,1,0.125,9,-1,,,0,4.91,8.090284645557404
62,2,the,3,0,2,0.25,9,-1,,,0,7.73,0.7918899655342102
62,3,real,4,1,3,0.375,9,-1,,,0,5.6,4.897730350494385
62,4,damn:,4,1,4,0.5,9,-1,-1.7,1.7,1,5.09,26.763434410095215
62,5,It,2,0,5,0.625,9,-1,,,0,6.95,5.043059349060059
62,6,isn't,4,1,6,0.75,9,-1,,,0,5.41,7.020075061474927
62,7,"funny,",5,1,7,0.875,9,-1,1.9,1.9,1,5.02,12.604373931884766
62,8,either.,6,1,8,1.0,9,-1,,,0,5.33,5.826626032590866
63,0,Qutting,7,1,0,0.0,13,0,,,0,0.0,32.715152740478516
63,1,may,3,1,1,0.08333333333333333,13,0,,,0,5.98,10.95154094696045
63,2,be,2,0,2,0.16666666666666666,13,0,,,0,6.79,1.5279327630996704
63,3,a,1,0,3,0.25,13,0,,,0,7.36,2.6410117149353027
63,4,flawed,6,1,4,0.3333333333333333,13,0,-2.1,2.1,1,3.72,12.350726127624512
63,5,"film,",4,1,5,0.4166666666666667,13,0,,,0,5.2,13.520767092704773
63,6,but,3,0,6,0.5,13,0,,,0,6.63,0.4420240521430969
63,7,it,2,0,7,0.5833333333333334,13,0,,,0,6.95,1.065276861190796
63,8,is,2,0,8,0.6666666666666666,13,0,,,0,7.07,2.8015756607055664
63,9,nothing,7,1,9,0.75,13,0,,,0,5.55,8.38960075378418
63,10,if,2,0,10,0.8333333333333334,13,0,,,0,6.47,4.416354179382324
63,11,not,3,0,11,0.9166666666666666,13,0,,,0,6.69,0.0182256530970335
63,12,sincere.,7,1,12,1.0,13,0,1.7,1.7,1,3.84,10.382158815860748
64,0,It's,3,1,0,0.0,5,0,,,0,6.33,8.079898238182068
64,1,a,1,0,1,0.25,5,0,,,0,7.36,3.4850151538848877
64,2,fanboy,6,1,2,0.5,5,0,,,0,2.93,17.944664001464844
64,3,`what,4,0,3,0.75,5,0,,,0,6.38,29.309642791748047
64,4,if?',2,1,4,1.0,5,0,,,0,6.47,7.096520662307739
65,0,...,0,0,0,0.0,12,-1,,,0,,9.63615608215332
65,1,something,9,1,1,0.09090909090909091,12,-1,,,0,5.81,12.170548439025879
65,2,appears,7,1,2,0.18181818181818182,12,-1,,,0,4.84,11.981328964233398
65,3,to,2,0,3,0.2727272727272727,12,-1,,,0,7.43,0.45289307832717896
65,4,have,4,0,4,0.36363636363636365,12,-1,,,0,6.71,2.408660411834717
65,5,been,4,0,5,0.45454545454545453,12,-1,,,0,6.27,2.75136661529541
65,6,lost,4,1,6,0.5454545454545454,12,-1,-1.3,1.3,1,5.39,4.4139933586120605
65,7,in,2,0,7,0.6363636363636364,12,-1,,,0,7.27,1.6979296207427979
65,8,the,3,0,8,0.7272727272727273,12,-1,,,0,7.73,1.5457020998001099
65,9,translation,11,1,9,0.8181818181818182,12,-1,,,0,4.39,6.2447190284729
65,10,this,4,0,10,0.9090909090909091,12,-1,,,0,6.82,11.273602485656738
65,11,time.,4,1,11,1.0,12,-1,,,0,6.29,3.6790146827697754
66,0,Like,4,1,0,0.0,16,0,1.5,1.5,1,6.41,10.634693145751953
66,1,a,1,0,1,0.06666666666666667,16,0,,,0,7.36,4.651957035064697
66,2,documentary,11,1,2,0.13333333333333333,16,0,,,0,4.31,13.732181549072266
66,3,version,7,1,3,0.2,16,0,,,0,5.07,10.287707328796387
66,4,of,2,0,4,0.26666666666666666,16,0,,,0,7.4,0.04997049272060394
66,5,Fight,5,1,5,0.3333333333333333,16,0,-1.6,1.6,1,5.23,11.764437675476074
66,6,"Club,",4,1,6,0.4,16,0,,,0,5.2,0.7860276848077774
66,7,shorn,5,1,7,0.4666666666666667,16,0,,,0,2.53,23.831340789794922
66,8,of,2,0,8,0.5333333333333333,16,0,,,0,7.4,0.3329278826713562
66,9,social,6,1,9,0.6,16,0,,,0,5.42,11.728407859802246
66,10,"insight,",7,1,10,0.6666666666666666,16,0,,,0,4.19,17.275784850120544
66,11,intellectual,12,1,11,0.7333333333333333,16,0,2.3,2.3,1,4.3,13.799715995788574
66,12,pretension,10,1,12,0.8,16,0,,,0,2.34,9.029023051261902
66,13,and,3,0,13,0.8666666666666667,16,0,,,0,7.41,1.1589077711105347
66,14,cinematic,9,1,14,0.9333333333333333,16,0,,,0,3.6,11.867131233215332
66,15,interest.,8,1,15,1.0,16,0,2.0,2.0,1,5.17,18.46023178100586
67,0,Stephen,7,1,0,0.0,33,1,,,0,4.5,13.072799682617188
67,1,"Rea,",3,1,1,0.03125,33,1,,,0,3.31,18.13893151283264
67,2,Aidan,5,1,2,0.0625,33,1,,,0,3.27,18.077584609389305
67,3,"Quinn,",5,1,3,0.09375,33,1,,,0,3.9,8.703161776065826
67,4,and,3,0,4,0.125,33,1,,,0,7.41,3.494110584259033
67,5,Alan,4,1,5,0.15625,33,1,,,0,4.45,7.9005560874938965
67,6,Bates,5,1,6,0.1875,33,1,,,0,3.64,10.703065872192383
67,7,play,4,1,7,0.21875,33,1,1.4,1.4,1,5.61,8.72212028503418
67,8,Desmond's,8,1,8,0.25,33,1,,,0,2.07,16.819966793060303
67,9,legal,5,1,9,0.28125,33,1,0.5,0.5,1,5.08,12.497868537902832
67,10,"eagles,",6,1,10,0.3125,33,1,,,0,4.22,22.94546937942505
67,11,and,3,0,11,0.34375,33,1,,,0,7.41,4.215249061584473
67,12,when,4,0,12,0.375,33,1,,,0,6.37,7.250008583068848
67,13,joined,6,1,13,0.40625,33,1,,,0,4.73,14.795793533325195
67,14,by,2,0,14,0.4375,33,1,,,0,6.66,0.5200273990631104
67,15,"Brosnan,",7,1,15,0.46875,33,1,,,0,2.51,19.057538956403732
67,16,the,3,0,16,0.5,33,1,,,0,7.73,3.4622528553009033
67,17,sight,5,1,17,0.53125,33,1,,,0,4.54,13.35048770904541
67,18,of,2,0,18,0.5625,33,1,,,0,7.4,0.31946733593940735
67,19,this,4,0,19,0.59375,33,1,,,0,6.82,7.562161445617676
67,20,grandiloquent,13,1,20,0.625,33,1,,,0,1.67,21.71387013560161
67,21,quartet,7,1,21,0.65625,33,1,,,0,3.54,10.077537324279547
67,22,lolling,7,1,22,0.6875,33,1,,,0,2.13,15.231848135590553
67,23,in,2,0,23,0.71875,33,1,,,0,7.27,5.187943458557129
67,24,pretty,6,1,24,0.75,33,1,2.2,2.2,1,5.38,14.924553871154785
67,25,Irish,5,1,25,0.78125,33,1,,,0,4.54,12.780769348144531
67,26,settings,8,1,26,0.8125,33,1,,,0,4.23,10.093720436096191
67,27,is,2,0,27,0.84375,33,1,,,0,7.07,1.855502963066101
67,28,a,1,0,28,0.875,33,1,,,0,7.36,3.322484016418457
67,29,pleasant,8,1,29,0.90625,33,1,2.3,2.3,1,4.22,7.271064758300781
67,30,enough,6,1,30,0.9375,33,1,,,0,5.54,8.512443542480469
67,31,"thing,",5,1,31,0.96875,33,1,,,0,5.72,8.84031343460083
67,32,`tis.,3,1,32,1.0,33,1,,,0,3.6,36.58686923980713
68,0,It's,3,1,0,0.0,26,1,,,0,6.33,8.079905390739441
68,1,a,1,0,1,0.04,26,1,,,0,7.36,3.4850261211395264
68,2,powerful,8,1,2,0.08,26,1,1.8,1.8,1,4.85,9.914175033569336
68,3,though,6,1,3,0.12,26,1,,,0,5.5,15.320371627807617
68,4,flawed,6,1,4,0.16,26,1,-2.1,2.1,1,3.72,9.012608528137207
68,5,"movie,",5,1,5,0.2,26,1,,,0,5.16,11.908759713172913
68,6,guaranteed,10,1,6,0.24,26,1,,,0,4.29,14.705850601196289
68,7,to,2,0,7,0.28,26,1,,,0,7.43,0.17737634479999542
68,8,put,3,1,8,0.32,26,1,,,0,5.66,7.387416362762451
68,9,a,1,0,9,0.36,26,1,,,0,7.36,3.249913454055786
68,10,lump,4,1,10,0.4,26,1,,,0,3.71,13.42237663269043
68,11,in,2,0,11,0.44,26,1,,,0,7.27,1.119415044784546
68,12,your,4,0,12,0.48,26,1,,,0,6.53,0.7889649868011475
68,13,throat,6,1,13,0.52,26,1,,,0,4.3,0.7480766177177429
68,14,while,5,0,14,0.56,26,1,,,0,5.86,7.96298360824585
68,15,reaffirming,11,1,15,0.6,26,1,,,0,2.65,15.979958236217499
68,16,Washington,10,1,16,0.64,26,1,,,0,5.08,13.676130294799805
68,17,as,2,0,17,0.68,26,1,,,0,6.77,7.223560333251953
68,18,possibly,8,1,18,0.72,26,1,,,0,4.77,13.591954231262207
68,19,the,3,0,19,0.76,26,1,,,0,7.73,0.8413947820663452
68,20,best,4,1,20,0.8,26,1,3.2,3.2,1,5.84,5.179659366607666
68,21,actor,5,1,21,0.84,26,1,,,0,4.65,7.789776802062988
68,22,working,7,1,22,0.88,26,1,,,0,5.45,8.704090118408203
68,23,in,2,0,23,0.92,26,1,,,0,7.27,2.1996829509735107
68,24,movies,6,1,24,0.96,26,1,,,0,4.79,6.366212844848633
68,25,today.,5,1,25,1.0,26,1,,,0,5.55,2.5088999271392822
69,0,An,2,0,0,0.0,7,1,,,0,6.53,8.94056510925293
69,1,intriguing,10,1,1,0.16666666666666666,7,1,,,0,3.69,10.919988632202148
69,2,and,3,0,2,0.3333333333333333,7,1,,,0,7.41,4.5916266441345215
69,3,entertaining,12,1,3,0.5,7,1,1.9,1.9,1,4.11,6.77791166305542
69,4,introduction,12,1,4,0.6666666666666666,7,1,,,0,4.52,8.974678039550781
69,5,to,2,0,5,0.8333333333333334,7,1,,,0,7.43,0.198504239320755
69,6,Johnson.,7,1,6,1.0,7,1,,,0,4.72,20.745578289031982
70,0,Everything,10,1,0,0.0,13,-1,,,0,5.54,12.757636070251465
70,1,was,3,0,1,0.08333333333333333,13,-1,,,0,6.82,6.168923854827881
70,2,as,2,0,2,0.16666666666666666,13,-1,,,0,6.77,8.149134635925293
70,3,superficial,11,1,3,0.25,13,-1,,,0,3.56,17.742469787597656
70,4,as,2,0,4,0.3333333333333333,13,-1,,,0,6.77,0.2795332372188568
70,5,the,3,0,5,0.4166666666666667,13,-1,,,0,7.73,2.246286153793335
70,6,forced,6,1,6,0.5,13,-1,-2.0,2.0,1,4.83,15.38896656036377
70,7,New,3,1,7,0.5833333333333334,13,-1,,,0,6.25,13.605247497558594
70,8,Jersey,6,1,8,0.6666666666666666,13,-1,,,0,4.66,4.711947917938232
70,9,lowbrow,7,1,9,0.75,13,-1,-1.9,1.9,1,2.19,23.79436683654785
70,10,accent,6,1,10,0.8333333333333334,13,-1,,,0,4.14,10.363668441772461
70,11,Uma,3,1,11,0.9166666666666666,13,-1,,,0,2.9,21.15364980697632
70,12,had.,3,0,12,1.0,13,-1,,,0,6.33,18.799790382385254
71,0,Despite,7,1,0,0.0,22,0,,,0,5.0,11.304692268371582
71,1,the,3,0,1,0.047619047619047616,22,0,,,0,7.73,2.1866519451141357
71,2,holes,5,1,2,0.09523809523809523,22,0,,,0,4.35,15.195971488952637
71,3,in,2,0,3,0.14285714285714285,22,0,,,0,7.27,0.6287556886672974
71,4,the,3,0,4,0.19047619047619047,22,0,,,0,7.73,1.5412092208862305
71,5,story,5,1,5,0.23809523809523808,22,0,,,0,5.45,7.135307788848877
71,6,and,3,0,6,0.2857142857142857,22,0,,,0,7.41,4.245331764221191
71,7,the,3,0,7,0.3333333333333333,22,0,,,0,7.73,1.4058181047439575
71,8,somewhat,8,1,8,0.38095238095238093,22,0,,,0,4.55,11.312894821166992
71,9,predictable,11,1,9,0.42857142857142855,22,0,,,0,3.76,5.8130784034729
71,10,"plot,",4,1,10,0.47619047619047616,22,0,,,0,4.58,8.548084497451782
71,11,moments,7,1,11,0.5238095238095238,22,0,,,0,4.62,15.094494819641113
71,12,of,2,0,12,0.5714285714285714,22,0,,,0,7.4,1.4347895383834839
71,13,the,3,0,13,0.6190476190476191,22,0,,,0,7.73,6.951396942138672
71,14,movie,5,1,14,0.6666666666666666,22,0,,,0,5.16,3.435138702392578
71,15,caused,6,1,15,0.7142857142857143,22,0,,,0,4.88,13.344898223876953
71,16,me,2,0,16,0.7619047619047619,22,0,,,0,6.48,2.737200975418091
71,17,to,2,0,17,0.8095238095238095,22,0,,,0,7.43,0.13862928748130798
71,18,jump,4,1,18,0.8571428571428571,22,0,,,0,4.69,7.756402492523193
71,19,in,2,0,19,0.9047619047619048,22,0,,,0,7.27,3.2484381198883057
71,20,my,2,0,20,0.9523809523809523,22,0,,,0,6.57,1.9620205163955688
71,21,chair...,5,1,21,1.0,22,0,,,0,4.69,14.378958702087402
72,0,`How,3,0,0,0.0,11,0,,,0,6.24,20.902437210083008
72,1,many,4,1,1,0.1,11,0,,,0,5.91,3.8471786975860596
72,2,more,4,0,2,0.2,11,0,,,0,6.36,5.710241794586182
72,3,voyages,7,1,3,0.3,11,0,,,0,3.24,14.45379489660263
72,4,can,3,0,4,0.4,11,0,,,0,6.46,4.393505573272705
72,5,this,4,0,5,0.5,11,0,,,0,6.82,5.4269256591796875
72,6,limping,7,1,6,0.6,11,0,,,0,2.96,21.041945934295654
72,7,but,3,0,7,0.7,11,0,,,0,6.63,11.08845043182373
72,8,dearly-loved,11,1,8,0.8,11,0,,,0,0.0,23.392519695684314
72,9,franchise,9,1,9,0.9,11,0,,,0,4.29,9.51785659790039
72,10,survive?',7,1,10,1.0,11,0,,,0,4.52,10.13633918762207
73,0,If,2,0,0,0.0,14,0,,,0,6.47,7.7582292556762695
73,1,only,4,0,1,0.07692307692307693,14,0,,,0,6.12,7.768611907958984
73,2,the,3,0,2,0.15384615384615385,14,0,,,0,7.73,3.6805200576782227
73,3,story,5,1,3,0.23076923076923078,14,0,,,0,5.45,9.627995491027832
73,4,about,5,0,4,0.3076923076923077,14,0,,,0,6.4,5.870755672454834
73,5,a,1,0,5,0.38461538461538464,14,0,,,0,7.36,4.678447246551514
73,6,multi-million,12,1,6,0.46153846153846156,14,0,,,0,2.82,13.55146872997284
73,7,dollar,6,1,7,0.5384615384615384,14,0,,,0,4.59,1.7393633127212524
73,8,con,3,1,8,0.6153846153846154,14,0,,,0,4.28,11.99282455444336
73,9,bothered,8,1,9,0.6923076923076923,14,0,-1.3,1.3,1,3.96,16.57291030883789
73,10,to,2,0,10,0.7692307692307693,14,0,,,0,7.43,8.417439460754395
73,11,include,7,1,11,0.8461538461538461,14,0,,,0,5.21,8.153448104858398
73,12,the,3,0,12,0.9230769230769231,14,0,,,0,7.73,2.7256715297698975
73,13,con.,3,1,13,1.0,14,0,,,0,4.28,16.202176094055176
74,0,It,2,0,0,0.0,28,-1,,,0,6.95,6.7774481773376465
74,1,is,2,0,1,0.037037037037037035,28,-1,,,0,7.07,3.0138425827026367
74,2,supremely,9,1,2,0.07407407407407407,28,-1,2.7,2.7,1,3.04,15.101418495178223
74,3,unfunny,7,1,3,0.1111111111111111,28,-1,,,0,2.64,16.36788845062256
74,4,and,3,0,4,0.14814814814814814,28,-1,,,0,7.41,4.785289764404297
74,5,unentertaining,14,1,5,0.18518518518518517,28,-1,,,0,0.0,19.630751736462116
74,6,to,2,0,6,0.2222222222222222,28,-1,,,0,7.43,1.4791436195373535
74,7,watch,5,1,7,0.25925925925925924,28,-1,,,0,5.34,5.492398738861084
74,8,middle-age,9,1,8,0.2962962962962963,28,-1,,,0,0.0,20.69673854112625
74,9,and,3,0,9,0.3333333333333333,28,-1,,,0,7.41,6.164182662963867
74,10,older,5,1,10,0.37037037037037035,28,-1,,,0,4.92,4.279038429260254
74,11,men,3,1,11,0.4074074074074074,28,-1,,,0,5.51,1.7413798570632935
74,12,drink,5,1,12,0.4444444444444444,28,-1,,,0,4.9,10.304657936096191
74,13,to,2,0,13,0.48148148148148145,28,-1,,,0,7.43,5.439533710479736
74,14,"excess,",6,1,14,0.5185185185185185,28,-1,,,0,4.21,6.077497482299805
74,15,piss,4,1,15,0.5555555555555556,28,-1,-1.7,1.7,1,4.17,12.40035629272461
74,16,on,2,0,16,0.5925925925925926,28,-1,,,0,6.91,2.8518495559692383
74,17,"trees,",5,1,17,0.6296296296296297,28,-1,,,0,4.69,10.094996571540833
74,18,b.s.,2,1,18,0.6666666666666666,28,-1,,,0,4.02,22.372858822345734
74,19,one,3,1,19,0.7037037037037037,28,-1,,,0,6.47,10.97716236114502
74,20,another,7,1,20,0.7407407407407407,28,-1,,,0,5.74,3.4236998558044434
74,21,and,3,0,21,0.7777777777777778,28,-1,,,0,7.41,2.518115997314453
74,22,put,3,1,22,0.8148148148148148,28,-1,,,0,5.66,8.517762184143066
74,23,on,2,0,23,0.8518518518518519,28,-1,,,0,6.91,2.2376961708068848
74,24,a,1,0,24,0.8888888888888888,28,-1,,,0,7.36,3.858721971511841
74,25,show,4,1,25,0.9259259259259259,28,-1,,,0,5.68,3.356938600540161
74,26,in,2,0,26,0.9629629629629629,28,-1,,,0,7.27,5.192300796508789
74,27,drag.,4,1,27,1.0,28,-1,-0.9,0.9,1,4.29,11.713595390319824
75,0,Only,4,0,0,0.0,40,0,,,0,6.12,11.348896026611328
75,1,a,1,0,1,0.02564102564102564,40,0,,,0,7.36,3.679250717163086
75,2,few,3,0,2,0.05128205128205128,40,0,,,0,5.6,1.2941480875015259
75,3,minutes,7,1,3,0.07692307692307693,40,0,,,0,5.31,6.086905002593994
75,4,elapse,6,1,4,0.10256410256410256,40,0,,,0,2.03,14.969520926475525
75,5,before,6,0,5,0.1282051282051282,40,0,,,0,5.93,1.8284330368041992
75,6,the,3,0,6,0.15384615384615385,40,0,,,0,7.73,1.8514611721038818
75,7,daddy,5,1,7,0.1794871794871795,40,0,,,0,4.36,19.820039749145508
75,8,of,2,0,8,0.20512820512820512,40,0,,,0,7.4,4.54660177230835
75,9,all,3,0,9,0.23076923076923078,40,0,,,0,6.52,4.268444061279297
75,10,slashers,8,1,10,0.2564102564102564,40,0,,,0,1.93,15.993800958618522
75,11,"arrives,",7,1,11,0.28205128205128205,40,0,,,0,4.11,10.905891180038452
75,12,still,5,1,12,0.3076923076923077,40,0,,,0,5.92,9.011029243469238
75,13,with,4,0,13,0.3333333333333333,40,0,,,0,6.85,5.128790378570557
75,14,the,3,0,14,0.358974358974359,40,0,,,0,7.73,2.7647228240966797
75,15,boiler,6,1,15,0.38461538461538464,40,0,,,0,3.71,16.06390380859375
75,16,suit,4,1,16,0.41025641025641024,40,0,,,0,4.7,8.527078628540039
75,17,and,3,0,17,0.4358974358974359,40,0,,,0,7.41,2.4828872680664062
75,18,white,5,1,18,0.46153846153846156,40,0,,,0,5.51,7.2203145027160645
75,19,"mask,",4,1,19,0.48717948717948717,40,0,,,0,4.31,10.64511227607727
75,20,which,5,0,20,0.5128205128205128,40,0,,,0,6.3,8.376667022705078
75,21,look,4,1,21,0.5384615384615384,40,0,,,0,5.81,10.738680839538574
75,22,remarkably,10,1,22,0.5641025641025641,40,0,,,0,3.77,7.040743827819824
75,23,clean,5,1,23,0.5897435897435898,40,0,1.7,1.7,1,4.97,7.143797397613525
75,24,for,3,0,24,0.6153846153846154,40,0,,,0,7.01,7.242445468902588
75,25,a,1,0,25,0.6410256410256411,40,0,,,0,7.36,2.012620210647583
75,26,guy,3,1,26,0.6666666666666666,40,0,,,0,5.4,6.335729122161865
75,27,who,3,0,27,0.6923076923076923,40,0,,,0,6.34,2.1165170669555664
75,28,has,3,0,28,0.717948717948718,40,0,,,0,6.37,3.3589236736297607
75,29,been,4,0,29,0.7435897435897436,40,0,,,0,6.27,3.0022144317626953
75,30,mass-murdering,13,1,30,0.7692307692307693,40,0,,,0,0.0,22.56380105856806
75,31,since,5,1,31,0.7948717948717948,40,0,,,0,5.75,9.760457038879395
75,32,1978,0,0,32,0.8205128205128205,40,0,,,0,4.37,8.8413667678833
75,33,but,3,0,33,0.8461538461538461,40,0,,,0,6.63,8.95986557006836
75,34,has,3,0,34,0.8717948717948718,40,0,,,0,6.37,2.7615342140197754
75,35,never,5,1,35,0.8974358974358975,40,0,,,0,5.91,2.736900568008423
75,36,been,4,0,36,0.9230769230769231,40,0,,,0,6.27,1.832866907119751
75,37,seen,4,1,37,0.9487179487179487,40,0,,,0,5.52,2.82850980758667
75,38,doing,5,0,38,0.9743589743589743,40,0,,,0,5.6,9.505365371704102
75,39,laundry.,7,1,39,1.0,40,0,,,0,4.06,11.859334647655487
76,0,Showtime,8,1,0,0.0,33,-1,,,0,3.39,18.901169776916504
76,1,is,2,0,1,0.03125,33,-1,,,0,7.07,4.322558879852295
76,2,one,3,1,2,0.0625,33,-1,,,0,6.47,5.606715679168701
76,3,of,2,0,3,0.09375,33,-1,,,0,7.4,0.08010672777891159
76,4,the,3,0,4,0.125,33,-1,,,0,7.73,0.6172441244125366
76,5,hapless,7,1,5,0.15625,33,-1,-1.4,1.4,1,2.88,19.959293127059937
76,6,victims,7,1,6,0.1875,33,-1,-1.3,1.3,1,4.56,8.42203140258789
76,7,of,2,0,7,0.21875,33,-1,,,0,7.4,0.1209968626499176
76,8,the,3,0,8,0.25,33,-1,,,0,7.73,1.728890299797058
76,9,arrogant,8,1,9,0.28125,33,-1,-2.2,2.2,1,3.74,17.358983993530273
76,10,``if,2,0,10,0.3125,33,-1,,,0,6.47,29.462669372558594
76,11,we,2,0,11,0.34375,33,-1,,,0,6.54,5.318803787231445
76,12,put,3,1,12,0.375,33,-1,,,0,5.66,8.119999885559082
76,13,together,8,1,13,0.40625,33,-1,,,0,5.46,6.101739406585693
76,14,a,1,0,14,0.4375,33,-1,,,0,7.36,0.7678484320640564
76,15,wry,3,1,15,0.46875,33,-1,,,0,2.86,20.232203483581543
76,16,white,5,1,16,0.5,33,-1,,,0,5.51,11.382438659667969
76,17,man,3,1,17,0.53125,33,-1,,,0,5.82,4.612939357757568
76,18,and,3,0,18,0.5625,33,-1,,,0,7.41,3.6249382495880127
76,19,a,1,0,19,0.59375,33,-1,,,0,7.36,1.1283786296844482
76,20,chatty,6,1,20,0.625,33,-1,,,0,2.92,14.198930561542511
76,21,black,5,1,21,0.65625,33,-1,,,0,5.46,2.5202102661132812
76,22,man,3,1,22,0.6875,33,-1,,,0,5.82,0.8624292612075806
76,23,and,3,0,23,0.71875,33,-1,,,0,7.41,3.246049642562866
76,24,give,4,1,24,0.75,33,-1,,,0,5.71,9.410133361816406
76,25,them,4,0,25,0.78125,33,-1,,,0,6.19,1.0957403182983398
76,26,"guns,",4,1,26,0.8125,33,-1,,,0,4.66,9.349538564682007
76,27,the,3,0,27,0.84375,33,-1,,,0,7.73,5.5075764656066895
76,28,movie,5,1,28,0.875,33,-1,,,0,5.16,8.956238746643066
76,29,will,4,0,29,0.90625,33,-1,,,0,6.45,1.4091300964355469
76,30,be,2,0,30,0.9375,33,-1,,,0,6.79,2.2017898559570312
76,31,funny'',5,1,31,0.96875,33,-1,,,0,5.02,10.506437540054321
76,32,syndrome.,8,1,32,1.0,33,-1,,,0,4.23,7.25384920835495
77,0,Whatever,8,1,0,0.0,29,1,,,0,5.14,13.681904792785645
77,1,heartwarming,12,1,1,0.03571428571428571,29,1,2.1,2.1,1,3.05,22.85228681564331
77,2,scene,5,1,2,0.07142857142857142,29,1,,,0,4.97,8.059006690979004
77,3,the,3,0,3,0.10714285714285714,29,1,,,0,7.73,5.36967658996582
77,4,impressively,12,1,4,0.14285714285714285,29,1,2.0,2.0,1,2.97,18.88839840888977
77,5,discreet,8,1,5,0.17857142857142858,29,1,,,0,3.43,14.477010726928711
77,6,filmmakers,10,1,6,0.21428571428571427,29,1,,,0,3.51,12.161885261535645
77,7,may,3,1,7,0.25,29,1,,,0,5.98,6.650221824645996
77,8,have,4,0,8,0.2857142857142857,29,1,,,0,6.71,0.5375356674194336
77,9,expected,8,1,9,0.32142857142857145,29,1,,,0,4.96,10.671354293823242
77,10,to,2,0,10,0.35714285714285715,29,1,,,0,7.43,2.196248769760132
77,11,record,6,1,11,0.39285714285714285,29,1,,,0,5.21,12.054378509521484
77,12,with,4,0,12,0.42857142857142855,29,1,,,0,6.85,6.150394439697266
77,13,their,5,0,13,0.4642857142857143,29,1,,,0,6.33,2.0510191917419434
77,14,mini,4,1,14,0.5,29,1,,,0,4.44,12.926241874694824
77,15,"DV,",2,1,15,0.5357142857142857,29,1,,,0,3.11,24.530453205108643
77,16,they,4,0,16,0.5714285714285714,29,1,,,0,6.5,3.4772789478302
77,17,show,4,1,17,0.6071428571428571,29,1,,,0,5.68,11.304981231689453
77,18,a,1,0,18,0.6428571428571429,29,1,,,0,7.36,4.106923580169678
77,19,remarkable,10,1,19,0.6785714285714286,29,1,2.6,2.6,1,4.29,7.866340637207031
77,20,ability,7,1,20,0.7142857142857143,29,1,1.3,1.3,1,4.96,5.582765102386475
77,21,to,2,0,21,0.75,29,1,,,0,7.43,0.0913490280508995
77,22,document,8,1,22,0.7857142857142857,29,1,,,0,4.5,8.524662971496582
77,23,both,4,0,23,0.8214285714285714,29,1,,,0,5.79,7.390811920166016
77,24,sides,5,1,24,0.8571428571428571,29,1,,,0,4.73,5.063791275024414
77,25,of,2,0,25,0.8928571428571429,29,1,,,0,7.4,0.07073073089122772
77,26,this,4,0,26,0.9285714285714286,29,1,,,0,6.82,6.511713027954102
77,27,emotional,9,1,27,0.9642857142857143,29,1,0.6,0.6,1,4.66,7.954865455627441
77,28,car-wreck.,8,1,28,1.0,29,1,,,0,0.0,23.405921936035156
78,0,A,1,0,0,0.0,16,-1,,,0,7.36,5.6875901222229
78,1,zombie,6,1,1,0.06666666666666667,16,-1,,,0,3.94,13.700616836547852
78,2,movie,5,1,2,0.13333333333333333,16,-1,,,0,5.16,7.132763862609863
78,3,in,2,0,3,0.2,16,-1,,,0,7.27,5.951205253601074
78,4,every,5,1,4,0.26666666666666666,16,-1,,,0,5.79,10.134004592895508
78,5,sense,5,1,5,0.3333333333333333,16,-1,,,0,5.19,1.2338801622390747
78,6,of,2,0,6,0.4,16,-1,,,0,7.4,0.16338126361370087
78,7,the,3,0,7,0.4666666666666667,16,-1,,,0,7.73,0.017342299222946167
78,8,word,4,1,8,0.5333333333333333,16,-1,,,0,5.26,0.13696624338626862
78,9,--,0,0,9,0.6,16,-1,,,0,,7.436776638031006
78,10,"mindless,",8,1,10,0.6666666666666666,16,-1,-1.9,1.9,1,3.22,16.22213077545166
78,11,"lifeless,",8,1,11,0.7333333333333333,16,-1,,,0,3.23,9.1987863779068
78,12,"meandering,",10,1,12,0.8,16,-1,,,0,2.9,13.285995900630951
78,13,"loud,",4,1,13,0.8666666666666667,16,-1,,,0,4.53,12.88735181093216
78,14,"painful,",7,1,14,0.9333333333333333,16,-1,-1.9,1.9,1,4.32,10.112151324748993
78,15,obnoxious.,9,1,15,1.0,16,-1,-2.0,2.0,1,3.38,13.215839624404907
79,0,It,2,0,0,0.0,19,1,,,0,6.95,6.777443885803223
79,1,has,3,0,1,0.05555555555555555,19,1,,,0,6.37,4.778707981109619
79,2,fun,3,1,2,0.1111111111111111,19,1,2.3,2.3,1,5.3,16.556028366088867
79,3,with,4,0,3,0.16666666666666666,19,1,,,0,6.85,4.253871440887451
79,4,the,3,0,4,0.2222222222222222,19,1,,,0,7.73,2.6236555576324463
79,5,quirks,6,1,5,0.2777777777777778,19,1,,,0,2.96,13.233657836914062
79,6,of,2,0,6,0.3333333333333333,19,1,,,0,7.4,0.9627836346626282
79,7,family,6,1,7,0.3888888888888889,19,1,,,0,5.66,11.533324241638184
79,8,"life,",4,1,8,0.4444444444444444,19,1,,,0,5.89,4.538838624954224
79,9,but,3,0,9,0.5,19,1,,,0,6.63,1.6129640340805054
79,10,it,2,0,10,0.5555555555555556,19,1,,,0,6.95,2.534013509750366
79,11,also,4,1,11,0.6111111111111112,19,1,,,0,6.19,3.2421886920928955
79,12,treats,6,1,12,0.6666666666666666,19,1,,,0,4.06,10.185643196105957
79,13,the,3,0,13,0.7222222222222222,19,1,,,0,7.73,3.8347933292388916
79,14,subject,7,1,14,0.7777777777777778,19,1,,,0,4.96,7.295063495635986
79,15,with,4,0,15,0.8333333333333334,19,1,,,0,6.85,2.4971330165863037
79,16,fondness,8,1,16,0.8888888888888888,19,1,2.5,2.5,1,3.14,9.629856631159782
79,17,and,3,0,17,0.9444444444444444,19,1,,,0,7.41,2.855177879333496
79,18,respect.,7,1,18,1.0,19,1,2.1,2.1,1,5.03,3.4525096714496613
80,0,Novak,5,1,0,0.0,24,1,,,0,3.35,20.382432460784912
80,1,manages,7,1,1,0.043478260869565216,24,1,,,0,3.94,24.19266128540039
80,2,to,2,0,2,0.08695652173913043,24,1,,,0,7.43,0.7542899250984192
80,3,capture,7,1,3,0.13043478260869565,24,1,,,0,4.42,6.902472496032715
80,4,a,1,0,4,0.17391304347826086,24,1,,,0,7.36,3.382908582687378
80,5,cruelly,7,1,5,0.21739130434782608,24,1,-2.8,2.8,1,2.95,19.508810743689537
80,6,hilarious,9,1,6,0.2608695652173913,24,1,1.7,1.7,1,4.27,8.3892183303833
80,7,vein,4,1,7,0.30434782608695654,24,1,,,0,3.77,16.72324562072754
80,8,of,2,0,8,0.34782608695652173,24,1,,,0,7.4,0.6423407196998596
80,9,black,5,1,9,0.391304347826087,24,1,,,0,5.46,9.900548934936523
80,10,comedy,6,1,10,0.43478260869565216,24,1,1.5,1.5,1,4.51,1.6369023323059082
80,11,in,2,0,11,0.4782608695652174,24,1,,,0,7.27,2.993332624435425
80,12,the,3,0,12,0.5217391304347826,24,1,,,0,7.73,3.0979502201080322
80,13,situation,9,1,13,0.5652173913043478,24,1,,,0,5.09,14.099810600280762
80,14,with,4,0,14,0.6086956521739131,24,1,,,0,6.85,6.831637859344482
80,15,his,3,0,15,0.6521739130434783,24,1,,,0,6.51,2.7019906044006348
80,16,cast,4,1,16,0.6956521739130435,24,1,,,0,4.79,9.791396141052246
80,17,of,2,0,17,0.7391304347826086,24,1,,,0,7.4,2.436600685119629
80,18,non-actors,9,1,18,0.782608695652174,24,1,,,0,0.0,20.058605432510376
80,19,and,3,0,19,0.8260869565217391,24,1,,,0,7.41,4.918971538543701
80,20,a,1,0,20,0.8695652173913043,24,1,,,0,7.36,4.457129001617432
80,21,"gritty,",6,1,21,0.9130434782608695,24,1,,,0,3.39,14.396547317504883
80,22,no-budget,8,1,22,0.9565217391304348,24,1,,,0,0.0,15.34895920753479
80,23,approach.,8,1,23,1.0,24,1,,,0,4.93,9.66867208480835
81,0,Since,5,1,0,0.0,14,0,,,0,5.75,10.744860649108887
81,1,Lee,3,1,1,0.07692307692307693,14,0,,,0,4.73,13.479963302612305
81,2,is,2,0,2,0.15384615384615385,14,0,,,0,7.07,6.129227638244629
81,3,a,1,0,3,0.23076923076923078,14,0,,,0,7.36,3.288350820541382
81,4,"sentimentalist,",14,1,4,0.3076923076923077,14,0,0.8,0.8,1,1.81,21.134801745414734
81,5,the,3,0,5,0.38461538461538464,14,0,,,0,7.73,4.909561634063721
81,6,film,4,1,6,0.46153846153846156,14,0,,,0,5.2,7.800754070281982
81,7,is,2,0,7,0.5384615384615384,14,0,,,0,7.07,3.2036287784576416
81,8,more,4,0,8,0.6153846153846154,14,0,,,0,6.36,6.0214524269104
81,9,worshipful,10,1,9,0.6923076923076923,14,0,0.7,0.7,1,2.5,18.25625741481781
81,10,than,4,0,10,0.7692307692307693,14,0,,,0,6.13,1.5793434381484985
81,11,your,4,0,11,0.8461538461538461,14,0,,,0,6.53,10.262579917907715
81,12,random,6,1,12,0.9230769230769231,14,0,,,0,4.58,15.973246574401855
81,13,E!,1,1,13,1.0,14,0,,,0,5.28,19.653038501739502
82,0,The,3,0,0,0.0,13,-1,,,0,7.73,4.729318141937256
82,1,movie,5,1,1,0.08333333333333333,13,-1,,,0,5.16,11.230162620544434
82,2,is,2,0,2,0.16666666666666666,13,-1,,,0,7.07,3.1372647285461426
82,3,almost,6,1,3,0.25,13,-1,,,0,5.39,8.959676742553711
82,4,completely,10,1,4,0.3333333333333333,13,-1,,,0,5.0,5.8488287925720215
82,5,lacking,7,1,5,0.4166666666666667,13,-1,,,0,4.08,9.764481544494629
82,6,in,2,0,6,0.5,13,-1,,,0,7.27,0.42415857315063477
82,7,"suspense,",8,1,7,0.5833333333333334,13,-1,,,0,3.53,8.802173972129822
82,8,surprise,8,1,8,0.6666666666666666,13,-1,1.1,1.1,1,4.75,12.268922805786133
82,9,and,3,0,9,0.75,13,-1,,,0,7.41,1.9118024110794067
82,10,consistent,10,1,10,0.8333333333333334,13,-1,,,0,4.48,14.992907524108887
82,11,emotional,9,1,11,0.9166666666666666,13,-1,0.6,0.6,1,4.66,7.203228950500488
82,12,conviction.,10,1,12,1.0,13,-1,,,0,4.14,12.420227825641632
83,0,High,4,1,0,0.0,24,0,,,0,5.75,12.07673168182373
83,1,Crimes,6,1,1,0.043478260869565216,24,0,,,0,4.43,11.562992095947266
83,2,knows,5,1,2,0.08695652173913043,24,0,,,0,5.07,21.55587387084961
83,3,the,3,0,3,0.13043478260869565,24,0,,,0,7.73,3.4270899295806885
83,4,mistakes,8,1,4,0.17391304347826086,24,0,-1.5,1.5,1,4.45,12.674556732177734
83,5,that,4,0,5,0.21739130434782608,24,0,,,0,7.01,2.4402809143066406
83,6,bad,3,1,6,0.2608695652173913,24,0,-2.5,2.5,1,5.53,10.747758865356445
83,7,movies,6,1,7,0.30434782608695654,24,0,,,0,4.79,9.560816764831543
83,8,make,4,1,8,0.34782608695652173,24,0,,,0,6.08,0.6553804874420166
83,9,and,3,0,9,0.391304347826087,24,0,,,0,7.41,3.0921895503997803
83,10,is,2,0,10,0.43478260869565216,24,0,,,0,7.07,5.891239643096924
83,11,determined,10,1,11,0.4782608695652174,24,0,1.4,1.4,1,4.64,7.1054158210754395
83,12,not,3,0,12,0.5217391304347826,24,0,,,0,6.69,6.176199436187744
83,13,to,2,0,13,0.5652173913043478,24,0,,,0,7.43,0.07927235960960388
83,14,make,4,1,14,0.6086956521739131,24,0,,,0,6.08,4.246431350708008
83,15,"them,",4,0,15,0.6521739130434783,24,0,,,0,6.19,6.990759789943695
83,16,and,3,0,16,0.6956521739130435,24,0,,,0,7.41,3.1346046924591064
83,17,maybe,5,1,17,0.7391304347826086,24,0,,,0,5.45,11.576558113098145
83,18,that,4,0,18,0.782608695652174,24,0,,,0,7.01,4.032382965087891
83,19,is,2,0,19,0.8260869565217391,24,0,,,0,7.07,3.4456827640533447
83,20,nobility,8,1,20,0.8695652173913043,24,0,,,0,3.47,24.554380416870117
83,21,of,2,0,21,0.9130434782608695,24,0,,,0,7.4,5.498219013214111
83,22,a,1,0,22,0.9565217391304348,24,0,,,0,7.36,5.426609992980957
83,23,sort.,4,1,23,1.0,24,0,,,0,5.0,9.618523359298706
84,0,But,3,0,0,0.0,13,-1,,,0,6.63,8.71313190460205
84,1,it's,3,1,1,0.08333333333333333,13,-1,,,0,6.33,5.881267309188843
84,2,too,3,0,2,0.16666666666666666,13,-1,,,0,5.95,7.105154037475586
84,3,long,4,1,3,0.25,13,-1,,,0,5.81,10.514449119567871
84,4,and,3,0,4,0.3333333333333333,13,-1,,,0,7.41,3.919184684753418
84,5,too,3,0,5,0.4166666666666667,13,-1,,,0,5.95,1.1881753206253052
84,6,convoluted,10,1,6,0.5,13,-1,,,0,3.05,10.566278457641602
84,7,and,3,0,7,0.5833333333333334,13,-1,,,0,7.41,4.68100118637085
84,8,it,2,0,8,0.6666666666666666,13,-1,,,0,6.95,4.13553524017334
84,9,ends,4,1,9,0.75,13,-1,,,0,4.75,7.90112829208374
84,10,in,2,0,10,0.8333333333333334,13,-1,,,0,7.27,2.5024166107177734
84,11,a,1,0,11,0.9166666666666666,13,-1,,,0,7.36,1.61421799659729
84,12,muddle.,6,1,12,1.0,13,-1,,,0,2.79,14.010452151298523
85,0,This,4,0,0,0.0,9,-1,,,0,6.82,7.008677959442139
85,1,thing,5,1,1,0.125,9,-1,,,0,5.72,11.51040267944336
85,2,works,5,1,2,0.25,9,-1,,,0,5.29,6.527154445648193
85,3,on,2,0,3,0.375,9,-1,,,0,6.91,4.504741668701172
85,4,no,2,0,4,0.5,9,-1,-1.2,1.2,1,6.35,11.982812881469727
85,5,level,5,1,5,0.625,9,-1,,,0,5.41,10.666960716247559
85,6,whatsoever,10,1,6,0.75,9,-1,,,0,3.99,7.871585369110107
85,7,for,3,0,7,0.875,9,-1,,,0,7.01,7.925849914550781
85,8,me.,2,0,8,1.0,9,-1,,,0,6.48,2.7598873376846313
86,0,...,0,0,0,0.0,5,-1,,,0,,9.63615608215332
86,1,a,1,0,1,0.25,5,-1,,,0,7.36,8.276840209960938
86,2,bland,5,1,2,0.5,5,-1,,,0,3.5,14.165250778198242
86,3,murder-on-campus,14,1,3,0.75,5,-1,,,0,0.0,34.54310801648535
86,4,yawner.,6,1,4,1.0,5,-1,,,0,1.07,26.047508478164673
87,0,In,2,0,0,0.0,23,-1,,,0,7.27,6.432448387145996
87,1,comparison,10,1,1,0.045454545454545456,23,-1,,,0,4.51,11.669913291931152
87,2,to,2,0,2,0.09090909090909091,23,-1,,,0,7.43,1.4064161777496338
87,3,his,3,0,3,0.13636363636363635,23,-1,,,0,6.51,6.012265682220459
87,4,earlier,7,1,4,0.18181818181818182,23,-1,,,0,4.98,7.157139301300049
87,5,films,5,1,5,0.22727272727272727,23,-1,,,0,4.64,5.802581787109375
87,6,it,2,0,6,0.2727272727272727,23,-1,,,0,6.95,8.689371109008789
87,7,seems,5,1,7,0.3181818181818182,23,-1,,,0,5.24,3.820589065551758
87,8,a,1,0,8,0.36363636363636365,23,-1,,,0,7.36,5.667280673980713
87,9,disappointingly,15,1,9,0.4090909090909091,23,-1,-1.9,1.9,1,2.48,15.265118151903152
87,10,thin,4,1,10,0.45454545454545453,23,-1,,,0,4.47,7.744429588317871
87,11,slice,5,1,11,0.5,23,-1,,,0,4.0,6.2369384765625
87,12,of,2,0,12,0.5454545454545454,23,-1,,,0,7.4,0.283214271068573
87,13,lower-class,10,1,13,0.5909090909090909,23,-1,,,0,0.0,25.562901377677917
87,14,London,6,1,14,0.6363636363636364,23,-1,,,0,5.27,8.274672508239746
87,15,life;,4,1,15,0.6818181818181818,23,-1,,,0,5.89,11.84612226486206
87,16,despite,7,1,16,0.7272727272727273,23,-1,,,0,5.0,8.461134910583496
87,17,the,3,0,17,0.7727272727272727,23,-1,,,0,7.73,2.7430944442749023
87,18,title...,5,1,18,0.8181818181818182,23,-1,,,0,5.1,21.43025302886963
87,19,amounts,7,1,19,0.8636363636363636,23,-1,,,0,4.41,20.745656967163086
87,20,to,2,0,20,0.9090909090909091,23,-1,,,0,7.43,0.2452426552772522
87,21,surprisingly,12,1,21,0.9545454545454546,23,-1,1.2,1.2,1,4.09,13.319502830505371
87,22,little.,6,1,22,1.0,23,-1,,,0,5.75,4.5526721477508545
88,0,One,3,1,0,0.0,12,1,,,0,6.47,8.486959457397461
88,1,of,2,0,1,0.09090909090909091,12,1,,,0,7.4,1.1187019348144531
88,2,the,3,0,2,0.18181818181818182,12,1,,,0,7.73,0.4524500072002411
88,3,"finest,",6,1,3,0.2727272727272727,12,1,,,0,4.15,16.462296962738037
88,4,most,4,0,4,0.36363636363636365,12,1,,,0,6.0,1.2058779001235962
88,5,humane,6,1,5,0.45454545454545453,12,1,,,0,3.62,11.222579002380371
88,6,and,3,0,6,0.5454545454545454,12,1,,,0,7.41,2.7179763317108154
88,7,important,9,1,7,0.6363636363636364,12,1,0.8,0.8,1,5.44,8.596163749694824
88,8,Holocaust,9,1,8,0.7272727272727273,12,1,,,0,3.89,12.140546798706055
88,9,movies,6,1,9,0.8181818181818182,12,1,,,0,4.79,9.98847770690918
88,10,ever,4,1,10,0.9090909090909091,12,1,,,0,5.66,1.1342182159423828
88,11,made.,4,1,11,1.0,12,1,,,0,5.92,1.3316741585731506
89,0,Suffers,7,1,0,0.0,13,-1,-2.1,2.1,1,3.83,21.701705932617188
89,1,from,4,0,1,0.08333333333333333,13,-1,,,0,6.63,1.7295701503753662
89,2,"rambling,",8,1,2,0.16666666666666666,13,-1,,,0,3.21,19.63388442993164
89,3,repetitive,10,1,3,0.25,13,-1,-1.0,1.0,1,3.56,7.429819107055664
89,4,dialogue,8,1,4,0.3333333333333333,13,-1,,,0,4.29,6.23179817199707
89,5,and,3,0,5,0.4166666666666667,13,-1,,,0,7.41,2.728677988052368
89,6,the,3,0,6,0.5,13,-1,,,0,7.73,5.684373378753662
89,7,visual,6,1,7,0.5833333333333334,13,-1,,,0,4.5,11.203633308410645
89,8,drabness,8,1,8,0.6666666666666666,13,-1,,,0,1.35,11.436885833740234
89,9,endemic,7,1,9,0.75,13,-1,,,0,3.37,17.645708084106445
89,10,to,2,0,10,0.8333333333333334,13,-1,,,0,7.43,0.1638084203004837
89,11,digital,7,1,11,0.9166666666666666,13,-1,,,0,4.83,10.098008155822754
89,12,video.,5,1,12,1.0,13,-1,,,0,5.43,6.54710054397583
90,0,The,3,0,0,0.0,36,0,,,0,7.73,4.729313373565674
90,1,twist,5,1,1,0.02857142857142857,36,0,,,0,4.22,15.919166564941406
90,2,that,4,0,2,0.05714285714285714,36,0,,,0,7.01,5.414040565490723
90,3,ends,4,1,3,0.08571428571428572,36,0,,,0,4.75,10.104293823242188
90,4,the,3,0,4,0.11428571428571428,36,0,,,0,7.73,2.196719169616699
90,5,movie,5,1,5,0.14285714285714285,36,0,,,0,5.16,7.101093292236328
90,6,is,2,0,6,0.17142857142857143,36,0,,,0,7.07,1.5355048179626465
90,7,the,3,0,7,0.2,36,0,,,0,7.73,3.062946319580078
90,8,one,3,1,8,0.22857142857142856,36,0,,,0,6.47,6.485061168670654
90,9,with,4,0,9,0.2571428571428571,36,0,,,0,6.85,4.952247619628906
90,10,the,3,0,10,0.2857142857142857,36,0,,,0,7.73,1.2701530456542969
90,11,most,4,0,11,0.3142857142857143,36,0,,,0,6.0,3.2315614223480225
90,12,emotional,9,1,12,0.34285714285714286,36,0,0.6,0.6,1,4.66,7.035639762878418
90,13,"resonance,",9,1,13,0.37142857142857144,36,0,,,0,3.65,10.804441928863525
90,14,but,3,0,14,0.4,36,0,,,0,6.63,4.971967697143555
90,15,twists,6,1,15,0.42857142857142855,36,0,,,0,3.5,15.952526092529297
90,16,are,3,0,16,0.45714285714285713,36,0,,,0,6.74,3.4865047931671143
90,17,getting,7,1,17,0.4857142857142857,36,0,,,0,5.57,10.423077583312988
90,18,"irritating,",10,1,18,0.5142857142857142,36,0,-2.0,2.0,1,3.61,18.559542417526245
90,19,and,3,0,19,0.5428571428571428,36,0,,,0,7.41,2.238065481185913
90,20,this,4,0,20,0.5714285714285714,36,0,,,0,6.82,4.913327693939209
90,21,is,2,0,21,0.6,36,0,,,0,7.07,2.4494259357452393
90,22,the,3,0,22,0.6285714285714286,36,0,,,0,7.73,3.7758536338806152
90,23,kind,4,1,23,0.6571428571428571,36,0,2.4,2.4,1,5.45,4.950387001037598
90,24,of,2,0,24,0.6857142857142857,36,0,,,0,7.4,0.2006976455450058
90,25,material,8,1,25,0.7142857142857143,36,0,,,0,4.95,10.752570152282715
90,26,where,5,0,26,0.7428571428571429,36,0,,,0,6.0,4.478254318237305
90,27,the,3,0,27,0.7714285714285715,36,0,,,0,7.73,2.8733487129211426
90,28,filmmakers,10,1,28,0.8,36,0,,,0,3.51,6.461638450622559
90,29,should,6,0,29,0.8285714285714286,36,0,,,0,5.99,5.550856113433838
90,30,be,2,0,30,0.8571428571428571,36,0,,,0,6.79,1.6859267950057983
90,31,very,4,0,31,0.8857142857142857,36,0,,,0,6.0,7.194052219390869
90,32,careful,7,1,32,0.9142857142857143,36,0,0.6,0.6,1,4.59,1.3801944255828857
90,33,about,5,0,33,0.9428571428571428,36,0,,,0,6.4,2.4992475509643555
90,34,raising,7,1,34,0.9714285714285714,36,0,,,0,4.43,12.073290824890137
90,35,eyebrows.,8,1,35,1.0,36,0,,,0,3.75,6.868707239627838
91,0,Angel,5,1,0,0.0,23,0,,,0,4.45,14.265275955200195
91,1,presents,8,1,1,0.045454545454545456,23,0,,,0,4.41,14.432435989379883
91,2,events,6,1,2,0.09090909090909091,23,0,,,0,5.08,14.483449935913086
91,3,partly,6,1,3,0.13636363636363635,23,0,,,0,4.3,20.188127517700195
91,4,from,4,0,4,0.18181818181818182,23,0,,,0,6.63,4.524433135986328
91,5,the,3,0,5,0.22727272727272727,23,0,,,0,7.73,2.4115025997161865
91,6,perspective,11,1,6,0.2727272727272727,23,0,,,0,4.56,1.6969265937805176
91,7,of,2,0,7,0.3181818181818182,23,0,,,0,7.4,0.010728701949119568
91,8,Aurelie,7,1,8,0.36363636363636365,23,0,,,0,1.89,23.78195858001709
91,9,and,3,0,9,0.4090909090909091,23,0,,,0,7.41,4.158712387084961
91,10,"Christelle,",10,1,10,0.45454545454545453,23,0,,,0,1.69,20.674116611480713
91,11,and,3,0,11,0.5,23,0,,,0,7.41,3.248595952987671
91,12,infuses,7,1,12,0.5454545454545454,23,0,,,0,2.2,16.725246608257294
91,13,the,3,0,13,0.5909090909090909,23,0,,,0,7.73,2.5080745220184326
91,14,film,4,1,14,0.6363636363636364,23,0,,,0,5.2,7.1737751960754395
91,15,with,4,0,15,0.6818181818181818,23,0,,,0,6.85,0.35614874958992004
91,16,the,3,0,16,0.7272727272727273,23,0,,,0,7.73,3.3795835971832275
91,17,sensibility,11,1,17,0.7727272727272727,23,0,,,0,3.2,8.598946273326874
91,18,of,2,0,18,0.8181818181818182,23,0,,,0,7.4,0.6910730004310608
91,19,a,1,0,19,0.8636363636363636,23,0,,,0,7.36,2.7025609016418457
91,20,particularly,12,1,20,0.9090909090909091,23,0,,,0,4.96,10.405563354492188
91,21,nightmarish,11,1,21,0.9545454545454546,23,0,,,0,2.7,10.91260489448905
91,22,fairytale.,9,1,22,1.0,23,0,,,0,3.21,13.960674742702395
92,0,Features,8,1,0,0.0,15,1,,,0,4.94,13.458691596984863
92,1,one,3,1,1,0.07142857142857142,15,1,,,0,6.47,13.881814956665039
92,2,of,2,0,2,0.14285714285714285,15,1,,,0,7.4,1.2423577308654785
92,3,the,3,0,3,0.21428571428571427,15,1,,,0,7.73,0.348001629114151
92,4,most,4,0,4,0.2857142857142857,15,1,,,0,6.0,1.6749900579452515
92,5,affecting,9,1,5,0.35714285714285715,15,1,,,0,4.07,16.36322784423828
92,6,depictions,10,1,6,0.42857142857142855,15,1,,,0,3.11,12.768430709838867
92,7,of,2,0,7,0.5,15,1,,,0,7.4,0.2934587299823761
92,8,a,1,0,8,0.5714285714285714,15,1,,,0,7.36,4.971750736236572
92,9,love,4,1,9,0.6428571428571429,15,1,3.2,3.2,1,5.82,9.168991088867188
92,10,affair,6,1,10,0.7142857142857143,15,1,,,0,4.3,4.134280681610107
92,11,ever,4,1,11,0.7857142857142857,15,1,,,0,5.66,4.460864067077637
92,12,committed,9,1,12,0.8571428571428571,15,1,1.1,1.1,1,4.65,9.166316986083984
92,13,to,2,0,13,0.9285714285714286,15,1,,,0,7.43,4.535640716552734
92,14,film.,4,1,14,1.0,15,1,,,0,5.2,7.264963626861572
93,0,It,2,0,0,0.0,18,1,,,0,6.95,6.777443885803223
93,1,is,2,0,1,0.058823529411764705,18,1,,,0,7.07,3.0138192176818848
93,2,intensely,9,1,2,0.11764705882352941,18,1,,,0,3.52,15.575620651245117
93,3,personal,8,1,3,0.17647058823529413,18,1,,,0,5.2,4.472077369689941
93,4,and,3,0,4,0.23529411764705882,18,1,,,0,7.41,2.930677890777588
93,5,yet,3,1,5,0.29411764705882354,18,1,,,0,5.54,8.062261581420898
93,6,--,0,0,6,0.35294117647058826,18,1,,,0,,14.439358711242676
93,7,unlike,6,1,7,0.4117647058823529,18,1,,,0,4.57,5.765778064727783
93,8,Quills,6,1,8,0.47058823529411764,18,1,,,0,2.49,26.58566665649414
93,9,--,0,0,9,0.5294117647058824,18,1,,,0,,1.504171371459961
93,10,deftly,6,1,10,0.5882352941176471,18,1,,,0,2.85,14.966433078050613
93,11,shows,5,1,11,0.6470588235294118,18,1,,,0,5.23,12.499418258666992
93,12,us,2,1,12,0.7058823529411765,18,1,,,0,6.04,3.7414886951446533
93,13,the,3,0,13,0.7647058823529411,18,1,,,0,7.73,2.674537420272827
93,14,temper,6,1,14,0.8235294117647058,18,1,-1.8,1.8,1,3.81,14.960968971252441
93,15,of,2,0,15,0.8823529411764706,18,1,,,0,7.4,2.369300365447998
93,16,the,3,0,16,0.9411764705882353,18,1,,,0,7.73,2.0664710998535156
93,17,times.,5,1,17,1.0,18,1,,,0,5.56,9.561296820640564
94,0,Even,4,1,0,0.0,20,-1,,,0,5.99,10.47957706451416
94,1,as,2,0,1,0.05263157894736842,20,-1,,,0,6.77,4.028790473937988
94,2,I,1,0,2,0.10526315789473684,20,-1,,,0,7.09,5.36082124710083
94,3,valiantly,9,1,3,0.15789473684210525,20,-1,,,0,2.63,17.400597339612432
94,4,struggled,9,1,4,0.21052631578947367,20,-1,-1.4,1.4,1,4.01,8.238725662231445
94,5,to,2,0,5,0.2631578947368421,20,-1,,,0,7.43,0.4808027744293213
94,6,remain,6,1,6,0.3157894736842105,20,-1,,,0,4.83,8.060689926147461
94,7,"interested,",10,1,7,0.3684210526315789,20,-1,1.7,1.7,1,4.95,12.939189672470093
94,8,or,2,0,8,0.42105263157894735,20,-1,,,0,6.54,9.883883476257324
94,9,at,2,0,9,0.47368421052631576,20,-1,,,0,6.7,3.390674352645874
94,10,least,5,1,10,0.5263157894736842,20,-1,,,0,5.44,0.0441155843436718
94,11,"conscious,",9,1,11,0.5789473684210527,20,-1,,,0,4.18,12.881891012191772
94,12,I,1,0,12,0.631578947368421,20,-1,,,0,7.09,2.7740375995635986
94,13,could,5,0,13,0.6842105263157895,20,-1,,,0,6.06,4.921304702758789
94,14,feel,4,1,14,0.7368421052631579,20,-1,,,0,5.67,3.932596445083618
94,15,my,2,0,15,0.7894736842105263,20,-1,,,0,6.57,2.932649850845337
94,16,eyelids...,7,1,16,0.8421052631578947,20,-1,,,0,3.16,22.143375784158707
94,17,getting...,7,1,17,0.8947368421052632,20,-1,,,0,5.57,20.19084930419922
94,18,very...,4,0,18,0.9473684210526315,20,-1,,,0,6.0,13.213068008422852
94,19,heavy...,5,1,19,1.0,20,-1,,,0,4.96,8.822692632675171
95,0,...,0,0,0,0.0,5,1,,,0,,9.636149406433105
95,1,a,1,0,1,0.25,5,1,,,0,7.36,8.276835441589355
95,2,"solid,",5,1,2,0.5,5,1,0.6,0.6,1,4.73,15.152639389038086
95,3,well-formed,10,1,3,0.75,5,1,,,0,0.0,12.229978322982788
95,4,satire.,6,1,4,1.0,5,1,,,0,3.65,18.228545427322388
96,0,Deserves,8,1,0,0.0,14,0,,,0,4.34,21.01713752746582
96,1,high,4,1,1,0.07692307692307693,14,0,,,0,5.75,10.209137916564941
96,2,marks,5,1,2,0.15384615384615385,14,0,,,0,4.49,2.234888792037964
96,3,for,3,0,3,0.23076923076923078,14,0,,,0,7.01,1.0222926139831543
96,4,political,9,1,4,0.3076923076923077,14,0,,,0,5.29,11.49702262878418
96,5,courage,7,1,5,0.38461538461538464,14,0,2.2,2.2,1,4.32,5.598057746887207
96,6,but,3,0,6,0.46153846153846156,14,0,,,0,6.63,6.911064147949219
96,7,barely,6,1,7,0.5384615384615384,14,0,,,0,4.49,11.465850830078125
96,8,gets,4,1,8,0.6153846153846154,14,0,,,0,5.25,3.9874088764190674
96,9,by,2,0,9,0.6923076923076923,14,0,,,0,6.66,7.938826560974121
96,10,on,2,0,10,0.7692307692307693,14,0,,,0,6.91,2.1359620094299316
96,11,its,3,0,11,0.8461538461538461,14,0,,,0,6.14,7.595846652984619
96,12,artistic,8,1,12,0.9230769230769231,14,0,,,0,4.17,16.457195281982422
96,13,merits.,6,1,13,1.0,14,0,1.7,1.7,1,3.67,3.8336211442947388
97,0,Read,4,1,0,0.0,26,1,,,0,5.54,10.972350120544434
97,1,My,2,0,1,0.04,26,1,,,0,6.57,9.494267463684082
97,2,Lips,4,1,2,0.08,26,1,,,0,4.35,12.960078239440918
97,3,is,2,0,3,0.12,26,1,,,0,7.07,7.509667873382568
97,4,to,2,0,4,0.16,26,1,,,0,7.43,8.962016105651855
97,5,be,2,0,5,0.2,26,1,,,0,6.79,2.64804744720459
97,6,viewed,6,1,6,0.24,26,1,,,0,4.31,10.28347396850586
97,7,and,3,0,7,0.28,26,1,,,0,7.41,6.006132125854492
97,8,treasured,9,1,8,0.32,26,1,2.6,2.6,1,3.12,14.758329436182976
97,9,for,3,0,9,0.36,26,1,,,0,7.01,4.679359436035156
97,10,its,3,0,10,0.4,26,1,,,0,6.14,2.940934896469116
97,11,extraordinary,13,1,11,0.44,26,1,,,0,4.36,7.477355003356934
97,12,intelligence,12,1,12,0.48,26,1,2.1,2.1,1,4.7,11.661967277526855
97,13,and,3,0,13,0.52,26,1,,,0,7.41,1.3400853872299194
97,14,originality,11,1,14,0.56,26,1,,,0,3.34,7.498306185007095
97,15,as,2,0,15,0.6,26,1,,,0,6.77,6.7118706703186035
97,16,well,4,1,16,0.64,26,1,1.1,1.1,1,6.03,0.940150797367096
97,17,as,2,0,17,0.68,26,1,,,0,6.77,0.005041965749114752
97,18,its,3,0,18,0.72,26,1,,,0,6.14,0.8982227444648743
97,19,lyrical,7,1,19,0.76,26,1,,,0,3.43,10.150103805586696
97,20,variations,10,1,20,0.8,26,1,,,0,4.09,14.550917625427246
97,21,on,2,0,21,0.84,26,1,,,0,6.91,3.1588685512542725
97,22,the,3,0,22,0.88,26,1,,,0,7.73,2.453014373779297
97,23,game,4,1,23,0.92,26,1,,,0,5.72,12.600802421569824
97,24,of,2,0,24,0.96,26,1,,,0,7.4,6.347830772399902
97,25,love.,4,1,25,1.0,26,1,3.2,3.2,1,5.82,7.403888940811157
98,0,...,0,0,0,0.0,26,0,,,0,,9.636157989501953
98,1,creates,7,1,1,0.04,26,0,1.1,1.1,1,4.28,16.943973541259766
98,2,a,1,0,2,0.08,26,0,,,0,7.36,1.7087135314941406
98,3,visceral,8,1,3,0.12,26,0,,,0,3.26,15.536202430725098
98,4,sense,5,1,4,0.16,26,0,,,0,5.19,4.296012878417969
98,5,of,2,0,5,0.2,26,0,,,0,7.4,0.12550033628940582
98,6,its,3,0,6,0.24,26,0,,,0,6.14,10.593606948852539
98,7,characters',10,1,7,0.28,26,0,,,0,4.88,13.086069822311401
98,8,lives,5,1,8,0.32,26,0,,,0,5.14,5.935780048370361
98,9,and,3,0,9,0.36,26,0,,,0,7.41,2.3913159370422363
98,10,conflicted,10,1,10,0.4,26,0,,,0,3.22,16.704660415649414
98,11,emotions,8,1,11,0.44,26,0,,,0,4.37,3.4088282585144043
98,12,that,4,0,12,0.48,26,0,,,0,7.01,5.579973220825195
98,13,carries,7,1,13,0.52,26,0,,,0,4.23,8.817540168762207
98,14,it,2,0,14,0.56,26,0,,,0,6.95,5.30138635635376
98,15,far,3,1,15,0.6,26,0,,,0,5.5,6.391278266906738
98,16,above...,5,0,16,0.64,26,0,,,0,5.2,18.64723539352417
98,17,what,4,0,17,0.68,26,0,,,0,6.38,8.86284065246582
98,18,could,5,0,18,0.72,26,0,,,0,6.06,6.0497331619262695
98,19,have,4,0,19,0.76,26,0,,,0,6.71,2.821897029876709
98,20,been,4,0,20,0.8,26,0,,,0,6.27,0.20749102532863617
98,21,a,1,0,21,0.84,26,0,,,0,7.36,2.151386022567749
98,22,"melodramatic,",12,1,22,0.88,26,0,,,0,2.94,15.412939098663628
98,23,Lifetime,8,1,23,0.92,26,0,,,0,4.39,20.561756134033203
98,24,Channel-style,12,1,24,0.96,26,0,,,0,0.0,17.787548780441284
98,25,anthology.,9,1,25,1.0,26,0,,,0,3.48,14.028228759765625
99,0,Reeks,5,1,0,0.0,10,0,,,0,2.81,21.79731512069702
99,1,of,2,0,1,0.1111111111111111,10,0,,,0,7.4,6.216578483581543
99,2,rot,3,1,2,0.2222222222222222,10,0,,,0,3.7,18.556108474731445
99,3,and,3,0,3,0.3333333333333333,10,0,,,0,7.41,6.083740234375
99,4,hack,4,1,4,0.4444444444444444,10,0,,,0,4.05,14.460928916931152
99,5,work,4,1,5,0.5555555555555556,10,0,,,0,5.96,9.3169527053833
99,6,from,4,0,6,0.6666666666666666,10,0,,,0,6.63,6.56301212310791
99,7,start,5,1,7,0.7777777777777778,10,0,,,0,5.56,9.365187644958496
99,8,to,2,0,8,0.8888888888888888,10,0,,,0,7.43,0.23755177855491638
99,9,finish.,6,1,9,1.0,10,0,,,0,4.91,1.5378057807683945
100,0,Just,4,0,0,0.0,8,0,,,0,6.43,10.312792778015137
100,1,how,3,0,1,0.14285714285714285,8,0,,,0,6.24,5.22479772567749
100,2,these,5,0,2,0.2857142857142857,8,0,,,0,6.04,9.91011905670166
100,3,families,8,1,3,0.42857142857142855,8,0,,,0,4.94,9.92371940612793
100,4,interact,8,1,4,0.5714285714285714,8,0,,,0,4.05,8.694464683532715
100,5,may,3,1,5,0.7142857142857143,8,0,,,0,5.98,5.794271469116211
100,6,surprise,8,1,6,0.8571428571428571,8,0,1.1,1.1,1,4.75,6.036008358001709
100,7,you.,3,0,7,1.0,8,0,,,0,6.98,2.1140087842941284
101,0,The,3,0,0,0.0,21,-1,,,0,7.73,4.729319095611572
101,1,Movie,5,1,1,0.05,21,-1,,,0,5.16,14.325592994689941
101,2,is,2,0,2,0.1,21,-1,,,0,7.07,5.050162315368652
101,3,what,4,0,3,0.15,21,-1,,,0,6.38,10.940258026123047
101,4,happens,7,1,4,0.2,21,-1,,,0,4.96,5.625649929046631
101,5,when,4,0,5,0.25,21,-1,,,0,6.37,0.26810404658317566
101,6,you,3,0,6,0.3,21,-1,,,0,6.98,1.9017199277877808
101,7,blow,4,1,7,0.35,21,-1,,,0,4.59,9.774759292602539
101,8,up,2,0,8,0.4,21,-1,,,0,6.39,1.7743221521377563
101,9,small,5,1,9,0.45,21,-1,,,0,5.51,10.981709480285645
101,10,potatoes,8,1,10,0.5,21,-1,,,0,4.09,11.131525039672852
101,11,to,2,0,11,0.55,21,-1,,,0,7.43,7.180259704589844
101,12,10,0,0,12,0.6,21,-1,,,0,5.32,14.076091766357422
101,13,times,5,1,13,0.65,21,-1,,,0,5.56,5.14339017868042
101,14,their,5,0,14,0.7,21,-1,,,0,6.33,1.248908519744873
101,15,natural,7,1,15,0.75,21,-1,1.5,1.5,1,5.11,7.730170249938965
101,16,"size,",4,1,16,0.8,21,-1,,,0,5.13,5.281996846199036
101,17,and,3,0,17,0.85,21,-1,,,0,7.41,2.3648478984832764
101,18,it,2,0,18,0.9,21,-1,,,0,6.95,4.74806547164917
101,19,ain't,4,1,19,0.95,21,-1,,,0,4.88,9.54804271471221
101,20,pretty.,6,1,20,1.0,21,-1,2.2,2.2,1,5.38,5.930522322654724
102,0,Even,4,1,0,0.0,21,-1,,,0,5.99,10.47957706451416
102,1,a,1,0,1,0.05,21,-1,,,0,7.36,6.583995819091797
102,2,hardened,8,1,2,0.1,21,-1,,,0,3.52,12.955436706542969
102,3,voyeur,6,1,3,0.15,21,-1,,,0,2.68,17.648173667490482
102,4,would,5,0,4,0.2,21,-1,,,0,6.27,3.306212902069092
102,5,require,7,1,5,0.25,21,-1,,,0,4.78,10.859872817993164
102,6,the,3,0,6,0.3,21,-1,,,0,7.73,3.995370864868164
102,7,patience,8,1,7,0.35,21,-1,,,0,4.2,7.599920272827148
102,8,of,2,0,8,0.4,21,-1,,,0,7.4,0.6706973910331726
102,9,Job,3,1,9,0.45,21,-1,,,0,5.5,18.298124313354492
102,10,to,2,0,10,0.5,21,-1,,,0,7.43,5.388417720794678
102,11,get,3,1,11,0.55,21,-1,,,0,6.28,4.5903730392456055
102,12,through,7,0,12,0.6,21,-1,,,0,5.87,3.215782403945923
102,13,this,4,0,13,0.65,21,-1,,,0,6.82,3.1687867641448975
102,14,"interminable,",12,1,14,0.7,21,-1,,,0,2.58,17.926484689116478
102,15,shapeless,9,1,15,0.75,21,-1,,,0,2.39,16.379780907649547
102,16,documentary,11,1,16,0.8,21,-1,,,0,4.31,15.169499397277832
102,17,about,5,0,17,0.85,21,-1,,,0,6.4,5.415841579437256
102,18,the,3,0,18,0.9,21,-1,,,0,7.73,2.3625171184539795
102,19,swinging,8,1,19,0.95,21,-1,,,0,3.79,16.727319717407227
102,20,subculture.,10,1,20,1.0,21,-1,,,0,2.98,16.88812279701233
103,0,"Creepy,",6,1,0,0.0,4,0,,,0,4.04,21.536128997802734
103,1,authentic,9,1,1,0.3333333333333333,4,0,,,0,4.04,14.306017875671387
103,2,and,3,0,2,0.6666666666666666,4,0,,,0,7.41,2.731260299682617
103,3,dark.,4,1,3,1.0,4,0,,,0,5.04,12.912093162536621
104,0,A,1,0,0,0.0,23,-1,,,0,7.36,5.6875901222229
104,1,lame,4,1,1,0.045454545454545456,23,-1,-1.8,1.8,1,3.95,18.13361930847168
104,2,romantic,8,1,2,0.09090909090909091,23,-1,1.7,1.7,1,4.43,14.79727554321289
104,3,comedy,6,1,3,0.13636363636363635,23,-1,1.5,1.5,1,4.51,1.846972942352295
104,4,about,5,0,4,0.18181818181818182,23,-1,,,0,6.4,1.6372904777526855
104,5,an,2,0,5,0.22727272727272727,23,-1,,,0,6.53,4.256828308105469
104,6,unsympathetic,13,1,6,0.2727272727272727,23,-1,,,0,2.67,14.584076180122793
104,7,character,9,1,7,0.3181818181818182,23,-1,,,0,5.11,6.274378299713135
104,8,and,3,0,8,0.36363636363636365,23,-1,,,0,7.41,5.020837783813477
104,9,someone,7,1,9,0.4090909090909091,23,-1,,,0,5.63,9.797786712646484
104,10,who,3,0,10,0.45454545454545453,23,-1,,,0,6.34,1.158921718597412
104,11,would,5,0,11,0.5,23,-1,,,0,6.27,8.14633560180664
104,12,not,3,0,12,0.5454545454545454,23,-1,,,0,6.69,6.161232948303223
104,13,likely,6,1,13,0.5909090909090909,23,-1,,,0,5.2,9.58509635925293
104,14,be,2,0,14,0.6363636363636364,23,-1,,,0,6.79,3.1558008193969727
104,15,so,2,0,15,0.6818181818181818,23,-1,,,0,6.52,8.183472633361816
104,16,stupid,6,1,16,0.7272727272727273,23,-1,-2.4,2.4,1,4.94,7.902996063232422
104,17,as,2,0,17,0.7727272727272727,23,-1,,,0,6.77,2.237171173095703
104,18,to,2,0,18,0.8181818181818182,23,-1,,,0,7.43,0.05674784258008003
104,19,get,3,1,19,0.8636363636363636,23,-1,,,0,6.28,5.618162155151367
104,20,involved,8,1,20,0.9090909090909091,23,-1,,,0,5.1,5.328897953033447
104,21,with,4,0,21,0.9545454545454546,23,-1,,,0,6.85,2.279071569442749
104,22,her.,3,0,22,1.0,23,-1,,,0,6.3,7.6016199588775635
105,0,Rob,3,1,0,0.0,16,-1,-2.6,2.6,1,4.35,12.214807510375977
105,1,Schneider's,10,1,1,0.06666666666666667,16,-1,,,0,2.08,13.523286819458008
105,2,infantile,9,1,2,0.13333333333333333,16,-1,,,0,2.82,22.97411584854126
105,3,cross-dressing,13,1,3,0.2,16,-1,,,0,2.31,16.91645459458232
105,4,routines,8,1,4,0.26666666666666666,16,-1,,,0,3.5,11.101114273071289
105,5,fill,4,1,5,0.3333333333333333,16,-1,,,0,4.64,14.084576606750488
105,6,The,3,0,6,0.4,16,-1,,,0,7.73,9.581680297851562
105,7,Hot,3,1,7,0.4666666666666667,16,-1,,,0,5.16,11.839120864868164
105,8,"Chick,",5,1,8,0.5333333333333333,16,-1,,,0,4.08,13.986100673675537
105,9,the,3,0,9,0.6,16,-1,,,0,7.73,4.032655239105225
105,10,latest,6,1,10,0.6666666666666666,16,-1,,,0,4.92,6.22916841506958
105,11,gimmick,7,1,11,0.7333333333333333,16,-1,,,0,3.19,13.093182563781738
105,12,from,4,0,12,0.8,16,-1,,,0,6.63,3.0617682933807373
105,13,this,4,0,13,0.8666666666666667,16,-1,,,0,6.82,6.803634166717529
105,14,unimaginative,13,1,14,0.9333333333333333,16,-1,,,0,2.54,15.608376026153564
105,15,comedian.,8,1,15,1.0,16,-1,1.6,1.6,1,3.96,7.855865478515625
106,0,The,3,0,0,0.0,23,0,,,0,7.73,4.729319095611572
106,1,film,4,1,1,0.045454545454545456,23,0,,,0,5.2,10.617316246032715
106,2,is,2,0,2,0.09090909090909091,23,0,,,0,7.07,3.0372135639190674
106,3,a,1,0,3,0.13636363636363635,23,0,,,0,7.36,3.4020819664001465
106,4,"contrivance,",11,1,4,0.18181818181818182,23,0,,,0,2.28,20.771140632685274
106,5,as,2,0,5,0.22727272727272727,23,0,,,0,6.77,5.669131278991699
106,6,artificial,10,1,6,0.2727272727272727,23,0,,,0,4.24,16.53737449645996
106,7,as,2,0,7,0.3181818181818182,23,0,,,0,6.77,6.860114097595215
106,8,the,3,0,8,0.36363636363636365,23,0,,,0,7.73,3.3002376556396484
106,9,video,5,1,9,0.4090909090909091,23,0,,,0,5.43,9.155405044555664
106,10,games,5,1,10,0.45454545454545453,23,0,,,0,5.44,6.257661819458008
106,11,Japanese,8,1,11,0.5,23,0,,,0,4.81,17.352373123168945
106,12,teens,5,1,12,0.5454545454545454,23,0,,,0,4.16,12.043456077575684
106,13,play,4,1,13,0.5909090909090909,23,0,1.4,1.4,1,5.61,2.9187681674957275
106,14,in,2,0,14,0.6363636363636364,23,0,,,0,7.27,3.505220413208008
106,15,a,1,0,15,0.6818181818181818,23,0,,,0,7.36,5.268362998962402
106,16,nightclub,9,1,16,0.7272727272727273,23,0,,,0,3.65,10.016763687133789
106,17,"sequence,",8,1,17,0.7727272727272727,23,0,,,0,4.35,18.977741241455078
106,18,but,3,0,18,0.8181818181818182,23,0,,,0,6.63,2.068281412124634
106,19,it's,3,1,19,0.8636363636363636,23,0,,,0,6.33,2.816970467567444
106,20,an,2,0,20,0.9090909090909091,23,0,,,0,6.53,5.435929775238037
106,21,enjoyable,9,1,21,0.9545454545454546,23,0,1.9,1.9,1,3.91,7.525552272796631
106,22,one.,3,1,22,1.0,23,0,,,0,6.47,4.31724226474762
107,0,At,2,0,0,0.0,20,0,,,0,6.7,8.753559112548828
107,1,its,3,0,1,0.05263157894736842,20,0,,,0,6.14,5.5689568519592285
107,2,worst,5,1,2,0.10526315789473684,20,0,-3.1,3.1,1,4.93,5.638198375701904
107,3,the,3,0,3,0.15789473684210525,20,0,,,0,7.73,6.5854949951171875
107,4,screenplay,10,1,4,0.21052631578947367,20,0,,,0,3.54,15.865805625915527
107,5,is,2,0,5,0.2631578947368421,20,0,,,0,7.07,2.9408161640167236
107,6,"callow,",6,1,6,0.3157894736842105,20,0,,,0,2.46,19.702081203460693
107,7,but,3,0,7,0.3684210526315789,20,0,,,0,6.63,4.686962127685547
107,8,at,2,0,8,0.42105263157894735,20,0,,,0,6.7,3.0418288707733154
107,9,its,3,0,9,0.47368421052631576,20,0,,,0,6.14,0.3699081540107727
107,10,best,4,1,10,0.5263157894736842,20,0,3.2,3.2,1,5.84,0.6297761797904968
107,11,it,2,0,11,0.5789473684210527,20,0,,,0,6.95,0.7593113780021667
107,12,is,2,0,12,0.631578947368421,20,0,,,0,7.07,1.7273681163787842
107,13,a,1,0,13,0.6842105263157895,20,0,,,0,7.36,4.7605366706848145
107,14,young,5,1,14,0.7368421052631579,20,0,,,0,5.43,10.431772232055664
107,15,artist's,7,1,15,0.7894736842105263,20,0,,,0,3.52,12.193312644958496
107,16,thoughtful,10,1,16,0.8421052631578947,20,0,1.6,1.6,1,3.83,13.849129676818848
107,17,consideration,13,1,17,0.8947368421052632,20,0,,,0,4.28,9.568036079406738
107,18,of,2,0,18,0.9473684210526315,20,0,,,0,7.4,0.162385493516922
107,19,fatherhood.,10,1,19,1.0,20,0,,,0,2.89,17.49565640091896
108,0,At,2,0,0,0.0,11,1,,,0,6.7,8.753558158874512
108,1,78,0,0,1,0.1,11,1,,,0,4.6,14.364150047302246
108,2,minutes,7,1,2,0.2,11,1,,,0,5.31,10.246028900146484
108,3,it,2,0,3,0.3,11,1,,,0,6.95,5.967105388641357
108,4,just,4,0,4,0.4,11,1,,,0,6.43,9.430572509765625
108,5,zings,5,1,5,0.5,11,1,,,0,1.71,23.82316780090332
108,6,along,5,1,6,0.6,11,1,,,0,5.38,7.799983501434326
108,7,with,4,0,7,0.7,11,1,,,0,6.85,3.427109479904175
108,8,vibrance,8,1,8,0.8,11,1,,,0,1.85,27.788686752319336
108,9,and,3,0,9,0.9,11,1,,,0,7.41,2.3150455951690674
108,10,warmth.,6,1,10,1.0,11,1,2.0,2.0,1,3.8,8.216890931129456
109,0,Only,4,0,0,0.0,28,1,,,0,6.12,11.348896026611328
109,1,an,2,0,1,0.037037037037037035,28,1,,,0,6.53,7.737436294555664
109,2,epic,4,1,2,0.07407407407407407,28,1,,,0,4.35,10.895195960998535
109,3,documentary,11,1,3,0.1111111111111111,28,1,,,0,4.31,14.687338829040527
109,4,could,5,0,4,0.14814814814814814,28,1,,,0,6.06,4.9890055656433105
109,5,get,3,1,5,0.18518518518518517,28,1,,,0,6.28,6.7386956214904785
109,6,it,2,0,6,0.2222222222222222,28,1,,,0,6.95,4.859104156494141
109,7,all,3,0,7,0.25925925925925924,28,1,,,0,6.52,6.085317134857178
109,8,"down,",4,0,8,0.2962962962962963,28,1,,,0,5.88,7.729210138320923
109,9,and,3,0,9,0.3333333333333333,28,1,,,0,7.41,2.7049152851104736
109,10,Spike,5,1,10,0.37037037037037035,28,1,,,0,3.96,13.562808990478516
109,11,Lee's,4,1,11,0.4074074074074074,28,1,,,0,3.38,2.327412188053131
109,12,Jim,3,1,12,0.4444444444444444,28,1,,,0,4.62,12.927897453308105
109,13,Brown:,5,1,13,0.48148148148148145,28,1,,,0,5.01,15.906384944915771
109,14,All,3,0,14,0.5185185185185185,28,1,,,0,6.52,8.786748886108398
109,15,American,8,1,15,0.5555555555555556,28,1,,,0,5.49,6.600228309631348
109,16,at,2,0,16,0.5925925925925926,28,1,,,0,6.7,9.252033233642578
109,17,long,4,1,17,0.6296296296296297,28,1,,,0,5.81,17.55936622619629
109,18,last,4,1,18,0.6666666666666666,28,1,,,0,5.86,0.0022623767144978046
109,19,gives,5,1,19,0.7037037037037037,28,1,,,0,5.03,7.804040908813477
109,20,its,3,0,20,0.7407407407407407,28,1,,,0,6.14,6.684195041656494
109,21,subject,7,1,21,0.7777777777777778,28,1,,,0,4.96,8.669818878173828
109,22,a,1,0,22,0.8148148148148148,28,1,,,0,7.36,1.332290530204773
109,23,movie,5,1,23,0.8518518518518519,28,1,,,0,5.16,8.228243827819824
109,24,worthy,6,1,24,0.8888888888888888,28,1,1.9,1.9,1,4.29,6.364089488983154
109,25,of,2,0,25,0.9259259259259259,28,1,,,0,7.4,0.0912187397480011
109,26,his,3,0,26,0.9629629629629629,28,1,,,0,6.51,2.7995519638061523
109,27,talents.,7,1,27,1.0,28,1,2.0,2.0,1,3.97,8.365462243556976
110,0,As,2,0,0,0.0,20,1,,,0,6.77,8.131058692932129
110,1,"quiet,",5,1,1,0.05263157894736842,20,1,,,0,4.65,23.093884468078613
110,2,patient,7,1,2,0.10526315789473684,20,1,,,0,4.77,10.039607048034668
110,3,and,3,0,3,0.15789473684210525,20,1,,,0,7.41,2.828688383102417
110,4,tenacious,9,1,4,0.21052631578947367,20,1,,,0,3.04,13.052834495902061
110,5,as,2,0,5,0.2631578947368421,20,1,,,0,6.77,0.7719112634658813
110,6,Mr.,2,1,6,0.3157894736842105,20,1,,,0,5.69,10.154375493526459
110,7,Lopez,5,1,7,0.3684210526315789,20,1,,,0,3.79,13.167154312133789
110,8,"himself,",7,0,8,0.42105263157894735,20,1,,,0,5.25,7.7418679893016815
110,9,who,3,0,9,0.47368421052631576,20,1,,,0,6.34,6.808938980102539
110,10,approaches,10,1,10,0.5263157894736842,20,1,,,0,4.25,13.304227828979492
110,11,his,3,0,11,0.5789473684210527,20,1,,,0,6.51,3.0550589561462402
110,12,"difficult,",9,1,12,0.631578947368421,20,1,-1.5,1.5,1,5.07,18.76723861694336
110,13,endless,7,1,13,0.6842105263157895,20,1,,,0,4.18,13.136042594909668
110,14,work,4,1,14,0.7368421052631579,20,1,,,0,5.96,3.0221784114837646
110,15,with,4,0,15,0.7894736842105263,20,1,,,0,6.85,1.855950117111206
110,16,remarkable,10,1,16,0.8421052631578947,20,1,2.6,2.6,1,4.29,10.070043563842773
110,17,serenity,8,1,17,0.8947368421052632,20,1,,,0,3.3,11.820827602874488
110,18,and,3,0,18,0.9473684210526315,20,1,,,0,7.41,1.969326376914978
110,19,discipline.,10,1,19,1.0,20,1,,,0,4.23,16.03262948989868
111,0,Instead,7,1,0,0.0,13,-1,,,0,5.24,13.281816482543945
111,1,of,2,0,1,0.08333333333333333,13,-1,,,0,7.4,0.8771984577178955
111,2,hiding,6,1,2,0.16666666666666666,13,-1,-1.2,1.2,1,4.32,10.435519218444824
111,3,Pinocchio,9,1,3,0.25,13,-1,,,0,2.93,21.45939788222313
111,4,from,4,0,4,0.3333333333333333,13,-1,,,0,6.63,3.1214444637298584
111,5,"critics,",7,1,5,0.4166666666666667,13,-1,-1.2,1.2,1,4.39,8.097935497760773
111,6,Miramax,7,1,6,0.5,13,-1,,,0,2.34,18.857328921556473
111,7,should,6,0,7,0.5833333333333334,13,-1,,,0,5.99,7.263191223144531
111,8,have,4,0,8,0.6666666666666666,13,-1,,,0,6.71,3.1936893463134766
111,9,hidden,6,1,9,0.75,13,-1,,,0,4.53,11.288796424865723
111,10,it,2,0,10,0.8333333333333334,13,-1,,,0,6.95,2.061413526535034
111,11,from,4,0,11,0.9166666666666666,13,-1,,,0,6.63,0.6102555394172668
111,12,everyone.,8,1,12,1.0,13,-1,,,0,5.47,7.640648603439331
112,0,What,4,0,0,0.0,27,-1,,,0,6.38,8.227341651916504
112,1,a,1,0,1,0.038461538461538464,27,-1,,,0,7.36,6.537766933441162
112,2,great,5,1,2,0.07692307692307693,27,-1,3.1,3.1,1,5.88,3.8305351734161377
112,3,shame,5,1,3,0.11538461538461539,27,-1,-2.1,2.1,1,4.55,10.877756118774414
112,4,that,4,0,4,0.15384615384615385,27,-1,,,0,7.01,1.6198523044586182
112,5,such,4,0,5,0.19230769230769232,27,-1,,,0,5.84,7.466927528381348
112,6,a,1,0,6,0.23076923076923078,27,-1,,,0,7.36,0.693386435508728
112,7,talented,8,1,7,0.2692307692307692,27,-1,2.3,2.3,1,4.3,6.902522087097168
112,8,director,8,1,8,0.3076923076923077,27,-1,,,0,5.15,8.830524444580078
112,9,as,2,0,9,0.34615384615384615,27,-1,,,0,6.77,6.581148624420166
112,10,Chen,4,1,10,0.38461538461538464,27,-1,,,0,3.96,14.257000923156738
112,11,Kaige,5,1,11,0.4230769230769231,27,-1,,,0,1.27,20.35875129699707
112,12,has,3,0,12,0.46153846153846156,27,-1,,,0,6.37,2.530024766921997
112,13,chosen,6,1,13,0.5,27,-1,,,0,4.61,4.883519649505615
112,14,to,2,0,14,0.5384615384615384,27,-1,,,0,7.43,0.29163220524787903
112,15,make,4,1,15,0.5769230769230769,27,-1,,,0,6.08,4.431049823760986
112,16,his,3,0,16,0.6153846153846154,27,-1,,,0,6.51,3.544801712036133
112,17,English-language,15,1,17,0.6538461538461539,27,-1,,,0,0.0,16.518049120903015
112,18,debut,5,1,18,0.6923076923076923,27,-1,,,0,4.52,0.6370654702186584
112,19,with,4,0,19,0.7307692307692307,27,-1,,,0,6.85,2.695687770843506
112,20,a,1,0,20,0.7692307692307693,27,-1,,,0,7.36,2.4909470081329346
112,21,film,4,1,21,0.8076923076923077,27,-1,,,0,5.2,3.8399136066436768
112,22,so,2,0,22,0.8461538461538461,27,-1,,,0,6.52,4.587063789367676
112,23,poorly,6,1,23,0.8846153846153846,27,-1,,,0,4.1,6.918445587158203
112,24,plotted,7,1,24,0.9230769230769231,27,-1,,,0,3.31,11.307209968566895
112,25,and,3,0,25,0.9615384615384616,27,-1,,,0,7.41,1.1347975730895996
112,26,scripted.,8,1,26,1.0,27,-1,,,0,3.4,8.964887142181396
113,0,Jeffs,5,1,0,0.0,15,1,,,0,2.25,25.303189277648926
113,1,has,3,0,1,0.07142857142857142,15,1,,,0,6.37,5.72834587097168
113,2,created,7,1,2,0.14285714285714285,15,1,1.0,1.0,1,5.05,7.592894077301025
113,3,a,1,0,3,0.21428571428571427,15,1,,,0,7.36,1.2113717794418335
113,4,breathtakingly,14,1,4,0.2857142857142857,15,1,,,0,2.49,16.56433892250061
113,5,assured,7,1,5,0.35714285714285715,15,1,1.5,1.5,1,4.07,18.146751403808594
113,6,and,3,0,6,0.42857142857142855,15,1,,,0,7.41,3.1226143836975098
113,7,stylish,7,1,7,0.5,15,1,,,0,3.7,7.47386360168457
113,8,work,4,1,8,0.5714285714285714,15,1,,,0,5.96,7.676543235778809
113,9,of,2,0,9,0.6428571428571429,15,1,,,0,7.4,0.44402554631233215
113,10,spare,5,1,10,0.7142857142857143,15,1,,,0,4.28,17.276477813720703
113,11,dialogue,8,1,11,0.7857142857142857,15,1,,,0,4.29,9.394582748413086
113,12,and,3,0,12,0.8571428571428571,15,1,,,0,7.41,3.8911309242248535
113,13,acute,5,1,13,0.9285714285714286,15,1,,,0,4.0,15.287873268127441
113,14,expressiveness.,14,1,14,1.0,15,1,,,0,2.31,16.862311393022537
114,0,Just,4,0,0,0.0,13,1,,,0,6.43,10.312785148620605
114,1,about,5,0,1,0.08333333333333333,13,1,,,0,6.4,6.0679030418396
114,2,the,3,0,2,0.16666666666666666,13,1,,,0,7.73,5.052525520324707
114,3,best,4,1,3,0.25,13,1,3.2,3.2,1,5.84,5.675192356109619
114,4,"straight-up,",10,1,4,0.3333333333333333,13,1,,,0,1.23,22.255162477493286
114,5,old-school,9,1,5,0.4166666666666667,13,1,,,0,2.39,10.62775918841362
114,6,horror,6,1,6,0.5,13,1,-2.7,2.7,1,4.43,6.925350666046143
114,7,film,4,1,7,0.5833333333333334,13,1,,,0,5.2,4.01329231262207
114,8,of,2,0,8,0.6666666666666666,13,1,,,0,7.4,2.536916971206665
114,9,the,3,0,9,0.75,13,1,,,0,7.73,1.909738302230835
114,10,last,4,1,10,0.8333333333333334,13,1,,,0,5.86,4.105978488922119
114,11,15,0,0,11,0.9166666666666666,13,1,,,0,5.32,5.998155117034912
114,12,years.,5,1,12,1.0,13,1,,,0,5.96,1.728580191731453
115,0,Gosling,7,1,0,0.0,23,1,,,0,3.03,19.161925077438354
115,1,creates,7,1,1,0.045454545454545456,23,1,1.1,1.1,1,4.28,12.65867805480957
115,2,a,1,0,2,0.09090909090909091,23,1,,,0,7.36,2.0348565578460693
115,3,staggeringly,12,1,3,0.13636363636363635,23,1,,,0,2.38,16.25139328278601
115,4,compelling,10,1,4,0.18181818181818182,23,1,0.9,0.9,1,3.98,9.896285057067871
115,5,"character,",9,1,5,0.22727272727272727,23,1,,,0,5.11,9.928096294403076
115,6,a,1,0,6,0.2727272727272727,23,1,,,0,7.36,3.7143752574920654
115,7,young,5,1,7,0.3181818181818182,23,1,,,0,5.43,7.223597526550293
115,8,man,3,1,8,0.36363636363636365,23,1,,,0,5.82,2.0136470794677734
115,9,whose,5,1,9,0.4090909090909091,23,1,,,0,5.07,4.75944185256958
115,10,sharp,5,1,10,0.45454545454545453,23,1,,,0,4.48,10.54495620727539
115,11,intellect,9,1,11,0.5,23,1,2.0,2.0,1,3.49,4.062644958496094
115,12,is,2,0,12,0.5454545454545454,23,1,,,0,7.07,3.1062748432159424
115,13,at,2,0,13,0.5909090909090909,23,1,,,0,6.7,5.572015762329102
115,14,the,3,0,14,0.6363636363636364,23,1,,,0,7.73,2.4659953117370605
115,15,very,4,0,15,0.6818181818181818,23,1,,,0,6.0,4.708698749542236
115,16,root,4,1,16,0.7272727272727273,23,1,,,0,4.41,6.745591640472412
115,17,of,2,0,17,0.7727272727272727,23,1,,,0,7.4,0.007618800271302462
115,18,his,3,0,18,0.8181818181818182,23,1,,,0,6.51,0.9748159646987915
115,19,"contradictory,",13,1,19,0.8636363636363636,23,1,-1.4,1.4,1,3.48,20.223909854888916
115,20,"self-hating,",10,1,20,0.9090909090909091,23,1,,,0,0.0,17.2583137601614
115,21,self-destructive,15,1,21,0.9545454545454546,23,1,,,0,0.0,4.833343985490501
115,22,ways.,4,1,22,1.0,23,1,,,0,5.06,5.577791094779968
116,0,I,1,0,0,0.0,14,1,,,0,7.09,5.770362854003906
116,1,thought,7,1,1,0.07692307692307693,14,1,,,0,5.59,7.228074550628662
116,2,the,3,0,2,0.15384615384615385,14,1,,,0,7.73,3.8808088302612305
116,3,relationships,13,1,3,0.23076923076923078,14,1,,,0,4.68,16.48897933959961
116,4,were,4,0,4,0.3076923076923077,14,1,,,0,6.34,3.3006246089935303
116,5,"wonderful,",9,1,5,0.38461538461538464,14,1,2.7,2.7,1,4.85,10.475113153457642
116,6,the,3,0,6,0.46153846153846156,14,1,,,0,7.73,5.180150508880615
116,7,comedy,6,1,7,0.5384615384615384,14,1,1.5,1.5,1,4.51,8.57394027709961
116,8,was,3,0,8,0.6153846153846154,14,1,,,0,6.82,0.8689875602722168
116,9,"funny,",5,1,9,0.6923076923076923,14,1,1.9,1.9,1,5.02,5.358596682548523
116,10,and,3,0,10,0.7692307692307693,14,1,,,0,7.41,0.8576539158821106
116,11,the,3,0,11,0.8461538461538461,14,1,,,0,7.73,0.8831940293312073
116,12,love,4,1,12,0.9230769230769231,14,1,3.2,3.2,1,5.82,7.536924839019775
116,13,`real'.,4,1,13,1.0,14,1,,,0,5.6,43.23237991333008
117,0,Better,6,1,0,0.0,10,-1,1.9,1.9,1,5.76,13.665921211242676
117,1,at,2,0,1,0.1111111111111111,10,-1,,,0,6.7,7.983047962188721
117,2,putting,7,1,2,0.2222222222222222,10,-1,,,0,4.86,9.011439323425293
117,3,you,3,0,3,0.3333333333333333,10,-1,,,0,6.98,5.511044025421143
117,4,to,2,0,4,0.4444444444444444,10,-1,,,0,7.43,4.470337390899658
117,5,sleep,5,1,5,0.5555555555555556,10,-1,,,0,5.05,0.8444766998291016
117,6,than,4,0,6,0.6666666666666666,10,-1,,,0,6.13,3.2916743755340576
117,7,a,1,0,7,0.7777777777777778,10,-1,,,0,7.36,6.1562700271606445
117,8,sound,5,1,8,0.8888888888888888,10,-1,,,0,5.15,10.573877334594727
117,9,machine.,7,1,9,1.0,10,-1,,,0,4.9,9.04033100605011
118,0,Feels,5,1,0,0.0,20,-1,,,0,4.9,17.644325733184814
118,1,less,4,1,1,0.05263157894736842,20,-1,,,0,5.49,11.753799438476562
118,2,like,4,1,2,0.10526315789473684,20,-1,1.5,1.5,1,6.41,1.0984740257263184
118,3,a,1,0,3,0.15789473684210525,20,-1,,,0,7.36,1.4929810762405396
118,4,cousin,6,1,4,0.21052631578947367,20,-1,,,0,4.41,15.513086318969727
118,5,to,2,0,5,0.2631578947368421,20,-1,,,0,7.43,2.6035289764404297
118,6,Blade,5,1,6,0.3157894736842105,20,-1,,,0,4.19,13.697710990905762
118,7,Runner,6,1,7,0.3684210526315789,20,-1,,,0,4.18,0.2052181214094162
118,8,than,4,0,8,0.42105263157894735,20,-1,,,0,6.13,1.3552098274230957
118,9,like,4,1,9,0.47368421052631576,20,-1,1.5,1.5,1,6.41,7.509385585784912
118,10,a,1,0,10,0.5263157894736842,20,-1,,,0,7.36,1.3677390813827515
118,11,bottom-feeder,12,1,11,0.5789473684210527,20,-1,,,0,0.0,24.0163551941514
118,12,sequel,6,1,12,0.631578947368421,20,-1,,,0,3.98,8.861495018005371
118,13,in,2,0,13,0.6842105263157895,20,-1,,,0,7.27,6.411833763122559
118,14,the,3,0,14,0.7368421052631579,20,-1,,,0,7.73,2.0061938762664795
118,15,Escape,6,1,15,0.7894736842105263,20,-1,0.7,0.7,1,4.64,21.316896438598633
118,16,From,4,0,16,0.8421052631578947,20,-1,,,0,6.63,2.909963607788086
118,17,New,3,1,17,0.8947368421052632,20,-1,,,0,6.25,1.377066731452942
118,18,York,4,1,18,0.9473684210526315,20,-1,,,0,5.37,0.07840769737958908
118,19,series.,6,1,19,1.0,20,-1,,,0,5.35,5.009666204452515
119,0,Elegantly,9,1,0,0.0,20,1,1.9,1.9,1,2.97,20.604995727539062
119,1,produced,8,1,1,0.05263157894736842,20,1,,,0,4.87,8.400897979736328
119,2,and,3,0,2,0.10526315789473684,20,1,,,0,7.41,2.879866600036621
119,3,expressively,12,1,3,0.15789473684210525,20,1,,,0,1.95,16.47896099090576
119,4,"performed,",9,1,4,0.21052631578947367,20,1,,,0,4.68,11.598484992980957
119,5,the,3,0,5,0.2631578947368421,20,1,,,0,7.73,2.762208938598633
119,6,six,3,1,6,0.3157894736842105,20,1,,,0,5.29,11.085944175720215
119,7,musical,7,1,7,0.3684210526315789,20,1,,,0,4.51,9.824053764343262
119,8,numbers,7,1,8,0.42105263157894735,20,1,,,0,4.98,7.280903339385986
119,9,crystallize,11,1,9,0.47368421052631576,20,1,,,0,2.35,15.807401418685913
119,10,key,3,1,10,0.5263157894736842,20,1,,,0,5.12,11.3677396774292
119,11,plot,4,1,11,0.5789473684210527,20,1,,,0,4.58,12.217619895935059
119,12,moments,7,1,12,0.631578947368421,20,1,,,0,4.62,8.262789726257324
119,13,into,4,0,13,0.6842105263157895,20,1,,,0,6.11,6.667374610900879
119,14,minutely,8,1,14,0.7368421052631579,20,1,,,0,2.39,17.661091327667236
119,15,detailed,8,1,15,0.7894736842105263,20,1,,,0,4.51,5.756536960601807
119,16,wonders,7,1,16,0.8421052631578947,20,1,,,0,4.0,15.901091575622559
119,17,of,2,0,17,0.8947368421052632,20,1,,,0,7.4,3.4670827388763428
119,18,dreamlike,9,1,18,0.9473684210526315,20,1,,,0,2.52,15.311416864395142
119,19,ecstasy.,7,1,19,1.0,20,1,2.9,2.9,1,3.48,10.356882989406586
120,0,Ultimate,8,1,0,0.0,21,0,,,0,4.53,15.11131477355957
120,1,X,1,1,1,0.05,21,0,,,0,5.2,7.948787689208984
120,2,is,2,0,2,0.1,21,0,,,0,7.07,8.440288543701172
120,3,a,1,0,3,0.15,21,0,,,0,7.36,1.8674092292785645
120,4,"ride,",4,1,4,0.2,21,0,,,0,4.85,19.204022884368896
120,5,basically,9,1,5,0.25,21,0,,,0,4.63,11.596091270446777
120,6,the,3,0,6,0.3,21,0,,,0,7.73,6.1260666847229
120,7,kind,4,1,7,0.35,21,0,2.4,2.4,1,5.45,9.171247482299805
120,8,of,2,0,8,0.4,21,0,,,0,7.4,0.42962485551834106
120,9,greatest-hits,12,1,9,0.45,21,0,,,0,0.0,30.729426443576813
120,10,reel,4,1,10,0.5,21,0,,,0,3.68,15.06018352508545
120,11,that,4,0,11,0.55,21,0,,,0,7.01,3.2357943058013916
120,12,might,5,1,12,0.6,21,0,,,0,5.66,8.18026351928711
120,13,come,4,1,13,0.65,21,0,,,0,5.78,6.479165554046631
120,14,with,4,0,14,0.7,21,0,,,0,6.85,3.9917259216308594
120,15,a,1,0,15,0.75,21,0,,,0,7.36,1.3600945472717285
120,16,subscription,12,1,16,0.8,21,0,,,0,4.06,9.775994300842285
120,17,to,2,0,17,0.85,21,0,,,0,7.43,3.0921757221221924
120,18,ESPN,4,1,18,0.9,21,0,,,0,3.93,8.172758102416992
120,19,the,3,0,19,0.95,21,0,,,0,7.73,7.947275638580322
120,20,Magazine.,8,1,20,1.0,21,0,,,0,4.74,1.1910178363323212
121,0,Celebrated,10,1,0,0.0,20,1,2.7,2.7,1,4.24,21.193259239196777
121,1,at,2,0,1,0.05263157894736842,20,1,,,0,6.7,7.546257495880127
121,2,"Sundance,",8,1,2,0.10526315789473684,20,1,,,0,3.25,12.478807993233204
121,3,this,4,0,3,0.15789473684210525,20,1,,,0,6.82,4.436910152435303
121,4,slight,6,1,4,0.21052631578947367,20,1,,,0,4.22,16.544233322143555
121,5,comedy,6,1,5,0.2631578947368421,20,1,1.5,1.5,1,4.51,8.154450416564941
121,6,of,2,0,6,0.3157894736842105,20,1,,,0,7.4,6.095644474029541
121,7,manners,7,1,7,0.3684210526315789,20,1,,,0,3.83,8.482940673828125
121,8,has,3,0,8,0.42105263157894735,20,1,,,0,6.37,4.47776985168457
121,9,winning,7,1,9,0.47368421052631576,20,1,2.4,2.4,1,4.98,16.482053756713867
121,10,performances,12,1,10,0.5263157894736842,20,1,,,0,4.29,8.381952285766602
121,11,and,3,0,11,0.5789473684210527,20,1,,,0,7.41,3.5489838123321533
121,12,a,1,0,12,0.631578947368421,20,1,,,0,7.36,3.4048349857330322
121,13,"glossy,",6,1,13,0.6842105263157895,20,1,,,0,3.43,18.463726043701172
121,14,glib,4,1,14,0.7368421052631579,20,1,,,0,2.64,16.404968738555908
121,15,charm,5,1,15,0.7894736842105263,20,1,1.7,1.7,1,4.12,11.326767921447754
121,16,that's,5,1,16,0.8421052631578947,20,1,,,0,5.86,7.193792343139648
121,17,hard,4,1,17,0.8947368421052632,20,1,-0.4,0.4,1,5.53,5.53915548324585
121,18,to,2,0,18,0.9473684210526315,20,1,,,0,7.43,0.15406449139118195
121,19,beat.,4,1,19,1.0,20,1,,,0,5.01,2.412236899137497
122,0,"Apparently,",10,1,0,0.0,17,-1,,,0,4.8,15.16642951965332
122,1,romantic,8,1,1,0.0625,17,-1,1.7,1.7,1,4.43,17.06280517578125
122,2,comedy,6,1,2,0.125,17,-1,1.5,1.5,1,4.51,5.132297515869141
122,3,with,4,0,3,0.1875,17,-1,,,0,6.85,7.528416633605957
122,4,a,1,0,4,0.25,17,-1,,,0,7.36,1.82923424243927
122,5,fresh,5,1,5,0.3125,17,-1,1.3,1.3,1,4.83,10.934638977050781
122,6,point,5,1,6,0.375,17,-1,,,0,5.54,10.041535377502441
122,7,of,2,0,7,0.4375,17,-1,,,0,7.4,0.37646976113319397
122,8,view,4,1,8,0.5,17,-1,,,0,5.19,0.02538900263607502
122,9,just,4,0,9,0.5625,17,-1,,,0,6.43,8.68665599822998
122,10,doesn't,6,1,10,0.625,17,-1,,,0,5.53,2.6111069168546237
122,11,figure,6,1,11,0.6875,17,-1,,,0,5.07,12.844236373901367
122,12,in,2,0,12,0.75,17,-1,,,0,7.27,1.8455997705459595
122,13,the,3,0,13,0.8125,17,-1,,,0,7.73,2.1605591773986816
122,14,present,7,1,14,0.875,17,-1,,,0,5.18,10.232401847839355
122,15,Hollywood,9,1,15,0.9375,17,-1,,,0,4.52,11.948585510253906
122,16,program.,7,1,16,1.0,17,-1,,,0,5.27,15.33064180612564
123,0,That,4,0,0,0.0,25,1,,,0,7.01,9.265060424804688
123,1,Haynes,6,1,1,0.041666666666666664,25,1,,,0,3.3,20.245787620544434
123,2,can,3,0,2,0.08333333333333333,25,1,,,0,6.46,6.9748711585998535
123,3,both,4,0,3,0.125,25,1,,,0,5.79,11.295969009399414
123,4,maintain,8,1,4,0.16666666666666666,25,1,,,0,4.65,9.078939437866211
123,5,and,3,0,5,0.20833333333333334,25,1,,,0,7.41,1.7862173318862915
123,6,dismantle,9,1,6,0.25,25,1,,,0,3.24,12.861311912536621
123,7,the,3,0,7,0.2916666666666667,25,1,,,0,7.73,2.5057592391967773
123,8,facades,7,1,8,0.3333333333333333,25,1,,,0,2.76,16.014333724975586
123,9,that,4,0,9,0.375,25,1,,,0,7.01,5.781206130981445
123,10,his,3,0,10,0.4166666666666667,25,1,,,0,6.51,7.810129642486572
123,11,genre,5,1,11,0.4583333333333333,25,1,,,0,4.17,13.609259605407715
123,12,and,3,0,12,0.5,25,1,,,0,7.41,6.248117446899414
123,13,his,3,0,13,0.5416666666666666,25,1,,,0,6.51,2.9261929988861084
123,14,character,9,1,14,0.5833333333333334,25,1,,,0,5.11,6.953962802886963
123,15,construct,9,1,15,0.625,25,1,,,0,3.98,9.091390609741211
123,16,is,2,0,16,0.6666666666666666,25,1,,,0,7.07,4.158123970031738
123,17,a,1,0,17,0.7083333333333334,25,1,,,0,7.36,4.529308319091797
123,18,wonderous,9,1,18,0.75,25,1,,,0,1.85,16.482763290405273
123,19,accomplishment,14,1,19,0.7916666666666666,25,1,,,0,3.69,7.249522686004639
123,20,of,2,0,20,0.8333333333333334,25,1,,,0,7.4,7.453016757965088
123,21,veracity,8,1,21,0.875,25,1,,,0,2.94,17.74810791015625
123,22,and,3,0,22,0.9166666666666666,25,1,,,0,7.41,3.4269187450408936
123,23,narrative,9,1,23,0.9583333333333334,25,1,,,0,4.39,9.243172645568848
123,24,grace.,5,1,24,1.0,25,1,1.8,1.8,1,4.56,11.307955741882324
124,0,Some,4,0,0,0.0,14,0,,,0,6.2,9.966618537902832
124,1,elements,8,1,1,0.07692307692307693,14,0,,,0,4.7,10.248841285705566
124,2,of,2,0,2,0.15384615384615385,14,0,,,0,7.4,0.43720749020576477
124,3,it,2,0,3,0.23076923076923078,14,0,,,0,6.95,8.057182312011719
124,4,really,6,1,4,0.3076923076923077,14,0,,,0,5.97,9.454583168029785
124,5,blow,4,1,5,0.38461538461538464,14,0,,,0,4.59,9.972545623779297
124,6,the,3,0,6,0.46153846153846156,14,0,,,0,7.73,4.509330749511719
124,7,big,3,1,7,0.5384615384615384,14,0,,,0,5.67,10.667229652404785
124,8,"one,",3,1,8,0.6153846153846154,14,0,,,0,6.47,12.951514720916748
124,9,but,3,0,9,0.6923076923076923,14,0,,,0,6.63,2.4458248615264893
124,10,other,5,0,10,0.7692307692307693,14,0,,,0,6.16,7.4414963722229
124,11,parts,5,1,11,0.8461538461538461,14,0,,,0,5.07,3.7118217945098877
124,12,are,3,0,12,0.9230769230769231,14,0,,,0,6.74,1.820525050163269
124,13,decent.,6,1,13,1.0,14,0,,,0,4.4,12.121522545814514
125,0,No,2,0,0,0.0,28,-1,-1.2,1.2,1,6.35,9.319764137268066
125,1,French,6,1,1,0.037037037037037035,28,-1,,,0,5.09,14.666128158569336
125,2,people,6,1,2,0.07407407407407407,28,-1,,,0,6.25,5.113607883453369
125,3,were,4,0,3,0.1111111111111111,28,-1,,,0,6.34,4.291769027709961
125,4,harmed,6,1,4,0.14814814814814814,28,-1,-2.1,2.1,1,3.48,6.250396251678467
125,5,during,6,0,5,0.18518518518518517,28,-1,,,0,5.72,3.787593126296997
125,6,the,3,0,6,0.2222222222222222,28,-1,,,0,7.73,0.6226178407669067
125,7,making,6,1,7,0.25925925925925924,28,-1,,,0,5.54,14.060054779052734
125,8,of,2,0,8,0.2962962962962963,28,-1,,,0,7.4,0.03793548420071602
125,9,this,4,0,9,0.3333333333333333,28,-1,,,0,6.82,1.8126943111419678
125,10,"movie,",5,1,10,0.37037037037037035,28,-1,,,0,5.16,6.15526282787323
125,11,but,3,0,11,0.4074074074074074,28,-1,,,0,6.63,2.1259191036224365
125,12,they,4,0,12,0.4444444444444444,28,-1,,,0,6.5,4.91625452041626
125,13,were,4,0,13,0.48148148148148145,28,-1,,,0,6.34,2.0921947956085205
125,14,insulted,8,1,14,0.5185185185185185,28,-1,-2.3,2.3,1,3.52,8.757719039916992
125,15,and,3,0,15,0.5555555555555556,28,-1,,,0,7.41,2.552741765975952
125,16,the,3,0,16,0.5925925925925926,28,-1,,,0,7.73,7.297435760498047
125,17,audience,8,1,17,0.6296296296296297,28,-1,,,0,4.73,5.568848609924316
125,18,was,3,0,18,0.6666666666666666,28,-1,,,0,6.82,2.006519079208374
125,19,put,3,1,19,0.7037037037037037,28,-1,,,0,5.66,8.729300498962402
125,20,through,7,0,20,0.7407407407407407,28,-1,,,0,5.87,3.8302996158599854
125,21,torture,7,1,21,0.7777777777777778,28,-1,-2.9,2.9,1,4.15,6.329045295715332
125,22,for,3,0,22,0.8148148148148148,28,-1,,,0,7.01,4.994282245635986
125,23,an,2,0,23,0.8518518518518519,28,-1,,,0,6.53,6.391136646270752
125,24,hour,4,1,24,0.8888888888888888,28,-1,,,0,5.18,1.4572004079818726
125,25,and,3,0,25,0.9259259259259259,28,-1,,,0,7.41,3.487077474594116
125,26,a,1,0,26,0.9629629629629629,28,-1,,,0,7.36,0.804267168045044
125,27,half.,4,1,27,1.0,28,-1,,,0,5.41,0.643949787132442
126,0,I,1,0,0,0.0,29,-1,,,0,7.09,5.770400047302246
126,1,was,3,0,1,0.03571428571428571,29,-1,,,0,6.82,4.413003444671631
126,2,feeling,7,1,2,0.07142857142857142,29,-1,0.5,0.5,1,5.13,8.856040000915527
126,3,this,4,0,3,0.10714285714285714,29,-1,,,0,6.82,6.6711201667785645
126,4,movie,5,1,4,0.14285714285714285,29,-1,,,0,5.16,10.99722957611084
126,5,until,5,0,5,0.17857142857142858,29,-1,,,0,5.61,10.498504638671875
126,6,it,2,0,6,0.21428571428571427,29,-1,,,0,6.95,4.280296802520752
126,7,veered,6,1,7,0.25,29,-1,,,0,2.73,11.374596543610096
126,8,off,3,0,8,0.2857142857142857,29,-1,,,0,5.93,1.429079294204712
126,9,too,3,0,9,0.32142857142857145,29,-1,,,0,5.95,7.267913341522217
126,10,far,3,1,10,0.35714285714285715,29,-1,,,0,5.5,0.8891758322715759
126,11,into,4,0,11,0.39285714285714285,29,-1,,,0,6.11,2.49995756149292
126,12,the,3,0,12,0.42857142857142855,29,-1,,,0,7.73,1.5341863632202148
126,13,Exxon,5,1,13,0.4642857142857143,29,-1,,,0,3.1,22.317995071411133
126,14,"zone,",4,1,14,0.5,29,-1,,,0,4.72,11.827579975128174
126,15,and,3,0,15,0.5357142857142857,29,-1,,,0,7.41,1.7866572141647339
126,16,left,4,1,16,0.5714285714285714,29,-1,,,0,5.62,8.826004028320312
126,17,me,2,0,17,0.6071428571428571,29,-1,,,0,6.48,0.8184434771537781
126,18,behind,6,1,18,0.6428571428571429,29,-1,,,0,5.29,10.38507080078125
126,19,at,2,0,19,0.6785714285714286,29,-1,,,0,6.7,5.423423767089844
126,20,the,3,0,20,0.7142857142857143,29,-1,,,0,7.73,1.1252636909484863
126,21,station,7,1,21,0.75,29,-1,,,0,5.01,10.114275932312012
126,22,looking,7,1,22,0.7857142857142857,29,-1,,,0,5.57,9.21537971496582
126,23,for,3,0,23,0.8214285714285714,29,-1,,,0,7.01,1.841202735900879
126,24,a,1,0,24,0.8571428571428571,29,-1,,,0,7.36,2.235234498977661
126,25,return,6,1,25,0.8928571428571429,29,-1,,,0,5.19,10.535662651062012
126,26,ticket,6,1,26,0.9285714285714286,29,-1,,,0,4.61,4.211677074432373
126,27,to,2,0,27,0.9642857142857143,29,-1,,,0,7.43,1.9990252256393433
126,28,realism.,7,1,28,1.0,29,-1,,,0,3.69,21.991280555725098
127,0,The,3,0,0,0.0,13,0,,,0,7.73,4.729320049285889
127,1,simplicity,10,1,1,0.08333333333333333,13,0,,,0,3.77,15.903242111206055
127,2,of,2,0,2,0.16666666666666666,13,0,,,0,7.4,0.40279659628868103
127,3,The,3,0,3,0.25,13,0,,,0,7.73,9.906994819641113
127,4,Way,3,1,4,0.3333333333333333,13,0,,,0,6.01,8.399710655212402
127,5,Home,4,1,5,0.4166666666666667,13,0,,,0,5.81,5.726191520690918
127,6,has,3,0,6,0.5,13,0,,,0,6.37,3.8071186542510986
127,7,few,3,0,7,0.5833333333333334,13,0,,,0,5.6,10.960453033447266
127,8,equals,6,1,8,0.6666666666666666,13,0,,,0,3.74,11.264687538146973
127,9,this,4,0,9,0.75,13,0,,,0,6.82,11.03260612487793
127,10,side,4,1,10,0.8333333333333334,13,0,,,0,5.5,10.23131275177002
127,11,of,2,0,11,0.9166666666666666,13,0,,,0,7.4,0.3454734683036804
127,12,Aesop.,5,1,12,1.0,13,0,,,0,2.53,19.5270454287529
128,0,Exceptionally,13,1,0,0.0,9,1,,,0,3.74,18.67015838623047
128,1,well,4,1,1,0.125,9,1,1.1,1.1,1,6.03,7.2149786949157715
128,2,acted,5,1,2,0.25,9,1,,,0,4.28,12.199949264526367
128,3,by,2,0,3,0.375,9,1,,,0,6.66,4.7885966300964355
128,4,Diane,5,1,4,0.5,9,1,,,0,3.83,10.88607406616211
128,5,Lane,4,1,5,0.625,9,1,,,0,4.57,7.285798072814941
128,6,and,3,0,6,0.75,9,1,,,0,7.41,3.53973650932312
128,7,Richard,7,1,7,0.875,9,1,,,0,4.79,8.283458709716797
128,8,Gere.,4,1,8,1.0,9,1,,,0,2.55,8.679380774497986
129,0,Dong,4,1,0,0.0,14,0,,,0,3.79,17.41929864883423
129,1,shows,5,1,1,0.07692307692307693,14,0,,,0,5.23,14.459161758422852
129,2,how,3,0,2,0.15384615384615385,14,0,,,0,6.24,4.337366104125977
129,3,intolerance,11,1,3,0.23076923076923078,14,0,,,0,3.46,18.427967071533203
129,4,has,3,0,4,0.3076923076923077,14,0,,,0,6.37,5.178676128387451
129,5,the,3,0,5,0.38461538461538464,14,0,,,0,7.73,8.376424789428711
129,6,power,5,1,6,0.46153846153846156,14,0,,,0,5.52,2.3829376697540283
129,7,to,2,0,7,0.5384615384615384,14,0,,,0,7.43,0.044918518513441086
129,8,deform,6,1,8,0.6153846153846154,14,0,,,0,2.5,14.052988052368164
129,9,"families,",8,1,9,0.6923076923076923,14,0,,,0,4.94,11.932669639587402
129,10,then,4,0,10,0.7692307692307693,14,0,,,0,6.07,8.53764533996582
129,11,tear,4,1,11,0.8461538461538461,14,0,,,0,4.35,11.988382339477539
129,12,them,4,0,12,0.9230769230769231,14,0,,,0,6.19,1.5421088933944702
129,13,apart.,5,1,13,1.0,14,0,,,0,4.78,1.7231703847646713
130,0,A,1,0,0,0.0,11,-1,,,0,7.36,5.687589168548584
130,1,"stupid,",6,1,1,0.1,11,-1,-2.4,2.4,1,4.94,20.34945249557495
130,2,derivative,10,1,2,0.2,11,-1,,,0,3.65,14.501208305358887
130,3,horror,6,1,3,0.3,11,-1,-2.7,2.7,1,4.43,11.07469367980957
130,4,film,4,1,4,0.4,11,-1,,,0,5.2,2.0131537914276123
130,5,that,4,0,5,0.5,11,-1,,,0,7.01,2.905338764190674
130,6,substitutes,11,1,6,0.6,11,-1,,,0,3.32,13.966611862182617
130,7,extreme,7,1,7,0.7,11,-1,,,0,4.6,10.36890983581543
130,8,gore,4,1,8,0.8,11,-1,,,0,3.75,5.364784240722656
130,9,for,3,0,9,0.9,11,-1,,,0,7.01,0.6724867820739746
130,10,suspense.,8,1,10,1.0,11,-1,,,0,3.53,8.804320096969604
131,0,It's,3,1,0,0.0,13,1,,,0,6.33,8.079900979995728
131,1,a,1,0,1,0.08333333333333333,13,1,,,0,7.36,3.4850268363952637
131,2,great,5,1,2,0.16666666666666666,13,1,3.1,3.1,1,5.88,5.80113410949707
131,3,American,8,1,3,0.25,13,1,,,0,5.49,11.748003005981445
131,4,adventure,9,1,4,0.3333333333333333,13,1,1.3,1.3,1,4.46,7.226618766784668
131,5,and,3,0,5,0.4166666666666667,13,1,,,0,7.41,5.197397708892822
131,6,a,1,0,6,0.5,13,1,,,0,7.36,2.995391607284546
131,7,wonderful,9,1,7,0.5833333333333334,13,1,2.7,2.7,1,4.85,4.520691394805908
131,8,film,4,1,8,0.6666666666666666,13,1,,,0,5.2,7.543581485748291
131,9,to,2,0,9,0.75,13,1,,,0,7.43,4.475338459014893
131,10,bring,5,1,10,0.8333333333333334,13,1,,,0,5.27,9.62077808380127
131,11,to,2,0,11,0.9166666666666666,13,1,,,0,7.43,0.8789352774620056
131,12,IMAX.,4,1,12,1.0,13,1,,,0,3.08,16.751664340496063
132,0,It's,3,1,0,0.0,6,0,,,0,6.33,8.07990562915802
132,1,51,0,0,1,0.2,6,0,,,0,4.73,17.284303665161133
132,2,times,5,1,2,0.4,6,0,,,0,5.56,11.752523422241211
132,3,better,6,1,3,0.6,6,0,1.9,1.9,1,5.76,4.392906188964844
132,4,than,4,0,4,0.8,6,0,,,0,6.13,0.60011887550354
132,5,this.,4,0,5,1.0,6,0,,,0,6.82,10.541997194290161
133,0,It's,3,1,0,0.0,32,0,,,0,6.33,8.079895615577698
133,1,like,4,1,1,0.03225806451612903,32,0,1.5,1.5,1,6.41,7.288963317871094
133,2,an,2,0,2,0.06451612903225806,32,0,,,0,6.53,5.482243537902832
133,3,old,3,1,3,0.0967741935483871,32,0,,,0,5.75,3.7805755138397217
133,4,Warner,6,1,4,0.12903225806451613,32,0,,,0,4.11,14.18765926361084
133,5,Bros.,4,1,5,0.16129032258064516,32,0,,,0,4.08,0.8603936433792114
133,6,costumer,8,1,6,0.1935483870967742,32,0,,,0,2.26,21.75269603729248
133,7,jived,5,1,7,0.22580645161290322,32,0,,,0,1.34,25.330296516418457
133,8,with,4,0,8,0.25806451612903225,32,0,,,0,6.85,1.203116774559021
133,9,sex,3,1,9,0.2903225806451613,32,0,,,0,5.22,14.088479995727539
133,10,--,0,0,10,0.3225806451612903,32,0,,,0,,12.850777626037598
133,11,this,4,0,11,0.3548387096774194,32,0,,,0,6.82,7.577694416046143
133,12,could,5,0,12,0.3870967741935484,32,0,,,0,6.06,8.425395011901855
133,13,be,2,0,13,0.41935483870967744,32,0,,,0,6.79,0.780312180519104
133,14,the,3,0,14,0.45161290322580644,32,0,,,0,7.73,2.4100699424743652
133,15,movie,5,1,15,0.4838709677419355,32,0,,,0,5.16,5.174136638641357
133,16,Errol,5,1,16,0.5161290322580645,32,0,,,0,2.92,19.055108308792114
133,17,Flynn,5,1,17,0.5483870967741935,32,0,,,0,3.78,0.27447783946990967
133,18,always,6,1,18,0.5806451612903226,32,0,,,0,5.76,11.123762130737305
133,19,wanted,6,1,19,0.6129032258064516,32,0,,,0,5.36,1.6528794765472412
133,20,to,2,0,20,0.6451612903225806,32,0,,,0,7.43,0.5103240013122559
133,21,"make,",4,1,21,0.6774193548387096,32,0,,,0,6.08,5.2760655879974365
133,22,though,6,1,22,0.7096774193548387,32,0,,,0,5.5,7.168729305267334
133,23,Bette,5,1,23,0.7419354838709677,32,0,,,0,3.15,16.05632793903351
133,24,"Davis,",5,1,24,0.7741935483870968,32,0,,,0,4.49,5.612448990345001
133,25,cast,4,1,25,0.8064516129032258,32,0,,,0,4.79,11.814908027648926
133,26,as,2,0,26,0.8387096774193549,32,0,,,0,6.77,1.3978582620620728
133,27,"Joan,",4,1,27,0.8709677419354839,32,0,,,0,4.01,12.734015941619873
133,28,would,5,0,28,0.9032258064516129,32,0,,,0,6.27,6.0539774894714355
133,29,have,4,0,29,0.9354838709677419,32,0,,,0,6.71,3.1220622062683105
133,30,killed,6,1,30,0.967741935483871,32,0,-3.5,3.5,1,5.22,9.243805885314941
133,31,him.,3,0,31,1.0,32,0,,,0,6.11,6.628828167915344
134,0,A,1,0,0,0.0,15,1,,,0,7.36,5.687591075897217
134,1,miraculous,10,1,1,0.07142857142857142,15,1,,,0,3.43,17.001489639282227
134,2,"movie,",5,1,2,0.14285714285714285,15,1,,,0,5.16,15.466981410980225
134,3,I'm,2,1,3,0.21428571428571427,15,1,,,0,6.15,11.131230354309082
134,4,Going,5,1,4,0.2857142857142857,15,1,,,0,5.94,17.057743072509766
134,5,Home,4,1,5,0.35714285714285715,15,1,,,0,5.81,3.5463883876800537
134,6,is,2,0,6,0.42857142857142855,15,1,,,0,7.07,4.665718078613281
134,7,so,2,0,7,0.5,15,1,,,0,6.52,6.187698841094971
134,8,"slight,",6,1,8,0.5714285714285714,15,1,,,0,4.22,18.16123867034912
134,9,yet,3,1,9,0.6428571428571429,15,1,,,0,5.54,5.929629325866699
134,10,overflows,9,1,10,0.7142857142857143,15,1,,,0,2.65,19.278378412127495
134,11,with,4,0,11,0.7857142857142857,15,1,,,0,6.85,0.20066606998443604
134,12,wisdom,6,1,12,0.8571428571428571,15,1,2.4,2.4,1,4.3,9.085536003112793
134,13,and,3,0,13,0.9285714285714286,15,1,,,0,7.41,1.3121635913848877
134,14,emotion.,7,1,14,1.0,15,1,,,0,4.19,7.717374205589294
135,0,A,1,0,0,0.0,26,1,,,0,7.36,5.6875901222229
135,1,fiercely,8,1,1,0.04,26,1,,,0,3.35,17.307266235351562
135,2,clever,6,1,2,0.08,26,1,2.0,2.0,1,4.21,16.11842918395996
135,3,and,3,0,3,0.12,26,1,,,0,7.41,3.2011682987213135
135,4,subtle,6,1,4,0.16,26,1,,,0,4.08,10.511872291564941
135,5,"film,",4,1,5,0.2,26,1,,,0,5.2,8.365821361541748
135,6,capturing,9,1,6,0.24,26,1,,,0,3.76,13.52978801727295
135,7,the,3,0,7,0.28,26,1,,,0,7.73,0.8458422422409058
135,8,precarious,10,1,8,0.32,26,1,,,0,3.27,13.510826110839844
135,9,balance,7,1,9,0.36,26,1,,,0,4.76,5.530326843261719
135,10,between,7,0,10,0.4,26,1,,,0,5.77,0.6258264183998108
135,11,the,3,0,11,0.44,26,1,,,0,7.73,3.143819808959961
135,12,extravagant,11,1,12,0.48,26,1,,,0,3.4,13.273744583129883
135,13,confidence,10,1,13,0.52,26,1,2.3,2.3,1,4.65,14.014065742492676
135,14,of,2,0,14,0.56,26,1,,,0,7.4,0.6356539130210876
135,15,the,3,0,15,0.6,26,1,,,0,7.73,2.5748698711395264
135,16,exiled,6,1,16,0.64,26,1,,,0,3.37,14.22656536102295
135,17,aristocracy,11,1,17,0.68,26,1,,,0,3.21,9.518478393554688
135,18,and,3,0,18,0.72,26,1,,,0,7.41,0.42991822957992554
135,19,the,3,0,19,0.76,26,1,,,0,7.73,0.34808704257011414
135,20,cruel,5,1,20,0.8,26,1,-2.8,2.8,1,4.12,9.770111083984375
135,21,earnestness,11,1,21,0.84,26,1,,,0,2.39,14.386788856238127
135,22,of,2,0,22,0.88,26,1,,,0,7.4,0.15499436855316162
135,23,the,3,0,23,0.92,26,1,,,0,7.73,0.8337562084197998
135,24,victorious,10,1,24,0.96,26,1,,,0,3.57,10.657092094421387
135,25,revolutionaries.,15,1,25,1.0,26,1,,,0,3.21,8.06762146949768
136,0,It's,3,1,0,0.0,35,-1,,,0,6.33,8.079895615577698
136,1,as,2,0,1,0.029411764705882353,35,-1,,,0,6.77,8.955923080444336
136,2,if,2,0,2,0.058823529411764705,35,-1,,,0,6.47,0.7214469909667969
136,3,you're,5,1,3,0.08823529411764706,35,-1,,,0,5.87,6.459310054779053
136,4,watching,8,1,4,0.11764705882352941,35,-1,,,0,5.02,5.429059028625488
136,5,a,1,0,5,0.14705882352941177,35,-1,,,0,7.36,1.464504361152649
136,6,movie,5,1,6,0.17647058823529413,35,-1,,,0,5.16,3.0310139656066895
136,7,that,4,0,7,0.20588235294117646,35,-1,,,0,7.01,4.405879974365234
136,8,was,3,0,8,0.23529411764705882,35,-1,,,0,6.82,4.58068323135376
136,9,made,4,1,9,0.2647058823529412,35,-1,,,0,5.92,3.378755569458008
136,10,in,2,0,10,0.29411764705882354,35,-1,,,0,7.27,2.085981607437134
136,11,1978,0,0,11,0.3235294117647059,35,-1,,,0,4.37,7.083835124969482
136,12,but,3,0,12,0.35294117647058826,35,-1,,,0,6.63,6.508639812469482
136,13,not,3,0,13,0.38235294117647056,35,-1,,,0,6.69,6.567410469055176
136,14,released,8,1,14,0.4117647058823529,35,-1,,,0,5.05,4.101316928863525
136,15,then,4,0,15,0.4411764705882353,35,-1,,,0,6.07,9.243218421936035
136,16,because,7,0,16,0.47058823529411764,35,-1,,,0,6.03,7.1074628829956055
136,17,it,2,0,17,0.5,35,-1,,,0,6.95,2.2043673992156982
136,18,was,3,0,18,0.5294117647058824,35,-1,,,0,6.82,1.57606840133667
136,19,so,2,0,19,0.5588235294117647,35,-1,,,0,6.52,4.708139419555664
136,20,"weak,",4,1,20,0.5882352941176471,35,-1,-1.9,1.9,1,4.66,13.709123849868774
136,21,and,3,0,21,0.6176470588235294,35,-1,,,0,7.41,3.2507293224334717
136,22,it,2,0,22,0.6470588235294118,35,-1,,,0,6.95,2.8675360679626465
136,23,has,3,0,23,0.6764705882352942,35,-1,,,0,6.37,5.542324542999268
136,24,been,4,0,24,0.7058823529411765,35,-1,,,0,6.27,3.5113704204559326
136,25,unearthed,9,1,25,0.7352941176470589,35,-1,,,0,3.19,14.3278169631958
136,26,and,3,0,26,0.7647058823529411,35,-1,,,0,7.41,4.229158878326416
136,27,released,8,1,27,0.7941176470588235,35,-1,,,0,5.05,5.360045909881592
136,28,"now,",3,0,28,0.8235294117647058,35,-1,,,0,6.18,8.228200674057007
136,29,when,4,0,29,0.8529411764705882,35,-1,,,0,6.37,7.428795337677002
136,30,it,2,0,30,0.8823529411764706,35,-1,,,0,6.95,1.6562849283218384
136,31,has,3,0,31,0.9117647058823529,35,-1,,,0,6.37,6.387639045715332
136,32,become,6,1,32,0.9411764705882353,35,-1,,,0,5.4,5.144357204437256
136,33,even,4,1,33,0.9705882352941176,35,-1,,,0,5.99,7.426803112030029
136,34,weaker.,6,1,34,1.0,35,-1,-1.9,1.9,1,3.89,3.372262418270111
137,0,Anemic,6,1,0,0.0,13,0,,,0,2.76,21.734402656555176
137,1,chronicle,9,1,1,0.08333333333333333,13,0,,,0,3.7,23.158145427703857
137,2,of,2,0,2,0.16666666666666666,13,0,,,0,7.4,0.651468813419342
137,3,money,5,1,3,0.25,13,0,,,0,5.64,12.679394721984863
137,4,grubbing,8,1,4,0.3333333333333333,13,0,,,0,2.38,18.08930540084839
137,5,New,3,1,5,0.4166666666666667,13,0,,,0,6.25,10.226613998413086
137,6,Yorkers,7,1,6,0.5,13,0,,,0,3.17,4.216802597045898
137,7,and,3,0,7,0.5833333333333334,13,0,,,0,7.41,4.023390769958496
137,8,their,5,0,8,0.6666666666666666,13,0,,,0,6.33,4.555605888366699
137,9,serial,6,1,9,0.75,13,0,,,0,4.23,16.44852066040039
137,10,loveless,8,1,10,0.8333333333333334,13,0,,,0,2.73,18.80507230758667
137,11,hook,4,1,11,0.9166666666666666,13,0,,,0,4.37,12.526466369628906
137,12,ups.,3,1,12,1.0,13,0,,,0,4.41,8.069835543632507
138,0,Thanks,6,1,0,0.0,18,1,1.9,1.9,1,5.43,11.261557579040527
138,1,to,2,0,1,0.058823529411764705,18,1,,,0,7.43,0.8384535908699036
138,2,a,1,0,2,0.11764705882352941,18,1,,,0,7.36,3.907547950744629
138,3,small,5,1,3,0.17647058823529413,18,1,,,0,5.51,7.452434539794922
138,4,star,4,1,4,0.23529411764705882,18,1,,,0,5.19,14.23862075805664
138,5,with,4,0,5,0.29411764705882354,18,1,,,0,6.85,8.142646789550781
138,6,big,3,1,6,0.35294117647058826,18,1,,,0,5.67,9.244132995605469
138,7,"heart,",5,1,7,0.4117647058823529,18,1,3.2,3.2,1,5.31,9.879638671875
138,8,this,4,0,8,0.47058823529411764,18,1,,,0,6.82,4.675390243530273
138,9,family,6,1,9,0.5294117647058824,18,1,,,0,5.66,10.587685585021973
138,10,film,4,1,10,0.5882352941176471,18,1,,,0,5.2,12.264415740966797
138,11,sequel,6,1,11,0.6470588235294118,18,1,,,0,3.98,14.858983039855957
138,12,is,2,0,12,0.7058823529411765,18,1,,,0,7.07,2.3046202659606934
138,13,plenty,6,1,13,0.7647058823529411,18,1,,,0,4.72,15.65127944946289
138,14,of,2,0,14,0.8235294117647058,18,1,,,0,7.4,3.882709264755249
138,15,fun,3,1,15,0.8823529411764706,18,1,2.3,2.3,1,5.3,0.3961133062839508
138,16,for,3,0,16,0.9411764705882353,18,1,,,0,7.01,3.5506322383880615
138,17,all.,3,0,17,1.0,18,1,,,0,6.52,7.973019361495972
139,0,And,3,0,0,0.0,13,0,,,0,7.41,8.98481273651123
139,1,I've,3,1,1,0.08333333333333333,13,0,,,0,5.72,9.697369575500488
139,2,decided,7,1,2,0.16666666666666666,13,0,,,0,5.09,7.608301639556885
139,3,to,2,0,3,0.25,13,0,,,0,7.43,0.6573513746261597
139,4,leave,5,1,4,0.3333333333333333,13,0,-0.2,0.2,1,5.34,6.701902866363525
139,5,a,1,0,5,0.4166666666666667,13,0,,,0,7.36,6.301510334014893
139,6,light,5,1,6,0.5,13,0,,,0,5.33,11.005814552307129
139,7,on,2,0,7,0.5833333333333334,13,0,,,0,6.91,2.5352721214294434
139,8,every,5,1,8,0.6666666666666666,13,0,,,0,5.79,9.770203590393066
139,9,night,5,1,9,0.75,13,0,,,0,5.61,9.532727241516113
139,10,from,4,0,10,0.8333333333333334,13,0,,,0,6.63,8.336877822875977
139,11,now,3,0,11,0.9166666666666666,13,0,,,0,6.18,1.4128437042236328
139,12,on.,2,0,12,1.0,13,0,,,0,6.91,2.055291473865509
140,0,Festers,7,1,0,0.0,18,-1,,,0,1.88,25.050620555877686
140,1,in,2,0,1,0.058823529411764705,18,-1,,,0,7.27,4.862699508666992
140,2,just,4,0,2,0.11764705882352941,18,-1,,,0,6.43,12.291738510131836
140,3,such,4,0,3,0.17647058823529413,18,-1,,,0,5.84,8.159526824951172
140,4,a,1,0,4,0.23529411764705882,18,-1,,,0,7.36,0.6425368785858154
140,5,dungpile,8,1,5,0.29411764705882354,18,-1,,,0,0.0,38.6903874874115
140,6,that,4,0,6,0.35294117647058826,18,-1,,,0,7.01,7.673287868499756
140,7,you'd,4,1,7,0.4117647058823529,18,-1,,,0,4.83,8.649930477142334
140,8,swear,5,1,8,0.47058823529411764,18,-1,-0.2,0.2,1,4.51,7.529785633087158
140,9,you,3,0,9,0.5294117647058824,18,-1,,,0,6.98,3.2621572017669678
140,10,were,4,0,10,0.5882352941176471,18,-1,,,0,6.34,3.164762496948242
140,11,watching,8,1,11,0.6470588235294118,18,-1,,,0,5.02,6.169956684112549
140,12,monkeys,7,1,12,0.7058823529411765,18,-1,,,0,3.86,14.533273696899414
140,13,flinging,8,1,13,0.7647058823529411,18,-1,,,0,2.73,13.966084480285645
140,14,their,5,0,14,0.8235294117647058,18,-1,,,0,6.33,3.948448896408081
140,15,feces,5,1,15,0.8823529411764706,18,-1,,,0,3.22,6.313236713409424
140,16,at,2,0,16,0.9411764705882353,18,-1,,,0,6.7,2.7808148860931396
140,17,you.,3,0,17,1.0,18,-1,,,0,6.98,3.9260894060134888
141,0,under-rehearsed,14,1,0,0.0,3,-1,,,0,0.0,36.448584677651525
141,1,and,3,0,1,0.5,3,-1,,,0,7.41,5.179020404815674
141,2,lifeless,8,1,2,1.0,3,-1,,,0,3.23,15.081425666809082
142,0,Exactly,7,1,0,0.0,9,0,,,0,5.15,14.414395332336426
142,1,what,4,0,1,0.125,9,0,,,0,6.38,2.3732757568359375
142,2,you'd,4,1,2,0.25,9,0,,,0,4.83,9.445978164672852
142,3,expect,6,1,3,0.375,9,0,,,0,5.01,0.811048150062561
142,4,from,4,0,4,0.5,9,0,,,0,6.63,1.6582094430923462
142,5,a,1,0,5,0.625,9,0,,,0,7.36,1.3149197101593018
142,6,guy,3,1,6,0.75,9,0,,,0,5.4,7.892946720123291
142,7,named,5,1,7,0.875,9,0,,,0,4.95,5.646322250366211
142,8,Kaos.,4,1,8,1.0,9,0,,,0,2.44,20.92757487297058
143,0,If,2,0,0,0.0,31,0,,,0,6.47,7.758228302001953
143,1,legendary,9,1,1,0.03333333333333333,31,0,,,0,4.23,17.955413818359375
143,2,shlockmeister,13,1,2,0.06666666666666667,31,0,,,0,0.0,37.20882511138916
143,3,Ed,2,1,3,0.1,31,0,,,0,4.79,10.416769027709961
143,4,Wood,4,1,4,0.13333333333333333,31,0,,,0,4.78,10.050338745117188
143,5,had,3,0,5,0.16666666666666666,31,0,,,0,6.33,3.80711030960083
143,6,ever,4,1,6,0.2,31,0,,,0,5.66,6.096488952636719
143,7,made,4,1,7,0.23333333333333334,31,0,,,0,5.92,5.849204063415527
143,8,a,1,0,8,0.26666666666666666,31,0,,,0,7.36,1.6564979553222656
143,9,movie,5,1,9,0.3,31,0,,,0,5.16,4.49148416519165
143,10,about,5,0,10,0.3333333333333333,31,0,,,0,6.4,2.0753684043884277
143,11,a,1,0,11,0.36666666666666664,31,0,,,0,7.36,3.2685413360595703
143,12,"vampire,",7,1,12,0.4,31,0,,,0,4.03,9.605795502662659
143,13,it,2,0,13,0.43333333333333335,31,0,,,0,6.95,2.413367748260498
143,14,probably,8,1,14,0.4666666666666667,31,0,,,0,5.37,5.334890842437744
143,15,would,5,0,15,0.5,31,0,,,0,6.27,1.2961609363555908
143,16,look,4,1,16,0.5333333333333333,31,0,,,0,5.81,10.772086143493652
143,17,a,1,0,17,0.5666666666666667,31,0,,,0,7.36,4.174937725067139
143,18,lot,3,1,18,0.6,31,0,,,0,5.61,0.9034009575843811
143,19,like,4,1,19,0.6333333333333333,31,0,1.5,1.5,1,6.41,0.20629465579986572
143,20,this,4,0,20,0.6666666666666666,31,0,,,0,6.82,1.2506039142608643
143,21,alarming,8,1,21,0.7,31,0,-0.5,0.5,1,3.53,18.38413429260254
143,22,"production,",10,1,22,0.7333333333333333,31,0,,,0,5.14,16.57749080657959
143,23,adapted,7,1,23,0.7666666666666667,31,0,,,0,4.17,10.857215881347656
143,24,from,4,0,24,0.8,31,0,,,0,6.63,0.39450928568840027
143,25,Anne,4,1,25,0.8333333333333334,31,0,,,0,4.32,11.71349048614502
143,26,Rice's,5,1,26,0.8666666666666667,31,0,,,0,2.55,1.6937934905290604
143,27,novel,5,1,27,0.9,31,0,1.3,1.3,1,4.63,3.10058331489563
143,28,The,3,0,28,0.9333333333333333,31,0,,,0,7.73,3.3458921909332275
143,29,Vampire,7,1,29,0.9666666666666667,31,0,,,0,4.03,2.973862409591675
143,30,Chronicles.,10,1,30,1.0,31,0,,,0,3.64,5.607854247093201
144,0,For,3,0,0,0.0,27,-1,,,0,7.01,7.997677326202393
144,1,those,5,0,1,0.038461538461538464,27,-1,,,0,5.9,4.294430732727051
144,2,for,3,0,2,0.07692307692307693,27,-1,,,0,7.01,10.541661262512207
144,3,whom,4,0,3,0.11538461538461539,27,-1,,,0,4.85,0.28341495990753174
144,4,the,3,0,4,0.15384615384615385,27,-1,,,0,7.73,2.1976516246795654
144,5,name,4,1,5,0.19230769230769232,27,-1,,,0,5.61,8.500100135803223
144,6,Woody,5,1,6,0.23076923076923078,27,-1,,,0,3.82,15.268104553222656
144,7,Allen,5,1,7,0.2692307692307692,27,-1,,,0,4.38,0.8278660178184509
144,8,was,3,0,8,0.3076923076923077,27,-1,,,0,6.82,3.36102294921875
144,9,once,4,0,9,0.34615384615384615,27,-1,,,0,5.53,6.693286895751953
144,10,a,1,0,10,0.38461538461538464,27,-1,,,0,7.36,3.212376594543457
144,11,guarantee,9,1,11,0.4230769230769231,27,-1,1.0,1.0,1,4.44,15.125645637512207
144,12,of,2,0,12,0.46153846153846156,27,-1,,,0,7.4,0.755611777305603
144,13,something,9,1,13,0.5,27,-1,,,0,5.81,8.122279167175293
144,14,"fresh,",5,1,14,0.5384615384615384,27,-1,1.3,1.3,1,4.83,12.017922759056091
144,15,sometimes,9,1,15,0.5769230769230769,27,-1,,,0,5.28,11.48642635345459
144,16,"funny,",5,1,16,0.6153846153846154,27,-1,1.9,1.9,1,5.02,10.965629994869232
144,17,and,3,0,17,0.6538461538461539,27,-1,,,0,7.41,2.776432514190674
144,18,usually,7,1,18,0.6923076923076923,27,-1,,,0,5.15,7.993546962738037
144,19,genuinely,9,1,19,0.7307692307692307,27,-1,,,0,4.1,10.166255950927734
144,20,"worthwhile,",10,1,20,0.7692307692307693,27,-1,1.4,1.4,1,3.74,8.866856276988983
144,21,Hollywood,9,1,21,0.8076923076923077,27,-1,,,0,4.52,10.185166358947754
144,22,Ending,6,1,22,0.8461538461538461,27,-1,,,0,4.68,23.052303314208984
144,23,is,2,0,23,0.8846153846153846,27,-1,,,0,7.07,2.2056703567504883
144,24,a,1,0,24,0.9230769230769231,27,-1,,,0,7.36,2.191559314727783
144,25,depressing,10,1,25,0.9615384615384616,27,-1,-1.6,1.6,1,3.83,10.168293952941895
144,26,experience.,10,1,26,1.0,27,-1,,,0,5.27,8.802054762840271
145,0,Bella,5,1,0,0.0,16,0,,,0,3.74,16.255905151367188
145,1,is,2,0,1,0.06666666666666667,16,0,,,0,7.07,5.826181888580322
145,2,the,3,0,2,0.13333333333333333,16,0,,,0,7.73,3.6964974403381348
145,3,picture,7,1,3,0.2,16,0,,,0,5.13,12.496248245239258
145,4,of,2,0,4,0.26666666666666666,16,0,,,0,7.4,0.6560731530189514
145,5,health,6,1,5,0.3333333333333333,16,0,,,0,5.44,10.601415634155273
145,6,with,4,0,6,0.4,16,0,,,0,6.85,6.893561363220215
145,7,boundless,9,1,7,0.4666666666666667,16,0,,,0,3.04,14.998635590076447
145,8,energy,6,1,8,0.5333333333333333,16,0,1.1,1.1,1,5.23,2.375807285308838
145,9,until,5,0,9,0.6,16,0,,,0,5.61,11.364022254943848
145,10,a,1,0,10,0.6666666666666666,16,0,,,0,7.36,5.702238082885742
145,11,few,3,0,11,0.7333333333333333,16,0,,,0,5.6,6.271977424621582
145,12,days,4,1,12,0.8,16,0,,,0,5.61,1.9017889499664307
145,13,before,6,0,13,0.8666666666666667,16,0,,,0,5.93,2.9937222003936768
145,14,she,3,0,14,0.9333333333333333,16,0,,,0,6.26,2.466801643371582
145,15,dies.,4,1,15,1.0,16,0,,,0,4.41,4.174577116966248
146,0,The,3,0,0,0.0,26,1,,,0,7.73,4.729313373565674
146,1,fun,3,1,1,0.04,26,1,2.3,2.3,1,5.3,14.678689956665039
146,2,of,2,0,2,0.08,26,1,,,0,7.4,3.3969008922576904
146,3,the,3,0,3,0.12,26,1,,,0,7.73,3.617811918258667
146,4,movie,5,1,4,0.16,26,1,,,0,5.16,8.696126937866211
146,5,is,2,0,5,0.2,26,1,,,0,7.07,2.0161311626434326
146,6,the,3,0,6,0.24,26,1,,,0,7.73,5.687510013580322
146,7,chance,6,1,7,0.28,26,1,1.0,1.0,1,5.26,8.445669174194336
146,8,it,2,0,8,0.32,26,1,,,0,6.95,6.897706508636475
146,9,affords,7,1,9,0.36,26,1,,,0,3.05,11.463800996541977
146,10,to,2,0,10,0.4,26,1,,,0,7.43,1.5709387063980103
146,11,watch,5,1,11,0.44,26,1,,,0,5.34,6.334698677062988
146,12,"Jackson,",7,1,12,0.48,26,1,,,0,4.58,19.548049449920654
146,13,who,3,0,13,0.52,26,1,,,0,6.34,3.1461455821990967
146,14,also,4,1,14,0.56,26,1,,,0,6.19,7.806885242462158
146,15,served,6,1,15,0.6,26,1,,,0,4.81,7.4219279289245605
146,16,as,2,0,16,0.64,26,1,,,0,6.77,0.46048787236213684
146,17,executive,9,1,17,0.68,26,1,,,0,4.87,6.024473190307617
146,18,"producer,",8,1,18,0.72,26,1,,,0,4.44,2.6343991309404373
146,19,take,4,1,19,0.76,26,1,,,0,5.92,6.212853908538818
146,20,his,3,0,20,0.8,26,1,,,0,6.51,3.7718374729156494
146,21,"smooth,",6,1,21,0.84,26,1,,,0,4.4,20.504477977752686
146,22,"shrewd,",6,1,22,0.88,26,1,,,0,3.11,14.704722641035914
146,23,powerful,8,1,23,0.92,26,1,1.8,1.8,1,4.85,9.71103572845459
146,24,act,3,1,24,0.96,26,1,,,0,5.3,8.205058097839355
146,25,abroad.,6,1,25,1.0,26,1,,,0,4.39,13.736706972122192
147,0,What,4,0,0,0.0,19,-1,,,0,6.38,8.227343559265137
147,1,should,6,0,1,0.05555555555555555,19,-1,,,0,5.99,7.434114456176758
147,2,have,4,0,2,0.1111111111111111,19,-1,,,0,6.71,6.20910120010376
147,3,been,4,0,3,0.16666666666666666,19,-1,,,0,6.27,0.36846408247947693
147,4,a,1,0,4,0.2222222222222222,19,-1,,,0,7.36,1.1657201051712036
147,5,cutting,7,1,5,0.2777777777777778,19,-1,-0.5,0.5,1,4.61,13.854070663452148
147,6,Hollywood,9,1,6,0.3333333333333333,19,-1,,,0,4.52,21.967029571533203
147,7,satire,6,1,7,0.3888888888888889,19,-1,,,0,3.65,10.256903648376465
147,8,is,2,0,8,0.4444444444444444,19,-1,,,0,7.07,4.127853870391846
147,9,instead,7,1,9,0.5,19,-1,,,0,5.24,5.114402770996094
147,10,about,5,0,10,0.5555555555555556,19,-1,,,0,6.4,8.65403938293457
147,11,as,2,0,11,0.6111111111111112,19,-1,,,0,6.77,9.121213912963867
147,12,fresh,5,1,12,0.6666666666666666,19,-1,1.3,1.3,1,4.83,10.609565734863281
147,13,as,2,0,13,0.7222222222222222,19,-1,,,0,6.77,0.42897194623947144
147,14,last,4,1,14,0.7777777777777778,19,-1,,,0,5.86,10.645037651062012
147,15,week's,5,1,15,0.8333333333333334,19,-1,,,0,4.05,2.289776973426342
147,16,issue,5,1,16,0.8888888888888888,19,-1,,,0,5.23,11.273961067199707
147,17,of,2,0,17,0.9444444444444444,19,-1,,,0,7.4,0.14499299228191376
147,18,Variety.,7,1,18,1.0,19,-1,,,0,4.75,7.211577653884888
148,0,Cox,3,1,0,0.0,25,-1,,,0,3.94,15.830023288726807
148,1,offers,6,1,1,0.041666666666666664,25,-1,,,0,4.74,11.333337783813477
148,2,plenty,6,1,2,0.08333333333333333,25,-1,,,0,4.72,9.717732429504395
148,3,of,2,0,3,0.125,25,-1,,,0,7.4,0.105490542948246
148,4,glimpses,8,1,4,0.16666666666666666,25,-1,,,0,3.19,14.572040291503072
148,5,at,2,0,5,0.20833333333333334,25,-1,,,0,6.7,2.6830012798309326
148,6,existing,8,1,6,0.25,25,-1,,,0,4.75,13.449605941772461
148,7,"photos,",6,1,7,0.2916666666666667,25,-1,,,0,4.83,14.850550651550293
148,8,but,3,0,8,0.3333333333333333,25,-1,,,0,6.63,1.8965766429901123
148,9,there,5,0,9,0.375,25,-1,,,0,6.31,5.0002264976501465
148,10,are,3,0,10,0.4166666666666667,25,-1,,,0,6.74,2.0295467376708984
148,11,no,2,0,11,0.4583333333333333,25,-1,-1.2,1.2,1,6.35,5.992856502532959
148,12,movies,6,1,12,0.5,25,-1,,,0,4.79,12.599888801574707
148,13,of,2,0,13,0.5416666666666666,25,-1,,,0,7.4,5.828741550445557
148,14,"Nijinsky,",8,1,14,0.5833333333333334,25,-1,,,0,2.02,28.368444204330444
148,15,so,2,0,15,0.625,25,-1,,,0,6.52,4.959290981292725
148,16,instead,7,1,16,0.6666666666666666,25,-1,,,0,5.24,8.481650352478027
148,17,the,3,0,17,0.7083333333333334,25,-1,,,0,7.73,6.602517604827881
148,18,director,8,1,18,0.75,25,-1,,,0,5.15,7.6049723625183105
148,19,treats,6,1,19,0.7916666666666666,25,-1,,,0,4.06,12.1033935546875
148,20,us,2,1,20,0.8333333333333334,25,-1,,,0,6.04,4.8344807624816895
148,21,to,2,0,21,0.875,25,-1,,,0,7.43,0.19978585839271545
148,22,an,2,0,22,0.9166666666666666,25,-1,,,0,6.53,3.385087728500366
148,23,aimless,7,1,23,0.9583333333333334,25,-1,,,0,2.65,15.831495553255081
148,24,hodgepodge.,10,1,24,1.0,25,-1,,,0,2.38,17.227417828100442
149,0,Aaliyah,7,1,0,0.0,13,0,,,0,2.58,22.6413765065372
149,1,rarely,6,1,1,0.08333333333333333,13,0,,,0,4.42,15.758728981018066
149,2,dampens,7,1,2,0.16666666666666666,13,0,,,0,2.12,19.150133192539215
149,3,her,3,0,3,0.25,13,0,,,0,6.3,1.373020052909851
149,4,diva,4,1,4,0.3333333333333333,13,0,,,0,3.42,16.331758856773376
149,5,persona,7,1,5,0.4166666666666667,13,0,,,0,3.69,6.22023868560791
149,6,enough,6,1,6,0.5,13,0,,,0,5.54,11.279703140258789
149,7,to,2,0,7,0.5833333333333334,13,0,,,0,7.43,1.2475972175598145
149,8,spark,5,1,8,0.6666666666666666,13,0,0.9,0.9,1,3.99,9.778120994567871
149,9,genuine,7,1,9,0.75,13,0,,,0,4.37,8.7109375
149,10,chemistry,9,1,10,0.8333333333333334,13,0,,,0,4.35,7.987829685211182
149,11,with,4,0,11,0.9166666666666666,13,0,,,0,6.85,3.365291118621826
149,12,Townsend.,8,1,12,1.0,13,0,,,0,3.51,19.437193274497986
150,0,Mr.,2,1,0,0.0,15,-1,,,0,5.69,11.853812217712402
150,1,Soderbergh's,11,1,1,0.07142857142857142,15,-1,,,0,1.72,20.82595444889739
150,2,direction,9,1,2,0.14285714285714285,15,-1,,,0,4.93,13.127311706542969
150,3,and,3,0,3,0.21428571428571427,15,-1,,,0,7.41,5.018184661865234
150,4,visual,6,1,4,0.2857142857142857,15,-1,,,0,4.5,15.573301315307617
150,5,style,5,1,5,0.35714285714285715,15,-1,,,0,5.11,2.6065573692321777
150,6,struck,6,1,6,0.42857142857142855,15,-1,-1.0,1.0,1,4.42,11.060276985168457
150,7,me,2,0,7,0.5,15,-1,,,0,6.48,2.1521573066711426
150,8,as,2,0,8,0.5714285714285714,15,-1,,,0,6.77,0.24934351444244385
150,9,unusually,9,1,9,0.6428571428571429,15,-1,,,0,3.76,9.516972541809082
150,10,and,3,0,10,0.7142857142857143,15,-1,,,0,7.41,9.504267692565918
150,11,unimpressively,14,1,11,0.7857142857142857,15,-1,,,0,0.0,21.217012509703636
150,12,fussy,5,1,12,0.8571428571428571,15,-1,,,0,3.04,14.942402124404907
150,13,and,3,0,13,0.9285714285714286,15,-1,,,0,7.41,4.341674327850342
150,14,pretentious.,11,1,14,1.0,15,-1,,,0,3.17,14.787124106660485
151,0,Mazel,5,1,0,0.0,15,1,,,0,2.22,19.683289051055908
151,1,tov,3,1,1,0.07142857142857142,15,1,,,0,2.68,21.529613494873047
151,2,to,2,0,2,0.14285714285714285,15,1,,,0,7.43,9.050274848937988
151,3,a,1,0,3,0.21428571428571427,15,1,,,0,7.36,9.293617248535156
151,4,film,4,1,4,0.2857142857142857,15,1,,,0,5.2,13.964531898498535
151,5,about,5,0,5,0.35714285714285715,15,1,,,0,6.4,4.001099109649658
151,6,a,1,0,6,0.42857142857142855,15,1,,,0,7.36,3.0461015701293945
151,7,family's,7,1,7,0.5,15,1,,,0,4.03,10.575155019760132
151,8,joyous,6,1,8,0.5714285714285714,15,1,3.1,3.1,1,3.33,15.432817935943604
151,9,life,4,1,9,0.6428571428571429,15,1,,,0,5.89,5.18410587310791
151,10,acting,6,1,10,0.7142857142857143,15,1,,,0,4.82,15.608970642089844
151,11,on,2,0,11,0.7857142857142857,15,1,,,0,6.91,5.7848711013793945
151,12,the,3,0,12,0.8571428571428571,15,1,,,0,7.73,2.621164083480835
151,13,Yiddish,7,1,13,0.9285714285714286,15,1,,,0,3.07,16.551331525128262
151,14,stage.,5,1,14,1.0,15,1,,,0,5.1,7.9165167808532715
152,0,...,0,0,0,0.0,18,0,,,0,,9.636147499084473
152,1,would,5,0,1,0.058823529411764705,18,0,,,0,6.27,11.529699325561523
152,2,be,2,0,2,0.11764705882352941,18,0,,,0,6.79,2.8932478427886963
152,3,a,1,0,3,0.17647058823529413,18,0,,,0,7.36,3.120059013366699
152,4,total,5,1,4,0.23529411764705882,18,0,,,0,5.21,8.270729064941406
152,5,loss,4,1,5,0.29411764705882354,18,0,-1.3,1.3,1,5.07,5.346263408660889
152,6,if,2,0,6,0.35294117647058826,18,0,,,0,6.47,4.383981704711914
152,7,not,3,0,7,0.4117647058823529,18,0,,,0,6.69,6.631242275238037
152,8,for,3,0,8,0.47058823529411764,18,0,,,0,7.01,0.21014931797981262
152,9,two,3,1,9,0.5294117647058824,18,0,,,0,6.1,9.466747283935547
152,10,supporting,10,1,10,0.5882352941176471,18,0,1.9,1.9,1,4.71,13.938552856445312
152,11,performances,12,1,11,0.6470588235294118,18,0,,,0,4.29,8.991185188293457
152,12,taking,6,1,12,0.7058823529411765,18,0,,,0,5.39,13.913301467895508
152,13,place,5,1,13,0.7647058823529411,18,0,,,0,5.71,0.23919148743152618
152,14,at,2,0,14,0.8235294117647058,18,0,,,0,6.7,3.2040064334869385
152,15,the,3,0,15,0.8823529411764706,18,0,,,0,7.73,1.9959701299667358
152,16,movie's,6,1,16,0.9411764705882353,18,0,,,0,3.1,15.51219391822815
152,17,edges.,5,1,17,1.0,18,0,,,0,4.09,17.30261981487274
153,0,An,2,0,0,0.0,24,1,,,0,6.53,8.940544128417969
153,1,inspiring,9,1,1,0.043478260869565216,24,1,1.8,1.8,1,4.04,13.085661888122559
153,2,and,3,0,2,0.08695652173913043,24,1,,,0,7.41,4.047183513641357
153,3,heart-affecting,14,1,3,0.13043478260869565,24,1,,,0,0.0,30.82758913980797
153,4,film,4,1,4,0.17391304347826086,24,1,,,0,5.2,4.7259016036987305
153,5,about,5,0,5,0.21739130434782608,24,1,,,0,6.4,2.074965476989746
153,6,the,3,0,6,0.2608695652173913,24,1,,,0,7.73,1.8830010890960693
153,7,desperate,9,1,7,0.30434782608695654,24,1,-1.3,1.3,1,4.32,12.470439910888672
153,8,attempts,8,1,8,0.34782608695652173,24,1,,,0,4.5,6.801907539367676
153,9,of,2,0,9,0.391304347826087,24,1,,,0,7.4,0.6834868788719177
153,10,Vietnamese,10,1,10,0.43478260869565216,24,1,,,0,3.85,11.282174110412598
153,11,refugees,8,1,11,0.4782608695652174,24,1,,,0,4.26,2.8042385578155518
153,12,living,6,1,12,0.5217391304347826,24,1,,,0,5.3,7.80087423324585
153,13,in,2,0,13,0.5652173913043478,24,1,,,0,7.27,0.3400089740753174
153,14,U.S.,2,1,14,0.6086956521739131,24,1,,,0,6.04,8.87610749527812
153,15,relocation,10,1,15,0.6521739130434783,24,1,,,0,3.57,12.446002960205078
153,16,camps,5,1,16,0.6956521739130435,24,1,,,0,4.19,0.2575613558292389
153,17,to,2,0,17,0.7391304347826086,24,1,,,0,7.43,2.266263008117676
153,18,keep,4,1,18,0.782608695652174,24,1,,,0,5.66,9.299270629882812
153,19,their,5,0,19,0.8260869565217391,24,1,,,0,6.33,0.599202573299408
153,20,hopes,5,1,20,0.8695652173913043,24,1,1.8,1.8,1,4.4,7.662109851837158
153,21,alive,5,1,21,0.9130434782608695,24,1,1.6,1.6,1,4.76,0.16757403314113617
153,22,in,2,0,22,0.9565217391304348,24,1,,,0,7.27,3.4567394256591797
153,23,1975.,0,0,23,1.0,24,1,,,0,4.35,10.525676488876343
154,0,"Loud,",4,1,0,0.0,5,-1,,,0,4.53,20.370614528656006
154,1,chaotic,7,1,1,0.25,5,-1,-2.2,2.2,1,3.67,9.13573169708252
154,2,and,3,0,2,0.5,5,-1,,,0,7.41,2.840449333190918
154,3,largely,7,1,3,0.75,5,-1,,,0,4.61,10.565829277038574
154,4,unfunny.,7,1,4,1.0,5,-1,,,0,2.64,13.585442066192627
155,0,The,3,0,0,0.0,25,1,,,0,7.73,4.729313373565674
155,1,immersive,9,1,1,0.041666666666666664,25,1,,,0,3.25,16.86644172668457
155,2,powers,6,1,2,0.08333333333333333,25,1,,,0,4.7,14.458195686340332
155,3,of,2,0,3,0.125,25,1,,,0,7.4,0.41226696968078613
155,4,the,3,0,4,0.16666666666666666,25,1,,,0,7.73,2.360293388366699
155,5,giant,5,1,5,0.20833333333333334,25,1,,,0,4.62,11.433016777038574
155,6,screen,6,1,6,0.25,25,1,,,0,4.85,7.206411361694336
155,7,and,3,0,7,0.2916666666666667,25,1,,,0,7.41,5.013116359710693
155,8,its,3,0,8,0.3333333333333333,25,1,,,0,6.14,3.939362049102783
155,9,hyper-realistic,14,1,9,0.375,25,1,,,0,1.35,13.119517266750336
155,10,images,6,1,10,0.4166666666666667,25,1,,,0,4.75,8.011171340942383
155,11,are,3,0,11,0.4583333333333333,25,1,,,0,6.74,2.8065648078918457
155,12,put,3,1,12,0.5,25,1,,,0,5.66,11.445980072021484
155,13,to,2,0,13,0.5416666666666666,25,1,,,0,7.43,0.5118311643600464
155,14,perfect,7,1,14,0.5833333333333334,25,1,2.7,2.7,1,5.2,12.541816711425781
155,15,use,3,1,15,0.625,25,1,,,0,5.81,0.24534161388874054
155,16,in,2,0,16,0.6666666666666666,25,1,,,0,7.27,1.1855309009552002
155,17,the,3,0,17,0.7083333333333334,25,1,,,0,7.73,2.1954100131988525
155,18,breathtakingly,14,1,18,0.75,25,1,,,0,2.49,13.690155982971191
155,19,beautiful,9,1,19,0.7916666666666666,25,1,2.9,2.9,1,5.22,3.1867167949676514
155,20,outer-space,10,1,20,0.8333333333333334,25,1,,,0,1.67,18.586528658866882
155,21,documentary,11,1,21,0.875,25,1,,,0,4.31,11.96147346496582
155,22,Space,5,1,22,0.9166666666666666,25,1,,,0,5.23,6.654581069946289
155,23,Station,7,1,23,0.9583333333333334,25,1,,,0,5.01,7.1298956871032715
155,24,3D.,1,1,24,1.0,25,1,,,0,4.46,11.649346113204956
156,0,It's,3,1,0,0.0,9,-1,,,0,6.33,8.079901218414307
156,1,everything,10,1,1,0.125,9,-1,,,0,5.54,14.063261032104492
156,2,you,3,0,2,0.25,9,-1,,,0,6.98,0.9408578872680664
156,3,don't,4,1,3,0.375,9,-1,,,0,6.2,9.35572990833316
156,4,go,2,1,4,0.5,9,-1,,,0,6.03,13.111475944519043
156,5,to,2,0,5,0.625,9,-1,,,0,7.43,1.7999211549758911
156,6,the,3,0,6,0.75,9,-1,,,0,7.73,3.9031283855438232
156,7,movies,6,1,7,0.875,9,-1,,,0,4.79,2.6347270011901855
156,8,for.,3,0,8,1.0,9,-1,,,0,7.01,2.8509327173233032
157,0,Harris,6,1,0,0.0,18,0,,,0,4.44,15.26953411102295
157,1,is,2,0,1,0.058823529411764705,18,0,,,0,7.07,5.402063846588135
157,2,supposed,8,1,2,0.11764705882352941,18,0,,,0,4.91,10.490951538085938
157,3,to,2,0,3,0.17647058823529413,18,0,,,0,7.43,0.00444817403331399
157,4,be,2,0,4,0.23529411764705882,18,0,,,0,6.79,0.9750509858131409
157,5,the,3,0,5,0.29411764705882354,18,0,,,0,7.73,2.7064757347106934
157,6,star,4,1,6,0.35294117647058826,18,0,,,0,5.19,6.7469987869262695
157,7,of,2,0,7,0.4117647058823529,18,0,,,0,7.4,0.5809097290039062
157,8,the,3,0,8,0.47058823529411764,18,0,,,0,7.73,1.511946201324463
157,9,"story,",5,1,9,0.5294117647058824,18,0,,,0,5.45,9.632431745529175
157,10,but,3,0,10,0.5882352941176471,18,0,,,0,6.63,0.8600674867630005
157,11,comes,5,1,11,0.6470588235294118,18,0,,,0,5.36,12.123997688293457
157,12,across,6,1,12,0.7058823529411765,18,0,,,0,5.25,3.2874035835266113
157,13,as,2,0,13,0.7647058823529411,18,0,,,0,6.77,0.45588037371635437
157,14,pretty,6,1,14,0.8235294117647058,18,0,2.2,2.2,1,5.38,9.288358688354492
157,15,dull,4,1,15,0.8823529411764706,18,0,-1.7,1.7,1,3.94,6.673185348510742
157,16,and,3,0,16,0.9411764705882353,18,0,,,0,7.41,2.8284525871276855
157,17,wooden.,6,1,17,1.0,18,0,,,0,4.33,14.543955683708191
158,0,Allen's,6,1,0,0.0,8,1,,,0,3.09,20.504530906677246
158,1,funniest,8,1,1,0.14285714285714285,8,1,2.6,2.6,1,3.59,17.423877328634262
158,2,and,3,0,2,0.2857142857142857,8,1,,,0,7.41,5.2331767082214355
158,3,most,4,0,3,0.42857142857142855,8,1,,,0,6.0,0.814621090888977
158,4,likeable,8,1,4,0.5714285714285714,8,1,2.0,2.0,1,3.02,12.11857257783413
158,5,movie,5,1,5,0.7142857142857143,8,1,,,0,5.16,7.664186000823975
158,6,in,2,0,6,0.8571428571428571,8,1,,,0,7.27,7.91902494430542
158,7,years.,5,1,7,1.0,8,1,,,0,5.96,5.419132232666016
159,0,For,3,0,0,0.0,38,1,,,0,7.01,7.997622489929199
159,1,those,5,0,1,0.02702702702702703,38,1,,,0,5.9,4.294387340545654
159,2,who,3,0,2,0.05405405405405406,38,1,,,0,6.34,1.657283067703247
159,3,pride,5,1,3,0.08108108108108109,38,1,1.4,1.4,1,4.49,14.631887435913086
159,4,themselves,10,0,4,0.10810810810810811,38,1,,,0,5.16,0.010063981637358665
159,5,on,2,0,5,0.13513513513513514,38,1,,,0,6.91,0.20293164253234863
159,6,"sophisticated,",13,1,6,0.16216216216216217,38,1,2.6,2.6,1,4.05,18.22316288948059
159,7,discerning,10,1,7,0.1891891891891892,38,1,,,0,3.02,11.95839630626142
159,8,"taste,",5,1,8,0.21621621621621623,38,1,,,0,4.73,3.864625096321106
159,9,this,4,0,9,0.24324324324324326,38,1,,,0,6.82,3.9617857933044434
159,10,might,5,1,10,0.2702702702702703,38,1,,,0,5.66,6.15111780166626
159,11,not,3,0,11,0.2972972972972973,38,1,,,0,6.69,3.354520082473755
159,12,seem,4,1,12,0.32432432432432434,38,1,,,0,5.08,3.154730796813965
159,13,like,4,1,13,0.35135135135135137,38,1,1.5,1.5,1,6.41,0.7370914816856384
159,14,the,3,0,14,0.3783783783783784,38,1,,,0,7.73,4.0524582862854
159,15,proper,6,1,15,0.40540540540540543,38,1,,,0,4.72,8.949385643005371
159,16,cup,3,1,16,0.43243243243243246,38,1,,,0,5.11,9.922146797180176
159,17,of,2,0,17,0.4594594594594595,38,1,,,0,7.4,0.27131712436676025
159,18,"tea,",3,1,18,0.4864864864864865,38,1,,,0,4.73,4.019568756222725
159,19,however,7,1,19,0.5135135135135135,38,1,,,0,5.58,8.470986366271973
159,20,it,2,0,20,0.5405405405405406,38,1,,,0,6.95,3.869513988494873
159,21,is,2,0,21,0.5675675675675675,38,1,,,0,7.07,1.4789633750915527
159,22,almost,6,1,22,0.5945945945945946,38,1,,,0,5.39,9.617157936096191
159,23,guaranteed,10,1,23,0.6216216216216216,38,1,,,0,4.29,6.558121681213379
159,24,that,4,0,24,0.6486486486486487,38,1,,,0,7.01,3.899868965148926
159,25,even,4,1,25,0.6756756756756757,38,1,,,0,5.99,9.010570526123047
159,26,the,3,0,26,0.7027027027027027,38,1,,,0,7.73,2.4384231567382812
159,27,stuffiest,9,1,27,0.7297297297297297,38,1,,,0,0.0,16.28347635269165
159,28,cinema,6,1,28,0.7567567567567568,38,1,,,0,4.17,16.560598373413086
159,29,goers,5,1,29,0.7837837837837838,38,1,,,0,3.09,10.428948760032654
159,30,will,4,0,30,0.8108108108108109,38,1,,,0,6.45,1.0014281272888184
159,31,laugh,5,1,31,0.8378378378378378,38,1,2.6,2.6,1,4.66,11.570755958557129
159,32,their,5,0,32,0.8648648648648649,38,1,,,0,6.33,5.452365875244141
159,33,1***,0,0,33,0.8918918918918919,38,1,,,0,6.0,33.52217102050781
159,34,off,3,0,34,0.918918918918919,38,1,,,0,5.93,2.3744192123413086
159,35,for,3,0,35,0.9459459459459459,38,1,,,0,7.01,5.376892566680908
159,36,an,2,0,36,0.972972972972973,38,1,,,0,6.53,6.872659683227539
159,37,hour-and-a-half.,12,1,37,1.0,38,1,,,0,0.0,12.642845205031335
160,0,There,5,0,0,0.0,21,1,,,0,6.31,8.02242660522461
160,1,is,2,0,1,0.05,21,1,,,0,7.07,2.4225285053253174
160,2,a,1,0,2,0.1,21,1,,,0,7.36,1.8166462182998657
160,3,refreshing,10,1,3,0.15,21,1,,,0,3.83,13.96734619140625
160,4,absence,7,1,4,0.2,21,1,,,0,4.34,9.840344429016113
160,5,of,2,0,5,0.25,21,1,,,0,7.4,0.6145344972610474
160,6,cynicism,8,1,6,0.3,21,1,-1.7,1.7,1,3.13,7.455562114715576
160,7,in,2,0,7,0.35,21,1,,,0,7.27,1.5985761880874634
160,8,Stuart,6,1,8,0.4,21,1,,,0,4.13,16.32124137878418
160,9,Little,6,1,9,0.45,21,1,,,0,5.75,8.699224472045898
160,10,2,0,0,10,0.5,21,1,,,0,6.0,15.44958209991455
160,11,--,0,0,11,0.55,21,1,,,0,,11.7032470703125
160,12,quite,5,1,12,0.6,21,1,,,0,5.29,10.33397388458252
160,13,a,1,0,13,0.65,21,1,,,0,7.36,3.305434226989746
160,14,"rarity,",6,1,14,0.7,21,1,,,0,3.36,12.344058990478516
160,15,even,4,1,15,0.75,21,1,,,0,5.99,5.430767059326172
160,16,in,2,0,16,0.8,21,1,,,0,7.27,2.566619873046875
160,17,the,3,0,17,0.85,21,1,,,0,7.73,2.0312955379486084
160,18,family,6,1,18,0.9,21,1,,,0,5.66,12.566865921020508
160,19,film,4,1,19,0.95,21,1,,,0,5.2,7.1866841316223145
160,20,market.,6,1,20,1.0,21,1,,,0,5.29,7.488708257675171
161,0,There,5,0,0,0.0,14,-1,,,0,6.31,8.022427558898926
161,1,are,3,0,1,0.07692307692307693,14,-1,,,0,6.74,1.700843095779419
161,2,plot,4,1,2,0.15384615384615385,14,-1,,,0,4.58,18.398366928100586
161,3,holes,5,1,3,0.23076923076923078,14,-1,,,0,4.35,2.6629128456115723
161,4,big,3,1,4,0.3076923076923077,14,-1,,,0,5.67,13.356904029846191
161,5,enough,6,1,5,0.38461538461538464,14,-1,,,0,5.54,0.4343212842941284
161,6,for,3,0,6,0.46153846153846156,14,-1,,,0,7.01,3.26088285446167
161,7,Shamu,5,1,7,0.5384615384615384,14,-1,,,0,2.17,23.915920734405518
161,8,the,3,0,8,0.6153846153846154,14,-1,,,0,7.73,9.035338401794434
161,9,killer,6,1,9,0.6923076923076923,14,-1,-3.3,3.3,1,4.47,10.117731094360352
161,10,whale,5,1,10,0.7692307692307693,14,-1,,,0,3.98,12.318686485290527
161,11,to,2,0,11,0.8461538461538461,14,-1,,,0,7.43,0.4416596591472626
161,12,swim,4,1,12,0.9230769230769231,14,-1,,,0,4.21,7.447231292724609
161,13,through.,7,0,13,1.0,14,-1,,,0,5.87,2.7247679233551025
162,0,...,0,0,0,0.0,5,1,,,0,,9.636164665222168
162,1,always,6,1,1,0.25,5,1,,,0,5.76,15.25377368927002
162,2,remains,7,1,2,0.5,5,1,,,0,4.8,13.014522552490234
162,3,movingly,8,1,3,0.75,5,1,,,0,2.08,22.365154266357422
162,4,genuine.,7,1,4,1.0,5,1,,,0,4.37,15.461440563201904
163,0,Stitch,6,1,0,0.0,10,-1,,,0,3.64,18.299954414367676
163,1,is,2,0,1,0.1111111111111111,10,-1,,,0,7.07,5.09382963180542
163,2,a,1,0,2,0.2222222222222222,10,-1,,,0,7.36,1.5403687953948975
163,3,bad,3,1,3,0.3333333333333333,10,-1,-2.5,2.5,1,5.53,13.363192558288574
163,4,"mannered,",8,1,4,0.4444444444444444,10,-1,,,0,3.04,21.093631267547607
163,5,ugly,4,1,5,0.5555555555555556,10,-1,-2.3,2.3,1,4.42,9.979774475097656
163,6,and,3,0,6,0.6666666666666666,10,-1,,,0,7.41,4.157066345214844
163,7,destructive,11,1,7,0.7777777777777778,10,-1,-3.0,3.0,1,3.89,9.704002380371094
163,8,little,6,1,8,0.8888888888888888,10,-1,,,0,5.75,7.68700647354126
163,9,****.,0,0,9,1.0,10,-1,,,0,,17.36359930038452
164,0,The,3,0,0,0.0,21,1,,,0,7.73,4.729319095611572
164,1,cast,4,1,1,0.05,21,1,,,0,4.79,13.096487045288086
164,2,is,2,0,2,0.1,21,1,,,0,7.07,5.066914081573486
164,3,top-notch,8,1,3,0.15,21,1,,,0,2.02,15.90070558944717
164,4,and,3,0,4,0.2,21,1,,,0,7.41,3.3625359535217285
164,5,I,1,0,5,0.25,21,1,,,0,7.09,5.892826557159424
164,6,predict,7,1,6,0.3,21,1,,,0,4.08,13.817384719848633
164,7,there,5,0,7,0.35,21,1,,,0,6.31,5.068662166595459
164,8,will,4,0,8,0.4,21,1,,,0,6.45,0.531105101108551
164,9,be,2,0,9,0.45,21,1,,,0,6.79,0.06124938279390335
164,10,plenty,6,1,10,0.5,21,1,,,0,4.72,2.562061309814453
164,11,of,2,0,11,0.55,21,1,,,0,7.4,0.26575395464897156
164,12,female,6,1,12,0.6,21,1,,,0,5.0,12.312305450439453
164,13,audience,8,1,13,0.65,21,1,,,0,4.73,8.982136726379395
164,14,members,7,1,14,0.7,21,1,,,0,5.35,0.3129858374595642
164,15,drooling,8,1,15,0.75,21,1,,,0,3.05,16.217019068077207
164,16,over,4,0,16,0.8,21,1,,,0,6.08,1.6426441669464111
164,17,Michael,7,1,17,0.85,21,1,,,0,5.08,11.047172546386719
164,18,Idemoto,7,1,18,0.9,21,1,,,0,0.0,41.3262882232666
164,19,as,2,0,19,0.95,21,1,,,0,6.77,4.2610673904418945
164,20,Michael.,7,1,20,1.0,21,1,,,0,5.08,8.700033187866211
165,0,Kirshner,8,1,0,0.0,16,-1,,,0,1.82,29.256398677825928
165,1,and,3,0,1,0.06666666666666667,16,-1,,,0,7.41,5.066108226776123
165,2,Monroe,6,1,2,0.13333333333333333,16,-1,,,0,3.89,14.466891288757324
165,3,seem,4,1,3,0.2,16,-1,,,0,5.08,10.096644401550293
165,4,to,2,0,4,0.26666666666666666,16,-1,,,0,7.43,0.8448988199234009
165,5,be,2,0,5,0.3333333333333333,16,-1,,,0,6.79,1.7115042209625244
165,6,in,2,0,6,0.4,16,-1,,,0,7.27,4.50479793548584
165,7,a,1,0,7,0.4666666666666667,16,-1,,,0,7.36,2.2874419689178467
165,8,contest,7,1,8,0.5333333333333333,16,-1,,,0,4.53,12.030694961547852
165,9,to,2,0,9,0.6,16,-1,,,0,7.43,2.3702847957611084
165,10,see,3,1,10,0.6666666666666666,16,-1,,,0,6.1,2.9961066246032715
165,11,who,3,0,11,0.7333333333333333,16,-1,,,0,6.34,0.16303691267967224
165,12,can,3,0,12,0.8,16,-1,,,0,6.46,0.761573851108551
165,13,out-bad-act,9,1,13,0.8666666666666667,16,-1,,,0,0.0,40.09144389629364
165,14,the,3,0,14,0.9333333333333333,16,-1,,,0,7.73,5.226553440093994
165,15,other.,5,0,15,1.0,16,-1,,,0,6.16,5.3166303634643555
166,0,This,4,0,0,0.0,26,1,,,0,6.82,7.008680820465088
166,1,is,2,0,1,0.04,26,1,,,0,7.07,2.4452455043792725
166,2,one,3,1,2,0.08,26,1,,,0,6.47,5.318312168121338
166,3,of,2,0,3,0.12,26,1,,,0,7.4,0.2898690402507782
166,4,those,5,0,4,0.16,26,1,,,0,5.9,2.3416478633880615
166,5,war,3,1,5,0.2,26,1,-2.9,2.9,1,5.46,15.680161476135254
166,6,movies,6,1,6,0.24,26,1,,,0,4.79,4.4488067626953125
166,7,that,4,0,7,0.28,26,1,,,0,7.01,1.5063557624816895
166,8,focuses,7,1,8,0.32,26,1,,,0,4.08,9.881657600402832
166,9,on,2,0,9,0.36,26,1,,,0,6.91,0.5730119347572327
166,10,human,5,1,10,0.4,26,1,,,0,5.35,8.855957984924316
166,11,interaction,11,1,11,0.44,26,1,,,0,4.29,7.887688159942627
166,12,rather,6,1,12,0.48,26,1,,,0,5.32,5.045627593994141
166,13,than,4,0,13,0.52,26,1,,,0,6.13,0.003978315740823746
166,14,battle,6,1,14,0.56,26,1,-1.6,1.6,1,4.94,8.192598342895508
166,15,and,3,0,15,0.6,26,1,,,0,7.41,4.48123025894165
166,16,action,6,1,16,0.64,26,1,,,0,5.25,9.560141563415527
166,17,sequences...,9,1,17,0.68,26,1,,,0,3.85,18.532026290893555
166,18,and,3,0,18,0.72,26,1,,,0,7.41,4.220930099487305
166,19,it's,3,1,19,0.76,26,1,,,0,6.33,3.570203185081482
166,20,all,3,0,20,0.8,26,1,,,0,6.52,5.858617782592773
166,21,the,3,0,21,0.84,26,1,,,0,7.73,5.679326057434082
166,22,stronger,8,1,22,0.88,26,1,1.6,1.6,1,4.55,8.835851669311523
166,23,because,7,0,23,0.92,26,1,,,0,6.03,3.013228178024292
166,24,of,2,0,24,0.96,26,1,,,0,7.4,2.2628583908081055
166,25,it.,2,0,25,1.0,26,1,,,0,6.95,5.091217398643494
167,0,Like,4,1,0,0.0,12,-1,1.5,1.5,1,6.41,10.634690284729004
167,1,life,4,1,1,0.09090909090909091,12,-1,,,0,5.89,12.674369812011719
167,2,on,2,0,2,0.18181818181818182,12,-1,,,0,6.91,3.648808002471924
167,3,the,3,0,3,0.2727272727272727,12,-1,,,0,7.73,2.991997718811035
167,4,"island,",6,1,4,0.36363636363636365,12,-1,,,0,5.01,7.508615851402283
167,5,the,3,0,5,0.45454545454545453,12,-1,,,0,7.73,3.2591538429260254
167,6,movie,5,1,6,0.5454545454545454,12,-1,,,0,5.16,12.33776569366455
167,7,grows,5,1,7,0.6363636363636364,12,-1,,,0,4.18,13.542632102966309
167,8,boring,6,1,8,0.7272727272727273,12,-1,-1.3,1.3,1,4.43,12.412757873535156
167,9,despite,7,1,9,0.8181818181818182,12,-1,,,0,5.0,10.772099494934082
167,10,the,3,0,10,0.9090909090909091,12,-1,,,0,7.73,1.8922080993652344
167,11,scenery.,7,1,11,1.0,12,-1,,,0,3.68,11.27177619934082
168,0,It's,3,1,0,0.0,23,1,,,0,6.33,8.079905390739441
168,1,anchored,8,1,1,0.045454545454545456,23,1,,,0,3.46,20.856792449951172
168,2,by,2,0,2,0.09090909090909091,23,1,,,0,6.66,1.4680370092391968
168,3,splendid,8,1,3,0.13636363636363635,23,1,2.8,2.8,1,3.75,18.367076873779297
168,4,performances,12,1,4,0.18181818181818182,23,1,,,0,4.29,6.760399341583252
168,5,from,4,0,5,0.22727272727272727,23,1,,,0,6.63,1.1825348138809204
168,6,an,2,0,6,0.2727272727272727,23,1,,,0,6.53,8.905303001403809
168,7,honored,7,1,7,0.3181818181818182,23,1,2.8,2.8,1,4.1,12.370614051818848
168,8,screen,6,1,8,0.36363636363636365,23,1,,,0,4.85,12.506568908691406
168,9,veteran,7,1,9,0.4090909090909091,23,1,,,0,4.21,7.126386642456055
168,10,and,3,0,10,0.45454545454545453,23,1,,,0,7.41,2.908290147781372
168,11,a,1,0,11,0.5,23,1,,,0,7.36,2.8184125423431396
168,12,sparkling,9,1,12,0.5454545454545454,23,1,1.2,1.2,1,3.56,10.372200965881348
168,13,newcomer,8,1,13,0.5909090909090909,23,1,,,0,3.4,9.342018127441406
168,14,who,3,0,14,0.6363636363636364,23,1,,,0,6.34,4.586479663848877
168,15,instantly,9,1,15,0.6818181818181818,23,1,,,0,4.23,12.109138488769531
168,16,transform,9,1,16,0.7272727272727273,23,1,,,0,4.04,11.862997055053711
168,17,themselves,10,0,17,0.7727272727272727,23,1,,,0,5.16,4.6004462242126465
168,18,into,4,0,18,0.8181818181818182,23,1,,,0,6.11,0.5987892150878906
168,19,a,1,0,19,0.8636363636363636,23,1,,,0,7.36,2.9735491275787354
168,20,believable,10,1,20,0.9090909090909091,23,1,,,0,3.29,10.806774139404297
168,21,mother/daughter,14,1,21,0.9545454545454546,23,1,,,0,0.0,25.694955199956894
168,22,pair.,4,1,22,1.0,23,1,,,0,4.72,4.349891483783722
169,0,An,2,0,0,0.0,24,-1,,,0,6.53,8.940566062927246
169,1,atonal,6,1,1,0.043478260869565216,24,-1,,,0,2.08,21.94824981689453
169,2,estrogen,8,1,2,0.08695652173913043,24,-1,,,0,3.36,16.266862869262695
169,3,opera,5,1,3,0.13043478260869565,24,-1,,,0,4.27,21.617753982543945
169,4,that,4,0,4,0.17391304347826086,24,-1,,,0,7.01,5.193931579589844
169,5,demonizes,9,1,5,0.21739130434782608,24,-1,,,0,1.88,16.20854687690735
169,6,feminism,8,1,6,0.2608695652173913,24,-1,,,0,3.85,8.491325378417969
169,7,while,5,0,7,0.30434782608695654,24,-1,,,0,5.86,8.847437858581543
169,8,gifting,7,1,8,0.34782608695652173,24,-1,,,0,2.97,16.916534485295415
169,9,the,3,0,9,0.391304347826087,24,-1,,,0,7.73,4.518668174743652
169,10,most,4,0,10,0.43478260869565216,24,-1,,,0,6.0,6.717524528503418
169,11,sympathetic,11,1,11,0.4782608695652174,24,-1,2.3,2.3,1,3.81,9.959826469421387
169,12,male,4,1,12,0.5217391304347826,24,-1,,,0,4.89,5.684154033660889
169,13,of,2,0,13,0.5652173913043478,24,-1,,,0,7.4,7.749774932861328
169,14,the,3,0,14,0.6086956521739131,24,-1,,,0,7.73,2.806792974472046
169,15,piece,5,1,15,0.6521739130434783,24,-1,,,0,5.04,10.993579864501953
169,16,with,4,0,16,0.6956521739130435,24,-1,,,0,6.85,2.444251775741577
169,17,a,1,0,17,0.7391304347826086,24,-1,,,0,7.36,1.8113154172897339
169,18,nice,4,1,18,0.782608695652174,24,-1,1.8,1.8,1,5.37,8.656488418579102
169,19,vomit,5,1,19,0.8260869565217391,24,-1,,,0,3.53,18.963436126708984
169,20,bath,4,1,20,0.8695652173913043,24,-1,,,0,4.44,8.57262134552002
169,21,at,2,0,21,0.9130434782608695,24,-1,,,0,6.7,7.684325218200684
169,22,his,3,0,22,0.9565217391304348,24,-1,,,0,6.51,5.882750988006592
169,23,wedding.,7,1,23,1.0,24,-1,,,0,4.83,7.869672656059265
170,0,Even,4,1,0,0.0,14,-1,,,0,5.99,10.479573249816895
170,1,by,2,0,1,0.07692307692307693,14,-1,,,0,6.66,8.368553161621094
170,2,the,3,0,2,0.15384615384615385,14,-1,,,0,7.73,2.178449869155884
170,3,intentionally,13,1,3,0.23076923076923078,14,-1,,,0,3.82,20.17885971069336
170,4,low,3,1,4,0.3076923076923077,14,-1,-1.1,1.1,1,5.33,4.551941871643066
170,5,standards,9,1,5,0.38461538461538464,14,-1,,,0,4.78,1.3425405025482178
170,6,of,2,0,6,0.46153846153846156,14,-1,,,0,7.4,1.056862235069275
170,7,frat-boy,7,1,7,0.5384615384615384,14,-1,,,0,1.29,25.686543703079224
170,8,"humor,",5,1,8,0.6153846153846154,14,-1,1.1,1.1,1,4.19,9.524069547653198
170,9,Sorority,8,1,9,0.6923076923076923,14,-1,,,0,3.26,17.975388050079346
170,10,Boys,4,1,10,0.7692307692307693,14,-1,,,0,5.03,12.403223037719727
170,11,is,2,0,11,0.8461538461538461,14,-1,,,0,7.07,3.035619020462036
170,12,a,1,0,12,0.9230769230769231,14,-1,,,0,7.36,2.2310667037963867
170,13,bowser.,6,1,13,1.0,14,-1,,,0,3.03,31.048526763916016
171,0,Director,8,1,0,0.0,18,1,,,0,5.15,14.244830131530762
171,1,of,2,0,1,0.058823529411764705,18,1,,,0,7.4,3.0514180660247803
171,2,photography,11,1,2,0.11764705882352941,18,1,,,0,4.45,7.210587978363037
171,3,Benoit,6,1,3,0.17647058823529413,18,1,,,0,2.99,15.395299434661865
171,4,Delhomme,8,1,4,0.23529411764705882,18,1,,,0,1.68,14.29678327171132
171,5,shot,4,1,5,0.29411764705882354,18,1,,,0,5.22,8.43084716796875
171,6,the,3,0,6,0.35294117647058826,18,1,,,0,7.73,2.145297050476074
171,7,movie,5,1,7,0.4117647058823529,18,1,,,0,5.16,5.480792045593262
171,8,in,2,0,8,0.47058823529411764,18,1,,,0,7.27,2.521554946899414
171,9,delicious,9,1,9,0.5294117647058824,18,1,2.7,2.7,1,4.34,20.74015235900879
171,10,"colors,",6,1,10,0.5882352941176471,18,1,,,0,4.46,9.167142391204834
171,11,and,3,0,11,0.6470588235294118,18,1,,,0,7.41,3.4135360717773438
171,12,the,3,0,12,0.7058823529411765,18,1,,,0,7.73,3.6779093742370605
171,13,costumes,8,1,13,0.7647058823529411,18,1,,,0,3.89,9.860413551330566
171,14,and,3,0,14,0.8235294117647058,18,1,,,0,7.41,3.4213807582855225
171,15,sets,4,1,15,0.8823529411764706,18,1,,,0,4.69,6.177134037017822
171,16,are,3,0,16,0.9411764705882353,18,1,,,0,6.74,2.3825631141662598
171,17,grand.,5,1,17,1.0,18,1,2.0,2.0,1,4.91,15.522735714912415
172,0,The,3,0,0,0.0,20,-1,,,0,7.73,4.729319095611572
172,1,only,4,0,1,0.05263157894736842,20,-1,,,0,6.12,8.78940200805664
172,2,entertainment,13,1,2,0.10526315789473684,20,-1,1.8,1.8,1,4.6,15.23110294342041
172,3,you'll,5,1,3,0.15789473684210525,20,-1,,,0,5.22,8.51319146156311
172,4,derive,6,1,4,0.21052631578947367,20,-1,,,0,3.51,14.694133758544922
172,5,from,4,0,5,0.2631578947368421,20,-1,,,0,6.63,0.53146892786026
172,6,this,4,0,6,0.3157894736842105,20,-1,,,0,6.82,3.078239917755127
172,7,choppy,6,1,7,0.3684210526315789,20,-1,,,0,2.91,17.719081431627274
172,8,and,3,0,8,0.42105263157894735,20,-1,,,0,7.41,5.27247428894043
172,9,sloppy,6,1,9,0.47368421052631576,20,-1,,,0,3.59,9.588400840759277
172,10,affair,6,1,10,0.5263157894736842,20,-1,,,0,4.3,8.997915267944336
172,11,will,4,0,11,0.5789473684210527,20,-1,,,0,6.45,5.160624027252197
172,12,be,2,0,12,0.631578947368421,20,-1,,,0,6.79,0.5038068890571594
172,13,from,4,0,13,0.6842105263157895,20,-1,,,0,6.63,4.706639289855957
172,14,unintentional,13,1,14,0.7368421052631579,20,-1,,,0,3.12,16.760906219482422
172,15,giggles,7,1,15,0.7894736842105263,20,-1,0.8,0.8,1,3.36,10.12788538634777
172,16,--,0,0,16,0.8421052631578947,20,-1,,,0,,10.069219589233398
172,17,several,7,1,17,0.8947368421052632,20,-1,,,0,5.39,11.878971099853516
172,18,of,2,0,18,0.9473684210526315,20,-1,,,0,7.4,2.175124168395996
172,19,them.,4,0,19,1.0,20,-1,,,0,6.19,7.882152557373047
173,0,The,3,0,0,0.0,20,0,,,0,7.73,4.729320049285889
173,1,film,4,1,1,0.05263157894736842,20,0,,,0,5.2,10.617304801940918
173,2,serves,6,1,2,0.10526315789473684,20,0,,,0,4.39,11.506872177124023
173,3,as,2,0,3,0.15789473684210525,20,0,,,0,6.77,0.34107789397239685
173,4,a,1,0,4,0.21052631578947367,20,0,,,0,7.36,0.7473786473274231
173,5,valuable,8,1,5,0.2631578947368421,20,0,2.1,2.1,1,4.51,9.042363166809082
173,6,time,4,1,6,0.3157894736842105,20,0,,,0,6.29,11.813804626464844
173,7,capsule,7,1,7,0.3684210526315789,20,0,,,0,3.7,0.5150067806243896
173,8,to,2,0,8,0.42105263157894735,20,0,,,0,7.43,2.1767141819000244
173,9,remind,6,1,9,0.47368421052631576,20,0,,,0,4.37,11.046996116638184
173,10,us,2,1,10,0.5263157894736842,20,0,,,0,6.04,1.2450180053710938
173,11,of,2,0,11,0.5789473684210527,20,0,,,0,7.4,1.7429559230804443
173,12,the,3,0,12,0.631578947368421,20,0,,,0,7.73,1.3926688432693481
173,13,devastating,11,1,13,0.6842105263157895,20,0,-3.3,3.3,1,3.85,8.874088287353516
173,14,horror,6,1,14,0.7368421052631579,20,0,-2.7,2.7,1,4.43,9.467865943908691
173,15,suffered,8,1,15,0.7894736842105263,20,0,-2.2,2.2,1,4.52,13.043519973754883
173,16,by,2,0,16,0.8421052631578947,20,0,,,0,6.66,0.4159333407878876
173,17,an,2,0,17,0.8947368421052632,20,0,,,0,6.53,8.14539909362793
173,18,entire,6,1,18,0.9473684210526315,20,0,,,0,5.09,1.945893406867981
173,19,people.,6,1,19,1.0,20,0,,,0,6.25,10.357624769210815
174,0,A,1,0,0,0.0,23,1,,,0,7.36,5.6875901222229
174,1,bittersweet,11,1,1,0.045454545454545456,23,1,-0.3,0.3,1,3.24,15.707012406084687
174,2,contemporary,12,1,2,0.09090909090909091,23,1,,,0,4.49,16.113384246826172
174,3,comedy,6,1,3,0.13636363636363635,23,1,1.5,1.5,1,4.51,7.434232234954834
174,4,about,5,0,4,0.18181818181818182,23,1,,,0,6.4,1.9359015226364136
174,5,benevolent,10,1,5,0.22727272727272727,23,1,2.7,2.7,1,3.34,17.046476364135742
174,6,"deception,",9,1,6,0.2727272727272727,23,1,-1.9,1.9,1,3.65,13.247644782066345
174,7,"which,",5,0,7,0.3181818181818182,23,1,,,0,6.3,13.856222152709961
174,8,while,5,0,8,0.36363636363636365,23,1,,,0,5.86,4.985405921936035
174,9,it,2,0,9,0.4090909090909091,23,1,,,0,6.95,4.009213924407959
174,10,may,3,1,10,0.45454545454545453,23,1,,,0,5.98,3.421924352645874
174,11,not,3,0,11,0.5,23,1,,,0,6.69,2.5298118591308594
174,12,rival,5,1,12,0.5454545454545454,23,1,,,0,4.18,11.62884521484375
174,13,the,3,0,13,0.5909090909090909,23,1,,,0,7.73,1.86299467086792
174,14,filmmaker's,10,1,14,0.6363636363636364,23,1,,,0,2.07,13.843928754329681
174,15,period,6,1,15,0.6818181818181818,23,1,,,0,5.21,13.740697860717773
174,16,"pieces,",6,1,16,0.7272727272727273,23,1,,,0,4.72,3.619230806827545
174,17,is,2,0,17,0.7727272727272727,23,1,,,0,7.07,1.838437795639038
174,18,still,5,1,18,0.8181818181818182,23,1,,,0,5.92,3.244619369506836
174,19,very,4,0,19,0.8636363636363636,23,1,,,0,6.0,5.309969902038574
174,20,much,4,1,20,0.9090909090909091,23,1,,,0,6.0,0.48762795329093933
174,21,worth,5,1,21,0.9545454545454546,23,1,0.9,0.9,1,5.16,7.658326625823975
174,22,seeing.,6,1,22,1.0,23,1,,,0,5.04,5.667471945285797
175,0,Attal,5,1,0,0.0,12,-1,,,0,1.04,24.876266479492188
175,1,pushes,6,1,1,0.09090909090909091,12,-1,,,0,3.76,16.216697692871094
175,2,too,3,0,2,0.18181818181818182,12,-1,,,0,5.95,10.380545616149902
175,3,hard,4,1,3,0.2727272727272727,12,-1,-0.4,0.4,1,5.53,1.1500989198684692
175,4,to,2,0,4,0.36363636363636365,12,-1,,,0,7.43,2.6720082759857178
175,5,make,4,1,5,0.45454545454545453,12,-1,,,0,6.08,4.696349620819092
175,6,this,4,0,6,0.5454545454545454,12,-1,,,0,6.82,6.214751243591309
175,7,a,1,0,7,0.6363636363636364,12,-1,,,0,7.36,4.098428249359131
175,8,comedy,6,1,8,0.7272727272727273,12,-1,1.5,1.5,1,4.51,10.306997299194336
175,9,or,2,0,9,0.8181818181818182,12,-1,,,0,6.54,6.423152923583984
175,10,serious,7,1,10,0.9090909090909091,12,-1,-0.3,0.3,1,5.1,9.22242259979248
175,11,drama.,5,1,11,1.0,12,-1,,,0,4.67,7.535438299179077
176,0,Isabelle,8,1,0,0.0,24,1,,,0,3.3,18.663330495357513
176,1,Huppert,7,1,1,0.043478260869565216,24,1,,,0,2.27,12.734763205051422
176,2,excels,6,1,2,0.08695652173913043,24,1,2.5,2.5,1,2.93,17.26033803448081
176,3,as,2,0,3,0.13043478260869565,24,1,,,0,6.77,4.470773696899414
176,4,the,3,0,4,0.17391304347826086,24,1,,,0,7.73,3.5774245262145996
176,5,enigmatic,9,1,5,0.21739130434782608,24,1,,,0,3.11,12.086215019226074
176,6,Mika,4,1,6,0.2608695652173913,24,1,,,0,3.15,17.992265701293945
176,7,and,3,0,7,0.30434782608695654,24,1,,,0,7.41,6.1407470703125
176,8,Anna,4,1,8,0.34782608695652173,24,1,,,0,4.37,9.775463104248047
176,9,Mouglalis,9,1,9,0.391304347826087,24,1,,,0,0.0,40.942625999450684
176,10,is,2,0,10,0.43478260869565216,24,1,,,0,7.07,6.792919158935547
176,11,a,1,0,11,0.4782608695652174,24,1,,,0,7.36,3.0806949138641357
176,12,stunning,8,1,12,0.5217391304347826,24,1,1.6,1.6,1,4.27,8.298052787780762
176,13,new,3,1,13,0.5652173913043478,24,1,,,0,6.25,7.08643102645874
176,14,young,5,1,14,0.6086956521739131,24,1,,,0,5.43,7.85987663269043
176,15,talent,6,1,15,0.6521739130434783,24,1,1.8,1.8,1,4.64,5.495201110839844
176,16,in,2,0,16,0.6956521739130435,24,1,,,0,7.27,4.127017974853516
176,17,one,3,1,17,0.7391304347826086,24,1,,,0,6.47,7.660605430603027
176,18,of,2,0,18,0.782608695652174,24,1,,,0,7.4,0.4914385676383972
176,19,Chabrol's,8,1,19,0.8260869565217391,24,1,,,0,0.0,28.41272796690464
176,20,most,4,0,20,0.8695652173913043,24,1,,,0,6.0,1.0965555906295776
176,21,intense,7,1,21,0.9130434782608695,24,1,0.3,0.3,1,4.39,8.729575157165527
176,22,psychological,13,1,22,0.9565217391304348,24,1,,,0,4.27,9.77164363861084
176,23,mysteries.,9,1,23,1.0,24,1,,,0,3.73,8.072503924369812
177,0,A,1,0,0,0.0,7,1,,,0,7.36,5.687582969665527
177,1,small,5,1,1,0.16666666666666666,7,1,,,0,5.51,8.00395679473877
177,2,movie,5,1,2,0.3333333333333333,7,1,,,0,5.16,12.69980525970459
177,3,with,4,0,3,0.5,7,1,,,0,6.85,6.311999320983887
177,4,a,1,0,4,0.6666666666666666,7,1,,,0,7.36,2.1168062686920166
177,5,big,3,1,5,0.8333333333333334,7,1,,,0,5.67,5.295936107635498
177,6,impact.,6,1,6,1.0,7,1,,,0,4.92,8.596942901611328
178,0,This,4,0,0,0.0,27,1,,,0,6.82,7.0086588859558105
178,1,bold,4,1,1,0.038461538461538464,27,1,1.6,1.6,1,4.26,15.115408897399902
178,2,and,3,0,2,0.07692307692307693,27,1,,,0,7.41,3.8507399559020996
178,3,lyrical,7,1,3,0.11538461538461539,27,1,,,0,3.43,10.929122598841786
178,4,first,5,1,4,0.15384615384615385,27,1,,,0,6.11,9.587821006774902
178,5,feature,7,1,5,0.19230769230769232,27,1,,,0,4.82,7.199915409088135
178,6,from,4,0,6,0.23076923076923078,27,1,,,0,6.63,4.359833717346191
178,7,Raja,4,1,7,0.2692307692307692,27,1,,,0,3.31,15.987922668457031
178,8,Amari,5,1,8,0.3076923076923077,27,1,,,0,2.56,19.801620483398438
178,9,expands,7,1,9,0.34615384615384615,27,1,0.4,0.4,1,3.58,11.032017707824707
178,10,the,3,0,10,0.38461538461538464,27,1,,,0,7.73,4.099656581878662
178,11,pat,3,1,11,0.4230769230769231,27,1,,,0,4.24,16.368284225463867
178,12,notion,6,1,12,0.46153846153846156,27,1,,,0,4.17,18.61651039123535
178,13,that,4,0,13,0.5,27,1,,,0,7.01,2.241875648498535
178,14,middle-aged,10,1,14,0.5384615384615384,27,1,,,0,1.37,16.710241198539734
178,15,women,5,1,15,0.5769230769230769,27,1,,,0,5.57,1.883740782737732
178,16,just,4,0,16,0.6153846153846154,27,1,,,0,6.43,10.507944107055664
178,17,wanna,5,1,17,0.6538461538461539,27,1,,,0,5.04,10.335956573486328
178,18,have,4,0,18,0.6923076923076923,27,1,,,0,6.71,2.937396287918091
178,19,fun,3,1,19,0.7307692307692307,27,1,2.3,2.3,1,5.3,2.5192489624023438
178,20,into,4,0,20,0.7692307692307693,27,1,,,0,6.11,12.9827241897583
178,21,a,1,0,21,0.8076923076923077,27,1,,,0,7.36,1.5765924453735352
178,22,rousing,7,1,22,0.8461538461538461,27,1,,,0,2.98,11.692643880844116
178,23,treatise,8,1,23,0.8846153846153846,27,1,,,0,3.38,14.60070013999939
178,24,of,2,0,24,0.9230769230769231,27,1,,,0,7.4,4.908004283905029
178,25,sensual,7,1,25,0.9615384615384616,27,1,,,0,3.36,9.82600724697113
178,26,empowerment.,11,1,26,1.0,27,1,,,0,3.54,9.513818979263306
179,0,Photographed,12,1,0,0.0,11,0,,,0,3.72,19.328683853149414
179,1,with,4,0,1,0.1,11,0,,,0,6.85,6.330163478851318
179,2,melancholy,10,1,2,0.2,11,0,-1.9,1.9,1,3.39,19.912975311279297
179,3,richness,8,1,3,0.3,11,0,2.2,2.2,1,3.26,16.441499710083008
179,4,and,3,0,4,0.4,11,0,,,0,7.41,2.0195980072021484
179,5,eloquently,10,1,5,0.5,11,0,,,0,2.96,24.062949180603027
179,6,performed,9,1,6,0.6,11,0,,,0,4.68,8.808072090148926
179,7,yet,3,1,7,0.7,11,0,,,0,5.54,10.630111694335938
179,8,also,4,1,8,0.8,11,0,,,0,6.19,6.936463356018066
179,9,decidedly,9,1,9,0.9,11,0,,,0,3.37,12.542866706848145
179,10,uncinematic.,11,1,10,1.0,11,0,,,0,0.0,27.589397341012955
180,0,Hey,3,1,0,0.0,18,0,,,0,5.12,11.89820671081543
180,1,Arnold!,6,1,1,0.058823529411764705,18,0,,,0,4.0,14.127298831939697
180,2,is,2,0,2,0.11764705882352941,18,0,,,0,7.07,13.25037670135498
180,3,now,3,0,3,0.17647058823529413,18,0,,,0,6.18,7.500435829162598
180,4,stretched,9,1,4,0.23529411764705882,18,0,,,0,3.88,17.1038818359375
180,5,to,2,0,5,0.29411764705882354,18,0,,,0,7.43,1.7074958086013794
180,6,barely,6,1,6,0.35294117647058826,18,0,,,0,4.49,12.521829605102539
180,7,feature,7,1,7,0.4117647058823529,18,0,,,0,4.82,11.180789947509766
180,8,"length,",6,1,8,0.47058823529411764,18,0,,,0,4.77,14.1465003490448
180,9,with,4,0,9,0.5294117647058824,18,0,,,0,6.85,5.45353889465332
180,10,a,1,0,10,0.5882352941176471,18,0,,,0,7.36,2.9497933387756348
180,11,little,6,1,11,0.6470588235294118,18,0,,,0,5.75,6.140949249267578
180,12,more,4,0,12,0.7058823529411765,18,0,,,0,6.36,3.5654733180999756
180,13,attention,9,1,13,0.7647058823529411,18,0,,,0,5.11,9.9253568649292
180,14,paid,4,1,14,0.8235294117647058,18,0,,,0,5.12,3.6483144760131836
180,15,to,2,0,15,0.8823529411764706,18,0,,,0,7.43,0.2749057412147522
180,16,the,3,0,16,0.9411764705882353,18,0,,,0,7.73,1.8594034910202026
180,17,animation.,9,1,17,1.0,18,0,,,0,4.18,11.424683213233948
181,0,After,5,0,0,0.0,8,-1,,,0,6.11,9.298101425170898
181,1,"that,",4,0,1,0.14285714285714285,8,-1,,,0,7.01,10.452357769012451
181,2,it,2,0,2,0.2857142857142857,8,-1,,,0,6.95,3.8709707260131836
181,3,just,4,0,3,0.42857142857142855,8,-1,,,0,6.43,7.338251113891602
181,4,gets,4,1,4,0.5714285714285714,8,-1,,,0,5.25,5.619039535522461
181,5,stupid,6,1,5,0.7142857142857143,8,-1,-2.4,2.4,1,4.94,12.822959899902344
181,6,and,3,0,6,0.8571428571428571,8,-1,,,0,7.41,3.718284845352173
181,7,maudlin.,7,1,7,1.0,8,-1,,,0,2.39,18.522585426457226
182,0,The,3,0,0,0.0,16,1,,,0,7.73,4.729320049285889
182,1,"stunning,",8,1,1,0.06666666666666667,16,1,1.6,1.6,1,4.27,20.268680572509766
182,2,dreamlike,9,1,2,0.13333333333333333,16,1,,,0,2.52,12.261281371116638
182,3,visuals,7,1,3,0.2,16,1,,,0,3.57,7.469815731048584
182,4,will,4,0,4,0.26666666666666666,16,1,,,0,6.45,7.337874412536621
182,5,impress,7,1,5,0.3333333333333333,16,1,1.9,1.9,1,3.93,9.13300609588623
182,6,even,4,1,6,0.4,16,1,,,0,5.99,2.880958318710327
182,7,those,5,0,7,0.4666666666666667,16,1,,,0,5.9,3.3051838874816895
182,8,viewers,7,1,8,0.5333333333333333,16,1,,,0,4.22,15.32119083404541
182,9,who,3,0,9,0.6,16,1,,,0,6.34,0.5658502578735352
182,10,have,4,0,10,0.6666666666666666,16,1,,,0,6.71,2.542011260986328
182,11,little,6,1,11,0.7333333333333333,16,1,,,0,5.75,7.453349590301514
182,12,patience,8,1,12,0.8,16,1,,,0,4.2,4.546424388885498
182,13,for,3,0,13,0.8666666666666667,16,1,,,0,7.01,0.18774396181106567
182,14,Euro-film,8,1,14,0.9333333333333333,16,1,,,0,0.0,29.925543785095215
182,15,pretension.,10,1,15,1.0,16,1,,,0,2.34,18.71421718597412
183,0,Plods,5,1,0,0.0,16,0,,,0,1.7,26.443832397460938
183,1,"along,",5,1,1,0.06666666666666667,16,0,,,0,5.38,19.23783779144287
183,2,minus,5,1,2,0.13333333333333333,16,0,,,0,4.0,15.143369674682617
183,3,the,3,0,3,0.2,16,0,,,0,7.73,1.690578818321228
183,4,twisted,7,1,4,0.26666666666666666,16,0,,,0,3.98,14.657891273498535
183,5,humor,5,1,5,0.3333333333333333,16,0,1.1,1.1,1,4.19,13.142627716064453
183,6,and,3,0,6,0.4,16,0,,,0,7.41,3.5742270946502686
183,7,eye-popping,10,1,7,0.4666666666666667,16,0,,,0,0.0,15.769447808153927
183,8,visuals,7,1,8,0.5333333333333333,16,0,,,0,3.57,5.58522891998291
183,9,that,4,0,9,0.6,16,0,,,0,7.01,4.451896667480469
183,10,have,4,0,10,0.6666666666666666,16,0,,,0,6.71,4.252645492553711
183,11,made,4,1,11,0.7333333333333333,16,0,,,0,5.92,2.53918719291687
183,12,Miike...,5,1,12,0.8,16,0,,,0,1.91,33.03827619552612
183,13,a,1,0,13,0.8666666666666667,16,0,,,0,7.36,8.660873413085938
183,14,cult,4,1,14,0.9333333333333333,16,0,,,0,4.09,6.122747421264648
183,15,hero.,4,1,15,1.0,16,0,2.6,2.6,1,4.68,6.8863365650177
184,0,Impresses,9,1,0,0.0,19,1,2.1,2.1,1,2.87,27.49685001373291
184,1,as,2,0,1,0.05555555555555555,19,1,,,0,6.77,8.693416595458984
184,2,a,1,0,2,0.1111111111111111,19,1,,,0,7.36,3.3256373405456543
184,3,skillfully,10,1,3,0.16666666666666666,19,1,,,0,2.84,18.760610580444336
184,4,"assembled,",9,1,4,0.2222222222222222,19,1,,,0,3.96,12.259320259094238
184,5,highly,6,1,5,0.2777777777777778,19,1,,,0,4.89,6.024494171142578
184,6,polished,8,1,6,0.3333333333333333,19,1,,,0,3.76,4.185705661773682
184,7,and,3,0,7,0.3888888888888889,19,1,,,0,7.41,3.2110350131988525
184,8,professional,12,1,8,0.4444444444444444,19,1,,,0,5.05,8.15318489074707
184,9,adaptation...,10,1,9,0.5,19,1,,,0,4.01,26.659339904785156
184,10,just,4,0,10,0.5555555555555556,19,1,,,0,6.43,10.408552169799805
184,11,about,5,0,11,0.6111111111111112,19,1,,,0,6.4,6.12951135635376
184,12,as,2,0,12,0.6666666666666666,19,1,,,0,6.77,4.688491344451904
184,13,chilling,8,1,13,0.7222222222222222,19,1,-0.1,0.1,1,3.69,16.23332977294922
184,14,and,3,0,14,0.7777777777777778,19,1,,,0,7.41,3.294842481613159
184,15,unsettling,10,1,15,0.8333333333333334,19,1,,,0,3.29,8.601960182189941
184,16,as,2,0,16,0.8888888888888888,19,1,,,0,6.77,0.21333402395248413
184,17,`Manhunter',9,1,17,0.9444444444444444,19,1,,,0,2.34,30.17029583454132
184,18,was.,3,0,18,1.0,19,1,,,0,6.82,6.989953398704529
185,0,For,3,0,0,0.0,18,1,,,0,7.01,7.997677326202393
185,1,the,3,0,1,0.058823529411764705,18,1,,,0,7.73,2.8838536739349365
185,2,most,4,0,2,0.11764705882352941,18,1,,,0,6.0,4.941579341888428
185,3,"part,",4,1,3,0.17647058823529413,18,1,,,0,5.78,0.37022607773542404
185,4,it's,3,1,4,0.23529411764705882,18,1,,,0,6.33,5.75504207611084
185,5,a,1,0,5,0.29411764705882354,18,1,,,0,7.36,3.330914258956909
185,6,work,4,1,6,0.35294117647058826,18,1,,,0,5.96,8.354576110839844
185,7,of,2,0,7,0.4117647058823529,18,1,,,0,7.4,2.2566418647766113
185,8,incendiary,10,1,8,0.47058823529411764,18,1,,,0,3.05,24.80656623840332
185,9,"genius,",6,1,9,0.5294117647058824,18,1,,,0,4.33,6.8426971435546875
185,10,steering,8,1,10,0.5882352941176471,18,1,,,0,3.93,15.37425708770752
185,11,clear,5,1,11,0.6470588235294118,18,1,1.6,1.6,1,5.25,3.6929187774658203
185,12,of,2,0,12,0.7058823529411765,18,1,,,0,7.4,0.03191014751791954
185,13,knee-jerk,8,1,13,0.7647058823529411,18,1,,,0,2.02,14.734618229500484
185,14,reactions,9,1,14,0.8235294117647058,18,1,,,0,4.24,3.9616663455963135
185,15,and,3,0,15,0.8823529411764706,18,1,,,0,7.41,3.2295238971710205
185,16,quick,5,1,16,0.9411764705882353,18,1,,,0,4.98,9.163100242614746
185,17,solutions.,9,1,17,1.0,18,1,0.7,0.7,1,4.5,9.756304383277893
186,0,It's,3,1,0,0.0,18,-1,,,0,6.33,8.079905390739441
186,1,badly,5,1,1,0.058823529411764705,18,-1,-2.1,2.1,1,4.44,16.564050674438477
186,2,"acted,",5,1,2,0.11764705882352941,18,-1,,,0,4.28,15.87598466873169
186,3,blandly,7,1,3,0.17647058823529413,18,-1,,,0,2.05,16.956480503082275
186,4,"directed,",8,1,4,0.23529411764705882,18,-1,,,0,4.6,9.001009225845337
186,5,and,3,0,5,0.29411764705882354,18,-1,,,0,7.41,1.1986079216003418
186,6,could,5,0,6,0.35294117647058826,18,-1,,,0,6.06,11.068580627441406
186,7,have,4,0,7,0.4117647058823529,18,-1,,,0,6.71,3.1479644775390625
186,8,been,4,0,8,0.47058823529411764,18,-1,,,0,6.27,0.9887703061103821
186,9,scripted,8,1,9,0.5294117647058824,18,-1,,,0,3.4,7.747100830078125
186,10,by,2,0,10,0.5882352941176471,18,-1,,,0,6.66,3.3670783042907715
186,11,someone,7,1,11,0.6470588235294118,18,-1,,,0,5.63,3.5841281414031982
186,12,who,3,0,12,0.7058823529411765,18,-1,,,0,6.34,2.115086555480957
186,13,just,4,0,13,0.7647058823529411,18,-1,,,0,6.43,5.971548557281494
186,14,graduated,9,1,14,0.8235294117647058,18,-1,,,0,4.14,7.897849082946777
186,15,from,4,0,15,0.8823529411764706,18,-1,,,0,6.63,0.7791516780853271
186,16,elementary,10,1,16,0.9411764705882353,18,-1,,,0,4.33,9.50344181060791
186,17,school.,6,1,17,1.0,18,-1,,,0,5.71,0.9615707956254482
187,0,The,3,0,0,0.0,26,0,,,0,7.73,4.729319095611572
187,1,sort,4,1,1,0.04,26,0,,,0,5.0,13.89909839630127
187,2,of,2,0,2,0.08,26,0,,,0,7.4,0.09911420196294785
187,3,picture,7,1,3,0.12,26,0,,,0,5.13,10.770708084106445
187,4,in,2,0,4,0.16,26,0,,,0,7.27,7.148168563842773
187,5,"which,",5,0,5,0.2,26,0,,,0,6.3,8.302919179201126
187,6,whenever,8,1,6,0.24,26,0,,,0,4.63,10.185881614685059
187,7,one,3,1,7,0.28,26,0,,,0,6.47,5.351099491119385
187,8,of,2,0,8,0.32,26,0,,,0,7.4,3.9855709075927734
187,9,the,3,0,9,0.36,26,0,,,0,7.73,1.576062798500061
187,10,characters,10,1,10,0.4,26,0,,,0,4.88,6.980361461639404
187,11,has,3,0,11,0.44,26,0,,,0,6.37,5.027729511260986
187,12,some,4,0,12,0.48,26,0,,,0,6.2,6.491570949554443
187,13,serious,7,1,13,0.52,26,0,-0.3,0.3,1,5.1,5.569169521331787
187,14,soul,4,1,14,0.56,26,0,,,0,4.81,10.507634162902832
187,15,searching,9,1,15,0.6,26,0,,,0,4.36,4.354461669921875
187,16,to,2,0,16,0.64,26,0,,,0,7.43,3.676034927368164
187,17,"do,",2,0,17,0.68,26,0,,,0,6.35,1.1071898639202118
187,18,they,4,0,18,0.72,26,0,,,0,6.5,3.08144474029541
187,19,go,2,1,19,0.76,26,0,,,0,6.03,6.128416061401367
187,20,to,2,0,20,0.8,26,0,,,0,7.43,2.7684900760650635
187,21,a,1,0,21,0.84,26,0,,,0,7.36,2.9030866622924805
187,22,picture-perfect,14,1,22,0.88,26,0,,,0,0.0,18.012056708335876
187,23,beach,5,1,23,0.92,26,0,,,0,4.92,6.182921886444092
187,24,during,6,0,24,0.96,26,0,,,0,5.72,11.015748977661133
187,25,sunset.,6,1,25,1.0,26,0,,,0,4.04,11.3311927318573
188,0,Despite,7,1,0,0.0,18,0,,,0,5.0,11.304693222045898
188,1,its,3,0,1,0.058823529411764705,18,0,,,0,6.14,5.152293682098389
188,2,raucous,7,1,2,0.11764705882352941,18,0,,,0,2.82,13.93880008882843
188,3,"intent,",6,1,3,0.17647058823529413,18,0,,,0,4.28,15.242743462324142
188,4,XXX,3,1,4,0.23529411764705882,18,0,,,0,3.73,16.032588958740234
188,5,is,2,0,5,0.29411764705882354,18,0,,,0,7.07,4.285698413848877
188,6,as,2,0,6,0.35294117647058826,18,0,,,0,6.77,7.7072577476501465
188,7,conventional,12,1,7,0.4117647058823529,18,0,,,0,4.25,12.810111999511719
188,8,as,2,0,8,0.47058823529411764,18,0,,,0,6.77,0.7759373784065247
188,9,a,1,0,9,0.5294117647058824,18,0,,,0,7.36,4.788926124572754
188,10,Nike,4,1,10,0.5882352941176471,18,0,,,0,3.88,14.826838493347168
188,11,ad,2,1,11,0.6470588235294118,18,0,,,0,4.76,3.2432587146759033
188,12,and,3,0,12,0.7058823529411765,18,0,,,0,7.41,6.131634712219238
188,13,as,2,0,13,0.7647058823529411,18,0,,,0,6.77,3.1034326553344727
188,14,rebellious,10,1,14,0.8235294117647058,18,0,-1.2,1.2,1,3.36,11.560646057128906
188,15,as,2,0,15,0.8823529411764706,18,0,,,0,6.77,0.30352798104286194
188,16,spring,6,1,16,0.9411764705882353,18,0,,,0,4.92,14.29222297668457
188,17,break.,5,1,17,1.0,18,0,,,0,5.18,6.335279107093811
189,0,...,0,0,0,0.0,7,1,,,0,,9.636149406433105
189,1,a,1,0,1,0.16666666666666666,7,1,,,0,7.36,8.276835441589355
189,2,roller-coaster,13,1,2,0.3333333333333333,7,1,,,0,3.15,20.31685581803322
189,3,ride,4,1,3,0.5,7,1,,,0,4.85,0.7637209296226501
189,4,of,2,0,4,0.6666666666666666,7,1,,,0,7.4,2.296433210372925
189,5,a,1,0,5,0.8333333333333334,7,1,,,0,7.36,4.791829586029053
189,6,movie,5,1,6,1.0,7,1,,,0,5.16,6.169316291809082
190,0,A,1,0,0,0.0,14,1,,,0,7.36,5.687591075897217
190,1,"colorful,",8,1,1,0.07692307692307693,14,1,,,0,3.8,18.240046977996826
190,2,vibrant,7,1,2,0.15384615384615385,14,1,2.4,2.4,1,3.67,7.567573547363281
190,3,introduction,12,1,3,0.23076923076923078,14,1,,,0,4.52,14.381340026855469
190,4,to,2,0,4,0.3076923076923077,14,1,,,0,7.43,0.23400886356830597
190,5,a,1,0,5,0.38461538461538464,14,1,,,0,7.36,4.632867336273193
190,6,universal,9,1,6,0.46153846153846156,14,1,,,0,4.49,12.143733024597168
190,7,human,5,1,7,0.5384615384615384,14,1,,,0,5.35,8.331538200378418
190,8,"impulse,",7,1,8,0.6153846153846154,14,1,,,0,3.72,14.045444250106812
190,9,lushly,6,1,9,0.6923076923076923,14,1,,,0,1.82,19.431162357330322
190,10,photographed,12,1,10,0.7692307692307693,14,1,,,0,3.72,10.500636100769043
190,11,and,3,0,11,0.8461538461538461,14,1,,,0,7.41,3.551616668701172
190,12,beautifully,11,1,12,0.9230769230769231,14,1,2.7,2.7,1,3.92,4.9324631690979
190,13,recorded.,8,1,13,1.0,14,1,,,0,4.66,11.004019737243652
191,0,Audiard,7,1,0,0.0,16,1,,,0,1.02,34.14406776428223
191,1,successfully,12,1,1,0.06666666666666667,16,1,2.2,2.2,1,4.45,16.252607345581055
191,2,maintains,9,1,2,0.13333333333333333,16,1,,,0,3.96,10.810551643371582
191,3,suspense,8,1,3,0.2,16,1,,,0,3.53,13.616510391235352
191,4,on,2,0,4,0.26666666666666666,16,1,,,0,6.91,5.764998912811279
191,5,different,9,1,5,0.3333333333333333,16,1,,,0,5.59,11.878473281860352
191,6,levels,6,1,6,0.4,16,1,,,0,4.97,2.111013174057007
191,7,throughout,10,1,7,0.4666666666666667,16,1,,,0,4.99,7.520464897155762
191,8,a,1,0,8,0.5333333333333333,16,1,,,0,7.36,4.407042026519775
191,9,film,4,1,9,0.6,16,1,,,0,5.2,9.214860916137695
191,10,that,4,0,10,0.6666666666666666,16,1,,,0,7.01,6.260907173156738
191,11,is,2,0,11,0.7333333333333333,16,1,,,0,7.07,2.7647037506103516
191,12,both,4,0,12,0.8,16,1,,,0,5.79,5.097807884216309
191,13,gripping,8,1,13,0.8666666666666667,16,1,,,0,3.36,7.524681091308594
191,14,and,3,0,14,0.9333333333333333,16,1,,,0,7.41,0.19044306874275208
191,15,compelling.,10,1,15,1.0,16,1,0.9,0.9,1,3.98,6.349267095327377
192,0,Even,4,1,0,0.0,22,-1,,,0,5.99,10.47957706451416
192,1,horror,6,1,1,0.047619047619047616,22,-1,-2.7,2.7,1,4.43,17.2449951171875
192,2,fans,4,1,2,0.09523809523809523,22,-1,,,0,5.03,5.148842811584473
192,3,will,4,0,3,0.14285714285714285,22,-1,,,0,6.45,3.5368776321411133
192,4,most,4,0,4,0.19047619047619047,22,-1,,,0,6.0,10.176218032836914
192,5,likely,6,1,5,0.23809523809523808,22,-1,,,0,5.2,0.27087074518203735
192,6,not,3,0,6,0.2857142857142857,22,-1,,,0,6.69,3.7583041191101074
192,7,find,4,1,7,0.3333333333333333,22,-1,,,0,5.76,4.947182655334473
192,8,what,4,0,8,0.38095238095238093,22,-1,,,0,6.38,7.750168323516846
192,9,they're,6,1,9,0.42857142857142855,22,-1,,,0,5.47,2.384574294090271
192,10,seeking,7,1,10,0.47619047619047616,22,-1,,,0,4.58,10.600772857666016
192,11,with,4,0,11,0.5238095238095238,22,-1,,,0,6.85,7.110621452331543
192,12,Trouble,7,1,12,0.5714285714285714,22,-1,-1.7,1.7,1,4.79,18.451705932617188
192,13,Every,5,1,13,0.6190476190476191,22,-1,,,0,5.79,13.358654975891113
192,14,Day;,3,1,14,0.6666666666666666,22,-1,,,0,5.95,9.795837700366974
192,15,the,3,0,15,0.7142857142857143,22,-1,,,0,7.73,3.672962188720703
192,16,movie,5,1,16,0.7619047619047619,22,-1,,,0,5.16,5.426815986633301
192,17,lacks,5,1,17,0.8095238095238095,22,-1,,,0,3.89,11.9157075881958
192,18,both,4,0,18,0.8571428571428571,22,-1,,,0,5.79,6.849041938781738
192,19,thrills,7,1,19,0.9047619047619048,22,-1,1.5,1.5,1,3.16,10.428355168551207
192,20,and,3,0,20,0.9523809523809523,22,-1,,,0,7.41,0.1254505217075348
192,21,humor.,5,1,21,1.0,22,-1,1.1,1.1,1,4.19,7.179756045341492
193,0,After,5,0,0,0.0,16,-1,,,0,6.11,9.298110008239746
193,1,that,4,0,1,0.06666666666666667,16,-1,,,0,7.01,8.717966079711914
193,2,it,2,0,2,0.13333333333333333,16,-1,,,0,6.95,7.279540538787842
193,3,becomes,7,1,3,0.2,16,-1,,,0,4.83,7.333573341369629
193,4,long,4,1,4,0.26666666666666666,16,-1,,,0,5.81,13.695051193237305
193,5,and,3,0,5,0.3333333333333333,16,-1,,,0,7.41,2.7788195610046387
193,6,tedious,7,1,6,0.4,16,-1,,,0,3.5,2.6192262172698975
193,7,like,4,1,7,0.4666666666666667,16,-1,1.5,1.5,1,6.41,11.07171630859375
193,8,a,1,0,8,0.5333333333333333,16,-1,,,0,7.36,3.3787500858306885
193,9,classroom,9,1,9,0.6,16,-1,,,0,4.15,12.444705963134766
193,10,play,4,1,10,0.6666666666666666,16,-1,1.4,1.4,1,5.61,8.975518226623535
193,11,in,2,0,11,0.7333333333333333,16,-1,,,0,7.27,5.399172782897949
193,12,a,1,0,12,0.8,16,-1,,,0,7.36,3.178429126739502
193,13,college,7,1,13,0.8666666666666667,16,-1,,,0,5.27,7.391138076782227
193,14,history,7,1,14,0.9333333333333333,16,-1,,,0,5.39,11.467537879943848
193,15,course.,6,1,15,1.0,16,-1,,,0,5.44,4.46852833032608
194,0,This,4,0,0,0.0,18,1,,,0,6.82,7.008680820465088
194,1,is,2,0,1,0.058823529411764705,18,1,,,0,7.07,2.4452455043792725
194,2,"cool,",4,1,2,0.11764705882352941,18,1,1.3,1.3,1,5.15,15.21507215499878
194,3,slick,5,1,3,0.17647058823529413,18,1,,,0,3.71,15.282891273498535
194,4,"stuff,",5,1,4,0.23529411764705882,18,1,,,0,5.14,8.722539186477661
194,5,ready,5,1,5,0.29411764705882354,18,1,1.5,1.5,1,5.28,11.41364860534668
194,6,to,2,0,6,0.35294117647058826,18,1,,,0,7.43,0.6593897342681885
194,7,quench,6,1,7,0.4117647058823529,18,1,,,0,2.89,15.428160473704338
194,8,the,3,0,8,0.47058823529411764,18,1,,,0,7.73,3.4794087409973145
194,9,thirst,6,1,9,0.5294117647058824,18,1,,,0,3.64,0.47168228030204773
194,10,of,2,0,10,0.5882352941176471,18,1,,,0,7.4,0.7532535791397095
194,11,an,2,0,11,0.6470588235294118,18,1,,,0,6.53,6.706440448760986
194,12,audience,8,1,12,0.7058823529411765,18,1,,,0,4.73,7.9188666343688965
194,13,that,4,0,13,0.7647058823529411,18,1,,,0,7.01,2.9854109287261963
194,14,misses,6,1,14,0.8235294117647058,18,1,-0.9,0.9,1,3.85,12.107449531555176
194,15,the,3,0,15,0.8823529411764706,18,1,,,0,7.73,2.221658229827881
194,16,summer,6,1,16,0.9411764705882353,18,1,,,0,5.23,10.515584945678711
194,17,blockbusters.,12,1,17,1.0,18,1,,,0,2.76,11.937861137092113
195,0,Blade,5,1,0,0.0,16,0,,,0,4.19,14.600739479064941
195,1,II,2,1,1,0.06666666666666667,16,0,,,0,5.02,9.34165096282959
195,2,has,3,0,2,0.13333333333333333,16,0,,,0,6.37,6.923402309417725
195,3,a,1,0,3,0.2,16,0,,,0,7.36,3.5022597312927246
195,4,brilliant,9,1,4,0.26666666666666666,16,0,2.8,2.8,1,4.55,11.555107116699219
195,5,director,8,1,5,0.3333333333333333,16,0,,,0,5.15,11.413421630859375
195,6,and,3,0,6,0.4,16,0,,,0,7.41,3.0784764289855957
195,7,charismatic,11,1,7,0.4666666666666667,16,0,,,0,3.48,11.068397521972656
195,8,"star,",4,1,8,0.5333333333333333,16,0,,,0,5.19,6.7936400175094604
195,9,but,3,0,9,0.6,16,0,,,0,6.63,1.868328332901001
195,10,it,2,0,10,0.6666666666666666,16,0,,,0,6.95,2.8026320934295654
195,11,suffers,7,1,11,0.7333333333333333,16,0,-2.1,2.1,1,3.83,7.516569137573242
195,12,from,4,0,12,0.8,16,0,,,0,6.63,0.32609641551971436
195,13,rampant,7,1,13,0.8666666666666667,16,0,,,0,3.55,12.611899375915527
195,14,vampire,7,1,14,0.9333333333333333,16,0,,,0,4.03,15.563804626464844
195,15,devaluation.,11,1,15,1.0,16,0,,,0,2.91,22.887698531150818
196,0,A,1,0,0,0.0,15,-1,,,0,7.36,5.687591075897217
196,1,"loud,",4,1,1,0.07142857142857142,15,-1,,,0,4.53,17.14456844329834
196,2,"ugly,",4,1,2,0.14285714285714285,15,-1,-2.3,2.3,1,4.42,13.670769214630127
196,3,irritating,10,1,3,0.21428571428571427,15,-1,-2.0,2.0,1,3.61,11.070914268493652
196,4,movie,5,1,4,0.2857142857142857,15,-1,,,0,5.16,13.558062553405762
196,5,without,7,1,5,0.35714285714285715,15,-1,,,0,5.69,9.734857559204102
196,6,any,3,0,6,0.42857142857142855,15,-1,,,0,6.07,3.029907703399658
196,7,of,2,0,7,0.5,15,-1,,,0,7.4,4.949361801147461
196,8,its,3,0,8,0.5714285714285714,15,-1,,,0,6.14,3.797675132751465
196,9,satirical,9,1,9,0.6428571428571429,15,-1,,,0,3.36,13.046710968017578
196,10,salvos,6,1,10,0.7142857142857143,15,-1,,,0,2.16,17.520202577114105
196,11,hitting,7,1,11,0.7857142857142857,15,-1,,,0,4.46,11.751794815063477
196,12,a,1,0,12,0.8571428571428571,15,-1,,,0,7.36,6.360124111175537
196,13,discernible,11,1,13,0.9285714285714286,15,-1,,,0,2.97,18.07233554124832
196,14,target.,6,1,14,1.0,15,-1,,,0,4.82,10.352297067642212
197,0,For,3,0,0,0.0,13,1,,,0,7.01,7.997684478759766
197,1,VeggieTales,11,1,1,0.08333333333333333,13,1,,,0,1.7,31.726500988006592
197,2,"fans,",4,1,2,0.16666666666666666,13,1,,,0,5.03,6.821596682071686
197,3,this,4,0,3,0.25,13,1,,,0,6.82,2.759787082672119
197,4,is,2,0,4,0.3333333333333333,13,1,,,0,7.07,1.466411828994751
197,5,more,4,0,5,0.4166666666666667,13,1,,,0,6.36,8.643309593200684
197,6,appetizing,10,1,6,0.5,13,1,,,0,2.59,13.689698934555054
197,7,than,4,0,7,0.5833333333333334,13,1,,,0,6.13,0.5307564735412598
197,8,a,1,0,8,0.6666666666666666,13,1,,,0,7.36,3.4885666370391846
197,9,side,4,1,9,0.75,13,1,,,0,5.5,8.093629837036133
197,10,dish,4,1,10,0.8333333333333334,13,1,,,0,4.21,0.8372941613197327
197,11,of,2,0,11,0.9166666666666666,13,1,,,0,7.4,5.224999904632568
197,12,asparagus.,9,1,12,1.0,13,1,,,0,3.25,15.091088747234608
198,0,While,5,0,0,0.0,28,0,,,0,5.86,9.579328536987305
198,1,it,2,0,1,0.037037037037037035,28,0,,,0,6.95,4.598039150238037
198,2,regards,7,1,2,0.07407407407407407,28,0,,,0,4.2,17.449874877929688
198,3,1967,0,0,3,0.1111111111111111,28,0,,,0,4.28,18.967571258544922
198,4,as,2,0,4,0.14814814814814814,28,0,,,0,6.77,0.8756396770477295
198,5,the,3,0,5,0.18518518518518517,28,0,,,0,7.73,1.0596352815628052
198,6,key,3,1,6,0.2222222222222222,28,0,,,0,5.12,11.565849304199219
198,7,turning,7,1,7,0.25925925925925924,28,0,,,0,4.71,6.730935096740723
198,8,point,5,1,8,0.2962962962962963,28,0,,,0,5.54,0.010677489452064037
198,9,of,2,0,9,0.3333333333333333,28,0,,,0,7.4,4.088710784912109
198,10,the,3,0,10,0.37037037037037035,28,0,,,0,7.73,1.0350298881530762
198,11,20th,2,1,11,0.4074074074074074,28,0,,,0,3.65,5.346050847321749
198,12,"century,",7,1,12,0.4444444444444444,28,0,,,0,5.02,0.4543669521808624
198,13,and,3,0,13,0.48148148148148145,28,0,,,0,7.41,7.1624555587768555
198,14,returns,7,1,14,0.5185185185185185,28,0,,,0,4.6,14.028499603271484
198,15,again,5,0,15,0.5555555555555556,28,0,,,0,5.7,6.509527206420898
198,16,and,3,0,16,0.5925925925925926,28,0,,,0,7.41,4.5272698402404785
198,17,again,5,0,17,0.6296296296296297,28,0,,,0,5.7,0.0035783012863248587
198,18,to,2,0,18,0.6666666666666666,28,0,,,0,7.43,0.27286410331726074
198,19,images,6,1,19,0.7037037037037037,28,0,,,0,4.75,13.724176406860352
198,20,of,2,0,20,0.7407407407407407,28,0,,,0,7.4,0.561777651309967
198,21,dissidents,10,1,21,0.7777777777777778,28,0,,,0,3.09,15.03406810760498
198,22,in,2,0,22,0.8148148148148148,28,0,,,0,7.27,3.4598641395568848
198,23,the,3,0,23,0.8518518518518519,28,0,,,0,7.73,1.9847211837768555
198,24,"streets,",7,1,24,0.8888888888888888,28,0,,,0,4.66,6.215135335922241
198,25,it's,3,1,25,0.9259259259259259,28,0,,,0,6.33,7.0233752727508545
198,26,alarmingly,10,1,26,0.9629629629629629,28,0,-2.6,2.6,1,2.66,18.03425805270672
198,27,current.,7,1,27,1.0,28,0,,,0,5.27,14.633887767791748
199,0,A,1,0,0,0.0,8,1,,,0,7.36,5.687587738037109
199,1,truly,5,1,1,0.14285714285714285,8,1,1.9,1.9,1,4.87,12.651864051818848
199,2,wonderful,9,1,2,0.2857142857142857,8,1,2.7,2.7,1,4.85,5.777907848358154
199,3,tale,4,1,3,0.42857142857142855,8,1,,,0,4.29,8.466626167297363
199,4,combined,8,1,4,0.5714285714285714,8,1,,,0,4.68,15.032600402832031
199,5,with,4,0,5,0.7142857142857143,8,1,,,0,6.85,0.20557299256324768
199,6,stunning,8,1,6,0.8571428571428571,8,1,1.6,1.6,1,4.27,7.557144641876221
199,7,animation.,9,1,7,1.0,8,1,,,0,4.18,8.056620121002197
200,0,Nothing,7,1,0,0.0,24,-1,,,0,5.55,13.11113166809082
200,1,"sticks,",6,1,1,0.043478260869565216,24,-1,,,0,4.14,18.357052326202393
200,2,"really,",6,1,2,0.08695652173913043,24,-1,,,0,5.97,9.197484731674194
200,3,except,6,1,3,0.13043478260869565,24,-1,,,0,5.02,4.283189296722412
200,4,a,1,0,4,0.17391304347826086,24,-1,,,0,7.36,4.247245788574219
200,5,lingering,9,1,5,0.21739130434782608,24,-1,,,0,3.43,11.282340049743652
200,6,creepiness,10,1,6,0.2608695652173913,24,-1,,,0,2.06,13.791042566299438
200,7,one,3,1,7,0.30434782608695654,24,-1,,,0,6.47,11.76517105102539
200,8,feels,5,1,8,0.34782608695652173,24,-1,,,0,4.9,7.649169921875
200,9,from,4,0,9,0.391304347826087,24,-1,,,0,6.63,5.762729167938232
200,10,being,5,0,10,0.43478260869565216,24,-1,,,0,5.95,5.827630043029785
200,11,dragged,7,1,11,0.4782608695652174,24,-1,-0.2,0.2,1,4.0,8.432056427001953
200,12,through,7,0,12,0.5217391304347826,24,-1,,,0,5.87,3.0699541568756104
200,13,a,1,0,13,0.5652173913043478,24,-1,,,0,7.36,2.1262130737304688
200,14,"sad,",3,1,14,0.6086956521739131,24,-1,-2.1,2.1,1,4.84,15.102187633514404
200,15,sordid,6,1,15,0.6521739130434783,24,-1,,,0,2.99,10.227682030632423
200,16,universe,8,1,16,0.6956521739130435,24,-1,,,0,4.59,9.719061851501465
200,17,of,2,0,17,0.7391304347826086,24,-1,,,0,7.4,2.333073616027832
200,18,"guns,",4,1,18,0.782608695652174,24,-1,,,0,4.66,12.804631114006042
200,19,"drugs,",5,1,19,0.8260869565217391,24,-1,,,0,4.77,3.0954828560352325
200,20,avarice,7,1,20,0.8695652173913043,24,-1,,,0,2.5,13.40269534662366
200,21,and,3,0,21,0.9130434782608695,24,-1,,,0,7.41,2.2220020294189453
200,22,damaged,7,1,22,0.9565217391304348,24,-1,-1.9,1.9,1,4.39,16.655773162841797
200,23,dreams.,6,1,23,1.0,24,-1,1.7,1.7,1,4.59,8.410636216402054
201,0,``Simone'',6,1,0,0.0,18,1,,,0,3.63,38.01316976547241
201,1,is,2,0,1,0.058823529411764705,18,1,,,0,7.07,4.255013942718506
201,2,a,1,0,2,0.11764705882352941,18,1,,,0,7.36,1.8340319395065308
201,3,fun,3,1,3,0.17647058823529413,18,1,2.3,2.3,1,5.3,9.761116981506348
201,4,and,3,0,4,0.23529411764705882,18,1,,,0,7.41,3.3989932537078857
201,5,funky,5,1,5,0.29411764705882354,18,1,-0.4,0.4,1,3.63,9.130448341369629
201,6,look,4,1,6,0.35294117647058826,18,1,,,0,5.81,8.720582008361816
201,7,into,4,0,7,0.4117647058823529,18,1,,,0,6.11,6.211184501647949
201,8,an,2,0,8,0.47058823529411764,18,1,,,0,6.53,6.646637439727783
201,9,artificial,10,1,9,0.5294117647058824,18,1,,,0,4.24,11.809457778930664
201,10,creation,8,1,10,0.5882352941176471,18,1,1.1,1.1,1,4.56,10.83548641204834
201,11,in,2,0,11,0.6470588235294118,18,1,,,0,7.27,5.967771053314209
201,12,a,1,0,12,0.7058823529411765,18,1,,,0,7.36,4.347580909729004
201,13,world,5,1,13,0.7647058823529411,18,1,,,0,5.89,4.959561347961426
201,14,that,4,0,14,0.8235294117647058,18,1,,,0,7.01,2.73903751373291
201,15,thrives,7,1,15,0.8823529411764706,18,1,,,0,3.1,10.466462592594326
201,16,on,2,0,16,0.9411764705882353,18,1,,,0,6.91,0.22199900448322296
201,17,artificiality.,13,1,17,1.0,18,1,,,0,2.0,12.62299793958664
202,0,It's,3,1,0,0.0,23,1,,,0,6.33,8.079905390739441
202,1,a,1,0,1,0.045454545454545456,23,1,,,0,7.36,3.4850261211395264
202,2,hoot,4,1,2,0.09090909090909091,23,1,,,0,2.99,14.209532499313354
202,3,watching,8,1,3,0.13636363636363635,23,1,,,0,5.02,14.853907585144043
202,4,The,3,0,4,0.18181818181818182,23,1,,,0,7.73,7.884962558746338
202,5,Rock,4,1,5,0.22727272727272727,23,1,,,0,5.03,7.588595390319824
202,6,chomp,5,1,6,0.2727272727272727,23,1,,,0,2.53,15.901649713516235
202,7,on,2,0,7,0.3181818181818182,23,1,,,0,6.91,1.5096036195755005
202,8,jumbo,5,1,8,0.36363636363636365,23,1,,,0,3.38,17.54220724105835
202,9,"ants,",4,1,9,0.4090909090909091,23,1,,,0,3.72,14.737708330154419
202,10,pull,4,1,10,0.45454545454545453,23,1,,,0,4.82,11.56050968170166
202,11,an,2,0,11,0.5,23,1,,,0,6.53,7.917522430419922
202,12,arrow,5,1,12,0.5454545454545454,23,1,,,0,4.13,7.654383659362793
202,13,out,3,0,13,0.5909090909090909,23,1,,,0,6.38,1.9638309478759766
202,14,of,2,0,14,0.6363636363636364,23,1,,,0,7.4,0.2703523635864258
202,15,his,3,0,15,0.6818181818181818,23,1,,,0,6.51,3.04654598236084
202,16,"back,",4,1,16,0.7272727272727273,23,1,,,0,6.04,8.74997329711914
202,17,and,3,0,17,0.7727272727272727,23,1,,,0,7.41,0.7477617263793945
202,18,leap,4,1,18,0.8181818181818182,23,1,,,0,3.94,8.958928108215332
202,19,unscathed,9,1,19,0.8636363636363636,23,1,,,0,2.99,17.716873064637184
202,20,through,7,0,20,0.9090909090909091,23,1,,,0,5.87,4.369261264801025
202,21,raging,6,1,21,0.9545454545454546,23,1,-2.4,2.4,1,3.65,15.965831756591797
202,22,fire!,4,1,22,1.0,23,1,-1.4,1.4,1,5.3,12.510392665863037
203,0,While,5,0,0,0.0,31,1,,,0,5.86,9.579328536987305
203,1,Tattoo,6,1,1,0.03333333333333333,31,1,,,0,4.14,18.5796902179718
203,2,borrows,7,1,2,0.06666666666666667,31,1,,,0,2.9,20.096032693982124
203,3,heavily,7,1,3,0.1,31,1,,,0,4.54,3.583150863647461
203,4,from,4,0,4,0.13333333333333333,31,1,,,0,6.63,0.07912860810756683
203,5,both,4,0,5,0.16666666666666666,31,1,,,0,5.79,7.738079071044922
203,6,Seven,5,1,6,0.2,31,1,,,0,5.08,15.161855697631836
203,7,and,3,0,7,0.23333333333333334,31,1,,,0,7.41,3.4201157093048096
203,8,The,3,0,8,0.26666666666666666,31,1,,,0,7.73,4.345014572143555
203,9,Silence,7,1,9,0.3,31,1,,,0,4.46,9.66402530670166
203,10,of,2,0,10,0.3333333333333333,31,1,,,0,7.4,0.745856761932373
203,11,the,3,0,11,0.36666666666666664,31,1,,,0,7.73,0.016284281387925148
203,12,"Lambs,",5,1,12,0.4,31,1,,,0,3.23,0.5218522156646941
203,13,it,2,0,13,0.43333333333333335,31,1,,,0,6.95,2.2600514888763428
203,14,manages,7,1,14,0.4666666666666667,31,1,,,0,3.94,7.36708927154541
203,15,to,2,0,15,0.5,31,1,,,0,7.43,0.11071953922510147
203,16,maintain,8,1,16,0.5333333333333333,31,1,,,0,4.65,6.2400312423706055
203,17,both,4,0,17,0.5666666666666667,31,1,,,0,5.79,6.087472915649414
203,18,a,1,0,18,0.6,31,1,,,0,7.36,3.2517080307006836
203,19,level,5,1,19,0.6333333333333333,31,1,,,0,5.41,8.140090942382812
203,20,of,2,0,20,0.6666666666666666,31,1,,,0,7.4,0.10372193157672882
203,21,sophisticated,13,1,21,0.7,31,1,2.6,2.6,1,4.05,10.42795467376709
203,22,intrigue,8,1,22,0.7333333333333333,31,1,,,0,3.36,9.988348007202148
203,23,and,3,0,23,0.7666666666666667,31,1,,,0,7.41,0.35149112343788147
203,24,human-scale,10,1,24,0.8,31,1,,,0,0.0,21.433109045028687
203,25,characters,10,1,25,0.8333333333333334,31,1,,,0,4.88,9.029729843139648
203,26,that,4,0,26,0.8666666666666667,31,1,,,0,7.01,4.155937194824219
203,27,suck,4,1,27,0.9,31,1,-1.9,1.9,1,4.42,15.524469375610352
203,28,the,3,0,28,0.9333333333333333,31,1,,,0,7.73,2.8990042209625244
203,29,audience,8,1,29,0.9666666666666667,31,1,,,0,4.73,3.604871988296509
203,30,in.,2,0,30,1.0,31,1,,,0,7.27,1.8768244981765747
204,0,A,1,0,0,0.0,5,0,,,0,7.36,5.687563419342041
204,1,portrait,8,1,1,0.25,5,0,,,0,4.22,11.665224075317383
204,2,of,2,0,2,0.5,5,0,,,0,7.4,0.3323040306568146
204,3,an,2,0,3,0.75,5,0,,,0,6.53,5.794291019439697
204,4,artist.,6,1,4,1.0,5,0,,,0,4.8,11.93116044998169
205,0,As,2,0,0,0.0,30,-1,,,0,6.77,8.131097793579102
205,1,written,7,1,1,0.034482758620689655,30,-1,,,0,5.09,12.736011505126953
205,2,by,2,0,2,0.06896551724137931,30,-1,,,0,6.66,2.3902506828308105
205,3,Michael,7,1,3,0.10344827586206896,30,-1,,,0,5.08,6.9902472496032715
205,4,Berg,4,1,4,0.13793103448275862,30,-1,,,0,3.32,12.14148235321045
205,5,and,3,0,5,0.1724137931034483,30,-1,,,0,7.41,5.557174205780029
205,6,Michael,7,1,6,0.20689655172413793,30,-1,,,0,5.08,4.5021209716796875
205,7,J.,1,1,7,0.2413793103448276,30,-1,,,0,5.0,5.944962054491043
205,8,Wilson,6,1,8,0.27586206896551724,30,-1,,,0,4.53,8.994766235351562
205,9,from,4,0,9,0.3103448275862069,30,-1,,,0,6.63,7.81090784072876
205,10,a,1,0,10,0.3448275862068966,30,-1,,,0,7.36,6.843145370483398
205,11,story,5,1,11,0.3793103448275862,30,-1,,,0,5.45,7.6690545082092285
205,12,by,2,0,12,0.41379310344827586,30,-1,,,0,6.66,3.046015739440918
205,13,"Wilson,",6,1,13,0.4482758620689655,30,-1,,,0,4.53,15.824158191680908
205,14,this,4,0,14,0.4827586206896552,30,-1,,,0,6.82,4.396456718444824
205,15,"relentless,",10,1,15,0.5172413793103449,30,-1,0.2,0.2,1,3.51,22.967462062835693
205,16,all-wise-guys-all-the-time,21,1,16,0.5517241379310345,30,-1,,,0,0.0,48.29418412456289
205,17,approach,8,1,17,0.5862068965517241,30,-1,,,0,4.93,5.558563232421875
205,18,tries,5,1,18,0.6206896551724138,30,-1,,,0,4.53,11.260828018188477
205,19,way,3,1,19,0.6551724137931034,30,-1,,,0,6.01,14.668212890625
205,20,too,3,0,20,0.6896551724137931,30,-1,,,0,5.95,0.21033082902431488
205,21,hard,4,1,21,0.7241379310344828,30,-1,-0.4,0.4,1,5.53,0.3659628629684448
205,22,and,3,0,22,0.7586206896551724,30,-1,,,0,7.41,6.217226982116699
205,23,gets,4,1,23,0.7931034482758621,30,-1,,,0,5.25,6.196983337402344
205,24,tiring,6,1,24,0.8275862068965517,30,-1,,,0,3.37,10.620124399662018
205,25,in,2,0,25,0.8620689655172413,30,-1,,,0,7.27,5.184611797332764
205,26,no,2,0,26,0.896551724137931,30,-1,-1.2,1.2,1,6.35,10.383013725280762
205,27,time,4,1,27,0.9310344827586207,30,-1,,,0,6.29,0.8117020130157471
205,28,at,2,0,28,0.9655172413793104,30,-1,,,0,6.7,2.6256470680236816
205,29,all.,3,0,29,1.0,30,-1,,,0,6.52,0.3448461377993226
206,0,It's,3,1,0,0.0,21,1,,,0,6.33,8.079905390739441
206,1,the,3,0,1,0.05,21,1,,,0,7.73,4.916350841522217
206,2,best,4,1,2,0.1,21,1,3.2,3.2,1,5.84,6.56068754196167
206,3,film,4,1,3,0.15,21,1,,,0,5.2,10.463227272033691
206,4,of,2,0,4,0.2,21,1,,,0,7.4,2.362614154815674
206,5,the,3,0,5,0.25,21,1,,,0,7.73,1.4881476163864136
206,6,year,4,1,6,0.3,21,1,,,0,5.96,0.7128906846046448
206,7,so,2,0,7,0.35,21,1,,,0,6.52,4.999766826629639
206,8,"far,",3,1,8,0.4,21,1,,,0,5.5,1.8498943131417036
206,9,the,3,0,9,0.45,21,1,,,0,7.73,6.0064520835876465
206,10,benchmark,9,1,10,0.5,21,1,,,0,3.6,13.49428939819336
206,11,against,7,0,11,0.55,21,1,,,0,5.68,9.039202690124512
206,12,which,5,0,12,0.6,21,1,,,0,6.3,0.3266991078853607
206,13,all,3,0,13,0.65,21,1,,,0,6.52,4.622963905334473
206,14,other,5,0,14,0.7,21,1,,,0,6.16,1.890557050704956
206,15,Best,4,1,15,0.75,21,1,3.2,3.2,1,5.84,9.555198669433594
206,16,Picture,7,1,16,0.8,21,1,,,0,5.13,0.46117040514945984
206,17,contenders,10,1,17,0.85,21,1,,,0,3.43,4.886699199676514
206,18,should,6,0,18,0.9,21,1,,,0,5.99,5.9876627922058105
206,19,be,2,0,19,0.95,21,1,,,0,6.79,1.8798049688339233
206,20,measured.,8,1,20,1.0,21,1,,,0,4.25,5.823175340890884
207,0,This,4,0,0,0.0,10,-1,,,0,6.82,7.008668422698975
207,1,is,2,0,1,0.1111111111111111,10,-1,,,0,7.07,2.4452545642852783
207,2,one,3,1,2,0.2222222222222222,10,-1,,,0,6.47,5.318315029144287
207,3,of,2,0,3,0.3333333333333333,10,-1,,,0,7.4,0.2898697555065155
207,4,the,3,0,4,0.4444444444444444,10,-1,,,0,7.73,1.3101495504379272
207,5,biggest,7,1,5,0.5555555555555556,10,-1,,,0,4.93,6.090455055236816
207,6,disappointments,15,1,6,0.6666666666666666,10,-1,-2.0,2.0,1,3.12,8.266653709113598
207,7,of,2,0,7,0.7777777777777778,10,-1,,,0,7.4,1.2889419794082642
207,8,the,3,0,8,0.8888888888888888,10,-1,,,0,7.73,1.6252131462097168
207,9,year.,4,1,9,1.0,10,-1,,,0,5.96,4.400634765625
208,0,It,2,0,0,0.0,6,1,,,0,6.95,6.777416706085205
208,1,never,5,1,1,0.2,6,1,,,0,5.91,10.306352615356445
208,2,fails,5,1,2,0.4,6,1,-1.8,1.8,1,4.26,5.184967517852783
208,3,to,2,0,3,0.6,6,1,,,0,7.43,0.29239732027053833
208,4,engage,6,1,4,0.8,6,1,1.4,1.4,1,4.36,11.442541122436523
208,5,us.,2,1,5,1.0,6,1,,,0,6.04,8.256496667861938
209,0,Denis,5,1,0,0.0,26,0,,,0,3.62,17.194757223129272
209,1,forges,6,1,1,0.04,26,0,,,0,2.69,24.489827156066895
209,2,out,3,0,2,0.08,26,0,,,0,6.38,8.41784381866455
209,3,of,2,0,3,0.12,26,0,,,0,7.4,1.2250009775161743
209,4,the,3,0,4,0.16,26,0,,,0,7.73,3.120222330093384
209,5,theories,8,1,5,0.2,26,0,,,0,4.22,18.382930755615234
209,6,of,2,0,6,0.24,26,0,,,0,7.4,1.4630838632583618
209,7,class,5,1,7,0.28,26,0,,,0,5.36,11.568675994873047
209,8,-,0,0,8,0.32,26,0,,,0,,10.762423515319824
209,9,based,5,1,9,0.36,26,0,,,0,5.51,9.012331008911133
209,10,rage,4,1,10,0.4,26,0,-2.6,2.6,1,4.11,16.485103607177734
209,11,and,3,0,11,0.44,26,0,,,0,7.41,2.1375925540924072
209,12,sisterly,8,1,12,0.48,26,0,,,0,2.33,20.484188079833984
209,13,obsession,9,1,13,0.52,26,0,-1.4,1.4,1,3.9,10.827557563781738
209,14,a,1,0,14,0.56,26,0,,,0,7.36,11.064809799194336
209,15,razor-sided,10,1,15,0.6,26,0,,,0,0.0,35.83596408367157
209,16,tuning,6,1,16,0.64,26,0,,,0,3.67,19.19126319885254
209,17,fork,4,1,17,0.68,26,0,,,0,4.03,1.8867260217666626
209,18,that,4,0,18,0.72,26,0,,,0,7.01,4.7965874671936035
209,19,rings,5,1,19,0.76,26,0,,,0,4.33,12.716708183288574
209,20,with,4,0,20,0.8,26,0,,,0,6.85,4.548723220825195
209,21,"cultural,",8,1,21,0.84,26,0,,,0,4.75,21.77771234512329
209,22,sexual,6,1,22,0.88,26,0,,,0,4.82,7.23215913772583
209,23,and,3,0,23,0.92,26,0,,,0,7.41,0.7586066722869873
209,24,social,6,1,24,0.96,26,0,,,0,5.42,4.360889911651611
209,25,discord.,7,1,25,1.0,26,0,-1.7,1.7,1,3.45,9.465804696083069
210,0,The,3,0,0,0.0,12,-1,,,0,7.73,4.729318141937256
210,1,movie,5,1,1,0.09090909090909091,12,-1,,,0,5.16,11.230162620544434
210,2,slides,6,1,2,0.18181818181818182,12,-1,,,0,3.78,17.072702407836914
210,3,downhill,8,1,3,0.2727272727272727,12,-1,,,0,3.66,10.523499488830566
210,4,as,2,0,4,0.36363636363636365,12,-1,,,0,6.77,4.065584659576416
210,5,soon,4,1,5,0.45454545454545453,12,-1,,,0,5.32,7.6677141189575195
210,6,as,2,0,6,0.5454545454545454,12,-1,,,0,6.77,0.012310131452977657
210,7,macho,5,1,7,0.6363636363636364,12,-1,,,0,3.26,22.195799350738525
210,8,action,6,1,8,0.7272727272727273,12,-1,,,0,5.25,8.08031940460205
210,9,conventions,11,1,9,0.8181818181818182,12,-1,,,0,3.78,15.22107982635498
210,10,assert,6,1,10,0.9090909090909091,12,-1,,,0,3.62,15.887308120727539
210,11,themselves.,10,0,11,1.0,12,-1,,,0,5.16,2.131823718547821
211,0,More,4,0,0,0.0,12,1,,,0,6.36,10.295493125915527
211,1,"romantic,",8,1,1,0.09090909090909091,12,1,1.7,1.7,1,4.43,23.65168571472168
211,2,more,4,0,2,0.18181818181818182,12,1,,,0,6.36,1.7049869298934937
211,3,emotional,9,1,3,0.2727272727272727,12,1,0.6,0.6,1,4.66,7.758194446563721
211,4,and,3,0,4,0.36363636363636365,12,1,,,0,7.41,4.2531633377075195
211,5,ultimately,10,1,5,0.45454545454545453,12,1,,,0,4.57,8.874703407287598
211,6,more,4,0,6,0.5454545454545454,12,1,,,0,6.36,1.218778133392334
211,7,satisfying,10,1,7,0.6363636363636364,12,1,2.0,2.0,1,3.93,4.621949195861816
211,8,than,4,0,8,0.7272727272727273,12,1,,,0,6.13,1.2566746473312378
211,9,the,3,0,9,0.8181818181818182,12,1,,,0,7.73,2.8890645503997803
211,10,teary-eyed,9,1,10,0.9090909090909091,12,1,,,0,0.0,20.563456254079938
211,11,original.,8,1,11,1.0,12,1,1.3,1.3,1,5.16,14.34921681880951
212,0,Like,4,1,0,0.0,12,1,1.5,1.5,1,6.41,10.634693145751953
212,1,the,3,0,1,0.09090909090909091,12,1,,,0,7.73,4.234894752502441
212,2,best,4,1,2,0.18181818181818182,12,1,3.2,3.2,1,5.84,9.154145240783691
212,3,of,2,0,3,0.2727272727272727,12,1,,,0,7.4,3.7253897190093994
212,4,Godard's,7,1,4,0.36363636363636365,12,1,,,0,1.93,26.932640314102173
212,5,movies...,6,1,5,0.45454545454545453,12,1,,,0,4.79,18.87631607055664
212,6,it,2,0,6,0.5454545454545454,12,1,,,0,6.95,6.190518379211426
212,7,is,2,0,7,0.6363636363636364,12,1,,,0,7.07,4.082306385040283
212,8,visually,8,1,8,0.7272727272727273,12,1,,,0,3.68,12.25456428527832
212,9,"ravishing,",9,1,9,0.8181818181818182,12,1,,,0,2.69,18.338380306959152
212,10,"penetrating,",11,1,10,0.9090909090909091,12,1,,,0,3.33,14.839020848274231
212,11,impenetrable.,12,1,11,1.0,12,1,,,0,3.07,17.126752229232807
213,0,The,3,0,0,0.0,10,-1,,,0,7.73,4.729318141937256
213,1,cumulative,10,1,1,0.1111111111111111,10,-1,,,0,3.55,15.3994722366333
213,2,effect,6,1,2,0.2222222222222222,10,-1,,,0,5.02,3.0284204483032227
213,3,of,2,0,3,0.3333333333333333,10,-1,,,0,7.4,0.17076799273490906
213,4,the,3,0,4,0.4444444444444444,10,-1,,,0,7.73,2.9017205238342285
213,5,movie,5,1,5,0.5555555555555556,10,-1,,,0,5.16,13.850289344787598
213,6,is,2,0,6,0.6666666666666666,10,-1,,,0,7.07,4.161188125610352
213,7,repulsive,9,1,7,0.7777777777777778,10,-1,,,0,3.18,17.0421462059021
213,8,and,3,0,8,0.8888888888888888,10,-1,,,0,7.41,3.2645010948181152
213,9,depressing.,10,1,9,1.0,10,-1,-1.6,1.6,1,3.83,8.125944375991821
214,0,Feels,5,1,0,0.0,18,0,,,0,4.9,17.644325733184814
214,1,like,4,1,1,0.058823529411764705,18,0,1.5,1.5,1,6.41,1.1971244812011719
214,2,nothing,7,1,2,0.11764705882352941,18,0,,,0,5.55,8.69913387298584
214,3,quite,5,1,3,0.17647058823529413,18,0,,,0,5.29,7.535378456115723
214,4,so,2,0,4,0.23529411764705882,18,0,,,0,6.52,5.642789363861084
214,5,much,4,1,5,0.29411764705882354,18,0,,,0,6.0,4.730056285858154
214,6,as,2,0,6,0.35294117647058826,18,0,,,0,6.77,0.4475747346878052
214,7,a,1,0,7,0.4117647058823529,18,0,,,0,7.36,2.0058093070983887
214,8,middle-aged,10,1,8,0.47058823529411764,18,0,,,0,1.37,15.204697489738464
214,9,moviemaker's,11,1,9,0.5294117647058824,18,0,,,0,0.0,21.87474623322487
214,10,attempt,7,1,10,0.5882352941176471,18,0,,,0,4.85,6.942098140716553
214,11,to,2,0,11,0.6470588235294118,18,0,,,0,7.43,0.6648077964782715
214,12,surround,8,1,12,0.7058823529411765,18,0,,,0,3.79,13.05803394317627
214,13,himself,7,0,13,0.7647058823529411,18,0,,,0,5.25,1.4402753114700317
214,14,with,4,0,14,0.8235294117647058,18,0,,,0,6.85,0.18249012529850006
214,15,"beautiful,",9,1,15,0.8823529411764706,18,0,2.9,2.9,1,5.22,12.17893671989441
214,16,half-naked,9,1,16,0.9411764705882353,18,0,,,0,0.0,16.511101823300123
214,17,women.,5,1,17,1.0,18,0,,,0,5.57,2.523208737373352
215,0,A,1,0,0,0.0,18,-1,,,0,7.36,5.687591075897217
215,1,very,4,0,1,0.058823529411764705,18,-1,,,0,6.0,9.050849914550781
215,2,long,4,1,2,0.11764705882352941,18,-1,,,0,5.81,6.279304504394531
215,3,"movie,",5,1,3,0.17647058823529413,18,-1,,,0,5.16,14.341553211212158
215,4,dull,4,1,4,0.23529411764705882,18,-1,-1.7,1.7,1,3.94,16.85868263244629
215,5,in,2,0,5,0.29411764705882354,18,-1,,,0,7.27,5.398469924926758
215,6,"stretches,",9,1,6,0.35294117647058826,18,-1,,,0,3.7,16.280738830566406
215,7,with,4,0,7,0.4117647058823529,18,-1,,,0,6.85,4.182450771331787
215,8,entirely,8,1,8,0.47058823529411764,18,-1,,,0,4.72,13.533424377441406
215,9,too,3,0,9,0.5294117647058824,18,-1,,,0,5.95,5.245019435882568
215,10,much,4,1,10,0.5882352941176471,18,-1,,,0,6.0,0.9344961643218994
215,11,focus,5,1,11,0.6470588235294118,18,-1,,,0,5.0,6.03120231628418
215,12,on,2,0,12,0.7058823529411765,18,-1,,,0,6.91,0.32345765829086304
215,13,meal,4,1,13,0.7647058823529411,18,-1,,,0,4.48,17.249448776245117
215,14,preparation,11,1,14,0.8235294117647058,18,-1,,,0,4.32,3.425806999206543
215,15,and,3,0,15,0.8823529411764706,18,-1,,,0,7.41,1.8443433046340942
215,16,igloo,5,1,16,0.9411764705882353,18,-1,,,0,2.64,22.24454617500305
215,17,construction.,12,1,17,1.0,18,-1,,,0,4.97,9.21916526556015
216,0,In,2,0,0,0.0,25,1,,,0,7.27,6.432448387145996
216,1,"XXX,",3,1,1,0.041666666666666664,25,1,,,0,3.73,24.37937021255493
216,2,Diesel,6,1,2,0.08333333333333333,25,1,,,0,4.05,15.297507286071777
216,3,is,2,0,3,0.125,25,1,,,0,7.07,4.120875358581543
216,4,that,4,0,4,0.16666666666666666,25,1,,,0,7.01,10.740031242370605
216,5,rare,4,1,5,0.20833333333333334,25,1,,,0,4.77,7.549077987670898
216,6,creature,8,1,6,0.25,25,1,,,0,4.16,6.894199848175049
216,7,--,0,0,7,0.2916666666666667,25,1,,,0,,10.588027954101562
216,8,an,2,0,8,0.3333333333333333,25,1,,,0,6.53,5.3557634353637695
216,9,action,6,1,9,0.375,25,1,,,0,5.25,8.818185806274414
216,10,hero,4,1,10,0.4166666666666667,25,1,2.6,2.6,1,4.68,2.9011690616607666
216,11,with,4,0,11,0.4583333333333333,25,1,,,0,6.85,3.3589649200439453
216,12,table,5,1,12,0.5,25,1,,,0,5.05,19.246688842773438
216,13,"manners,",7,1,13,0.5416666666666666,25,1,,,0,3.83,4.679445743560791
216,14,and,3,0,14,0.5833333333333334,25,1,,,0,7.41,5.111046314239502
216,15,one,3,1,15,0.625,25,1,,,0,6.47,7.440537452697754
216,16,who,3,0,16,0.6666666666666666,25,1,,,0,6.34,1.7911185026168823
216,17,proves,6,1,17,0.7083333333333334,25,1,,,0,4.06,11.438876152038574
216,18,that,4,0,18,0.75,25,1,,,0,7.01,3.6665401458740234
216,19,elegance,8,1,19,0.7916666666666666,25,1,2.1,2.1,1,3.42,15.957869529724121
216,20,is,2,0,20,0.8333333333333334,25,1,,,0,7.07,1.8555299043655396
216,21,more,4,0,21,0.875,25,1,,,0,6.36,4.641582489013672
216,22,than,4,0,22,0.9166666666666666,25,1,,,0,6.13,1.1617043018341064
216,23,tattoo,6,1,23,0.9583333333333334,25,1,,,0,4.14,16.58489227294922
216,24,deep.,4,1,24,1.0,25,1,,,0,5.05,19.255332231521606
217,0,I'm,2,1,0,0.0,24,-1,,,0,6.15,9.19092345237732
217,1,not,3,0,1,0.043478260869565216,24,-1,,,0,6.69,2.8116183280944824
217,2,sure,4,1,2,0.08695652173913043,24,-1,1.3,1.3,1,5.67,1.6475244760513306
217,3,which,5,0,3,0.13043478260869565,24,-1,,,0,6.3,6.347888469696045
217,4,will,4,0,4,0.17391304347826086,24,-1,,,0,6.45,8.411276817321777
217,5,take,4,1,5,0.21739130434782608,24,-1,,,0,5.92,7.177031517028809
217,6,longer,6,1,6,0.2608695652173913,24,-1,,,0,5.16,6.531521320343018
217,7,to,2,0,7,0.30434782608695654,24,-1,,,0,7.43,2.168029308319092
217,8,heal:,4,1,8,0.34782608695652173,24,-1,,,0,4.12,16.327637672424316
217,9,the,3,0,9,0.391304347826087,24,-1,,,0,7.73,4.297169208526611
217,10,welt,4,1,10,0.43478260869565216,24,-1,,,0,2.87,19.749250411987305
217,11,on,2,0,11,0.4782608695652174,24,-1,,,0,6.91,6.007889747619629
217,12,Johnny,6,1,12,0.5217391304347826,24,-1,,,0,4.35,15.578619003295898
217,13,Knoxville's,10,1,13,0.5652173913043478,24,-1,,,0,1.52,9.84969311952591
217,14,stomach,7,1,14,0.6086956521739131,24,-1,,,0,4.42,8.752179145812988
217,15,from,4,0,15,0.6521739130434783,24,-1,,,0,6.63,7.918888092041016
217,16,a,1,0,16,0.6956521739130435,24,-1,,,0,7.36,3.505686044692993
217,17,riot-control,11,1,17,0.7391304347826086,24,-1,,,0,0.0,25.39421558380127
217,18,projectile,10,1,18,0.782608695652174,24,-1,,,0,3.26,10.023330688476562
217,19,or,2,0,19,0.8260869565217391,24,-1,,,0,6.54,2.175574541091919
217,20,my,2,0,20,0.8695652173913043,24,-1,,,0,6.57,7.289616107940674
217,21,own,3,0,21,0.9130434782608695,24,-1,,,0,5.74,3.603808641433716
217,22,tortured,8,1,22,0.9565217391304348,24,-1,-2.6,2.6,1,3.78,13.651124000549316
217,23,psyche.,6,1,23,1.0,24,-1,,,0,3.42,8.965165972709656
218,0,While,5,0,0,0.0,34,0,,,0,5.86,9.579328536987305
218,1,Serving,7,1,1,0.030303030303030304,34,0,,,0,4.62,19.704280853271484
218,2,Sara,4,1,2,0.06060606060606061,34,0,,,0,3.96,16.990875244140625
218,3,does,4,0,3,0.09090909090909091,34,0,,,0,5.74,14.157955169677734
218,4,have,4,0,4,0.12121212121212122,34,0,,,0,6.71,5.933986186981201
218,5,a,1,0,5,0.15151515151515152,34,0,,,0,7.36,1.6312494277954102
218,6,long,4,1,6,0.18181818181818182,34,0,,,0,5.81,6.757723331451416
218,7,way,3,1,7,0.21212121212121213,34,0,,,0,6.01,4.002155303955078
218,8,to,2,0,8,0.24242424242424243,34,0,,,0,7.43,0.04436159506440163
218,9,go,2,1,9,0.2727272727272727,34,0,,,0,6.03,0.009408180601894855
218,10,before,6,0,10,0.30303030303030304,34,0,,,0,5.93,2.3596384525299072
218,11,it,2,0,11,0.3333333333333333,34,0,,,0,6.95,2.13973331451416
218,12,reaches,7,1,12,0.36363636363636365,34,0,0.2,0.2,1,4.16,3.7208070755004883
218,13,the,3,0,13,0.3939393939393939,34,0,,,0,7.73,1.6824007034301758
218,14,level,5,1,14,0.42424242424242425,34,0,,,0,5.41,5.157492160797119
218,15,of,2,0,15,0.45454545454545453,34,0,,,0,7.4,0.2030547559261322
218,16,crudity,7,1,16,0.48484848484848486,34,0,,,0,1.7,23.826671361923218
218,17,in,2,0,17,0.5151515151515151,34,0,,,0,7.27,6.455003261566162
218,18,the,3,0,18,0.5454545454545454,34,0,,,0,7.73,2.5636279582977295
218,19,latest,6,1,19,0.5757575757575758,34,0,,,0,4.92,9.91182804107666
218,20,Austin,6,1,20,0.6060606060606061,34,0,,,0,4.36,13.573833465576172
218,21,Powers,6,1,21,0.6363636363636364,34,0,,,0,4.7,5.790591239929199
218,22,"extravaganza,",12,1,22,0.6666666666666666,34,0,,,0,2.95,15.434056739555672
218,23,there's,6,1,23,0.696969696969697,34,0,,,0,5.54,5.383178472518921
218,24,nothing,7,1,24,0.7272727272727273,34,0,,,0,5.55,4.752648830413818
218,25,here,4,0,25,0.7575757575757576,34,0,,,0,5.97,7.904442310333252
218,26,to,2,0,26,0.7878787878787878,34,0,,,0,7.43,1.6131869554519653
218,27,match,5,1,27,0.8181818181818182,34,0,,,0,5.13,12.446673393249512
218,28,that,4,0,28,0.8484848484848485,34,0,,,0,7.01,5.410167694091797
218,29,movie's,6,1,29,0.8787878787878788,34,0,,,0,3.1,8.069389343261719
218,30,intermittent,12,1,30,0.9090909090909091,34,0,,,0,3.39,19.713361740112305
218,31,moments,7,1,31,0.9393939393939394,34,0,,,0,4.62,8.835126876831055
218,32,of,2,0,32,0.9696969696969697,34,0,,,0,7.4,1.2019387483596802
218,33,inspiration.,11,1,33,1.0,34,0,2.4,2.4,1,4.41,10.771877527236938
219,0,It's,3,1,0,0.0,23,-1,,,0,6.33,8.079905390739441
219,1,difficult,9,1,1,0.045454545454545456,23,-1,-1.5,1.5,1,5.07,7.443301677703857
219,2,to,2,0,2,0.09090909090909091,23,-1,,,0,7.43,0.23511743545532227
219,3,conceive,8,1,3,0.13636363636363635,23,-1,,,0,3.4,8.567241668701172
219,4,of,2,0,4,0.18181818181818182,23,-1,,,0,7.4,0.2840365767478943
219,5,anyone,6,1,5,0.22727272727272727,23,-1,,,0,5.38,6.0766472816467285
219,6,who,3,0,6,0.2727272727272727,23,-1,,,0,6.34,2.191310405731201
219,7,has,3,0,7,0.3181818181818182,23,-1,,,0,6.37,3.1818385124206543
219,8,reached,7,1,8,0.36363636363636365,23,-1,0.4,0.4,1,4.85,10.749058723449707
219,9,puberty,7,1,9,0.4090909090909091,23,-1,,,0,3.47,6.869417667388916
219,10,actually,8,1,10,0.45454545454545453,23,-1,,,0,5.49,11.518806457519531
219,11,finding,7,1,11,0.5,23,-1,,,0,4.85,9.831380844116211
219,12,the,3,0,12,0.5454545454545454,23,-1,,,0,7.73,3.9079017639160156
219,13,characters,10,1,13,0.5909090909090909,23,-1,,,0,4.88,12.96828842163086
219,14,in,2,0,14,0.6363636363636364,23,-1,,,0,7.27,2.7286834716796875
219,15,Slackers,8,1,15,0.6818181818181818,23,-1,,,0,2.42,21.75132656097412
219,16,or,2,0,16,0.7272727272727273,23,-1,,,0,6.54,5.212350845336914
219,17,their,5,0,17,0.7727272727272727,23,-1,,,0,6.33,8.549251556396484
219,18,antics,6,1,18,0.8181818181818182,23,-1,,,0,3.38,8.016961097717285
219,19,"amusing,",7,1,19,0.8636363636363636,23,-1,1.6,1.6,1,3.76,6.870937347412109
219,20,let,3,1,20,0.9090909090909091,23,-1,,,0,5.6,5.706441879272461
219,21,alone,5,1,21,0.9545454545454546,23,-1,-1.0,1.0,1,5.16,0.0002999065618496388
219,22,funny.,5,1,22,1.0,23,-1,1.9,1.9,1,5.02,6.337972909212112
220,0,It,2,0,0,0.0,5,0,,,0,6.95,6.777416706085205
220,1,never,5,1,1,0.25,5,0,,,0,5.91,10.306352615356445
220,2,"is,",2,0,2,0.5,5,0,,,0,7.07,10.531309366226196
220,3,not,3,0,3,0.75,5,0,,,0,6.69,6.325384140014648
220,4,fully.,5,1,4,1.0,5,0,,,0,4.89,14.477969408035278
221,0,Not,3,0,0,0.0,31,1,,,0,6.69,9.684686660766602
221,1,only,4,0,1,0.03333333333333333,31,1,,,0,6.12,3.439354181289673
221,2,is,2,0,2,0.06666666666666667,31,1,,,0,7.07,2.4029791355133057
221,3,Undercover,10,1,3,0.1,31,1,,,0,3.77,20.010712146759033
221,4,Brother,7,1,4,0.13333333333333333,31,1,,,0,5.11,12.367266654968262
221,5,as,2,0,5,0.16666666666666666,31,1,,,0,6.77,10.122358322143555
221,6,"funny,",5,1,6,0.2,31,1,1.9,1.9,1,5.02,12.611091613769531
221,7,if,2,0,7,0.23333333333333334,31,1,,,0,6.47,9.085552215576172
221,8,not,3,0,8,0.26666666666666666,31,1,,,0,6.69,0.9619817733764648
221,9,more,4,0,9,0.3,31,1,,,0,6.36,4.998211860656738
221,10,"so,",2,0,10,0.3333333333333333,31,1,,,0,6.52,2.1924834847450256
221,11,than,4,0,11,0.36666666666666664,31,1,,,0,6.13,2.261992931365967
221,12,both,4,0,12,0.4,31,1,,,0,5.79,10.322714805603027
221,13,Austin,6,1,13,0.43333333333333335,31,1,,,0,4.36,12.553934097290039
221,14,Powers,6,1,14,0.4666666666666667,31,1,,,0,4.7,3.1345598697662354
221,15,"films,",5,1,15,0.5,31,1,,,0,4.64,6.268138766288757
221,16,but,3,0,16,0.5333333333333333,31,1,,,0,6.63,1.7274730205535889
221,17,it's,3,1,17,0.5666666666666667,31,1,,,0,6.33,3.207655191421509
221,18,also,4,1,18,0.6,31,1,,,0,6.19,0.7821102142333984
221,19,one,3,1,19,0.6333333333333333,31,1,,,0,6.47,4.873321533203125
221,20,of,2,0,20,0.6666666666666666,31,1,,,0,7.4,0.09411506354808807
221,21,the,3,0,21,0.7,31,1,,,0,7.73,0.34179311990737915
221,22,"smarter,",7,1,22,0.7333333333333333,31,1,2.0,2.0,1,3.91,12.4799085855484
221,23,savvier,7,1,23,0.7666666666666667,31,1,,,0,1.45,13.134268298745155
221,24,spoofs,6,1,24,0.8,31,1,,,0,2.26,12.288247108459473
221,25,to,2,0,25,0.8333333333333334,31,1,,,0,7.43,4.92903995513916
221,26,come,4,1,26,0.8666666666666667,31,1,,,0,5.78,1.713927984237671
221,27,along,5,1,27,0.9,31,1,,,0,5.38,4.010812282562256
221,28,in,2,0,28,0.9333333333333333,31,1,,,0,7.27,1.940546989440918
221,29,some,4,0,29,0.9666666666666667,31,1,,,0,6.2,8.673002243041992
221,30,time.,4,1,30,1.0,31,1,,,0,6.29,1.385802149772644
222,0,It,2,0,0,0.0,22,1,,,0,6.95,6.7774481773376465
222,1,should,6,0,1,0.047619047619047616,22,1,,,0,5.99,7.142932415008545
222,2,be,2,0,2,0.09523809523809523,22,1,,,0,6.79,0.807475209236145
222,3,mentioned,9,1,3,0.14285714285714285,22,1,,,0,4.83,5.73591423034668
222,4,that,4,0,4,0.19047619047619047,22,1,,,0,7.01,0.507196843624115
222,5,the,3,0,5,0.23809523809523808,22,1,,,0,7.73,2.829554796218872
222,6,set,3,1,6,0.2857142857142857,22,1,,,0,5.59,12.638323783874512
222,7,design,6,1,7,0.3333333333333333,22,1,,,0,5.17,7.497126579284668
222,8,and,3,0,8,0.38095238095238093,22,1,,,0,7.41,4.756679534912109
222,9,interiors,9,1,9,0.42857142857142855,22,1,,,0,3.44,12.444118976593018
222,10,of,2,0,10,0.47619047619047616,22,1,,,0,7.4,1.3015453815460205
222,11,the,3,0,11,0.5238095238095238,22,1,,,0,7.73,1.6457833051681519
222,12,haunted,7,1,12,0.5714285714285714,22,1,-2.1,2.1,1,3.87,14.853167533874512
222,13,vessel,6,1,13,0.6190476190476191,22,1,,,0,4.27,15.403963088989258
222,14,are,3,0,14,0.6666666666666666,22,1,,,0,6.74,2.106372833251953
222,15,more,4,0,15,0.7142857142857143,22,1,,,0,6.36,7.718456268310547
222,16,than,4,0,16,0.7619047619047619,22,1,,,0,6.13,2.9082210063934326
222,17,effectively,11,1,17,0.8095238095238095,22,1,1.9,1.9,1,4.49,16.594942092895508
222,18,creepy,6,1,18,0.8571428571428571,22,1,,,0,4.04,9.621406555175781
222,19,and,3,0,19,0.9047619047619048,22,1,,,0,7.41,3.2743899822235107
222,20,moodily,7,1,20,0.9523809523809523,22,1,-1.3,1.3,1,1.52,20.203425407409668
222,21,lit.,3,1,21,1.0,22,1,,,0,4.19,8.452999770641327
223,0,With,4,0,0,0.0,21,-1,,,0,6.85,8.870429992675781
223,1,the,3,0,1,0.05,21,-1,,,0,7.73,2.2538652420043945
223,2,exception,9,1,2,0.1,21,-1,,,0,4.35,6.368593215942383
223,3,of,2,0,3,0.15,21,-1,,,0,7.4,0.010095063596963882
223,4,some,4,0,4,0.2,21,-1,,,0,6.2,5.651940822601318
223,5,fleetingly,10,1,5,0.25,21,-1,,,0,2.11,23.53997802734375
223,6,amusing,7,1,6,0.3,21,-1,1.6,1.6,1,3.76,8.779725074768066
223,7,improvisations,14,1,7,0.35,21,-1,,,0,2.35,14.949179708957672
223,8,by,2,0,8,0.4,21,-1,,,0,6.66,3.9028820991516113
223,9,Cedric,6,1,9,0.45,21,-1,,,0,3.08,14.523053765296936
223,10,the,3,0,10,0.5,21,-1,,,0,7.73,5.402620792388916
223,11,Entertainer,11,1,11,0.55,21,-1,1.6,1.6,1,3.45,11.025994129362516
223,12,as,2,0,12,0.6,21,-1,,,0,6.77,8.427042007446289
223,13,Perry's,6,1,13,0.65,21,-1,,,0,3.06,17.13573670387268
223,14,"boss,",4,1,14,0.7,21,-1,,,0,4.76,9.8233140707016
223,15,there,5,0,15,0.75,21,-1,,,0,6.31,4.3406982421875
223,16,isn't,4,1,16,0.8,21,-1,,,0,5.41,4.906308871373767
223,17,a,1,0,17,0.85,21,-1,,,0,7.36,1.9268213510513306
223,18,redeeming,9,1,18,0.9,21,-1,,,0,3.01,12.762741588056087
223,19,moment,6,1,19,0.95,21,-1,,,0,5.24,6.683523654937744
223,20,here.,4,0,20,1.0,21,-1,,,0,5.97,5.22801548242569
224,0,It's,3,1,0,0.0,11,1,,,0,6.33,8.079901218414307
224,1,a,1,0,1,0.1,11,1,,,0,7.36,3.4850122928619385
224,2,funny,5,1,2,0.2,11,1,1.9,1.9,1,5.02,8.278151512145996
224,3,little,6,1,3,0.3,11,1,,,0,5.75,6.104379653930664
224,4,movie,5,1,4,0.4,11,1,,,0,5.16,6.437679290771484
224,5,with,4,0,5,0.5,11,1,,,0,6.85,5.25874137878418
224,6,clever,6,1,6,0.6,11,1,2.0,2.0,1,4.21,9.38740062713623
224,7,dialogue,8,1,7,0.7,11,1,,,0,4.29,5.150421142578125
224,8,and,3,0,8,0.8,11,1,,,0,7.41,1.6525180339813232
224,9,likeable,8,1,9,0.9,11,1,2.0,2.0,1,3.02,11.946976840496063
224,10,characters.,10,1,10,1.0,11,1,,,0,4.88,1.4232074916362762
225,0,``13,0,0,0,0.0,15,0,,,0,5.32,29.227938652038574
225,1,Conversations'',13,1,1,0.07142857142857142,15,0,,,0,4.3,22.35600094497204
225,2,holds,5,1,2,0.14285714285714285,15,0,,,0,4.6,12.98452091217041
225,3,its,3,0,3,0.21428571428571427,15,0,,,0,6.14,4.527202606201172
225,4,goodwill,8,1,4,0.2857142857142857,15,0,,,0,3.67,18.86325454711914
225,5,"close,",5,1,5,0.35714285714285715,15,0,,,0,5.36,17.032379150390625
225,6,but,3,0,6,0.42857142857142855,15,0,,,0,6.63,2.68007755279541
225,7,is,2,0,7,0.5,15,0,,,0,7.07,5.311601638793945
225,8,relatively,10,1,8,0.5714285714285714,15,0,,,0,4.66,11.107782363891602
225,9,slow,4,1,9,0.6428571428571429,15,0,,,0,4.85,6.493148326873779
225,10,to,2,0,10,0.7142857142857143,15,0,,,0,7.43,1.4011950492858887
225,11,come,4,1,11,0.7857142857142857,15,0,,,0,5.78,6.318498134613037
225,12,to,2,0,12,0.8571428571428571,15,0,,,0,7.43,1.2984294891357422
225,13,the,3,0,13,0.9285714285714286,15,0,,,0,7.73,4.735832214355469
225,14,point.,5,1,14,1.0,15,0,,,0,5.54,14.455633640289307
226,0,Not,3,0,0,0.0,32,1,,,0,6.69,9.684686660766602
226,1,the,3,0,1,0.03225806451612903,32,1,,,0,7.73,5.907264232635498
226,2,kind,4,1,2,0.06451612903225806,32,1,2.4,2.4,1,5.45,5.427160739898682
226,3,of,2,0,3,0.0967741935483871,32,1,,,0,7.4,0.16820338368415833
226,4,film,4,1,4,0.12903225806451613,32,1,,,0,5.2,8.702596664428711
226,5,that,4,0,5,0.16129032258064516,32,1,,,0,7.01,1.5109058618545532
226,6,will,4,0,6,0.1935483870967742,32,1,,,0,6.45,5.448110580444336
226,7,appeal,6,1,7,0.22580645161290322,32,1,,,0,4.67,6.204259395599365
226,8,to,2,0,8,0.25806451612903225,32,1,,,0,7.43,0.1432802826166153
226,9,a,1,0,9,0.2903225806451613,32,1,,,0,7.36,3.700030565261841
226,10,mainstream,10,1,10,0.3225806451612903,32,1,,,0,4.26,8.508938789367676
226,11,American,8,1,11,0.3548387096774194,32,1,,,0,5.49,8.22176742553711
226,12,"audience,",8,1,12,0.3870967741935484,32,1,,,0,4.73,1.9041266441345215
226,13,but,3,0,13,0.41935483870967744,32,1,,,0,6.63,1.0941197872161865
226,14,there,5,0,14,0.45161290322580644,32,1,,,0,6.31,7.298439979553223
226,15,is,2,0,15,0.4838709677419355,32,1,,,0,7.07,2.416365623474121
226,16,a,1,0,16,0.5161290322580645,32,1,,,0,7.36,2.1395387649536133
226,17,certain,7,1,17,0.5483870967741935,32,1,1.1,1.1,1,5.16,4.548988342285156
226,18,charm,5,1,18,0.5806451612903226,32,1,1.7,1.7,1,4.12,5.936463832855225
226,19,about,5,0,19,0.6129032258064516,32,1,,,0,6.4,2.6084322929382324
226,20,the,3,0,20,0.6451612903225806,32,1,,,0,7.73,2.712399482727051
226,21,film,4,1,21,0.6774193548387096,32,1,,,0,5.2,2.682744026184082
226,22,that,4,0,22,0.7096774193548387,32,1,,,0,7.01,1.4655933380126953
226,23,makes,5,1,23,0.7419354838709677,32,1,,,0,5.46,3.7625434398651123
226,24,it,2,0,24,0.7741935483870968,32,1,,,0,6.95,0.21445105969905853
226,25,a,1,0,25,0.8064516129032258,32,1,,,0,7.36,3.7040302753448486
226,26,suitable,8,1,26,0.8387096774193549,32,1,,,0,4.38,10.234532356262207
226,27,entry,5,1,27,0.8709677419354839,32,1,,,0,4.67,6.5009026527404785
226,28,into,4,0,28,0.9032258064516129,32,1,,,0,6.11,3.5403244495391846
226,29,the,3,0,29,0.9354838709677419,32,1,,,0,7.73,1.0388009548187256
226,30,fest,4,1,30,0.967741935483871,32,1,,,0,3.71,14.30708122253418
226,31,circuit.,7,1,31,1.0,32,1,,,0,4.47,5.190008997917175
227,0,You,3,0,0,0.0,40,0,,,0,6.98,7.682176113128662
227,1,come,4,1,1,0.02564102564102564,40,0,,,0,5.78,10.45695686340332
227,2,away,4,1,2,0.05128205128205128,40,0,,,0,5.62,8.637300491333008
227,3,"wishing,",7,1,3,0.07692307692307693,40,0,0.9,0.9,1,3.94,19.967270851135254
227,4,"though,",6,1,4,0.10256410256410256,40,0,,,0,5.5,7.9369232058525085
227,5,that,4,0,5,0.1282051282051282,40,0,,,0,7.01,0.3726160228252411
227,6,the,3,0,6,0.15384615384615385,40,0,,,0,7.73,3.412888288497925
227,7,movie,5,1,7,0.1794871794871795,40,0,,,0,5.16,9.727643013000488
227,8,spent,5,1,8,0.20512820512820512,40,0,,,0,5.02,12.919577598571777
227,9,a,1,0,9,0.23076923076923078,40,0,,,0,7.36,2.784738063812256
227,10,lot,3,1,10,0.2564102564102564,40,0,,,0,5.61,2.420884847640991
227,11,less,4,1,11,0.28205128205128205,40,0,,,0,5.49,4.230919361114502
227,12,time,4,1,12,0.3076923076923077,40,0,,,0,6.29,0.3118191063404083
227,13,trying,6,1,13,0.3333333333333333,40,0,,,0,5.47,5.855617046356201
227,14,to,2,0,14,0.358974358974359,40,0,,,0,7.43,0.0420544259250164
227,15,make,4,1,15,0.38461538461538464,40,0,,,0,6.08,3.558906078338623
227,16,a,1,0,16,0.41025641025641024,40,0,,,0,7.36,4.580202102661133
227,17,credible,8,1,17,0.4358974358974359,40,0,,,0,3.77,11.922245979309082
227,18,case,4,1,18,0.46153846153846156,40,0,,,0,5.55,2.080094337463379
227,19,for,3,0,19,0.48717948717948717,40,0,,,0,7.01,1.2938953638076782
227,20,reports,7,1,20,0.5128205128205128,40,0,,,0,4.9,17.26361083984375
227,21,from,4,0,21,0.5384615384615384,40,0,,,0,6.63,6.515379428863525
227,22,the,3,0,22,0.5641025641025641,40,0,,,0,7.73,2.3961668014526367
227,23,afterlife,9,1,23,0.5897435897435898,40,0,,,0,3.36,13.609210014343262
227,24,and,3,0,24,0.6153846153846154,40,0,,,0,7.41,4.393696308135986
227,25,a,1,0,25,0.6410256410256411,40,0,,,0,7.36,5.5516767501831055
227,26,lot,3,1,26,0.6666666666666666,40,0,,,0,5.61,0.9386193156242371
227,27,more,4,0,27,0.6923076923076923,40,0,,,0,6.36,0.786579430103302
227,28,time,4,1,28,0.717948717948718,40,0,,,0,6.29,0.2222670614719391
227,29,on,2,0,29,0.7435897435897436,40,0,,,0,6.91,5.080667495727539
227,30,the,3,0,30,0.7692307692307693,40,0,,,0,7.73,1.6629219055175781
227,31,romantic,8,1,31,0.7948717948717948,40,0,1.7,1.7,1,4.43,12.773601531982422
227,32,urgency,7,1,32,0.8205128205128205,40,0,,,0,3.55,15.574503898620605
227,33,that's,5,1,33,0.8461538461538461,40,0,,,0,5.86,9.370516300201416
227,34,at,2,0,34,0.8717948717948718,40,0,,,0,6.7,4.911870002746582
227,35,the,3,0,35,0.8974358974358975,40,0,,,0,7.73,0.8177785873413086
227,36,center,6,1,36,0.9230769230769231,40,0,,,0,5.19,3.718116283416748
227,37,of,2,0,37,0.9487179487179487,40,0,,,0,7.4,0.022314978763461113
227,38,the,3,0,38,0.9743589743589743,40,0,,,0,7.73,1.7907748222351074
227,39,story.,5,1,39,1.0,40,0,,,0,5.45,4.034067451953888
228,0,The,3,0,0,0.0,10,-1,,,0,7.73,4.729318141937256
228,1,movie,5,1,1,0.1111111111111111,10,-1,,,0,5.16,11.230162620544434
228,2,is,2,0,2,0.2222222222222222,10,-1,,,0,7.07,3.1372647285461426
228,3,virtually,9,1,3,0.3333333333333333,10,-1,,,0,4.26,13.639640808105469
228,4,without,7,1,4,0.4444444444444444,10,-1,,,0,5.69,8.56949520111084
228,5,context,7,1,5,0.5555555555555556,10,-1,,,0,4.63,10.981117248535156
228,6,--,0,0,6,0.6666666666666666,10,-1,,,0,,8.486872673034668
228,7,journalistic,12,1,7,0.7777777777777778,10,-1,,,0,3.29,18.198169708251953
228,8,or,2,0,8,0.8888888888888888,10,-1,,,0,6.54,5.959692478179932
228,9,historical.,10,1,9,1.0,10,-1,,,0,4.69,13.155778646469116
229,0,After,5,0,0,0.0,26,-1,,,0,6.11,9.298147201538086
229,1,sitting,7,1,1,0.04,26,-1,,,0,4.86,9.981337547302246
229,2,through,7,0,2,0.08,26,-1,,,0,5.87,3.584815263748169
229,3,this,4,0,3,0.12,26,-1,,,0,6.82,6.083693504333496
229,4,"sloppy,",6,1,4,0.16,26,-1,,,0,3.59,19.367250442504883
229,5,made-for-movie,12,1,5,0.2,26,-1,,,0,0.0,24.656879101879895
229,6,comedy,6,1,6,0.24,26,-1,1.5,1.5,1,4.51,7.647680282592773
229,7,"special,",7,1,7,0.28,26,-1,1.7,1.7,1,5.34,10.732670426368713
229,8,it,2,0,8,0.32,26,-1,,,0,6.95,4.222810745239258
229,9,makes,5,1,9,0.36,26,-1,,,0,5.46,7.738584041595459
229,10,me,2,0,10,0.4,26,-1,,,0,6.48,2.6717369556427
229,11,wonder,6,1,11,0.44,26,-1,,,0,4.93,2.6190683841705322
229,12,if,2,0,12,0.48,26,-1,,,0,6.47,1.5173559188842773
229,13,Lawrence,8,1,13,0.52,26,-1,,,0,4.31,12.529431343078613
229,14,hates,5,1,14,0.56,26,-1,-1.9,1.9,1,4.15,15.685285568237305
229,15,criticism,9,1,15,0.6,26,-1,-1.9,1.9,1,4.49,12.903314590454102
229,16,so,2,0,16,0.64,26,-1,,,0,6.52,5.0511274337768555
229,17,much,4,1,17,0.68,26,-1,,,0,6.0,0.014485367573797703
229,18,that,4,0,18,0.72,26,-1,,,0,7.01,0.9225753545761108
229,19,he,2,0,19,0.76,26,-1,,,0,6.69,0.22889675199985504
229,20,refuses,7,1,20,0.8,26,-1,,,0,4.02,8.76400089263916
229,21,to,2,0,21,0.84,26,-1,,,0,7.43,0.06565098464488983
229,22,evaluate,8,1,22,0.88,26,-1,,,0,4.01,12.862289428710938
229,23,his,3,0,23,0.92,26,-1,,,0,6.51,3.9772422313690186
229,24,own,3,0,24,0.96,26,-1,,,0,5.74,2.0591084957122803
229,25,work.,4,1,25,1.0,26,-1,,,0,5.96,2.750352382659912
230,0,Genuinely,9,1,0,0.0,10,1,,,0,4.1,20.36042308807373
230,1,touching,8,1,1,0.1111111111111111,10,1,,,0,4.22,14.641751289367676
230,2,because,7,0,2,0.2222222222222222,10,1,,,0,6.03,10.427169799804688
230,3,it's,3,1,3,0.3333333333333333,10,1,,,0,6.33,4.446360945701599
230,4,realistic,9,1,4,0.4444444444444444,10,1,,,0,4.16,10.024651527404785
230,5,about,5,0,5,0.5555555555555556,10,1,,,0,6.4,9.083736419677734
230,6,all,3,0,6,0.6666666666666666,10,1,,,0,6.52,6.675863742828369
230,7,kinds,5,1,7,0.7777777777777778,10,1,,,0,4.51,7.861621379852295
230,8,of,2,0,8,0.8888888888888888,10,1,,,0,7.4,0.009279342368245125
230,9,love.,4,1,9,1.0,10,1,3.2,3.2,1,5.82,13.093806982040405
231,0,For,3,0,0,0.0,8,0,,,0,7.01,7.997681617736816
231,1,all,3,0,1,0.14285714285714285,8,0,,,0,6.52,5.428768634796143
231,2,the,3,0,2,0.2857142857142857,8,0,,,0,7.73,1.6539808511734009
231,3,"complications,",13,1,3,0.42857142857142855,8,0,,,0,3.98,16.5287504196167
231,4,it's,3,1,4,0.5714285714285714,8,0,,,0,6.33,5.22491329908371
231,5,all,3,0,5,0.7142857142857143,8,0,,,0,6.52,5.874941825866699
231,6,surprisingly,12,1,6,0.8571428571428571,8,0,1.2,1.2,1,4.09,12.78235149383545
231,7,predictable.,11,1,7,1.0,8,0,,,0,3.76,8.902037918567657
232,0,Armed,5,1,0,0.0,26,1,,,0,4.59,14.455871820449829
232,1,with,4,0,1,0.04,26,1,,,0,6.85,1.5093731880187988
232,2,a,1,0,2,0.08,26,1,,,0,7.36,2.3045108318328857
232,3,game,4,1,3,0.12,26,1,,,0,5.72,11.284575462341309
232,4,supporting,10,1,4,0.16,26,1,1.9,1.9,1,4.71,17.201688766479492
232,5,"cast,",4,1,5,0.2,26,1,,,0,4.79,15.301461458206177
232,6,from,4,0,6,0.24,26,1,,,0,6.63,10.592430114746094
232,7,the,3,0,7,0.28,26,1,,,0,7.73,3.517366409301758
232,8,pitch-perfect,12,1,8,0.32,26,1,,,0,0.0,16.860675036907196
232,9,Forster,7,1,9,0.36,26,1,,,0,3.29,22.282625198364258
232,10,to,2,0,10,0.4,26,1,,,0,7.43,2.7210865020751953
232,11,the,3,0,11,0.44,26,1,,,0,7.73,1.4166616201400757
232,12,always,6,1,12,0.48,26,1,,,0,5.76,11.335444450378418
232,13,hilarious,9,1,13,0.52,26,1,1.7,1.7,1,4.27,5.506898403167725
232,14,Meara,5,1,14,0.56,26,1,,,0,1.76,20.380918264389038
232,15,and,3,0,15,0.6,26,1,,,0,7.41,6.003319263458252
232,16,"Levy,",4,1,16,0.64,26,1,,,0,3.85,16.186081409454346
232,17,Like,4,1,17,0.68,26,1,1.5,1.5,1,6.41,16.701852798461914
232,18,Mike,4,1,18,0.72,26,1,,,0,4.8,5.889823913574219
232,19,shoots,6,1,19,0.76,26,1,,,0,3.96,18.02364730834961
232,20,and,3,0,20,0.8,26,1,,,0,7.41,7.26322603225708
232,21,"scores,",6,1,21,0.84,26,1,,,0,4.43,13.211573123931885
232,22,doing,5,0,22,0.88,26,1,,,0,5.6,12.890213966369629
232,23,its,3,0,23,0.92,26,1,,,0,6.14,7.849278450012207
232,24,namesake,8,1,24,0.96,26,1,,,0,3.1,13.544336318969727
232,25,proud.,5,1,25,1.0,26,1,2.1,2.1,1,4.78,10.403743863105774
233,0,It,2,0,0,0.0,15,1,,,0,6.95,6.777443885803223
233,1,will,4,0,1,0.07142857142857142,15,1,,,0,6.45,6.766970157623291
233,2,guarantee,9,1,2,0.14285714285714285,15,1,1.0,1.0,1,4.44,14.105156898498535
233,3,to,2,0,3,0.21428571428571427,15,1,,,0,7.43,7.490045070648193
233,4,have,4,0,4,0.2857142857142857,15,1,,,0,6.71,5.183889865875244
233,5,you,3,0,5,0.35714285714285715,15,1,,,0,6.98,6.0867204666137695
233,6,leaving,7,1,6,0.42857142857142855,15,1,,,0,4.98,12.051556587219238
233,7,the,3,0,7,0.5,15,1,,,0,7.73,2.956566095352173
233,8,theater,7,1,8,0.5714285714285714,15,1,,,0,4.35,10.249835968017578
233,9,with,4,0,9,0.6428571428571429,15,1,,,0,6.85,3.2788705825805664
233,10,a,1,0,10,0.7142857142857143,15,1,,,0,7.36,2.0905203819274902
233,11,smile,5,1,11,0.7857142857142857,15,1,1.5,1.5,1,4.64,5.086291790008545
233,12,on,2,0,12,0.8571428571428571,15,1,,,0,6.91,1.0850186347961426
233,13,your,4,0,13,0.9285714285714286,15,1,,,0,6.53,0.04529139772057533
233,14,face.,4,1,14,1.0,15,1,,,0,5.45,1.2224606717936695
234,0,The,3,0,0,0.0,15,-1,,,0,7.73,4.729320049285889
234,1,misery,6,1,1,0.07142857142857142,15,-1,-2.7,2.7,1,3.89,17.637609481811523
234,2,of,2,0,2,0.14285714285714285,15,-1,,,0,7.4,1.1653375625610352
234,3,these,5,0,3,0.21428571428571427,15,-1,,,0,6.04,7.503828048706055
234,4,people,6,1,4,0.2857142857142857,15,-1,,,0,6.25,4.399125099182129
234,5,becomes,7,1,5,0.35714285714285715,15,-1,,,0,4.83,10.138570785522461
234,6,just,4,0,6,0.42857142857142855,15,-1,,,0,6.43,9.482330322265625
234,7,another,7,1,7,0.5,15,-1,,,0,5.74,3.889533758163452
234,8,voyeuristic,11,1,8,0.5714285714285714,15,-1,,,0,2.24,20.217667140997946
234,9,"spectacle,",9,1,9,0.6428571428571429,15,-1,,,0,3.61,10.260895252227783
234,10,to,2,0,10,0.7142857142857143,15,-1,,,0,7.43,7.030585289001465
234,11,be,2,0,11,0.7857142857142857,15,-1,,,0,6.79,1.7982603311538696
234,12,consumed,8,1,12,0.8571428571428571,15,-1,,,0,3.95,6.429671764373779
234,13,and,3,0,13,0.9285714285714286,15,-1,,,0,7.41,4.618231296539307
234,14,forgotten.,9,1,14,1.0,15,-1,-0.9,0.9,1,4.4,8.575598001480103
235,0,A,1,0,0,0.0,20,-1,,,0,7.36,5.6875901222229
235,1,thoroughly,10,1,1,0.05263157894736842,20,-1,,,0,4.09,16.1655216217041
235,2,awful,5,1,2,0.10526315789473684,20,-1,-2.0,2.0,1,4.46,11.555734634399414
235,3,movie,5,1,3,0.15789473684210525,20,-1,,,0,5.16,4.759182453155518
235,4,--,0,0,4,0.21052631578947367,20,-1,,,0,,11.235124588012695
235,5,"dumb,",4,1,5,0.2631578947368421,20,-1,-2.3,2.3,1,4.54,15.658329725265503
235,6,narratively,11,1,6,0.3157894736842105,20,-1,,,0,2.06,16.383505940437317
235,7,"chaotic,",7,1,7,0.3684210526315789,20,-1,-2.2,2.2,1,3.67,12.784121811389923
235,8,visually,8,1,8,0.42105263157894735,20,-1,,,0,3.68,8.972031593322754
235,9,sloppy...,6,1,9,0.47368421052631576,20,-1,,,0,3.59,18.27360439300537
235,10,a,1,0,10,0.5263157894736842,20,-1,,,0,7.36,5.923837661743164
235,11,weird,5,1,11,0.5789473684210527,20,-1,-0.7,0.7,1,4.81,9.308074951171875
235,12,amalgam,7,1,12,0.631578947368421,20,-1,,,0,2.85,10.25937831401825
235,13,of,2,0,13,0.6842105263157895,20,-1,,,0,7.4,0.06667802482843399
235,14,`The,3,0,14,0.7368421052631579,20,-1,,,0,7.73,22.82751178741455
235,15,Thing',5,1,15,0.7894736842105263,20,-1,,,0,5.72,7.562323212623596
235,16,and,3,0,16,0.8421052631578947,20,-1,,,0,7.41,0.23853638768196106
235,17,a,1,0,17,0.8947368421052632,20,-1,,,0,7.36,7.8559088706970215
235,18,geriatric,9,1,18,0.9473684210526315,20,-1,,,0,2.95,17.008102595806122
235,19,`Scream.',6,1,19,1.0,20,-1,,,0,4.14,21.3537015914917
236,0,One,3,1,0,0.0,21,0,,,0,6.47,8.486971855163574
236,1,of,2,0,1,0.05,21,0,,,0,7.4,1.1186970472335815
236,2,those,5,0,2,0.1,21,0,,,0,5.9,5.440286636352539
236,3,staggeringly,12,1,3,0.15,21,0,,,0,2.38,18.64362624892965
236,4,"well-produced,",12,1,4,0.2,21,0,,,0,0.0,19.13475739955902
236,5,joylessly,9,1,5,0.25,21,0,-1.7,1.7,1,1.04,20.6758451461792
236,6,extravagant,11,1,6,0.3,21,0,,,0,3.4,11.735796928405762
236,7,pictures,8,1,7,0.35,21,0,,,0,4.92,9.365002632141113
236,8,that,4,0,8,0.4,21,0,,,0,7.01,3.6341023445129395
236,9,keep,4,1,9,0.45,21,0,,,0,5.66,10.221538543701172
236,10,whooshing,9,1,10,0.5,21,0,,,0,2.12,21.782020969316363
236,11,you,3,0,11,0.55,21,0,,,0,6.98,9.462373733520508
236,12,from,4,0,12,0.6,21,0,,,0,6.63,6.472536563873291
236,13,one,3,1,13,0.65,21,0,,,0,6.47,8.109503746032715
236,14,visual,6,1,14,0.7,21,0,,,0,4.5,11.119423866271973
236,15,marvel,6,1,15,0.75,21,0,1.8,1.8,1,4.16,10.817048072814941
236,16,to,2,0,16,0.8,21,0,,,0,7.43,0.393589586019516
236,17,the,3,0,17,0.85,21,0,,,0,7.73,1.5140509605407715
236,18,"next,",4,1,18,0.9,21,0,,,0,5.7,2.9255386367440224
236,19,"hastily,",7,1,19,0.95,21,0,,,0,3.3,25.997827529907227
236,20,emptily.,7,1,20,1.0,21,0,-1.0,1.0,1,1.28,20.96905279159546
237,0,Measured,8,1,0,0.0,24,1,,,0,4.25,17.63601016998291
237,1,against,7,0,1,0.043478260869565216,24,1,,,0,5.68,5.342173099517822
237,2,practically,11,1,2,0.08695652173913043,24,1,,,0,4.19,17.640989303588867
237,3,any,3,0,3,0.13043478260869565,24,1,,,0,6.07,2.245314598083496
237,4,like-themed,10,1,4,0.17391304347826086,24,1,,,0,0.0,34.308086812496185
237,5,film,4,1,5,0.21739130434782608,24,1,,,0,5.2,8.811003684997559
237,6,other,5,0,6,0.2608695652173913,24,1,,,0,6.16,10.707275390625
237,7,than,4,0,7,0.30434782608695654,24,1,,,0,6.13,0.013251954689621925
237,8,its,3,0,8,0.34782608695652173,24,1,,,0,6.14,8.86695384979248
237,9,Oscar-sweeping,13,1,9,0.391304347826087,24,1,,,0,0.0,25.42589980363846
237,10,franchise,9,1,10,0.43478260869565216,24,1,,,0,4.29,10.164071083068848
237,11,predecessor,11,1,11,0.4782608695652174,24,1,,,0,3.82,9.972955703735352
237,12,The,3,0,12,0.5217391304347826,24,1,,,0,7.73,4.859239101409912
237,13,Silence,7,1,13,0.5652173913043478,24,1,,,0,4.46,8.378562927246094
237,14,of,2,0,14,0.6086956521739131,24,1,,,0,7.4,0.19711212813854218
237,15,the,3,0,15,0.6521739130434783,24,1,,,0,7.73,0.0012088753283023834
237,16,"Lambs,",5,1,16,0.6956521739130435,24,1,,,0,3.23,0.6641055948712165
237,17,Red,3,1,17,0.7391304347826086,24,1,,,0,5.32,10.98133659362793
237,18,Dragon,6,1,18,0.782608695652174,24,1,,,0,4.41,4.537042140960693
237,19,rates,5,1,19,0.8260869565217391,24,1,,,0,4.88,16.042339324951172
237,20,as,2,0,20,0.8695652173913043,24,1,,,0,6.77,1.4054687023162842
237,21,an,2,0,21,0.9130434782608695,24,1,,,0,6.53,4.451451778411865
237,22,exceptional,11,1,22,0.9565217391304348,24,1,,,0,4.05,8.316155433654785
237,23,thriller.,8,1,23,1.0,24,1,0.4,0.4,1,3.91,7.880380749702454
238,0,The,3,0,0,0.0,24,0,,,0,7.73,4.729319095611572
238,1,movie,5,1,1,0.043478260869565216,24,0,,,0,5.16,11.230157852172852
238,2,has,3,0,2,0.08695652173913043,24,0,,,0,6.37,4.9963603019714355
238,3,no,2,0,3,0.13043478260869565,24,0,-1.2,1.2,1,6.35,7.502019882202148
238,4,respect,7,1,4,0.17391304347826086,24,0,2.1,2.1,1,5.03,12.612058639526367
238,5,for,3,0,5,0.21739130434782608,24,0,,,0,7.01,0.10582268983125687
238,6,"laws,",4,1,6,0.2608695652173913,24,0,,,0,4.89,14.28482174873352
238,7,political,9,1,7,0.30434782608695654,24,0,,,0,5.29,8.899175643920898
238,8,correctness,11,1,8,0.34782608695652173,24,0,,,0,3.39,4.789791107177734
238,9,or,2,0,9,0.391304347826087,24,0,,,0,6.54,1.5924829244613647
238,10,common,6,1,10,0.43478260869565216,24,0,,,0,5.2,8.054693222045898
238,11,"decency,",7,1,11,0.4782608695652174,24,0,,,0,3.5,5.169733285903931
238,12,but,3,0,12,0.5217391304347826,24,0,,,0,6.63,2.6509413719177246
238,13,it,2,0,13,0.5652173913043478,24,0,,,0,6.95,1.6631534099578857
238,14,displays,8,1,14,0.6086956521739131,24,0,,,0,4.07,11.229659080505371
238,15,something,9,1,15,0.6521739130434783,24,0,,,0,5.81,7.015373706817627
238,16,more,4,0,16,0.6956521739130435,24,0,,,0,6.36,6.729984283447266
238,17,important:,9,1,17,0.7391304347826086,24,0,0.8,0.8,1,5.44,7.713090419769287
238,18,respect,7,1,18,0.782608695652174,24,0,2.1,2.1,1,5.03,8.701445579528809
238,19,for,3,0,19,0.8260869565217391,24,0,,,0,7.01,0.3140818476676941
238,20,its,3,0,20,0.8695652173913043,24,0,,,0,6.14,6.479879856109619
238,21,"flawed,",6,1,21,0.9130434782608695,24,0,-2.1,2.1,1,3.72,18.004496097564697
238,22,crazy,5,1,22,0.9565217391304348,24,0,-1.4,1.4,1,5.07,12.136094093322754
238,23,people.,6,1,23,1.0,24,0,,,0,6.25,6.695278704166412
239,0,In,2,0,0,0.0,9,0,,,0,7.27,6.432435989379883
239,1,a,1,0,1,0.125,9,0,,,0,7.36,3.579134225845337
239,2,strange,7,1,2,0.25,9,0,-0.8,0.8,1,4.64,8.75049114227295
239,3,"way,",3,1,3,0.375,9,0,,,0,6.01,5.184886023402214
239,4,Egoyan,6,1,4,0.5,9,0,,,0,1.66,26.137419879436493
239,5,has,3,0,5,0.625,9,0,,,0,6.37,5.161172389984131
239,6,done,4,1,6,0.75,9,0,,,0,5.58,6.984499454498291
239,7,too,3,0,7,0.875,9,0,,,0,5.95,8.692171096801758
239,8,much.,4,1,8,1.0,9,0,,,0,6.0,3.717256784439087
240,0,After,5,0,0,0.0,19,-1,,,0,6.11,9.298110008239746
240,1,seeing,6,1,1,0.05555555555555555,19,-1,,,0,5.04,7.044379711151123
240,2,the,3,0,2,0.1111111111111111,19,-1,,,0,7.73,2.447782516479492
240,3,"film,",4,1,3,0.16666666666666666,19,-1,,,0,5.2,8.092552185058594
240,4,I,1,0,4,0.2222222222222222,19,-1,,,0,7.09,1.5573391914367676
240,5,can,3,0,5,0.2777777777777778,19,-1,,,0,6.46,5.6051177978515625
240,6,tell,4,1,6,0.3333333333333333,19,-1,,,0,5.53,4.193273544311523
240,7,you,3,0,7,0.3888888888888889,19,-1,,,0,6.98,0.14078812301158905
240,8,that,4,0,8,0.4444444444444444,19,-1,,,0,7.01,0.6522578597068787
240,9,there's,6,1,9,0.5,19,-1,,,0,5.54,7.335124254226685
240,10,no,2,0,10,0.5555555555555556,19,-1,-1.2,1.2,1,6.35,3.4426467418670654
240,11,other,5,0,11,0.6111111111111112,19,-1,,,0,6.16,6.6691460609436035
240,12,reason,6,1,12,0.6666666666666666,19,-1,,,0,5.32,5.206218719482422
240,13,why,3,0,13,0.7222222222222222,19,-1,,,0,5.93,2.5688893795013428
240,14,anyone,6,1,14,0.7777777777777778,19,-1,,,0,5.38,6.881371021270752
240,15,should,6,0,15,0.8333333333333334,19,-1,,,0,5.99,2.511698007583618
240,16,bother,6,1,16,0.8888888888888888,19,-1,-1.4,1.4,1,4.39,8.089473724365234
240,17,remembering,11,1,17,0.9444444444444444,19,-1,,,0,3.94,13.70401382446289
240,18,it.,2,0,18,1.0,19,-1,,,0,6.95,3.988202214241028
241,0,The,3,0,0,0.0,24,1,,,0,7.73,4.729319095611572
241,1,film,4,1,1,0.043478260869565216,24,1,,,0,5.2,10.617316246032715
241,2,is,2,0,2,0.08695652173913043,24,1,,,0,7.07,3.0372135639190674
241,3,darkly,6,1,3,0.13043478260869565,24,1,,,0,2.97,15.409667253494263
241,4,funny,5,1,4,0.17391304347826086,24,1,1.9,1.9,1,5.02,1.7644098997116089
241,5,in,2,0,5,0.21739130434782608,24,1,,,0,7.27,5.738609313964844
241,6,its,3,0,6,0.2608695652173913,24,1,,,0,6.14,1.145927906036377
241,7,observation,11,1,7,0.30434782608695654,24,1,,,0,4.13,13.204926490783691
241,8,of,2,0,8,0.34782608695652173,24,1,,,0,7.4,0.9813404083251953
241,9,just,4,0,9,0.391304347826087,24,1,,,0,6.43,10.65227222442627
241,10,how,3,0,10,0.43478260869565216,24,1,,,0,6.24,0.09655752778053284
241,11,much,4,1,11,0.4782608695652174,24,1,,,0,6.0,3.41778564453125
241,12,more,4,0,12,0.5217391304347826,24,1,,,0,6.36,6.129709243774414
241,13,grueling,8,1,13,0.5652173913043478,24,1,,,0,2.93,14.57114028930664
241,14,and,3,0,14,0.6086956521739131,24,1,,,0,7.41,3.2542624473571777
241,15,time-consuming,13,1,15,0.6521739130434783,24,1,,,0,1.04,8.963804461061954
241,16,the,3,0,16,0.6956521739130435,24,1,,,0,7.73,3.090669870376587
241,17,illusion,8,1,17,0.7391304347826086,24,1,,,0,3.94,16.907344818115234
241,18,of,2,0,18,0.782608695652174,24,1,,,0,7.4,0.7183538675308228
241,19,work,4,1,19,0.8260869565217391,24,1,,,0,5.96,7.6963419914245605
241,20,is,2,0,20,0.8695652173913043,24,1,,,0,7.07,1.8477426767349243
241,21,than,4,0,21,0.9130434782608695,24,1,,,0,6.13,2.4998579025268555
241,22,actual,6,1,22,0.9565217391304348,24,1,,,0,4.85,7.57573127746582
241,23,work.,4,1,23,1.0,24,1,,,0,5.96,2.0134363770484924
242,0,In,2,0,0,0.0,7,0,,,0,7.27,6.432435989379883
242,1,some,4,0,1,0.16666666666666666,7,0,,,0,6.2,7.904698848724365
242,2,"ways,",4,1,2,0.3333333333333333,7,0,,,0,5.06,2.508034259080887
242,3,Lagaan,6,1,3,0.5,7,0,,,0,1.72,29.82189130783081
242,4,is,2,0,4,0.6666666666666666,7,0,,,0,7.07,2.0836856365203857
242,5,quintessential,14,1,5,0.8333333333333334,7,0,,,0,3.03,13.98283565044403
242,6,Bollywood.,9,1,6,1.0,7,0,,,0,3.58,12.081858932971954
243,0,Pacino,6,1,0,0.0,20,1,,,0,2.8,20.645670413970947
243,1,and,3,0,1,0.05263157894736842,20,1,,,0,7.41,4.807356357574463
243,2,Williams,8,1,2,0.10526315789473684,20,1,,,0,4.67,10.093588829040527
243,3,seem,4,1,3,0.15789473684210525,20,1,,,0,5.08,9.554305076599121
243,4,to,2,0,4,0.21052631578947367,20,1,,,0,7.43,0.7533854842185974
243,5,keep,4,1,5,0.2631578947368421,20,1,,,0,5.66,9.836745262145996
243,6,upping,6,1,6,0.3157894736842105,20,1,,,0,2.85,13.85915607213974
243,7,the,3,0,7,0.3684210526315789,20,1,,,0,7.73,1.325614333152771
243,8,ante,4,1,8,0.42105263157894735,20,1,,,0,3.33,0.24658448994159698
243,9,on,2,0,9,0.47368421052631576,20,1,,,0,6.91,2.373028039932251
243,10,each,4,0,10,0.5263157894736842,20,1,,,0,5.69,7.251659393310547
243,11,"other,",5,0,11,0.5789473684210527,20,1,,,0,6.16,3.2831124514341354
243,12,just,4,0,12,0.631578947368421,20,1,,,0,6.43,8.100737571716309
243,13,as,2,0,13,0.6842105263157895,20,1,,,0,6.77,1.556522250175476
243,14,their,5,0,14,0.7368421052631579,20,1,,,0,6.33,5.028213024139404
243,15,characters,10,1,15,0.7894736842105263,20,1,,,0,4.88,10.160630226135254
243,16,do,2,0,16,0.8421052631578947,20,1,,,0,6.35,2.9327199459075928
243,17,in,2,0,17,0.8947368421052632,20,1,,,0,7.27,2.7833094596862793
243,18,the,3,0,18,0.9473684210526315,20,1,,,0,7.73,1.9020600318908691
243,19,film.,4,1,19,1.0,20,1,,,0,5.2,5.907371997833252
244,0,It,2,0,0,0.0,27,0,,,0,6.95,6.7774481773376465
244,1,would,5,0,1,0.038461538461538464,27,0,,,0,6.27,6.027154445648193
244,2,be,2,0,2,0.07692307692307693,27,0,,,0,6.79,1.097657561302185
244,3,disingenuous,12,1,3,0.11538461538461539,27,0,,,0,2.95,8.884002725593746
244,4,to,2,0,4,0.15384615384615385,27,0,,,0,7.43,0.5295395851135254
244,5,call,4,1,5,0.19230769230769232,27,0,,,0,5.51,4.9617815017700195
244,6,Reno,4,1,6,0.23076923076923078,27,0,,,0,3.52,16.99081039428711
244,7,a,1,0,7,0.2692307692307692,27,0,,,0,7.36,2.593000650405884
244,8,great,5,1,8,0.3076923076923077,27,0,3.1,3.1,1,5.88,8.133066177368164
244,9,"film,",4,1,9,0.34615384615384615,27,0,,,0,5.2,13.649326920509338
244,10,but,3,0,10,0.38461538461538464,27,0,,,0,6.63,2.0398306846618652
244,11,you,3,0,11,0.4230769230769231,27,0,,,0,6.98,6.676370620727539
244,12,can,3,0,12,0.46153846153846156,27,0,,,0,6.46,2.335507869720459
244,13,say,3,1,13,0.5,27,0,,,0,5.89,6.052674293518066
244,14,that,4,0,14,0.5384615384615384,27,0,,,0,7.01,1.624723196029663
244,15,about,5,0,15,0.5769230769230769,27,0,,,0,6.4,5.821348667144775
244,16,most,4,0,16,0.6153846153846154,27,0,,,0,6.0,5.322468280792236
244,17,of,2,0,17,0.6538461538461539,27,0,,,0,7.4,1.3870066404342651
244,18,the,3,0,18,0.6923076923076923,27,0,,,0,7.73,0.9321311712265015
244,19,flicks,6,1,19,0.7307692307692307,27,0,,,0,3.08,11.954801440238953
244,20,moving,6,1,20,0.7692307692307693,27,0,,,0,5.02,13.640600204467773
244,21,in,2,0,21,0.8076923076923077,27,0,,,0,7.27,3.8520827293395996
244,22,and,3,0,22,0.8461538461538461,27,0,,,0,7.41,4.611709117889404
244,23,out,3,0,23,0.8846153846153846,27,0,,,0,6.38,0.051353007555007935
244,24,of,2,0,24,0.9230769230769231,27,0,,,0,7.4,0.05692591145634651
244,25,the,3,0,25,0.9615384615384616,27,0,,,0,7.73,1.4707677364349365
244,26,multiplex.,9,1,26,1.0,27,0,,,0,2.78,19.775955080986023
245,0,Some,4,0,0,0.0,23,0,,,0,6.2,9.966617584228516
245,1,movies,6,1,1,0.045454545454545456,23,0,,,0,4.79,12.629323959350586
245,2,can,3,0,2,0.09090909090909091,23,0,,,0,6.46,6.065537929534912
245,3,get,3,1,3,0.13636363636363635,23,0,,,0,6.28,5.615062713623047
245,4,by,2,0,4,0.18181818181818182,23,0,,,0,6.66,10.044666290283203
245,5,without,7,1,5,0.22727272727272727,23,0,,,0,5.69,2.038578510284424
245,6,being,5,0,6,0.2727272727272727,23,0,,,0,5.95,5.301451683044434
245,7,funny,5,1,7,0.3181818181818182,23,0,1.9,1.9,1,5.02,6.598613739013672
245,8,simply,6,1,8,0.36363636363636365,23,0,,,0,5.08,12.823596954345703
245,9,by,2,0,9,0.4090909090909091,23,0,,,0,6.66,2.0785727500915527
245,10,structuring,11,1,10,0.45454545454545453,23,0,,,0,2.98,16.683918219059706
245,11,the,3,0,11,0.5,23,0,,,0,7.73,2.973331928253174
245,12,scenes,6,1,12,0.5454545454545454,23,0,,,0,4.58,6.639172554016113
245,13,as,2,0,13,0.5909090909090909,23,0,,,0,6.77,4.780705451965332
245,14,if,2,0,14,0.6363636363636364,23,0,,,0,6.47,5.421982765197754
245,15,they,4,0,15,0.6818181818181818,23,0,,,0,6.5,0.7420689463615417
245,16,were,4,0,16,0.7272727272727273,23,0,,,0,6.34,0.44400331377983093
245,17,jokes:,5,1,17,0.7727272727272727,23,0,1.0,1.0,1,4.33,11.546659469604492
245,18,a,1,0,18,0.8181818181818182,23,0,,,0,7.36,5.938497543334961
245,19,"setup,",5,1,19,0.8636363636363636,23,0,,,0,4.09,18.46949791908264
245,20,delivery,8,1,20,0.9090909090909091,23,0,,,0,4.59,13.91374683380127
245,21,and,3,0,21,0.9545454545454546,23,0,,,0,7.41,4.741240978240967
245,22,payoff.,6,1,22,1.0,23,0,,,0,3.25,10.037792325019836
246,0,Narc,4,1,0,0.0,13,0,,,0,2.61,15.836313724517822
246,1,can,3,0,1,0.08333333333333333,13,0,,,0,6.46,15.852441787719727
246,2,only,4,0,2,0.16666666666666666,13,0,,,0,6.12,5.364213943481445
246,3,remind,6,1,3,0.25,13,0,,,0,4.37,14.577716827392578
246,4,us,2,1,4,0.3333333333333333,13,0,,,0,6.04,3.1886048316955566
246,5,of,2,0,5,0.4166666666666667,13,0,,,0,7.4,1.1850268840789795
246,6,brilliant,9,1,6,0.5,13,0,2.8,2.8,1,4.55,15.663365364074707
246,7,crime,5,1,7,0.5833333333333334,13,0,-2.5,2.5,1,4.89,12.995842933654785
246,8,dramas,6,1,8,0.6666666666666666,13,0,,,0,3.55,3.810617446899414
246,9,without,7,1,9,0.75,13,0,,,0,5.69,9.415436744689941
246,10,becoming,8,1,10,0.8333333333333334,13,0,,,0,4.81,8.301090240478516
246,11,one,3,1,11,0.9166666666666666,13,0,,,0,6.47,6.465690612792969
246,12,itself.,6,0,12,1.0,13,0,,,0,5.1,10.606959700584412
247,0,Narc,4,1,0,0.0,9,1,,,0,2.61,15.836313724517822
247,1,is,2,0,1,0.125,9,1,,,0,7.07,10.639974594116211
247,2,a,1,0,2,0.25,9,1,,,0,7.36,1.8028631210327148
247,3,no-bull,6,1,3,0.375,9,1,,,0,0.0,21.703939259052277
247,4,throwback,9,1,4,0.5,9,1,,,0,3.25,18.081581234931946
247,5,to,2,0,5,0.625,9,1,,,0,7.43,1.2223498821258545
247,6,1970s,1,1,6,0.75,9,1,,,0,2.64,8.407043933868408
247,7,action,6,1,7,0.875,9,1,,,0,5.25,8.21749496459961
247,8,films.,5,1,8,1.0,9,1,,,0,4.64,6.005849123001099
248,0,Intriguing,10,1,0,0.0,4,1,,,0,3.69,16.968581676483154
248,1,and,3,0,1,0.3333333333333333,4,1,,,0,7.41,6.026610374450684
248,2,downright,9,1,2,0.6666666666666666,4,1,,,0,3.38,8.830676078796387
248,3,intoxicating.,12,1,3,1.0,4,1,,,0,2.97,13.538397386670113
249,0,The,3,0,0,0.0,35,0,,,0,7.73,4.729313373565674
249,1,wonderful,9,1,1,0.029411764705882353,35,0,2.7,2.7,1,4.85,14.847909927368164
249,2,combination,11,1,2,0.058823529411764705,35,0,,,0,4.61,10.283743858337402
249,3,of,2,0,3,0.08823529411764706,35,0,,,0,7.4,0.06081118807196617
249,4,the,3,0,4,0.11764705882352941,35,0,,,0,7.73,3.879753828048706
249,5,sweetness,9,1,5,0.14705882352941177,35,0,2.2,2.2,1,3.48,11.902076721191406
249,6,and,3,0,6,0.17647058823529413,35,0,,,0,7.41,1.900260329246521
249,7,the,3,0,7,0.20588235294117646,35,0,,,0,7.73,1.9811372756958008
249,8,extraordinary,13,1,8,0.23529411764705882,35,0,,,0,4.36,15.242552757263184
249,9,technical,9,1,9,0.2647058823529412,35,0,,,0,4.75,11.367537498474121
249,10,accomplishments,15,1,10,0.29411764705882354,35,0,,,0,3.75,10.907096862792969
249,11,of,2,0,11,0.3235294117647059,35,0,,,0,7.4,0.5458970069885254
249,12,the,3,0,12,0.35294117647058826,35,0,,,0,7.73,1.9444186687469482
249,13,first,5,1,13,0.38235294117647056,35,0,,,0,6.11,6.833763599395752
249,14,film,4,1,14,0.4117647058823529,35,0,,,0,5.2,9.972090721130371
249,15,are,3,0,15,0.4411764705882353,35,0,,,0,6.74,5.455018520355225
249,16,"maintained,",10,1,16,0.47058823529411764,35,0,,,0,4.38,18.124433517456055
249,17,but,3,0,17,0.5,35,0,,,0,6.63,5.442782402038574
249,18,its,3,0,18,0.5294117647058824,35,0,,,0,6.14,7.031353950500488
249,19,overall,7,1,19,0.5588235294117647,35,0,,,0,4.9,7.576574325561523
249,20,impact,6,1,20,0.5882352941176471,35,0,,,0,4.92,4.3806586265563965
249,21,falls,5,1,21,0.6176470588235294,35,0,,,0,4.63,10.342062950134277
249,22,a,1,0,22,0.6470588235294118,35,0,,,0,7.36,7.5786309242248535
249,23,little,6,1,23,0.6764705882352942,35,0,,,0,5.75,1.1105259656906128
249,24,flat,4,1,24,0.7058823529411765,35,0,,,0,4.72,4.007282733917236
249,25,with,4,0,25,0.7352941176470589,35,0,,,0,6.85,6.803901195526123
249,26,a,1,0,26,0.7647058823529411,35,0,,,0,7.36,3.869762897491455
249,27,storyline,9,1,27,0.7941176470588235,35,0,,,0,3.74,13.533215522766113
249,28,that,4,0,28,0.8235294117647058,35,0,,,0,7.01,0.7871818542480469
249,29,never,5,1,29,0.8529411764705882,35,0,,,0,5.91,6.782951831817627
249,30,quite,5,1,30,0.8823529411764706,35,0,,,0,5.29,3.074580192565918
249,31,delivers,8,1,31,0.9117647058823529,35,0,,,0,3.86,6.8221116065979
249,32,the,3,0,32,0.9411764705882353,35,0,,,0,7.73,3.32008695602417
249,33,original,8,1,33,0.9705882352941176,35,0,1.3,1.3,1,5.16,8.240800857543945
249,34,magic.,5,1,34,1.0,35,0,,,0,4.76,11.087000131607056
250,0,Perhaps,7,1,0,0.0,25,-1,,,0,5.09,12.48840618133545
250,1,the,3,0,1,0.041666666666666664,25,-1,,,0,7.73,2.381619930267334
250,2,most,4,0,2,0.08333333333333333,25,-1,,,0,6.0,1.2089368104934692
250,3,annoying,8,1,3,0.125,25,-1,-1.7,1.7,1,4.4,9.482993125915527
250,4,thing,5,1,4,0.16666666666666666,25,-1,,,0,5.72,1.8409233093261719
250,5,about,5,0,5,0.20833333333333334,25,-1,,,0,6.4,0.3005528151988983
250,6,Who,3,0,6,0.25,25,-1,,,0,6.34,16.74748420715332
250,7,Is,2,0,7,0.2916666666666667,25,-1,,,0,7.07,5.9142680168151855
250,8,Cletis,6,1,8,0.3333333333333333,25,-1,,,0,0.0,28.6844482421875
250,9,Tout?,4,1,9,0.375,25,-1,-0.5,0.5,1,3.18,20.821642875671387
250,10,is,2,0,10,0.4166666666666667,25,-1,,,0,7.07,5.744760036468506
250,11,that,4,0,11,0.4583333333333333,25,-1,,,0,7.01,0.9799960851669312
250,12,it's,3,1,12,0.5,25,-1,,,0,6.33,3.8847362995147705
250,13,a,1,0,13,0.5416666666666666,25,-1,,,0,7.36,3.384385347366333
250,14,crime,5,1,14,0.5833333333333334,25,-1,-2.5,2.5,1,4.89,11.56672477722168
250,15,movie,5,1,15,0.625,25,-1,,,0,5.16,7.9915032386779785
250,16,made,4,1,16,0.6666666666666666,25,-1,,,0,5.92,7.679603576660156
250,17,by,2,0,17,0.7083333333333334,25,-1,,,0,6.66,2.043663740158081
250,18,someone,7,1,18,0.75,25,-1,,,0,5.63,5.670433521270752
250,19,who,3,0,19,0.7916666666666666,25,-1,,,0,6.34,0.80291348695755
250,20,obviously,9,1,20,0.8333333333333334,25,-1,,,0,4.8,8.314908027648926
250,21,knows,5,1,21,0.875,25,-1,,,0,5.07,3.4965758323669434
250,22,nothing,7,1,22,0.9166666666666666,25,-1,,,0,5.55,2.0758814811706543
250,23,about,5,0,23,0.9583333333333334,25,-1,,,0,6.4,0.151555135846138
250,24,crime.,5,1,24,1.0,25,-1,-2.5,2.5,1,4.89,6.576698303222656
251,0,In,2,0,0,0.0,43,1,,,0,7.27,6.432426452636719
251,1,addition,8,1,1,0.023809523809523808,43,1,,,0,5.01,5.99623966217041
251,2,to,2,0,2,0.047619047619047616,43,1,,,0,7.43,0.434899240732193
251,3,scoring,7,1,3,0.07142857142857142,43,1,,,0,4.36,11.95037841796875
251,4,high,4,1,4,0.09523809523809523,43,1,,,0,5.75,6.214352130889893
251,5,for,3,0,5,0.11904761904761904,43,1,,,0,7.01,5.814743518829346
251,6,originality,11,1,6,0.14285714285714285,43,1,,,0,3.34,16.220694541931152
251,7,of,2,0,7,0.16666666666666666,43,1,,,0,7.4,7.7184038162231445
251,8,plot,4,1,8,0.19047619047619047,43,1,,,0,4.58,10.477231979370117
251,9,--,0,0,9,0.21428571428571427,43,1,,,0,,12.338032722473145
251,10,putting,7,1,10,0.23809523809523808,43,1,,,0,4.86,12.321866035461426
251,11,together,8,1,11,0.2619047619047619,43,1,,,0,5.46,5.117964744567871
251,12,familiar,8,1,12,0.2857142857142857,43,1,,,0,4.61,13.55618953704834
251,13,themes,6,1,13,0.30952380952380953,43,1,,,0,4.19,6.54791784286499
251,14,of,2,0,14,0.3333333333333333,43,1,,,0,7.4,3.0658886432647705
251,15,"family,",6,1,15,0.35714285714285715,43,1,,,0,5.66,6.996748208999634
251,16,forgiveness,11,1,16,0.38095238095238093,43,1,1.1,1.1,1,3.87,11.577779769897461
251,17,and,3,0,17,0.40476190476190477,43,1,,,0,7.41,2.056900978088379
251,18,love,4,1,18,0.42857142857142855,43,1,3.2,3.2,1,5.82,3.7316768169403076
251,19,in,2,0,19,0.4523809523809524,43,1,,,0,7.27,5.001755237579346
251,20,a,1,0,20,0.47619047619047616,43,1,,,0,7.36,1.6374890804290771
251,21,new,3,1,21,0.5,43,1,,,0,6.25,6.6586384773254395
251,22,way,3,1,22,0.5238095238095238,43,1,,,0,6.01,1.4727805852890015
251,23,--,0,0,23,0.5476190476190477,43,1,,,0,,0.23712140321731567
251,24,Lilo,4,1,24,0.5714285714285714,43,1,,,0,2.69,15.365930676460266
251,25,&,0,0,25,0.5952380952380952,43,1,,,0,,0.7407600283622742
251,26,Stitch,6,1,26,0.6190476190476191,43,1,,,0,3.64,1.5607706904411316
251,27,has,3,0,27,0.6428571428571429,43,1,,,0,6.37,3.40018367767334
251,28,a,1,0,28,0.6666666666666666,43,1,,,0,7.36,3.4037654399871826
251,29,number,6,1,29,0.6904761904761905,43,1,0.3,0.3,1,5.62,5.761124134063721
251,30,of,2,0,30,0.7142857142857143,43,1,,,0,7.4,0.009149125777184963
251,31,other,5,0,31,0.7380952380952381,43,1,,,0,6.16,3.4838714599609375
251,32,assets,6,1,32,0.7619047619047619,43,1,0.7,0.7,1,4.56,9.94743537902832
251,33,to,2,0,33,0.7857142857142857,43,1,,,0,7.43,3.1931183338165283
251,34,commend,7,1,34,0.8095238095238095,43,1,1.9,1.9,1,3.25,8.851632118225098
251,35,it,2,0,35,0.8333333333333334,43,1,,,0,6.95,4.149829864501953
251,36,to,2,0,36,0.8571428571428571,43,1,,,0,7.43,7.21513557434082
251,37,movie,5,1,37,0.8809523809523809,43,1,,,0,5.16,10.004409790039062
251,38,audiences,9,1,38,0.9047619047619048,43,1,,,0,4.02,6.235025882720947
251,39,both,4,0,39,0.9285714285714286,43,1,,,0,5.79,9.966553688049316
251,40,innocent,8,1,40,0.9523809523809523,43,1,1.4,1.4,1,4.45,14.021394729614258
251,41,and,3,0,41,0.9761904761904762,43,1,,,0,7.41,0.2520640790462494
251,42,jaded.,5,1,42,1.0,43,1,-1.6,1.6,1,2.97,10.731643438339233
252,0,The,3,0,0,0.0,20,1,,,0,7.73,4.729319095611572
252,1,quirky,6,1,1,0.05263157894736842,20,1,,,0,3.53,17.137897491455078
252,2,drama,5,1,2,0.10526315789473684,20,1,,,0,4.67,10.004509925842285
252,3,touches,7,1,3,0.15789473684210525,20,1,,,0,3.98,16.35027503967285
252,4,the,3,0,4,0.21052631578947367,20,1,,,0,7.73,6.608878135681152
252,5,heart,5,1,5,0.2631578947368421,20,1,3.2,3.2,1,5.31,2.4886844158172607
252,6,and,3,0,6,0.3157894736842105,20,1,,,0,7.41,3.507300853729248
252,7,the,3,0,7,0.3684210526315789,20,1,,,0,7.73,6.049488067626953
252,8,funnybone,9,1,8,0.42105263157894735,20,1,,,0,1.34,24.05229377746582
252,9,thanks,6,1,9,0.47368421052631576,20,1,1.9,1.9,1,5.43,16.07283592224121
252,10,to,2,0,10,0.5263157894736842,20,1,,,0,7.43,0.05666814371943474
252,11,the,3,0,11,0.5789473684210527,20,1,,,0,7.73,2.535182476043701
252,12,energetic,9,1,12,0.631578947368421,20,1,1.9,1.9,1,3.71,11.560994148254395
252,13,and,3,0,13,0.6842105263157895,20,1,,,0,7.41,3.218611001968384
252,14,always,6,1,14,0.7368421052631579,20,1,,,0,5.76,9.021990776062012
252,15,surprising,10,1,15,0.7894736842105263,20,1,1.1,1.1,1,4.28,8.58103084564209
252,16,performance,11,1,16,0.8421052631578947,20,1,,,0,5.16,5.966704845428467
252,17,by,2,0,17,0.8947368421052632,20,1,,,0,6.66,2.8368844985961914
252,18,Rachel,6,1,18,0.9473684210526315,20,1,,,0,4.15,9.323535919189453
252,19,Griffiths.,9,1,19,1.0,20,1,,,0,3.34,10.557153046131134
253,0,At,2,0,0,0.0,13,-1,,,0,6.7,8.753560066223145
253,1,its,3,0,1,0.08333333333333333,13,-1,,,0,6.14,5.5689377784729
253,2,"worst,",5,1,2,0.16666666666666666,13,-1,-3.1,3.1,1,4.93,5.927451312541962
253,3,it,2,0,3,0.25,13,-1,,,0,6.95,2.8659262657165527
253,4,implodes,8,1,4,0.3333333333333333,13,-1,,,0,2.15,15.159912943840027
253,5,in,2,0,5,0.4166666666666667,13,-1,,,0,7.27,3.6678168773651123
253,6,a,1,0,6,0.5,13,-1,,,0,7.36,2.2571256160736084
253,7,series,6,1,7,0.5833333333333334,13,-1,,,0,5.35,5.849205493927002
253,8,of,2,0,8,0.6666666666666666,13,-1,,,0,7.4,0.0033847724553197622
253,9,very,4,0,9,0.75,13,-1,,,0,6.0,9.378747940063477
253,10,bad,3,1,10,0.8333333333333334,13,-1,-2.5,2.5,1,5.53,4.106230735778809
253,11,special,7,1,11,0.9166666666666666,13,-1,1.7,1.7,1,5.34,13.920469284057617
253,12,effects.,7,1,12,1.0,13,-1,,,0,4.89,2.335199862718582
254,0,Bad,3,1,0,0.0,6,-1,-2.5,2.5,1,5.53,13.22445011138916
254,1,and,3,0,1,0.2,6,-1,,,0,7.41,8.626049995422363
254,2,baffling,8,1,2,0.4,6,-1,,,0,3.13,21.41708214301616
254,3,from,4,0,3,0.6,6,-1,,,0,6.63,8.800352096557617
254,4,the,3,0,4,0.8,6,-1,,,0,7.73,1.6673541069030762
254,5,get-go.,5,1,5,1.0,6,-1,,,0,1.34,7.096499129490212
255,0,The,3,0,0,0.0,21,1,,,0,7.73,4.729319095611572
255,1,movie,5,1,1,0.05,21,1,,,0,5.16,11.230157852172852
255,2,is,2,0,2,0.1,21,1,,,0,7.07,3.137274742126465
255,3,a,1,0,3,0.15,21,1,,,0,7.36,3.391864061355591
255,4,blast,5,1,4,0.2,21,1,,,0,4.32,10.874204635620117
255,5,of,2,0,5,0.25,21,1,,,0,7.4,4.345824241638184
255,6,educational,11,1,6,0.3,21,1,,,0,4.6,14.155765533447266
255,7,"energy,",6,1,7,0.35,21,1,1.1,1.1,1,5.23,10.719916582107544
255,8,as,2,0,8,0.4,21,1,,,0,6.77,5.175447463989258
255,9,bouncy,6,1,9,0.45,21,1,,,0,3.17,19.294445037841797
255,10,animation,9,1,10,0.5,21,1,,,0,4.18,9.72159194946289
255,11,and,3,0,11,0.55,21,1,,,0,7.41,2.7461090087890625
255,12,catchy,6,1,12,0.6,21,1,,,0,3.49,6.613609313964844
255,13,songs,5,1,13,0.65,21,1,,,0,4.84,4.619472026824951
255,14,escort,6,1,14,0.7,21,1,,,0,4.0,17.818218231201172
255,15,you,3,0,15,0.75,21,1,,,0,6.98,1.41322660446167
255,16,through,7,0,16,0.8,21,1,,,0,5.87,1.5630439519882202
255,17,the,3,0,17,0.85,21,1,,,0,7.73,1.4763296842575073
255,18,entire,6,1,18,0.9,21,1,,,0,5.09,8.454452514648438
255,19,85,0,0,19,0.95,21,1,,,0,4.54,15.896883010864258
255,20,minutes.,7,1,20,1.0,21,1,,,0,5.31,2.9415717124938965
256,0,The,3,0,0,0.0,15,-1,,,0,7.73,4.729320049285889
256,1,original,8,1,1,0.07142857142857142,15,-1,1.3,1.3,1,5.16,9.456011772155762
256,2,wasn't,5,1,2,0.14285714285714285,15,-1,,,0,5.28,14.349951726733707
256,3,a,1,0,3,0.21428571428571427,15,-1,,,0,7.36,3.946476936340332
256,4,good,4,1,4,0.2857142857142857,15,-1,1.9,1.9,1,6.12,4.38063383102417
256,5,movie,5,1,5,0.35714285714285715,15,-1,,,0,5.16,6.29824686050415
256,6,but,3,0,6,0.42857142857142855,15,-1,,,0,6.63,5.895272254943848
256,7,this,4,0,7,0.5,15,-1,,,0,6.82,5.939631462097168
256,8,remake,6,1,8,0.5714285714285714,15,-1,,,0,3.79,5.48587703704834
256,9,makes,5,1,9,0.6428571428571429,15,-1,,,0,5.46,6.935027122497559
256,10,it,2,0,10,0.7142857142857143,15,-1,,,0,6.95,1.7939836978912354
256,11,look,4,1,11,0.7857142857142857,15,-1,,,0,5.81,1.9342877864837646
256,12,like,4,1,12,0.8571428571428571,15,-1,1.5,1.5,1,6.41,1.4691311120986938
256,13,a,1,0,13,0.9285714285714286,15,-1,,,0,7.36,2.910947799682617
256,14,masterpiece!,11,1,14,1.0,15,-1,3.1,3.1,1,3.81,12.199136734008789
257,0,To,2,0,0,0.0,19,0,,,0,7.43,8.228525161743164
257,1,my,2,0,1,0.05555555555555555,19,0,,,0,6.57,6.856002330780029
257,2,"taste,",5,1,2,0.1111111111111111,19,0,,,0,4.73,11.16837340593338
257,3,the,3,0,3,0.16666666666666666,19,0,,,0,7.73,2.8009707927703857
257,4,film's,5,1,4,0.2222222222222222,19,0,,,0,3.58,13.794486045837402
257,5,comic,5,1,5,0.2777777777777778,19,0,,,0,4.42,11.917913436889648
257,6,characters,10,1,6,0.3333333333333333,19,0,,,0,4.88,7.8275227546691895
257,7,come,4,1,7,0.3888888888888889,19,0,,,0,5.78,8.358060836791992
257,8,perilously,10,1,8,0.4444444444444444,19,0,,,0,2.34,13.051219152664999
257,9,close,5,1,9,0.5,19,0,,,0,5.36,0.01077923085540533
257,10,to,2,0,10,0.5555555555555556,19,0,,,0,7.43,0.07664583623409271
257,11,being,5,0,11,0.6111111111111112,19,0,,,0,5.95,2.1058461666107178
257,12,Amoses,6,1,12,0.6666666666666666,19,0,,,0,0.0,34.428921699523926
257,13,and,3,0,13,0.7222222222222222,19,0,,,0,7.41,5.008689880371094
257,14,Andys,5,1,14,0.7777777777777778,19,0,,,0,1.6,24.798876762390137
257,15,for,3,0,15,0.8333333333333334,19,0,,,0,7.01,7.343191146850586
257,16,a,1,0,16,0.8888888888888888,19,0,,,0,7.36,4.069664478302002
257,17,new,3,1,17,0.9444444444444444,19,0,,,0,6.25,7.367892265319824
257,18,generation.,10,1,18,1.0,19,0,,,0,4.82,4.51867413520813
258,0,Although,8,1,0,0.0,29,-1,,,0,5.3,10.89513111114502
258,1,the,3,0,1,0.03571428571428571,29,-1,,,0,7.73,2.6886215209960938
258,2,sequel,6,1,2,0.07142857142857142,29,-1,,,0,3.98,12.918506622314453
258,3,has,3,0,3,0.10714285714285714,29,-1,,,0,6.37,4.271872043609619
258,4,all,3,0,4,0.14285714285714285,29,-1,,,0,6.52,8.442821502685547
258,5,the,3,0,5,0.17857142857142858,29,-1,,,0,7.73,0.8073170781135559
258,6,outward,7,1,6,0.21428571428571427,29,-1,,,0,3.52,13.71996784210205
258,7,elements,8,1,7,0.25,29,-1,,,0,4.7,7.927498817443848
258,8,of,2,0,8,0.2857142857142857,29,-1,,,0,7.4,0.5794517397880554
258,9,the,3,0,9,0.32142857142857145,29,-1,,,0,7.73,2.591498374938965
258,10,"original,",8,1,10,0.35714285714285715,29,-1,1.3,1.3,1,5.16,1.8947274684906006
258,11,the,3,0,11,0.39285714285714285,29,-1,,,0,7.73,2.233619213104248
258,12,first,5,1,12,0.42857142857142855,29,-1,,,0,6.11,6.109167575836182
258,13,film's,5,1,13,0.4642857142857143,29,-1,,,0,3.58,9.17000436782837
258,14,lovely,6,1,14,0.5,29,-1,2.8,2.8,1,4.74,15.017719268798828
258,15,flakiness,9,1,15,0.5357142857142857,29,-1,,,0,1.6,21.05436611175537
258,16,is,2,0,16,0.5714285714285714,29,-1,,,0,7.07,2.231496810913086
258,17,"gone,",4,1,17,0.6071428571428571,29,-1,,,0,5.17,10.49799132347107
258,18,replaced,8,1,18,0.6428571428571429,29,-1,,,0,4.55,2.152600049972534
258,19,by,2,0,19,0.6785714285714286,29,-1,,,0,6.66,0.4805588722229004
258,20,the,3,0,20,0.7142857142857143,29,-1,,,0,7.73,3.3987998962402344
258,21,forced,6,1,21,0.75,29,-1,-2.0,2.0,1,4.83,11.932365417480469
258,22,funniness,9,1,22,0.7857142857142857,29,-1,1.8,1.8,1,1.52,13.777174202725291
258,23,found,5,1,23,0.8214285714285714,29,-1,,,0,5.68,8.533222198486328
258,24,in,2,0,24,0.8571428571428571,29,-1,,,0,7.27,0.4502563774585724
258,25,the,3,0,25,0.8928571428571429,29,-1,,,0,7.73,1.1183438301086426
258,26,dullest,7,1,26,0.9285714285714286,29,-1,-1.7,1.7,1,2.2,17.803489685058594
258,27,kiddie,6,1,27,0.9642857142857143,29,-1,,,0,2.94,19.165991127490997
258,28,flicks.,6,1,28,1.0,29,-1,,,0,3.08,7.615565944463015
259,0,The,3,0,0,0.0,25,0,,,0,7.73,4.729313373565674
259,1,real,4,1,1,0.041666666666666664,25,0,,,0,5.6,10.173922538757324
259,2,charm,5,1,2,0.08333333333333333,25,0,1.7,1.7,1,4.12,12.386152267456055
259,3,of,2,0,3,0.125,25,0,,,0,7.4,0.4706774652004242
259,4,this,4,0,4,0.16666666666666666,25,0,,,0,6.82,3.589151382446289
259,5,trifle,6,1,5,0.20833333333333334,25,0,,,0,2.93,19.928246021270752
259,6,is,2,0,6,0.25,25,0,,,0,7.07,0.7703945636749268
259,7,the,3,0,7,0.2916666666666667,25,0,,,0,7.73,2.621051549911499
259,8,deadpan,7,1,8,0.3333333333333333,25,0,,,0,2.64,14.903534412384033
259,9,comic,5,1,9,0.375,25,0,,,0,4.42,9.632802963256836
259,10,face,4,1,10,0.4166666666666667,25,0,,,0,5.45,8.273825645446777
259,11,of,2,0,11,0.4583333333333333,25,0,,,0,7.4,3.313758134841919
259,12,its,3,0,12,0.5,25,0,,,0,6.14,10.2091064453125
259,13,"star,",4,1,13,0.5416666666666666,25,0,,,0,5.19,8.408151865005493
259,14,Jean,4,1,14,0.5833333333333334,25,0,,,0,4.36,9.730222702026367
259,15,"Reno,",4,1,15,0.625,25,0,,,0,3.52,9.91903567314148
259,16,who,3,0,16,0.6666666666666666,25,0,,,0,6.34,1.3384264707565308
259,17,resembles,9,1,17,0.7083333333333334,25,0,,,0,3.71,10.715615272521973
259,18,Sly,3,1,18,0.75,25,0,,,0,3.4,15.290225982666016
259,19,Stallone,8,1,19,0.7916666666666666,25,0,,,0,2.81,4.062167859985493
259,20,in,2,0,20,0.8333333333333334,25,0,,,0,7.27,2.2131900787353516
259,21,a,1,0,21,0.875,25,0,,,0,7.36,3.7182462215423584
259,22,hot,3,1,22,0.9166666666666666,25,0,,,0,5.16,9.769973754882812
259,23,sake,4,1,23,0.9583333333333334,25,0,,,0,4.4,24.80323600769043
259,24,half-sleep.,9,1,24,1.0,25,0,,,0,0.0,26.83379292488098
260,0,...,0,0,0,0.0,25,1,,,0,,9.636157989501953
260,1,a,1,0,1,0.041666666666666664,25,1,,,0,7.36,8.276927947998047
260,2,cute,4,1,2,0.08333333333333333,25,1,2.0,2.0,1,4.65,11.033278465270996
260,3,and,3,0,3,0.125,25,1,,,0,7.41,4.507501602172852
260,4,sometimes,9,1,4,0.16666666666666666,25,1,,,0,5.28,9.798027992248535
260,5,side-splittingly,15,1,5,0.20833333333333334,25,1,,,0,0.0,25.12995332479477
260,6,funny,5,1,6,0.25,25,1,1.9,1.9,1,5.02,3.876526117324829
260,7,blend,5,1,7,0.2916666666666667,25,1,,,0,3.95,10.610716819763184
260,8,of,2,0,8,0.3333333333333333,25,1,,,0,7.4,0.13209913671016693
260,9,Legally,7,1,9,0.375,25,1,0.4,0.4,1,4.21,21.585225582122803
260,10,Blonde,6,1,10,0.4166666666666667,25,1,,,0,4.04,1.7216139361262321
260,11,and,3,0,11,0.4583333333333333,25,1,,,0,7.41,1.4673964977264404
260,12,Drop,4,1,12,0.5,25,1,-1.1,1.1,1,4.99,15.57901382446289
260,13,Dead,4,1,13,0.5416666666666666,25,1,-3.3,3.3,1,5.19,2.191974639892578
260,14,"Gorgeous,",8,1,14,0.5833333333333334,25,1,3.0,3.0,1,4.35,5.796415064483881
260,15,starring,8,1,15,0.625,25,1,,,0,4.08,12.569443702697754
260,16,Piper,5,1,16,0.6666666666666666,25,1,,,0,3.68,13.602227210998535
260,17,Perabo,6,1,17,0.7083333333333334,25,1,,,0,1.45,11.91358470916748
260,18,in,2,0,18,0.75,25,1,,,0,7.27,6.245673179626465
260,19,what,4,0,19,0.7916666666666666,25,1,,,0,6.38,8.641092300415039
260,20,could,5,0,20,0.8333333333333334,25,1,,,0,6.06,4.689992904663086
260,21,be,2,0,21,0.875,25,1,,,0,6.79,1.0284912586212158
260,22,her,3,0,22,0.9166666666666666,25,1,,,0,6.3,2.9986467361450195
260,23,breakthrough,12,1,23,0.9583333333333334,25,1,,,0,3.83,11.684017181396484
260,24,role.,4,1,24,1.0,25,1,,,0,5.16,3.0281816720962524
261,0,This,4,0,0,0.0,11,1,,,0,6.82,7.008668422698975
261,1,method,6,1,1,0.1,11,1,,,0,4.8,10.124034881591797
261,2,almost,6,1,2,0.2,11,1,,,0,5.39,13.478797912597656
261,3,never,5,1,3,0.3,11,1,,,0,5.91,3.2889885902404785
261,4,fails,5,1,4,0.4,11,1,-1.8,1.8,1,4.26,2.2512078285217285
261,5,"him,",3,0,5,0.5,11,1,,,0,6.11,16.32244563102722
261,6,and,3,0,6,0.6,11,1,,,0,7.41,2.862788438796997
261,7,it,2,0,7,0.7,11,1,,,0,6.95,3.7413206100463867
261,8,works,5,1,8,0.8,11,1,,,0,5.29,4.130380153656006
261,9,superbly,8,1,9,0.9,11,1,,,0,3.0,11.591703057289124
261,10,here.,4,0,10,1.0,11,1,,,0,5.97,8.759733021259308
262,0,Few,3,0,0,0.0,26,1,,,0,5.6,13.63833999633789
262,1,films,5,1,1,0.04,26,1,,,0,4.64,10.738301277160645
262,2,capture,7,1,2,0.08,26,1,,,0,4.42,6.87634801864624
262,3,so,2,0,3,0.12,26,1,,,0,6.52,5.9475417137146
262,4,perfectly,9,1,4,0.16,26,1,3.2,3.2,1,4.61,8.30118465423584
262,5,the,3,0,5,0.2,26,1,,,0,7.73,0.6067674160003662
262,6,hopes,5,1,6,0.24,26,1,1.8,1.8,1,4.4,12.783745765686035
262,7,and,3,0,7,0.28,26,1,,,0,7.41,0.721119225025177
262,8,dreams,6,1,8,0.32,26,1,1.7,1.7,1,4.59,1.100772738456726
262,9,of,2,0,9,0.36,26,1,,,0,7.4,0.4921230971813202
262,10,little,6,1,10,0.4,26,1,,,0,5.75,11.934650421142578
262,11,boys,4,1,11,0.44,26,1,,,0,5.03,2.838940382003784
262,12,on,2,0,12,0.48,26,1,,,0,6.91,7.1755170822143555
262,13,baseball,8,1,13,0.52,26,1,,,0,4.54,14.736062049865723
262,14,fields,6,1,14,0.56,26,1,,,0,4.6,5.599450588226318
262,15,as,2,0,15,0.6,26,1,,,0,6.77,3.5057666301727295
262,16,well,4,1,16,0.64,26,1,1.1,1.1,1,6.03,11.006776809692383
262,17,as,2,0,17,0.68,26,1,,,0,6.77,0.10428216308355331
262,18,the,3,0,18,0.72,26,1,,,0,7.73,1.376710295677185
262,19,grown,5,1,19,0.76,26,1,,,0,4.67,13.823189735412598
262,20,men,3,1,20,0.8,26,1,,,0,5.51,3.140652894973755
262,21,who,3,0,21,0.84,26,1,,,0,6.34,2.9161460399627686
262,22,sit,3,1,22,0.88,26,1,,,0,4.9,7.824771404266357
262,23,in,2,0,23,0.92,26,1,,,0,7.27,2.3858165740966797
262,24,the,3,0,24,0.96,26,1,,,0,7.73,1.834704875946045
262,25,stands.,6,1,25,1.0,26,1,,,0,4.61,5.759264945983887
263,0,Steers,6,1,0,0.0,19,0,,,0,2.9,22.632205963134766
263,1,has,3,0,1,0.05555555555555555,19,0,,,0,6.37,8.667476654052734
263,2,an,2,0,2,0.1111111111111111,19,0,,,0,6.53,6.753589153289795
263,3,unexpectedly,12,1,3,0.16666666666666666,19,0,,,0,3.71,13.158431053161621
263,4,adamant,7,1,4,0.2222222222222222,19,0,,,0,3.28,16.672372817993164
263,5,streak,6,1,5,0.2777777777777778,19,0,,,0,4.06,6.758761882781982
263,6,of,2,0,6,0.3333333333333333,19,0,,,0,7.4,2.0434212684631348
263,7,warm-blooded,11,1,7,0.3888888888888889,19,0,0.2,0.2,1,0.0,22.778172969818115
263,8,empathy,7,1,8,0.4444444444444444,19,0,,,0,3.72,10.943303108215332
263,9,for,3,0,9,0.5,19,0,,,0,7.01,2.60086989402771
263,10,all,3,0,10,0.5555555555555556,19,0,,,0,6.52,5.070441722869873
263,11,his,3,0,11,0.6111111111111112,19,0,,,0,6.51,6.541745185852051
263,12,disparate,9,1,12,0.6666666666666666,19,0,,,0,3.26,11.789619445800781
263,13,Manhattan,9,1,13,0.7222222222222222,19,0,,,0,4.16,18.125476837158203
263,14,denizens,8,1,14,0.7777777777777778,19,0,,,0,2.7,9.69267735327594
263,15,--,0,0,15,0.8333333333333334,19,0,,,0,,7.420770645141602
263,16,especially,10,1,16,0.8888888888888888,19,0,,,0,5.21,5.184465408325195
263,17,the,3,0,17,0.9444444444444444,19,0,,,0,7.73,2.8110387325286865
263,18,a**holes.,6,1,18,1.0,19,0,,,0,1.32,23.610148310661316
264,0,The,3,0,0,0.0,18,0,,,0,7.73,4.729320049285889
264,1,Emperor's,8,1,1,0.058823529411764705,18,0,,,0,3.12,15.753164768218994
264,2,Club,4,1,2,0.11764705882352941,18,0,,,0,5.2,12.43940544128418
264,3,is,2,0,3,0.17647058823529413,18,0,,,0,7.07,2.6122145652770996
264,4,one,3,1,4,0.23529411764705882,18,0,,,0,6.47,5.112119197845459
264,5,of,2,0,5,0.29411764705882354,18,0,,,0,7.4,0.08306747674942017
264,6,those,5,0,6,0.35294117647058826,18,0,,,0,5.9,5.7089972496032715
264,7,films,5,1,7,0.4117647058823529,18,0,,,0,4.64,10.458231925964355
264,8,that,4,0,8,0.47058823529411764,18,0,,,0,7.01,0.8575649261474609
264,9,possesses,9,1,9,0.5294117647058824,18,0,,,0,3.61,13.280610084533691
264,10,all,3,0,10,0.5882352941176471,18,0,,,0,6.52,5.042327404022217
264,11,the,3,0,11,0.6470588235294118,18,0,,,0,7.73,0.6584255695343018
264,12,good,4,1,12,0.7058823529411765,18,0,1.9,1.9,1,6.12,9.157373428344727
264,13,intentions,10,1,13,0.7647058823529411,18,0,,,0,4.11,7.552221775054932
264,14,in,2,0,14,0.8235294117647058,18,0,,,0,7.27,5.493557453155518
264,15,the,3,0,15,0.8823529411764706,18,0,,,0,7.73,1.1737452745437622
264,16,"world,",5,1,16,0.9411764705882353,18,0,,,0,5.89,2.940363585948944
264,17,but...,3,0,17,1.0,18,0,,,0,6.63,12.61909306049347
265,0,The,3,0,0,0.0,18,1,,,0,7.73,4.729319095611572
265,1,most,4,0,1,0.058823529411764705,18,1,,,0,6.0,7.709758758544922
265,2,compelling,10,1,2,0.11764705882352941,18,1,0.9,0.9,1,3.98,7.961913108825684
265,3,performance,11,1,3,0.17647058823529413,18,1,,,0,5.16,10.452681541442871
265,4,of,2,0,4,0.23529411764705882,18,1,,,0,7.4,1.8699798583984375
265,5,the,3,0,5,0.29411764705882354,18,1,,,0,7.73,1.568759799003601
265,6,year,4,1,6,0.35294117647058826,18,1,,,0,5.96,4.451938629150391
265,7,adds,4,1,7,0.4117647058823529,18,1,,,0,4.38,14.447123527526855
265,8,substantial,11,1,8,0.47058823529411764,18,1,0.8,0.8,1,4.33,9.391850471496582
265,9,depth,5,1,9,0.5294117647058824,18,1,,,0,4.55,5.175130844116211
265,10,to,2,0,10,0.5882352941176471,18,1,,,0,7.43,0.2539446949958801
265,11,this,4,0,11,0.6470588235294118,18,1,,,0,6.82,4.565937042236328
265,12,shocking,8,1,12,0.7058823529411765,18,1,-1.7,1.7,1,4.1,13.744868278503418
265,13,testament,9,1,13,0.7647058823529411,18,1,,,0,4.07,12.868063926696777
265,14,to,2,0,14,0.8235294117647058,18,1,,,0,7.43,0.15853895246982574
265,15,anti-Semitism,12,1,15,0.8823529411764706,18,1,,,0,3.15,13.469431929290295
265,16,and,3,0,16,0.9411764705882353,18,1,,,0,7.41,3.5461556911468506
265,17,neo-fascism.,10,1,17,1.0,18,1,,,0,0.0,14.202983449154999
266,0,LaBute,6,1,0,0.0,37,0,,,0,1.49,27.59126901626587
266,1,can't,4,1,1,0.027777777777777776,37,0,,,0,5.8,12.628827810287476
266,2,avoid,5,1,2,0.05555555555555555,37,0,-1.2,1.2,1,4.87,8.177962303161621
266,3,a,1,0,3,0.08333333333333333,37,0,,,0,7.36,4.3721818923950195
266,4,fatal,5,1,4,0.1111111111111111,37,0,-2.5,2.5,1,4.1,9.13184928894043
266,5,mistake,7,1,5,0.1388888888888889,37,0,-1.4,1.4,1,4.67,4.636209011077881
266,6,in,2,0,6,0.16666666666666666,37,0,,,0,7.27,5.23777437210083
266,7,the,3,0,7,0.19444444444444445,37,0,,,0,7.73,2.340087652206421
266,8,modern,6,1,8,0.2222222222222222,37,0,,,0,5.07,10.828369140625
266,9,era:,3,1,9,0.25,37,0,,,0,4.67,7.532746315002441
266,10,He's,3,1,10,0.2777777777777778,37,0,,,0,5.6,8.128470659255981
266,11,changed,7,1,11,0.3055555555555556,37,0,,,0,5.07,11.037731170654297
266,12,the,3,0,12,0.3333333333333333,37,0,,,0,7.73,3.0622899532318115
266,13,male,4,1,13,0.3611111111111111,37,0,,,0,4.89,12.726146697998047
266,14,academic,8,1,14,0.3888888888888889,37,0,,,0,4.57,13.568903923034668
266,15,from,4,0,15,0.4166666666666667,37,0,,,0,6.63,10.915864944458008
266,16,a,1,0,16,0.4444444444444444,37,0,,,0,7.36,1.7237221002578735
266,17,lower-class,10,1,17,0.4722222222222222,37,0,,,0,0.0,16.14699250459671
266,18,Brit,4,1,18,0.5,37,0,,,0,3.59,13.290813446044922
266,19,to,2,0,19,0.5277777777777778,37,0,,,0,7.43,0.9142853021621704
266,20,an,2,0,20,0.5555555555555556,37,0,,,0,6.53,3.004469156265259
266,21,"American,",8,1,21,0.5833333333333334,37,0,,,0,5.49,7.778014898300171
266,22,a,1,0,22,0.6111111111111112,37,0,,,0,7.36,4.372229099273682
266,23,choice,6,1,23,0.6388888888888888,37,0,,,0,5.08,10.30176067352295
266,24,that,4,0,24,0.6666666666666666,37,0,,,0,7.01,1.0514755249023438
266,25,upsets,6,1,25,0.6944444444444444,37,0,-1.5,1.5,1,3.32,11.277984239161015
266,26,the,3,0,26,0.7222222222222222,37,0,,,0,7.73,3.6666789054870605
266,27,novel's,6,1,27,0.75,37,0,,,0,2.57,15.802645206451416
266,28,exquisite,9,1,28,0.7777777777777778,37,0,,,0,3.61,14.371745109558105
266,29,balance,7,1,29,0.8055555555555556,37,0,,,0,4.76,5.50685453414917
266,30,and,3,0,30,0.8333333333333334,37,0,,,0,7.41,4.887171268463135
266,31,shreds,6,1,31,0.8611111111111112,37,0,,,0,3.16,15.066994685679674
266,32,the,3,0,32,0.8888888888888888,37,0,,,0,7.73,1.3801906108856201
266,33,fabric,6,1,33,0.9166666666666666,37,0,,,0,4.08,7.7677998542785645
266,34,of,2,0,34,0.9444444444444444,37,0,,,0,7.4,0.04309972748160362
266,35,the,3,0,35,0.9722222222222222,37,0,,,0,7.73,2.3391451835632324
266,36,film.,4,1,36,1.0,37,0,,,0,5.2,7.799566745758057
267,0,A,1,0,0,0.0,23,0,,,0,7.36,5.6875901222229
267,1,biopic,6,1,1,0.045454545454545456,23,0,,,0,3.03,19.260401248931885
267,2,about,5,0,2,0.09090909090909091,23,0,,,0,6.4,1.3347489833831787
267,3,Crane's,6,1,3,0.13636363636363635,23,0,,,0,2.4,20.97462248802185
267,4,life,4,1,4,0.18181818181818182,23,0,,,0,5.89,2.372765064239502
267,5,in,2,0,5,0.22727272727272727,23,0,,,0,7.27,4.465426445007324
267,6,the,3,0,6,0.2727272727272727,23,0,,,0,7.73,2.2915661334991455
267,7,classic,7,1,7,0.3181818181818182,23,0,,,0,4.72,12.133936882019043
267,8,tradition,9,1,8,0.36363636363636365,23,0,,,0,4.5,14.120417594909668
267,9,but,3,0,9,0.4090909090909091,23,0,,,0,6.63,12.652885437011719
267,10,evolves,7,1,10,0.45454545454545453,23,0,,,0,3.16,17.557601928710938
267,11,into,4,0,11,0.5,23,0,,,0,6.11,1.330751895904541
267,12,what,4,0,12,0.5454545454545454,23,0,,,0,6.38,7.502389430999756
267,13,has,3,0,13,0.5909090909090909,23,0,,,0,6.37,6.840045928955078
267,14,become,6,1,14,0.6363636363636364,23,0,,,0,5.4,0.3659939467906952
267,15,of,2,0,15,0.6818181818181818,23,0,,,0,7.4,4.040093898773193
267,16,us,2,1,16,0.7272727272727273,23,0,,,0,6.04,7.10595178604126
267,17,all,3,0,17,0.7727272727272727,23,0,,,0,6.52,2.958204746246338
267,18,in,2,0,18,0.8181818181818182,23,0,,,0,7.27,3.9907727241516113
267,19,the,3,0,19,0.8636363636363636,23,0,,,0,7.73,1.107641339302063
267,20,era,3,1,20,0.9090909090909091,23,0,,,0,4.67,8.795473098754883
267,21,of,2,0,21,0.9545454545454546,23,0,,,0,7.4,0.37529388070106506
267,22,video.,5,1,22,1.0,23,0,,,0,5.43,12.365941524505615
268,0,A,1,0,0,0.0,16,1,,,0,7.36,5.687591075897217
268,1,work,4,1,1,0.06666666666666667,16,1,,,0,5.96,12.746654510498047
268,2,of,2,0,2,0.13333333333333333,16,1,,,0,7.4,2.4763896465301514
268,3,extraordinary,13,1,3,0.2,16,1,,,0,4.36,10.51876163482666
268,4,"journalism,",10,1,4,0.26666666666666666,16,1,,,0,4.12,13.72354245185852
268,5,but,3,0,5,0.3333333333333333,16,1,,,0,6.63,8.126880645751953
268,6,it,2,0,6,0.4,16,1,,,0,6.95,4.208757400512695
268,7,is,2,0,7,0.4666666666666667,16,1,,,0,7.07,2.39988112449646
268,8,also,4,1,8,0.5333333333333333,16,1,,,0,6.19,3.4340360164642334
268,9,a,1,0,9,0.6,16,1,,,0,7.36,2.0865399837493896
268,10,work,4,1,10,0.6666666666666666,16,1,,,0,5.96,3.2163586616516113
268,11,of,2,0,11,0.7333333333333333,16,1,,,0,7.4,0.19088910520076752
268,12,deft,4,1,12,0.8,16,1,,,0,2.87,13.11561107635498
268,13,and,3,0,13,0.8666666666666667,16,1,,,0,7.41,4.248535633087158
268,14,subtle,6,1,14,0.9333333333333333,16,1,,,0,4.08,7.065911769866943
268,15,poetry.,6,1,15,1.0,16,1,,,0,4.4,10.714394748210907
269,0,...,0,0,0,0.0,9,0,,,0,,9.63615608215332
269,1,think,5,1,1,0.125,9,0,,,0,6.08,13.512002944946289
269,2,of,2,0,2,0.25,9,0,,,0,7.4,3.0653884410858154
269,3,it,2,0,3,0.375,9,0,,,0,6.95,2.042921304702759
269,4,as,2,0,4,0.5,9,0,,,0,6.77,1.5857300758361816
269,5,American,8,1,5,0.625,9,0,,,0,5.49,11.8997163772583
269,6,Pie,3,1,6,0.75,9,0,,,0,4.19,7.54855489730835
269,7,On,2,0,7,0.875,9,0,,,0,6.91,14.235189437866211
269,8,Valium.,6,1,8,1.0,9,0,,,0,2.95,23.58833658695221
270,0,Gere,4,1,0,0.0,12,0,,,0,2.55,18.938459873199463
270,1,gives,5,1,1,0.09090909090909091,12,0,,,0,5.03,15.310718536376953
270,2,a,1,0,2,0.18181818181818182,12,0,,,0,7.36,3.3973610401153564
270,3,good,4,1,3,0.2727272727272727,12,0,1.9,1.9,1,6.12,6.16561222076416
270,4,performance,11,1,4,0.36363636363636365,12,0,,,0,5.16,6.201011657714844
270,5,in,2,0,5,0.45454545454545453,12,0,,,0,7.27,2.6709940433502197
270,6,a,1,0,6,0.5454545454545454,12,0,,,0,7.36,4.660508155822754
270,7,film,4,1,7,0.6363636363636364,12,0,,,0,5.2,10.317171096801758
270,8,that,4,0,8,0.7272727272727273,12,0,,,0,7.01,2.500964403152466
270,9,doesn't,6,1,9,0.8181818181818182,12,0,,,0,5.53,5.3925339373527095
270,10,merit,5,1,10,0.9090909090909091,12,0,1.8,1.8,1,4.08,12.014013290405273
270,11,it.,2,0,11,1.0,12,0,,,0,6.95,7.508135437965393
271,0,The,3,0,0,0.0,30,-1,,,0,7.73,4.729313373565674
271,1,movie,5,1,1,0.034482758620689655,30,-1,,,0,5.16,11.230055809020996
271,2,is,2,0,2,0.06896551724137931,30,-1,,,0,7.07,3.1373181343078613
271,3,as,2,0,3,0.10344827586206896,30,-1,,,0,6.77,9.198549270629883
271,4,far,3,1,4,0.13793103448275862,30,-1,,,0,5.5,7.396054744720459
271,5,as,2,0,5,0.1724137931034483,30,-1,,,0,6.77,1.4785810708999634
271,6,you,3,0,6,0.20689655172413793,30,-1,,,0,6.98,3.6433520317077637
271,7,can,3,0,7,0.2413793103448276,30,-1,,,0,6.46,0.4311246871948242
271,8,get,3,1,8,0.27586206896551724,30,-1,,,0,6.28,1.5589853525161743
271,9,from,4,0,9,0.3103448275862069,30,-1,,,0,6.63,2.463870048522949
271,10,"racy,",4,1,10,0.3448275862068966,30,-1,,,0,2.82,21.91900110244751
271,11,to,2,0,11,0.3793103448275862,30,-1,,,0,7.43,9.548089027404785
271,12,the,3,0,12,0.41379310344827586,30,-1,,,0,7.73,4.258273601531982
271,13,point,5,1,13,0.4482758620689655,30,-1,,,0,5.54,3.3644051551818848
271,14,where,5,0,14,0.4827586206896552,30,-1,,,0,6.0,1.4369524717330933
271,15,it,2,0,15,0.5172413793103449,30,-1,,,0,6.95,1.806573510169983
271,16,almost,6,1,16,0.5517241379310345,30,-1,,,0,5.39,5.647555351257324
271,17,stops,5,1,17,0.5862068965517241,30,-1,-0.6,0.6,1,4.4,9.817662239074707
271,18,the,3,0,18,0.6206896551724138,30,-1,,,0,7.73,4.2322516441345215
271,19,blood,5,1,19,0.6551724137931034,30,-1,,,0,5.1,10.544934272766113
271,20,flow,4,1,20,0.6896551724137931,30,-1,,,0,4.68,3.431396007537842
271,21,to,2,0,21,0.7241379310344828,30,-1,,,0,7.43,1.825108528137207
271,22,your,4,0,22,0.7586206896551724,30,-1,,,0,6.53,1.3474831581115723
271,23,brain;,5,1,23,0.7931034482758621,30,-1,,,0,4.94,11.151962280273438
271,24,it,2,0,24,0.8275862068965517,30,-1,,,0,6.95,2.4561870098114014
271,25,has,3,0,25,0.8620689655172413,30,-1,,,0,6.37,5.471109390258789
271,26,a,1,0,26,0.896551724137931,30,-1,,,0,7.36,2.538069248199463
271,27,"dull,",4,1,27,0.9310344827586207,30,-1,-1.7,1.7,1,3.94,12.933599352836609
271,28,costumey,8,1,28,0.9655172413793104,30,-1,,,0,0.0,23.591028213500977
271,29,feel.,4,1,29,1.0,30,-1,,,0,5.67,6.397828102111816
272,0,The,3,0,0,0.0,6,1,,,0,7.73,4.729318141937256
272,1,Pianist,7,1,1,0.2,6,1,,,0,3.48,19.90132948756218
272,2,is,2,0,2,0.4,6,1,,,0,7.07,5.559088230133057
272,3,Polanski's,9,1,3,0.6,6,1,,,0,1.92,23.93508519977331
272,4,best,4,1,4,0.8,6,1,3.2,3.2,1,5.84,6.145259380340576
272,5,film.,4,1,5,1.0,6,1,,,0,5.2,6.745196580886841
273,0,Maybe,5,1,0,0.0,10,0,,,0,5.45,12.542008399963379
273,1,Thomas,6,1,1,0.1111111111111111,10,0,,,0,4.84,14.066105842590332
273,2,Wolfe,5,1,2,0.2222222222222222,10,0,,,0,3.41,8.915556907653809
273,3,was,3,0,3,0.3333333333333333,10,0,,,0,6.82,3.491893768310547
273,4,right:,5,1,4,0.4444444444444444,10,0,,,0,5.96,7.625909090042114
273,5,You,3,0,5,0.5555555555555556,10,0,,,0,6.98,7.707598686218262
273,6,can't,4,1,6,0.6666666666666666,10,0,,,0,5.8,2.2205604314804077
273,7,go,2,1,7,0.7777777777777778,10,0,,,0,6.03,6.502313613891602
273,8,home,4,1,8,0.8888888888888888,10,0,,,0,5.81,7.10614538192749
273,9,again.,5,0,9,1.0,10,0,,,0,5.7,10.236487030982971
274,0,The,3,0,0,0.0,15,-1,,,0,7.73,4.729320049285889
274,1,"director,",8,1,1,0.07142857142857142,15,-1,,,0,5.15,17.10835027694702
274,2,with,4,0,2,0.14285714285714285,15,-1,,,0,6.85,7.560381889343262
274,3,his,3,0,3,0.21428571428571427,15,-1,,,0,6.51,3.5240142345428467
274,4,fake,4,1,4,0.2857142857142857,15,-1,-2.1,2.1,1,4.65,14.775250434875488
274,5,backdrops,9,1,5,0.35714285714285715,15,-1,,,0,2.51,20.004172325134277
274,6,and,3,0,6,0.42857142857142855,15,-1,,,0,7.41,1.8272334337234497
274,7,stately,7,1,7,0.5,15,-1,,,0,3.13,15.643837571144104
274,8,"pacing,",6,1,8,0.5714285714285714,15,-1,,,0,3.35,12.2521253824234
274,9,never,5,1,9,0.6428571428571429,15,-1,,,0,5.91,7.497570991516113
274,10,settles,7,1,10,0.7142857142857143,15,-1,,,0,3.39,9.575307846069336
274,11,on,2,0,11,0.7857142857142857,15,-1,,,0,6.91,2.7753472328186035
274,12,a,1,0,12,0.8571428571428571,15,-1,,,0,7.36,1.3493952751159668
274,13,consistent,10,1,13,0.9285714285714286,15,-1,,,0,4.48,10.43813705444336
274,14,tone.,4,1,14,1.0,15,-1,,,0,4.49,7.483013987541199
275,0,Why,3,0,0,0.0,20,-1,,,0,5.93,10.16893482208252
275,1,he,2,0,1,0.05263157894736842,20,-1,,,0,6.69,9.089431762695312
275,2,was,3,0,2,0.10526315789473684,20,-1,,,0,6.82,4.068178176879883
275,3,given,5,1,3,0.15789473684210525,20,-1,,,0,5.41,7.154263019561768
275,4,free,4,1,4,0.21052631578947367,20,-1,2.3,2.3,1,5.63,8.4429931640625
275,5,reign,5,1,5,0.2631578947368421,20,-1,,,0,4.07,1.7604507207870483
275,6,over,4,0,6,0.3157894736842105,20,-1,,,0,6.08,5.828789710998535
275,7,this,4,0,7,0.3684210526315789,20,-1,,,0,6.82,7.371998310089111
275,8,project,7,1,8,0.42105263157894735,20,-1,,,0,5.22,7.983254909515381
275,9,--,0,0,9,0.47368421052631576,20,-1,,,0,,10.703343391418457
275,10,he,2,0,10,0.5263157894736842,20,-1,,,0,6.69,6.2147746086120605
275,11,"wrote,",5,1,11,0.5789473684210527,20,-1,,,0,5.04,13.50306224822998
275,12,"directed,",8,1,12,0.631578947368421,20,-1,,,0,4.6,6.617733597755432
275,13,starred,7,1,13,0.6842105263157895,20,-1,,,0,3.71,6.1924333572387695
275,14,and,3,0,14,0.7368421052631579,20,-1,,,0,7.41,2.539048671722412
275,15,produced,8,1,15,0.7894736842105263,20,-1,,,0,4.87,3.9384894371032715
275,16,--,0,0,16,0.8421052631578947,20,-1,,,0,,3.7343358993530273
275,17,is,2,0,17,0.8947368421052632,20,-1,,,0,7.07,1.7775459289550781
275,18,beyond,6,1,18,0.9473684210526315,20,-1,,,0,4.98,3.3269388675689697
275,19,me.,2,0,19,1.0,20,-1,,,0,6.48,0.7627899050712585
276,0,If,2,0,0,0.0,20,-1,,,0,6.47,7.758233547210693
276,1,you,3,0,1,0.05263157894736842,20,-1,,,0,6.98,0.8087109327316284
276,2,enjoy,5,1,2,0.10526315789473684,20,-1,2.2,2.2,1,5.09,7.990131378173828
276,3,being,5,0,3,0.15789473684210525,20,-1,,,0,5.95,10.262250900268555
276,4,rewarded,8,1,4,0.21052631578947367,20,-1,2.2,2.2,1,3.81,10.335453033447266
276,5,by,2,0,5,0.2631578947368421,20,-1,,,0,6.66,3.7414612770080566
276,6,a,1,0,6,0.3157894736842105,20,-1,,,0,7.36,3.8345258235931396
276,7,script,6,1,7,0.3684210526315789,20,-1,,,0,4.36,13.18904972076416
276,8,that,4,0,8,0.42105263157894735,20,-1,,,0,7.01,4.157009601593018
276,9,assumes,7,1,9,0.47368421052631576,20,-1,,,0,3.78,12.24229907989502
276,10,you,3,0,10,0.5263157894736842,20,-1,,,0,6.98,1.4409716129302979
276,11,aren't,5,1,11,0.5789473684210527,20,-1,,,0,5.05,7.408413194702007
276,12,very,4,0,12,0.631578947368421,20,-1,,,0,6.0,9.27975845336914
276,13,"bright,",6,1,13,0.6842105263157895,20,-1,1.9,1.9,1,4.61,9.171836376190186
276,14,then,4,0,14,0.7368421052631579,20,-1,,,0,6.07,3.3053483963012695
276,15,Blood,5,1,15,0.7894736842105263,20,-1,,,0,5.1,18.42563819885254
276,16,Work,4,1,16,0.8421052631578947,20,-1,,,0,5.96,15.011966705322266
276,17,is,2,0,17,0.8947368421052632,20,-1,,,0,7.07,1.7067906856536865
276,18,for,3,0,18,0.9473684210526315,20,-1,,,0,7.01,1.9694010019302368
276,19,you.,3,0,19,1.0,20,-1,,,0,6.98,0.5345161431469023
277,0,Like,4,1,0,0.0,28,-1,1.5,1.5,1,6.41,10.634686470031738
277,1,Rudy,4,1,1,0.037037037037037035,28,-1,,,0,3.62,18.931076049804688
277,2,Yellow,6,1,2,0.07407407407407407,28,-1,,,0,4.69,19.16468048095703
277,3,"Lodge,",5,1,3,0.1111111111111111,28,-1,,,0,4.08,11.91672968864441
277,4,Eyre,4,1,4,0.14814814814814814,28,-1,,,0,3.13,20.64515495300293
277,5,needs,5,1,5,0.18518518518518517,28,-1,,,0,5.37,12.939298629760742
277,6,to,2,0,6,0.2222222222222222,28,-1,,,0,7.43,1.5592361688613892
277,7,take,4,1,7,0.25925925925925924,28,-1,,,0,5.92,5.905765056610107
277,8,a,1,0,8,0.2962962962962963,28,-1,,,0,7.36,2.171006679534912
277,9,good,4,1,9,0.3333333333333333,28,-1,1.9,1.9,1,6.12,7.272066116333008
277,10,sweat,5,1,10,0.37037037037037035,28,-1,,,0,4.14,13.579228401184082
277,11,to,2,0,11,0.4074074074074074,28,-1,,,0,7.43,3.8574628829956055
277,12,clarify,7,1,12,0.4444444444444444,28,-1,,,0,3.85,13.283623695373535
277,13,his,3,0,13,0.48148148148148145,28,-1,,,0,6.51,3.2024221420288086
277,14,cinematic,9,1,14,0.5185185185185185,28,-1,,,0,3.6,17.433359146118164
277,15,vision,6,1,15,0.5555555555555556,28,-1,1.0,1.0,1,4.63,5.371156692504883
277,16,before,6,0,16,0.5925925925925926,28,-1,,,0,5.93,6.844502925872803
277,17,his,3,0,17,0.6296296296296297,28,-1,,,0,6.51,5.273951530456543
277,18,next,4,1,18,0.6666666666666666,28,-1,,,0,5.7,3.922239065170288
277,19,creation,8,1,19,0.7037037037037037,28,-1,1.1,1.1,1,4.56,11.672833442687988
277,20,and,3,0,20,0.7407407407407407,28,-1,,,0,7.41,8.0563325881958
277,21,remember,8,1,21,0.7777777777777778,28,-1,,,0,5.38,11.585858345031738
277,22,the,3,0,22,0.8148148148148148,28,-1,,,0,7.73,4.471118927001953
277,23,lessons,7,1,23,0.8518518518518519,28,-1,,,0,4.38,8.436495780944824
277,24,of,2,0,24,0.8888888888888888,28,-1,,,0,7.4,1.9384065866470337
277,25,the,3,0,25,0.9259259259259259,28,-1,,,0,7.73,2.7448973655700684
277,26,trickster,9,1,26,0.9629629629629629,28,-1,-0.9,0.9,1,2.87,16.102972745895386
277,27,spider.,6,1,27,1.0,28,-1,,,0,4.25,16.710266590118408
278,0,But,3,0,0,0.0,10,0,,,0,6.63,8.71313190460205
278,1,his,3,0,1,0.1111111111111111,10,0,,,0,6.51,7.963886260986328
278,2,showboating,11,1,2,0.2222222222222222,10,0,,,0,2.22,22.254147117957473
278,3,wise-cracker,11,1,3,0.3333333333333333,10,0,-0.1,0.1,1,1.01,26.937393009662628
278,4,stock,5,1,4,0.4444444444444444,10,0,,,0,4.93,15.194496154785156
278,5,persona,7,1,5,0.5555555555555556,10,0,,,0,3.69,12.864860534667969
278,6,sure,4,1,6,0.6666666666666666,10,0,1.3,1.3,1,5.67,11.122610092163086
278,7,is,2,0,7,0.7777777777777778,10,0,,,0,7.07,3.404433012008667
278,8,getting,7,1,8,0.8888888888888888,10,0,,,0,5.57,5.902228355407715
278,9,old.,3,1,9,1.0,10,0,,,0,5.75,6.581395983695984
279,0,Circuit,7,1,0,0.0,17,0,,,0,4.47,17.457369804382324
279,1,queens,6,1,1,0.0625,17,0,,,0,4.06,18.768295288085938
279,2,won't,4,1,2,0.125,17,0,,,0,5.34,10.124151110649109
279,3,learn,5,1,3,0.1875,17,0,,,0,5.17,9.928503036499023
279,4,a,1,0,4,0.25,17,0,,,0,7.36,4.831056594848633
279,5,"thing,",5,1,5,0.3125,17,0,,,0,5.72,6.528841972351074
279,6,they'll,6,1,6,0.375,17,0,,,0,4.71,5.797636270523071
279,7,be,2,0,7,0.4375,17,0,,,0,6.79,4.045632362365723
279,8,too,3,0,8,0.5,17,0,,,0,5.95,7.306395053863525
279,9,busy,4,1,9,0.5625,17,0,,,0,4.75,1.3386714458465576
279,10,cursing,7,1,10,0.625,17,0,,,0,3.31,12.203946113586426
279,11,the,3,0,11,0.6875,17,0,,,0,7.73,3.8719162940979004
279,12,film's,5,1,12,0.75,17,0,,,0,3.58,15.290923714637756
279,13,strategically,13,1,13,0.8125,17,0,,,0,3.45,20.23837661743164
279,14,placed,6,1,14,0.875,17,0,,,0,4.85,1.4969817399978638
279,15,white,5,1,15,0.9375,17,0,,,0,5.51,8.555534362792969
279,16,sheets.,6,1,16,1.0,17,0,,,0,4.16,13.619063138961792
280,0,A,1,0,0,0.0,11,-1,,,0,7.36,5.687591075897217
280,1,lot,3,1,1,0.1,11,-1,,,0,5.61,7.042973041534424
280,2,of,2,0,2,0.2,11,-1,,,0,7.4,0.28786522150039673
280,3,talent,6,1,3,0.3,11,-1,1.8,1.8,1,4.64,12.911579132080078
280,4,is,2,0,4,0.4,11,-1,,,0,7.07,2.138862133026123
280,5,wasted,6,1,5,0.5,11,-1,-2.2,2.2,1,4.19,7.426688194274902
280,6,in,2,0,6,0.6,11,-1,,,0,7.27,2.9878032207489014
280,7,this,4,0,7,0.7,11,-1,,,0,6.82,3.7625019550323486
280,8,"crass,",5,1,8,0.8,11,-1,,,0,2.96,21.128544330596924
280,9,low-wattage,10,1,9,0.9,11,-1,,,0,0.0,18.74805921316147
280,10,endeavor.,8,1,10,1.0,11,-1,,,0,3.56,10.752402067184448
281,0,Alain,5,1,0,0.0,37,0,,,0,3.23,17.465975284576416
281,1,Choquart's,9,1,1,0.027777777777777776,37,0,,,0,0.0,35.90546751022339
281,2,camera,6,1,2,0.05555555555555555,37,0,,,0,4.87,14.37741470336914
281,3,barely,6,1,3,0.08333333333333333,37,0,,,0,4.49,12.532645225524902
281,4,stops,5,1,4,0.1111111111111111,37,0,-0.6,0.6,1,4.4,7.9399261474609375
281,5,"moving,",6,1,5,0.1388888888888889,37,0,,,0,5.02,7.773530006408691
281,6,portraying,10,1,6,0.16666666666666666,37,0,,,0,3.33,15.849156379699707
281,7,both,4,0,7,0.19444444444444445,37,0,,,0,5.79,8.55160903930664
281,8,the,3,0,8,0.2222222222222222,37,0,,,0,7.73,2.26149845123291
281,9,turmoil,7,1,9,0.25,37,0,-1.5,1.5,1,3.52,12.18080997467041
281,10,of,2,0,10,0.2777777777777778,37,0,,,0,7.4,1.5547288656234741
281,11,the,3,0,11,0.3055555555555556,37,0,,,0,7.73,1.892608880996704
281,12,time,4,1,12,0.3333333333333333,37,0,,,0,6.29,8.042572975158691
281,13,and,3,0,13,0.3611111111111111,37,0,,,0,7.41,0.8451482057571411
281,14,giving,6,1,14,0.3888888888888889,37,0,1.4,1.4,1,5.15,15.535112380981445
281,15,Conduct,7,1,15,0.4166666666666667,37,0,,,0,4.52,26.603792190551758
281,16,a,1,0,16,0.4444444444444444,37,0,,,0,7.36,4.401027202606201
281,17,perpetual,9,1,17,0.4722222222222222,37,0,,,0,3.61,14.641397476196289
281,18,sense,5,1,18,0.5,37,0,,,0,5.19,6.316412448883057
281,19,of,2,0,19,0.5277777777777778,37,0,,,0,7.4,0.008261564187705517
281,20,"urgency,",7,1,20,0.5555555555555556,37,0,,,0,3.55,6.600976943969727
281,21,"which,",5,0,21,0.5833333333333334,37,0,,,0,6.3,10.10142993927002
281,22,for,3,0,22,0.6111111111111112,37,0,,,0,7.01,4.827813625335693
281,23,a,1,0,23,0.6388888888888888,37,0,,,0,7.36,3.3322367668151855
281,24,film,4,1,24,0.6666666666666666,37,0,,,0,5.2,3.1495413780212402
281,25,that,4,0,25,0.6944444444444444,37,0,,,0,7.01,1.9966291189193726
281,26,takes,5,1,26,0.7222222222222222,37,0,,,0,5.18,5.9621663093566895
281,27,nearly,6,1,27,0.75,37,0,,,0,5.0,8.950798034667969
281,28,three,5,1,28,0.7777777777777778,37,0,,,0,5.78,3.4342925548553467
281,29,hours,5,1,29,0.8055555555555556,37,0,,,0,5.4,0.7966704964637756
281,30,to,2,0,30,0.8333333333333334,37,0,,,0,7.43,1.0872271060943604
281,31,"unspool,",7,1,31,0.8611111111111112,37,0,,,0,1.26,16.513068782165647
281,32,is,2,0,32,0.8888888888888888,37,0,,,0,7.07,1.3773193359375
281,33,both,4,0,33,0.9166666666666666,37,0,,,0,5.79,7.377929210662842
281,34,funny,5,1,34,0.9444444444444444,37,0,1.9,1.9,1,5.02,9.362488746643066
281,35,and,3,0,35,0.9722222222222222,37,0,,,0,7.41,0.031991563737392426
281,36,irritating.,10,1,36,1.0,37,0,-2.0,2.0,1,3.61,12.880771428346634
282,0,The,3,0,0,0.0,14,1,,,0,7.73,4.729318141937256
282,1,second,6,1,1,0.07692307692307693,14,1,,,0,5.63,8.63469409942627
282,2,coming,6,1,2,0.15384615384615385,14,1,,,0,5.4,10.262792587280273
282,3,of,2,0,3,0.23076923076923078,14,1,,,0,7.4,0.1335563212633133
282,4,Harry,5,1,4,0.3076923076923077,14,1,,,0,4.72,8.780407905578613
282,5,Potter,6,1,5,0.38461538461538464,14,1,,,0,4.11,0.26976990699768066
282,6,is,2,0,6,0.46153846153846156,14,1,,,0,7.07,2.8589842319488525
282,7,a,1,0,7,0.5384615384615384,14,1,,,0,7.36,4.63516902923584
282,8,film,4,1,8,0.6153846153846154,14,1,,,0,5.2,7.114079475402832
282,9,far,3,1,9,0.6923076923076923,14,1,,,0,5.5,10.663496971130371
282,10,superior,8,1,10,0.7692307692307693,14,1,2.5,2.5,1,4.46,8.017974853515625
282,11,to,2,0,11,0.8461538461538461,14,1,,,0,7.43,0.1407773494720459
282,12,its,3,0,12,0.9230769230769231,14,1,,,0,6.14,3.6554512977600098
282,13,predecessor.,11,1,13,1.0,14,1,,,0,3.82,2.9479902386665344
283,0,This,4,0,0,0.0,14,-1,,,0,6.82,7.0086822509765625
283,1,stuck,5,1,1,0.07692307692307693,14,-1,-1.0,1.0,1,4.68,19.029512405395508
283,2,pig,3,1,2,0.15384615384615385,14,-1,,,0,4.14,13.77189826965332
283,3,of,2,0,3,0.23076923076923078,14,-1,,,0,7.4,8.570119857788086
283,4,a,1,0,4,0.3076923076923077,14,-1,,,0,7.36,1.3199881315231323
283,5,movie,5,1,5,0.38461538461538464,14,-1,,,0,5.16,9.594914436340332
283,6,flails,6,1,6,0.46153846153846156,14,-1,,,0,2.06,22.22420024871826
283,7,limply,6,1,7,0.5384615384615384,14,-1,,,0,1.95,14.128688156604767
283,8,between,7,0,8,0.6153846153846154,14,-1,,,0,5.77,7.728219032287598
283,9,bizarre,7,1,9,0.6923076923076923,14,-1,-1.3,1.3,1,4.02,13.743596076965332
283,10,comedy,6,1,10,0.7692307692307693,14,-1,1.5,1.5,1,4.51,9.005154609680176
283,11,and,3,0,11,0.8461538461538461,14,-1,,,0,7.41,1.2697205543518066
283,12,pallid,6,1,12,0.9230769230769231,14,-1,,,0,2.38,19.202047809958458
283,13,horror.,6,1,13,1.0,14,-1,-2.7,2.7,1,4.43,6.545129418373108
284,0,The,3,0,0,0.0,32,1,,,0,7.73,4.729313373565674
284,1,film,4,1,1,0.03225806451612903,32,1,,,0,5.2,10.617335319519043
284,2,just,4,0,2,0.06451612903225806,32,1,,,0,6.43,9.93869686126709
284,3,might,5,1,3,0.0967741935483871,32,1,,,0,5.66,8.01274299621582
284,4,turn,4,1,4,0.12903225806451613,32,1,,,0,5.32,8.05663013458252
284,5,on,2,0,5,0.16129032258064516,32,1,,,0,6.91,8.8733491897583
284,6,many,4,1,6,0.1935483870967742,32,1,,,0,5.91,8.814950942993164
284,7,people,6,1,7,0.22580645161290322,32,1,,,0,6.25,2.720451831817627
284,8,to,2,0,8,0.25806451612903225,32,1,,,0,7.43,8.891197204589844
284,9,"opera,",5,1,9,0.2903225806451613,32,1,,,0,4.27,23.48971199989319
284,10,in,2,0,10,0.3225806451612903,32,1,,,0,7.27,6.838423728942871
284,11,"general,",7,1,11,0.3548387096774194,32,1,,,0,5.47,10.029651403427124
284,12,an,2,0,12,0.3870967741935484,32,1,,,0,6.53,10.954548835754395
284,13,art,3,1,13,0.41935483870967744,32,1,,,0,5.29,3.149290084838867
284,14,form,4,1,14,0.45161290322580644,32,1,,,0,5.31,0.8910369277000427
284,15,at,2,0,15,0.4838709677419355,32,1,,,0,6.7,8.389249801635742
284,16,once,4,0,16,0.5161290322580645,32,1,,,0,5.53,7.191982269287109
284,17,visceral,8,1,17,0.5483870967741935,32,1,,,0,3.26,8.637531280517578
284,18,and,3,0,18,0.5806451612903226,32,1,,,0,7.41,0.3352019786834717
284,19,"spiritual,",9,1,19,0.6129032258064516,32,1,,,0,4.4,11.543028116226196
284,20,wonderfully,11,1,20,0.6451612903225806,32,1,2.9,2.9,1,3.55,13.36963939666748
284,21,vulgar,6,1,21,0.6774193548387096,32,1,,,0,3.53,13.391568183898926
284,22,and,3,0,22,0.7096774193548387,32,1,,,0,7.41,0.5884161591529846
284,23,sublimely,9,1,23,0.7419354838709677,32,1,,,0,2.09,11.266795635223389
284,24,lofty,5,1,24,0.7741935483870968,32,1,,,0,3.34,12.937066078186035
284,25,--,0,0,25,0.8064516129032258,32,1,,,0,,11.229270935058594
284,26,and,3,0,26,0.8387096774193549,32,1,,,0,7.41,2.3417463302612305
284,27,as,2,0,27,0.8709677419354839,32,1,,,0,6.77,6.562504291534424
284,28,emotionally,11,1,28,0.9032258064516129,32,1,,,0,4.04,10.056743621826172
284,29,grand,5,1,29,0.9354838709677419,32,1,2.0,2.0,1,4.91,10.789518356323242
284,30,as,2,0,30,0.967741935483871,32,1,,,0,6.77,1.9188227653503418
284,31,life.,4,1,31,1.0,32,1,,,0,5.89,12.262417316436768
285,0,The,3,0,0,0.0,34,1,,,0,7.73,4.729313373565674
285,1,delicious,9,1,1,0.030303030303030304,34,1,2.7,2.7,1,4.34,16.66947364807129
285,2,trimmings...,9,1,2,0.06060606060606061,34,1,,,0,2.76,27.921963706612587
285,3,arrive,6,1,3,0.09090909090909091,34,1,,,0,4.38,16.995119094848633
285,4,early,5,1,4,0.12121212121212122,34,1,,,0,5.43,4.6585917472839355
285,5,and,3,0,5,0.15151515151515152,34,1,,,0,7.41,3.121473789215088
285,6,stay,4,1,6,0.18181818181818182,34,1,,,0,5.33,6.86387300491333
285,7,"late,",4,1,7,0.21212121212121213,34,1,,,0,5.34,7.536518335342407
285,8,filling,7,1,8,0.24242424242424243,34,1,,,0,4.19,9.740758895874023
285,9,nearly,6,1,9,0.2727272727272727,34,1,,,0,5.0,10.780688285827637
285,10,every,5,1,10,0.30303030303030304,34,1,,,0,5.79,1.1551722288131714
285,11,minute...,6,1,11,0.3333333333333333,34,1,,,0,4.98,16.123689651489258
285,12,with,4,0,12,0.36363636363636365,34,1,,,0,6.85,6.162281513214111
285,13,a,1,0,13,0.3939393939393939,34,1,,,0,7.36,2.7363836765289307
285,14,lighthearted,12,1,14,0.42424242424242425,34,1,1.8,1.8,1,2.86,18.222820281982422
285,15,"glow,",4,1,15,0.45454545454545453,34,1,,,0,3.91,16.406867027282715
285,16,some,4,0,16,0.48484848484848486,34,1,,,0,6.2,8.204814910888672
285,17,impudent,8,1,17,0.5151515151515151,34,1,,,0,2.46,23.1067795753479
285,18,"snickers,",8,1,18,0.5454545454545454,34,1,,,0,3.0,16.742624759674072
285,19,and,3,0,19,0.5757575757575758,34,1,,,0,7.41,0.8324812650680542
285,20,a,1,0,20,0.6060606060606061,34,1,,,0,7.36,1.603318691253662
285,21,glorious,8,1,21,0.6363636363636364,34,1,3.2,3.2,1,4.08,10.017484664916992
285,22,dose,4,1,22,0.6666666666666666,34,1,,,0,4.2,8.146295547485352
285,23,of,2,0,23,0.696969696969697,34,1,,,0,7.4,0.008648315444588661
285,24,humankind's,10,1,24,0.7272727272727273,34,1,,,0,2.01,18.455005407333374
285,25,liberating,10,1,25,0.7575757575757576,34,1,,,0,3.23,15.907759666442871
285,26,ability,7,1,26,0.7878787878787878,34,1,1.3,1.3,1,4.96,8.422921180725098
285,27,to,2,0,27,0.8181818181818182,34,1,,,0,7.43,0.14384295046329498
285,28,triumph,7,1,28,0.8484848484848485,34,1,2.1,2.1,1,3.96,12.957329750061035
285,29,over,4,0,29,0.8787878787878788,34,1,,,0,6.08,0.5807715058326721
285,30,a,1,0,30,0.9090909090909091,34,1,,,0,7.36,6.621772766113281
285,31,Scrooge,7,1,31,0.9393939393939394,34,1,,,0,2.96,17.155769253033213
285,32,or,2,0,32,0.9696969696969697,34,1,,,0,6.54,7.8115034103393555
285,33,two.,3,1,33,1.0,34,1,,,0,6.1,7.004722416400909
286,0,The,3,0,0,0.0,35,0,,,0,7.73,4.729313373565674
286,1,inhospitability,15,1,1,0.029411764705882353,35,0,,,0,0.0,29.442157983779907
286,2,of,2,0,2,0.058823529411764705,35,0,,,0,7.4,0.6849240660667419
286,3,the,3,0,3,0.08823529411764706,35,0,,,0,7.73,3.1442525386810303
286,4,land,4,1,4,0.11764705882352941,35,0,,,0,5.22,11.622097969055176
286,5,emphasizes,10,1,5,0.14705882352941177,35,0,,,0,3.48,15.122745513916016
286,6,the,3,0,6,0.17647058823529413,35,0,,,0,7.73,1.1074929237365723
286,7,spare,5,1,7,0.20588235294117646,35,0,,,0,4.28,20.420799255371094
286,8,precision,9,1,8,0.23529411764705882,35,0,,,0,4.01,13.557077407836914
286,9,of,2,0,9,0.2647058823529412,35,0,,,0,7.4,0.5383628010749817
286,10,the,3,0,10,0.29411764705882354,35,0,,,0,7.73,1.4731565713882446
286,11,narratives,10,1,11,0.3235294117647059,35,0,,,0,3.61,18.11648941040039
286,12,and,3,0,12,0.35294117647058826,35,0,,,0,7.41,3.657907247543335
286,13,helps,5,1,13,0.38235294117647056,35,0,1.6,1.6,1,4.74,10.860755920410156
286,14,to,2,0,14,0.4117647058823529,35,0,,,0,7.43,1.9710335731506348
286,15,give,4,1,15,0.4411764705882353,35,0,,,0,5.71,6.686033248901367
286,16,them,4,0,16,0.47058823529411764,35,0,,,0,6.19,4.979792594909668
286,17,an,2,0,17,0.5,35,0,,,0,6.53,3.851365089416504
286,18,atavistic,9,1,18,0.5294117647058824,35,0,,,0,2.14,14.886100359261036
286,19,"power,",5,1,19,0.5588235294117647,35,0,,,0,5.52,12.475803852081299
286,20,as,2,0,20,0.5882352941176471,35,0,,,0,6.77,3.8719871044158936
286,21,if,2,0,21,0.6176470588235294,35,0,,,0,6.47,3.2735633850097656
286,22,they,4,0,22,0.6470588235294118,35,0,,,0,6.5,2.400010108947754
286,23,were,4,0,23,0.6764705882352942,35,0,,,0,6.34,1.0139083862304688
286,24,tales,5,1,24,0.7058823529411765,35,0,,,0,4.1,11.218382835388184
286,25,that,4,0,25,0.7352941176470589,35,0,,,0,7.01,5.354232311248779
286,26,had,3,0,26,0.7647058823529411,35,0,,,0,6.33,4.032473564147949
286,27,been,4,0,27,0.7941176470588235,35,0,,,0,6.27,1.072868824005127
286,28,handed,6,1,28,0.8235294117647058,35,0,,,0,4.42,6.729867458343506
286,29,down,4,0,29,0.8529411764705882,35,0,,,0,5.88,0.18792544305324554
286,30,since,5,1,30,0.8823529411764706,35,0,,,0,5.75,9.062406539916992
286,31,the,3,0,31,0.9117647058823529,35,0,,,0,7.73,1.4503843784332275
286,32,beginning,9,1,32,0.9411764705882353,35,0,,,0,5.0,2.775822877883911
286,33,of,2,0,33,0.9705882352941176,35,0,,,0,7.4,0.49402445554733276
286,34,time.,4,1,34,1.0,35,0,,,0,6.29,1.084560513496399
287,0,Even,4,1,0,0.0,7,0,,,0,5.99,10.479574203491211
287,1,more,4,0,1,0.16666666666666666,7,0,,,0,6.36,5.87678861618042
287,2,baffling,8,1,2,0.3333333333333333,7,0,,,0,3.13,9.160205038497224
287,3,is,2,0,3,0.5,7,0,,,0,7.07,1.226845622062683
287,4,that,4,0,4,0.6666666666666666,7,0,,,0,7.01,1.0209975242614746
287,5,it's,3,1,5,0.8333333333333334,7,0,,,0,6.33,7.93695068359375
287,6,funny.,5,1,6,1.0,7,0,1.9,1.9,1,5.02,14.587626218795776
288,0,Parker,6,1,0,0.0,40,0,,,0,4.23,17.14044761657715
288,1,should,6,0,1,0.02564102564102564,40,0,,,0,5.99,11.232263565063477
288,2,be,2,0,2,0.05128205128205128,40,0,,,0,6.79,2.0862815380096436
288,3,commended,9,1,3,0.07692307692307693,40,0,1.9,1.9,1,3.3,8.273429308086634
288,4,for,3,0,4,0.10256410256410256,40,0,,,0,7.01,0.24732880294322968
288,5,taking,6,1,5,0.1282051282051282,40,0,,,0,5.39,4.743782043457031
288,6,a,1,0,6,0.15384615384615385,40,0,,,0,7.36,2.82873797416687
288,7,fresh,5,1,7,0.1794871794871795,40,0,1.3,1.3,1,4.83,8.10381031036377
288,8,approach,8,1,8,0.20512820512820512,40,0,,,0,4.93,2.738379955291748
288,9,to,2,0,9,0.23076923076923078,40,0,,,0,7.43,0.5006070733070374
288,10,familiar,8,1,10,0.2564102564102564,40,0,,,0,4.61,15.536263465881348
288,11,"material,",8,1,11,0.28205128205128205,40,0,,,0,4.95,15.41982650756836
288,12,but,3,0,12,0.3076923076923077,40,0,,,0,6.63,3.158176898956299
288,13,his,3,0,13,0.3333333333333333,40,0,,,0,6.51,3.8164355754852295
288,14,determination,13,1,14,0.358974358974359,40,0,1.7,1.7,1,4.16,10.016973495483398
288,15,to,2,0,15,0.38461538461538464,40,0,,,0,7.43,0.49977701902389526
288,16,remain,6,1,16,0.41025641025641024,40,0,,,0,4.83,6.394599914550781
288,17,true,4,1,17,0.4358974358974359,40,0,1.8,1.8,1,5.4,2.639040470123291
288,18,to,2,0,18,0.46153846153846156,40,0,,,0,7.43,0.009965775534510612
288,19,the,3,0,19,0.48717948717948717,40,0,,,0,7.73,2.2159810066223145
288,20,original,8,1,20,0.5128205128205128,40,0,1.3,1.3,1,5.16,4.733438968658447
288,21,text,4,1,21,0.5384615384615384,40,0,,,0,5.01,6.735373020172119
288,22,leads,5,1,22,0.5641025641025641,40,0,,,0,4.65,9.276802062988281
288,23,him,3,0,23,0.5897435897435898,40,0,,,0,6.11,1.6547590494155884
288,24,to,2,0,24,0.6153846153846154,40,0,,,0,7.43,0.19362883269786835
288,25,adopt,5,1,25,0.6410256410256411,40,0,0.7,0.7,1,4.19,11.487799644470215
288,26,a,1,0,26,0.6666666666666666,40,0,,,0,7.36,1.2860413789749146
288,27,somewhat,8,1,27,0.6923076923076923,40,0,,,0,4.55,6.071350574493408
288,28,mannered,8,1,28,0.717948717948718,40,0,,,0,3.04,15.735173046588898
288,29,tone...,4,1,29,0.7435897435897436,40,0,,,0,4.49,15.249242544174194
288,30,that,4,0,30,0.7692307692307693,40,0,,,0,7.01,8.125310897827148
288,31,ultimately,10,1,31,0.7948717948717948,40,0,,,0,4.57,10.000741958618164
288,32,dulls,5,1,32,0.8205128205128205,40,0,-1.0,1.0,1,2.12,12.395116351544857
288,33,the,3,0,33,0.8461538461538461,40,0,,,0,7.73,1.504276156425476
288,34,human,5,1,34,0.8717948717948718,40,0,,,0,5.35,10.085840225219727
288,35,tragedy,7,1,35,0.8974358974358975,40,0,-3.4,3.4,1,4.14,11.267545700073242
288,36,at,2,0,36,0.9230769230769231,40,0,,,0,6.7,6.815650939941406
288,37,the,3,0,37,0.9487179487179487,40,0,,,0,7.73,2.1719393730163574
288,38,story's,6,1,38,0.9743589743589743,40,0,,,0,3.04,13.305018544197083
288,39,core.,4,1,39,1.0,40,0,,,0,4.73,3.2978006303310394
289,0,"Hard,",4,1,0,0.0,4,1,-0.4,0.4,1,5.53,20.42891263961792
289,1,"endearing,",9,1,1,0.3333333333333333,4,1,,,0,3.13,16.63127487897873
289,2,"caring,",6,1,2,0.6666666666666666,4,1,2.2,2.2,1,4.2,11.186192154884338
289,3,warm.,4,1,3,1.0,4,1,0.9,0.9,1,4.71,11.339710712432861
290,0,I,1,0,0,0.0,28,0,,,0,7.09,5.770400047302246
290,1,have,4,0,1,0.037037037037037035,28,0,,,0,6.71,3.9865305423736572
290,2,no,2,0,2,0.07407407407407407,28,0,-1.2,1.2,1,6.35,4.913060188293457
290,3,problem,7,1,3,0.1111111111111111,28,0,-1.7,1.7,1,5.4,4.308544158935547
290,4,with,4,0,4,0.14814814814814814,28,0,,,0,6.85,0.6711382269859314
290,5,``difficult'',9,1,5,0.18518518518518517,28,0,,,0,5.07,35.25721895694733
290,6,"movies,",6,1,6,0.2222222222222222,28,0,,,0,4.79,12.435956954956055
290,7,or,2,0,7,0.25925925925925924,28,0,,,0,6.54,5.227322578430176
290,8,movies,6,1,8,0.2962962962962963,28,0,,,0,4.79,4.238670825958252
290,9,that,4,0,9,0.3333333333333333,28,0,,,0,7.01,1.1293948888778687
290,10,ask,3,1,10,0.37037037037037035,28,0,,,0,5.34,11.818258285522461
290,11,the,3,0,11,0.4074074074074074,28,0,,,0,7.73,3.722928285598755
290,12,audience,8,1,12,0.4444444444444444,28,0,,,0,4.73,2.8908684253692627
290,13,to,2,0,13,0.48148148148148145,28,0,,,0,7.43,0.39286306500434875
290,14,meet,4,1,14,0.5185185185185185,28,0,,,0,5.27,10.216143608093262
290,15,them,4,0,15,0.5555555555555556,28,0,,,0,6.19,6.4371466636657715
290,16,halfway,7,1,16,0.5925925925925926,28,0,,,0,4.06,8.138970375061035
290,17,and,3,0,17,0.6296296296296297,28,0,,,0,7.41,4.078823566436768
290,18,connect,7,1,18,0.6666666666666666,28,0,,,0,4.38,10.978090286254883
290,19,the,3,0,19,0.7037037037037037,28,0,,,0,7.73,5.3470611572265625
290,20,dots,4,1,20,0.7407407407407407,28,0,,,0,3.76,0.16004174947738647
290,21,instead,7,1,21,0.7777777777777778,28,0,,,0,5.24,9.473941802978516
290,22,of,2,0,22,0.8148148148148148,28,0,,,0,7.4,0.04641513526439667
290,23,having,6,0,23,0.8518518518518519,28,0,,,0,5.59,4.496959209442139
290,24,things,6,1,24,0.8888888888888888,28,0,,,0,5.74,9.299043655395508
290,25,all,3,0,25,0.9259259259259259,28,0,,,0,6.52,9.121095657348633
290,26,spelled,7,1,26,0.9629629629629629,28,0,,,0,3.79,10.76090145111084
290,27,out.,3,0,27,1.0,28,0,,,0,6.38,2.2550517339259386
291,0,The,3,0,0,0.0,25,1,,,0,7.73,4.729319095611572
291,1,way,3,1,1,0.041666666666666664,25,1,,,0,6.01,10.568093299865723
291,2,Coppola,7,1,2,0.08333333333333333,25,1,,,0,2.75,21.77135181427002
291,3,professes,9,1,3,0.125,25,1,,,0,2.56,16.092701077461243
291,4,his,3,0,4,0.16666666666666666,25,1,,,0,6.51,2.7052597999572754
291,5,love,4,1,5,0.20833333333333334,25,1,3.2,3.2,1,5.82,2.0854198932647705
291,6,for,3,0,6,0.25,25,1,,,0,7.01,0.5124638080596924
291,7,movies,6,1,7,0.2916666666666667,25,1,,,0,4.79,10.293594360351562
291,8,--,0,0,8,0.3333333333333333,25,1,,,0,,10.376424789428711
291,9,both,4,0,9,0.375,25,1,,,0,5.79,8.025646209716797
291,10,colorful,8,1,10,0.4166666666666667,25,1,,,0,3.8,13.833505630493164
291,11,pop,3,1,11,0.4583333333333333,25,1,,,0,4.87,12.77033519744873
291,12,junk,4,1,12,0.5,25,1,,,0,4.03,16.68376350402832
291,13,and,3,0,13,0.5416666666666666,25,1,,,0,7.41,7.255764961242676
291,14,the,3,0,14,0.5833333333333334,25,1,,,0,7.73,5.800606727600098
291,15,classics,8,1,15,0.625,25,1,,,0,3.9,8.601725578308105
291,16,that,4,0,16,0.6666666666666666,25,1,,,0,7.01,3.1500611305236816
291,17,unequivocally,13,1,17,0.7083333333333334,25,1,,,0,3.06,18.478179931640625
291,18,qualify,7,1,18,0.75,25,1,,,0,4.19,9.694799423217773
291,19,as,2,0,19,0.7916666666666666,25,1,,,0,6.77,1.1084370613098145
291,20,art,3,1,20,0.8333333333333334,25,1,,,0,5.29,7.455630302429199
291,21,--,0,0,21,0.875,25,1,,,0,,0.9669190645217896
291,22,is,2,0,22,0.9166666666666666,25,1,,,0,7.07,0.9516910910606384
291,23,giddily,7,1,23,0.9583333333333334,25,1,,,0,1.74,19.393717259168625
291,24,entertaining.,12,1,24,1.0,25,1,1.9,1.9,1,4.11,7.057439744472504
292,0,Both,4,0,0,0.0,10,0,,,0,5.79,11.127374649047852
292,1,the,3,0,1,0.1111111111111111,10,0,,,0,7.73,3.586928606033325
292,2,crime,5,1,2,0.2222222222222222,10,0,-2.5,2.5,1,4.89,13.556221008300781
292,3,story,5,1,3,0.3333333333333333,10,0,,,0,5.45,10.58448600769043
292,4,and,3,0,4,0.4444444444444444,10,0,,,0,7.41,0.6326497197151184
292,5,the,3,0,5,0.5555555555555556,10,0,,,0,7.73,0.8471328616142273
292,6,love,4,1,6,0.6666666666666666,10,0,3.2,3.2,1,5.82,9.345458984375
292,7,story,5,1,7,0.7777777777777778,10,0,,,0,5.45,0.14951051771640778
292,8,are,3,0,8,0.8888888888888888,10,0,,,0,6.74,2.1166703701019287
292,9,unusual.,7,1,9,1.0,10,0,,,0,4.45,14.866776704788208
293,0,It's,3,1,0,0.0,18,-1,,,0,6.33,8.079900979995728
293,1,never,5,1,1,0.058823529411764705,18,-1,,,0,5.91,7.980240345001221
293,2,a,1,0,2,0.11764705882352941,18,-1,,,0,7.36,3.321268081665039
293,3,good,4,1,3,0.17647058823529413,18,-1,1.9,1.9,1,6.12,0.5689767599105835
293,4,sign,4,1,4,0.23529411764705882,18,-1,,,0,5.08,3.1133978366851807
293,5,when,4,0,5,0.29411764705882354,18,-1,,,0,6.37,0.6033861637115479
293,6,a,1,0,6,0.35294117647058826,18,-1,,,0,7.36,2.781566858291626
293,7,film's,5,1,7,0.4117647058823529,18,-1,,,0,3.58,14.660670280456543
293,8,star,4,1,8,0.47058823529411764,18,-1,,,0,5.19,5.092656135559082
293,9,spends,6,1,9,0.5294117647058824,18,-1,,,0,3.95,10.119705200195312
293,10,the,3,0,10,0.5882352941176471,18,-1,,,0,7.73,3.7846481800079346
293,11,entirety,8,1,11,0.6470588235294118,18,-1,,,0,3.69,5.182223796844482
293,12,of,2,0,12,0.7058823529411765,18,-1,,,0,7.4,0.0030764108523726463
293,13,the,3,0,13,0.7647058823529411,18,-1,,,0,7.73,2.2542829513549805
293,14,film,4,1,14,0.8235294117647058,18,-1,,,0,5.2,1.8616100549697876
293,15,in,2,0,15,0.8823529411764706,18,-1,,,0,7.27,4.710198879241943
293,16,a,1,0,16,0.9411764705882353,18,-1,,,0,7.36,1.9310728311538696
293,17,coma.,4,1,17,1.0,18,-1,,,0,3.74,7.045135974884033
294,0,A,1,0,0,0.0,4,0,,,0,7.36,5.687582969665527
294,1,creaky,6,1,1,0.3333333333333333,4,0,,,0,2.35,18.83187508583069
294,2,staircase,9,1,2,0.6666666666666666,4,0,,,0,3.58,11.728448867797852
294,3,gothic.,6,1,3,1.0,4,0,,,0,3.65,27.149268358945847
295,0,If,2,0,0,0.0,23,0,,,0,6.47,7.758228302001953
295,1,there's,6,1,1,0.045454545454545456,23,0,,,0,5.54,6.634571194648743
295,2,a,1,0,2,0.09090909090909091,23,0,,,0,7.36,2.9843826293945312
295,3,way,3,1,3,0.13636363636363635,23,0,,,0,6.01,5.141260147094727
295,4,to,2,0,4,0.18181818181818182,23,0,,,0,7.43,0.4665261209011078
295,5,effectively,11,1,5,0.22727272727272727,23,0,1.9,1.9,1,4.49,10.47930908203125
295,6,teach,5,1,6,0.2727272727272727,23,0,,,0,4.67,8.70565414428711
295,7,kids,4,1,7,0.3181818181818182,23,0,,,0,5.28,4.477252006530762
295,8,about,5,0,8,0.36363636363636365,23,0,,,0,6.4,1.809500813484192
295,9,the,3,0,9,0.4090909090909091,23,0,,,0,7.73,3.1049447059631348
295,10,dangers,7,1,10,0.45454545454545453,23,0,-2.2,2.2,1,3.89,5.128121852874756
295,11,of,2,0,11,0.5,23,0,,,0,7.4,0.10850100219249725
295,12,"drugs,",5,1,12,0.5454545454545454,23,0,,,0,4.77,7.048284709453583
295,13,I,1,0,13,0.5909090909090909,23,0,,,0,7.09,4.781832218170166
295,14,think,5,1,14,0.6363636363636364,23,0,,,0,6.08,2.226012945175171
295,15,it's,3,1,15,0.6818181818181818,23,0,,,0,6.33,1.7170416712760925
295,16,in,2,0,16,0.7272727272727273,23,0,,,0,7.27,6.316704750061035
295,17,projects,8,1,17,0.7727272727272727,23,0,,,0,4.81,17.0091495513916
295,18,like,4,1,18,0.8181818181818182,23,0,1.5,1.5,1,6.41,0.8189422488212585
295,19,the,3,0,19,0.8636363636363636,23,0,,,0,7.73,2.6379740238189697
295,20,(unfortunately,13,1,20,0.9090909090909091,23,0,-1.4,1.4,1,4.62,25.84194040298462
295,21,R-rated),6,1,21,0.9545454545454546,23,0,,,0,0.0,21.759998619556427
295,22,Paid.,4,1,22,1.0,23,0,,,0,5.12,24.656922340393066
296,0,If,2,0,0,0.0,23,0,,,0,6.47,7.758228302001953
296,1,you're,5,1,1,0.045454545454545456,23,0,,,0,5.87,3.0116878747940063
296,2,a,1,0,2,0.09090909090909091,23,0,,,0,7.36,3.169502019882202
296,3,WWF,3,1,3,0.13636363636363635,23,0,,,0,3.15,16.24446678161621
296,4,"fan,",3,1,4,0.18181818181818182,23,0,1.3,1.3,1,4.92,2.6669259071350098
296,5,or,2,0,5,0.22727272727272727,23,0,,,0,6.54,6.016992568969727
296,6,you,3,0,6,0.2727272727272727,23,0,,,0,6.98,3.1761281490325928
296,7,related,7,1,7,0.3181818181818182,23,0,,,0,5.1,18.13164710998535
296,8,to,2,0,8,0.36363636363636365,23,0,,,0,7.43,2.012974977493286
296,9,the,3,0,9,0.4090909090909091,23,0,,,0,7.73,1.7701431512832642
296,10,people,6,1,10,0.45454545454545453,23,0,,,0,6.25,10.144159317016602
296,11,who,3,0,11,0.5,23,0,,,0,6.34,2.01357102394104
296,12,watched,7,1,12,0.5454545454545454,23,0,,,0,4.72,6.233264923095703
296,13,the,3,0,13,0.5909090909090909,23,0,,,0,7.73,1.3812144994735718
296,14,robots,6,1,14,0.6363636363636364,23,0,,,0,3.99,15.364212036132812
296,15,getting,7,1,15,0.6818181818181818,23,0,,,0,5.57,10.603177070617676
296,16,butchered,9,1,16,0.7272727272727273,23,0,,,0,3.01,15.568595676380937
296,17,in,2,0,17,0.7727272727272727,23,0,,,0,7.27,2.562692403793335
296,18,"A.I.,",2,1,18,0.8181818181818182,23,0,,,0,4.23,17.67067837715149
296,19,you'll,5,1,19,0.8636363636363636,23,0,,,0,5.22,5.400647163391113
296,20,probably,8,1,20,0.9090909090909091,23,0,,,0,5.37,2.9533698558807373
296,21,like,4,1,21,0.9545454545454546,23,0,1.5,1.5,1,6.41,5.751338005065918
296,22,Rollerball.,10,1,22,1.0,23,0,,,0,2.06,21.874558687210083
297,0,Norton,6,1,0,0.0,5,0,,,0,3.75,17.23732089996338
297,1,holds,5,1,1,0.25,5,0,,,0,4.6,13.309516906738281
297,2,the,3,0,2,0.5,5,0,,,0,7.73,2.9441537857055664
297,3,film,4,1,3,0.75,5,0,,,0,5.2,12.396418571472168
297,4,together.,8,1,4,1.0,5,0,,,0,5.46,13.268354177474976
298,0,A,1,0,0,0.0,21,1,,,0,7.36,5.6875901222229
298,1,breathtaking,12,1,1,0.05,21,1,2.0,2.0,1,3.6,15.092888832092285
298,2,adventure,9,1,2,0.1,21,1,1.3,1.3,1,4.46,10.261237144470215
298,3,for,3,0,3,0.15,21,1,,,0,7.01,4.442414283752441
298,4,all,3,0,4,0.2,21,1,,,0,6.52,3.7744343280792236
298,5,"ages,",4,1,5,0.25,21,1,,,0,4.53,4.94234299659729
298,6,Spirit,6,1,6,0.3,21,1,0.7,0.7,1,4.79,14.2553129196167
298,7,tells,5,1,7,0.35,21,1,,,0,4.78,11.496219635009766
298,8,its,3,0,8,0.4,21,1,,,0,6.14,6.294677257537842
298,9,poignant,8,1,9,0.45,21,1,,,0,3.27,11.750882148742676
298,10,and,3,0,10,0.5,21,1,,,0,7.41,4.942005157470703
298,11,uplifting,9,1,11,0.55,21,1,,,0,3.32,8.628555009956472
298,12,story,5,1,12,0.6,21,1,,,0,5.45,1.2078874111175537
298,13,in,2,0,13,0.65,21,1,,,0,7.27,4.122882843017578
298,14,a,1,0,14,0.7,21,1,,,0,7.36,1.965100884437561
298,15,stunning,8,1,15,0.75,21,1,1.6,1.6,1,4.27,5.5671491622924805
298,16,fusion,6,1,16,0.8,21,1,,,0,4.02,12.1655912399292
298,17,of,2,0,17,0.85,21,1,,,0,7.4,0.047210633754730225
298,18,music,5,1,18,0.9,21,1,,,0,5.52,7.638079643249512
298,19,and,3,0,19,0.95,21,1,,,0,7.41,1.24661386013031
298,20,images.,6,1,20,1.0,21,1,,,0,4.75,11.332310557365417
299,0,It,2,0,0,0.0,26,0,,,0,6.95,6.7774481773376465
299,1,won't,4,1,1,0.04,26,0,,,0,5.34,9.647350642830133
299,2,bust,4,1,2,0.08,26,0,,,0,4.04,16.523008346557617
299,3,your,4,0,3,0.12,26,0,,,0,6.53,1.0029242038726807
299,4,gut,3,1,4,0.16,26,0,,,0,4.02,9.262059211730957
299,5,--,0,0,5,0.2,26,0,,,0,,9.136969566345215
299,6,and,3,0,6,0.24,26,0,,,0,7.41,3.9702115058898926
299,7,it's,3,1,7,0.28,26,0,,,0,6.33,5.8442617654800415
299,8,not,3,0,8,0.32,26,0,,,0,6.69,1.4363023042678833
299,9,intended,8,1,9,0.36,26,0,,,0,4.7,10.641317367553711
299,10,to,2,0,10,0.4,26,0,,,0,7.43,0.4368084967136383
299,11,--,0,0,11,0.44,26,0,,,0,,2.2465622425079346
299,12,it's,3,1,12,0.48,26,0,,,0,6.33,9.396711587905884
299,13,merely,6,1,13,0.52,26,0,,,0,4.37,6.977998733520508
299,14,a,1,0,14,0.56,26,0,,,0,7.36,1.2874102592468262
299,15,blandly,7,1,15,0.6,26,0,,,0,2.05,21.287806510925293
299,16,cinematic,9,1,16,0.64,26,0,,,0,3.6,12.883613586425781
299,17,surgical,8,1,17,0.68,26,0,,,0,4.05,16.19159698486328
299,18,examination,11,1,18,0.72,26,0,,,0,4.26,10.188482284545898
299,19,of,2,0,19,0.76,26,0,,,0,7.4,0.7191917896270752
299,20,what,4,0,20,0.8,26,0,,,0,6.38,4.362573146820068
299,21,makes,5,1,21,0.84,26,0,,,0,5.46,5.758580207824707
299,22,a,1,0,22,0.88,26,0,,,0,7.36,2.3185272216796875
299,23,joke,4,1,23,0.92,26,0,1.2,1.2,1,4.68,11.238075256347656
299,24,a,1,0,24,0.96,26,0,,,0,7.36,8.008535385131836
299,25,joke.,4,1,25,1.0,26,0,1.2,1.2,1,4.68,3.5557278394699097
300,0,Largely,7,1,0,0.0,4,0,,,0,4.61,18.697155475616455
300,1,a,1,0,1,0.3333333333333333,4,0,,,0,7.36,5.666257381439209
300,2,for-fans,7,1,2,0.6666666666666666,4,0,,,0,0.0,33.5567672252655
300,3,artifact.,8,1,3,1.0,4,0,,,0,3.41,19.889045238494873
301,0,A,1,0,0,0.0,18,-1,,,0,7.36,5.687591075897217
301,1,movie,5,1,1,0.058823529411764705,18,-1,,,0,5.16,12.03471851348877
301,2,so,2,0,2,0.11764705882352941,18,-1,,,0,6.52,10.33916187286377
301,3,bad,3,1,3,0.17647058823529413,18,-1,-2.5,2.5,1,5.53,7.154148101806641
301,4,that,4,0,4,0.23529411764705882,18,-1,,,0,7.01,1.9560699462890625
301,5,it,2,0,5,0.29411764705882354,18,-1,,,0,6.95,1.6286519765853882
301,6,quickly,7,1,6,0.35294117647058826,18,-1,,,0,5.0,11.784607887268066
301,7,enters,6,1,7,0.4117647058823529,18,-1,,,0,4.01,11.997631072998047
301,8,the,3,0,8,0.47058823529411764,18,-1,,,0,7.73,0.9922866821289062
301,9,pantheon,8,1,9,0.5294117647058824,18,-1,,,0,3.22,7.364700180478394
301,10,of,2,0,10,0.5882352941176471,18,-1,,,0,7.4,0.15873295068740845
301,11,wreckage,8,1,11,0.6470588235294118,18,-1,,,0,3.29,19.193395614624023
301,12,that,4,0,12,0.7058823529411765,18,-1,,,0,7.01,4.33612060546875
301,13,includes,8,1,13,0.7647058823529411,18,-1,,,0,4.96,9.23630142211914
301,14,Battlefield,11,1,14,0.8235294117647058,18,-1,-1.6,1.6,1,3.93,11.866272926330566
301,15,Earth,5,1,15,0.8823529411764706,18,-1,,,0,5.06,9.531020164489746
301,16,and,3,0,16,0.9411764705882353,18,-1,,,0,7.41,2.0194027423858643
301,17,Showgirls.,9,1,17,1.0,18,-1,,,0,2.33,18.401137828826904
302,0,If,2,0,0,0.0,22,-1,,,0,6.47,7.758233547210693
302,1,you're,5,1,1,0.047619047619047616,22,-1,,,0,5.87,3.011595845222473
302,2,over,4,0,2,0.09523809523809523,22,-1,,,0,6.08,10.202340126037598
302,3,"25,",0,0,3,0.14285714285714285,22,-1,,,0,5.08,7.56293785572052
302,4,have,4,0,4,0.19047619047619047,22,-1,,,0,6.71,8.061491966247559
302,5,an,2,0,5,0.23809523809523808,22,-1,,,0,6.53,4.476243495941162
302,6,IQ,2,1,6,0.2857142857142857,22,-1,,,0,3.69,7.29275369644165
302,7,over,4,0,7,0.3333333333333333,22,-1,,,0,6.08,5.793283462524414
302,8,"90,",0,0,8,0.38095238095238093,22,-1,,,0,4.49,6.838419795036316
302,9,and,3,0,9,0.42857142857142855,22,-1,,,0,7.41,1.301999568939209
302,10,have,4,0,10,0.47619047619047616,22,-1,,,0,6.71,2.646782636642456
302,11,a,1,0,11,0.5238095238095238,22,-1,,,0,7.36,2.456369638442993
302,12,driver's,7,1,12,0.5714285714285714,22,-1,,,0,3.78,11.02332952618599
302,13,"license,",7,1,13,0.6190476190476191,22,-1,,,0,4.52,3.002049073576927
302,14,you,3,0,14,0.6666666666666666,22,-1,,,0,6.98,1.5657368898391724
302,15,should,6,0,15,0.7142857142857143,22,-1,,,0,5.99,3.9144835472106934
302,16,be,2,0,16,0.7619047619047619,22,-1,,,0,6.79,2.2423970699310303
302,17,able,4,1,17,0.8095238095238095,22,-1,,,0,5.43,0.6793400645256042
302,18,to,2,0,18,0.8571428571428571,22,-1,,,0,7.43,0.009360508061945438
302,19,find,4,1,19,0.9047619047619048,22,-1,,,0,5.76,7.052323341369629
302,20,better,6,1,20,0.9523809523809523,22,-1,1.9,1.9,1,5.76,9.960153579711914
302,21,entertainment.,13,1,21,1.0,22,-1,1.8,1.8,1,4.6,17.38264226913452
303,0,A,1,0,0,0.0,22,0,,,0,7.36,5.6875901222229
303,1,solid,5,1,1,0.047619047619047616,22,0,0.6,0.6,1,4.73,12.949275016784668
303,2,piece,5,1,2,0.09523809523809523,22,0,,,0,5.04,7.31048583984375
303,3,of,2,0,3,0.14285714285714285,22,0,,,0,7.4,0.127369225025177
303,4,journalistic,12,1,4,0.19047619047619047,22,0,,,0,3.29,14.829172134399414
303,5,work,4,1,5,0.23809523809523808,22,0,,,0,5.96,5.591975212097168
303,6,that,4,0,6,0.2857142857142857,22,0,,,0,7.01,3.278533458709717
303,7,draws,5,1,7,0.3333333333333333,22,0,,,0,4.1,9.69377613067627
303,8,a,1,0,8,0.38095238095238093,22,0,,,0,7.36,5.329673767089844
303,9,picture,7,1,9,0.42857142857142855,22,0,,,0,5.13,8.89194393157959
303,10,of,2,0,10,0.47619047619047616,22,0,,,0,7.4,0.2682152986526489
303,11,a,1,0,11,0.5238095238095238,22,0,,,0,7.36,2.7346205711364746
303,12,man,3,1,12,0.5714285714285714,22,0,,,0,5.82,4.794102191925049
303,13,for,3,0,13,0.6190476190476191,22,0,,,0,7.01,9.304780006408691
303,14,whom,4,0,14,0.6666666666666666,22,0,,,0,4.85,1.1321746110916138
303,15,political,9,1,15,0.7142857142857143,22,0,,,0,5.29,8.177335739135742
303,16,expedience,10,1,16,0.7619047619047619,22,0,,,0,1.89,10.694430589675903
303,17,became,6,1,17,0.8095238095238095,22,0,,,0,5.15,9.582761764526367
303,18,a,1,0,18,0.8571428571428571,22,0,,,0,7.36,1.9153674840927124
303,19,deadly,6,1,19,0.9047619047619048,22,0,,,0,4.16,10.917645454406738
303,20,foreign,7,1,20,0.9523809523809523,22,0,,,0,5.08,12.76233959197998
303,21,policy.,6,1,21,1.0,22,0,,,0,5.17,5.436391830444336
304,0,The,3,0,0,0.0,14,0,,,0,7.73,4.729319095611572
304,1,doofus-on-the-loose,16,1,1,0.07692307692307693,14,0,,,0,0.0,48.61493418365717
304,2,banter,6,1,2,0.15384615384615385,14,0,,,0,3.48,18.621061325073242
304,3,of,2,0,3,0.23076923076923078,14,0,,,0,7.4,3.6120054721832275
304,4,Welcome,7,1,4,0.3076923076923077,14,0,2.0,2.0,1,4.99,16.16766929626465
304,5,to,2,0,5,0.38461538461538464,14,0,,,0,7.43,1.099387288093567
304,6,Collinwood,10,1,6,0.46153846153846156,14,0,,,0,1.74,17.514870166778564
304,7,has,3,0,7,0.5384615384615384,14,0,,,0,6.37,3.850224018096924
304,8,a,1,0,8,0.6153846153846154,14,0,,,0,7.36,7.34468412399292
304,9,"cocky,",5,1,9,0.6923076923076923,14,0,-0.5,0.5,1,3.39,19.165018439292908
304,10,after-hours,10,1,10,0.7692307692307693,14,0,,,0,1.73,14.458263218402863
304,11,loopiness,9,1,11,0.8461538461538461,14,0,,,0,0.0,23.551340103149414
304,12,to,2,0,12,0.9230769230769231,14,0,,,0,7.43,1.6620229482650757
304,13,it.,2,0,13,1.0,14,0,,,0,6.95,1.0224564224481583
305,0,It's,3,1,0,0.0,8,1,,,0,6.33,8.079901218414307
305,1,the,3,0,1,0.14285714285714285,8,1,,,0,7.73,4.9163594245910645
305,2,funniest,8,1,2,0.2857142857142857,8,1,2.6,2.6,1,3.59,11.83028070628643
305,3,American,8,1,3,0.42857142857142855,8,1,,,0,5.49,12.82701587677002
305,4,comedy,6,1,4,0.5714285714285714,8,1,1.5,1.5,1,4.51,3.295438528060913
305,5,since,5,1,5,0.7142857142857143,8,1,,,0,5.75,5.351216793060303
305,6,Graffiti,8,1,6,0.8571428571428571,8,1,,,0,3.65,16.281772017478943
305,7,Bridge.,6,1,7,1.0,8,1,,,0,4.77,19.26982319355011
306,0,Samuel,6,1,0,0.0,8,0,,,0,4.19,14.7399742603302
306,1,Beckett,7,1,1,0.14285714285714285,8,0,,,0,3.42,7.337817132472992
306,2,applied,7,1,2,0.2857142857142857,8,0,,,0,4.67,15.908074378967285
306,3,to,2,0,3,0.42857142857142855,8,0,,,0,7.43,2.423584222793579
306,4,the,3,0,4,0.5714285714285714,8,0,,,0,7.73,2.3690052032470703
306,5,Iranian,7,1,5,0.7142857142857143,8,0,,,0,4.16,14.740640640258789
306,6,voting,6,1,6,0.8571428571428571,8,0,,,0,4.62,17.611658096313477
306,7,process.,7,1,7,1.0,8,0,,,0,5.26,9.730844020843506
307,0,A,1,0,0,0.0,8,1,,,0,7.36,5.687587738037109
307,1,strangely,9,1,1,0.14285714285714285,8,1,-1.2,1.2,1,3.67,16.221431732177734
307,2,compelling,10,1,2,0.2857142857142857,8,1,0.9,0.9,1,3.98,8.274025917053223
307,3,and,3,0,3,0.42857142857142855,8,1,,,0,7.41,4.559957504272461
307,4,brilliantly,11,1,4,0.5714285714285714,8,1,3.0,3.0,1,3.46,10.141610145568848
307,5,acted,5,1,5,0.7142857142857143,8,1,,,0,4.28,7.421766757965088
307,6,psychological,13,1,6,0.8571428571428571,8,1,,,0,4.27,9.79216194152832
307,7,drama.,5,1,7,1.0,8,1,,,0,4.67,7.238130569458008
308,0,Often,5,1,0,0.0,24,1,,,0,5.41,14.140864372253418
308,1,gruelling,9,1,1,0.043478260869565216,24,1,,,0,2.51,20.777299392968416
308,2,and,3,0,2,0.08695652173913043,24,1,,,0,7.41,2.9280872344970703
308,3,heartbreaking,13,1,3,0.13043478260869565,24,1,-2.0,2.0,1,3.57,9.405645370483398
308,4,to,2,0,4,0.17391304347826086,24,1,,,0,7.43,6.255107879638672
308,5,"witness,",7,1,5,0.21739130434782608,24,1,,,0,4.52,4.41610187292099
308,6,but,3,0,6,0.2608695652173913,24,1,,,0,6.63,6.433311462402344
308,7,Seldahl,7,1,7,0.30434782608695654,24,1,,,0,0.0,34.30652475357056
308,8,and,3,0,8,0.34782608695652173,24,1,,,0,7.41,5.569608211517334
308,9,Wollter's,8,1,9,0.391304347826087,24,1,,,0,0.0,29.552400588989258
308,10,sterling,8,1,10,0.43478260869565216,24,1,,,0,4.13,14.544539451599121
308,11,performances,12,1,11,0.4782608695652174,24,1,,,0,4.29,5.0447096824646
308,12,raise,5,1,12,0.5217391304347826,24,1,,,0,4.75,11.218568801879883
308,13,this,4,0,13,0.5652173913043478,24,1,,,0,6.82,9.054325103759766
308,14,far,3,1,14,0.6086956521739131,24,1,,,0,5.5,10.343830108642578
308,15,above,5,0,15,0.6521739130434783,24,1,,,0,5.2,4.793195724487305
308,16,the,3,0,16,0.6956521739130435,24,1,,,0,7.73,1.5079691410064697
308,17,level,5,1,17,0.7391304347826086,24,1,,,0,5.41,5.8624420166015625
308,18,of,2,0,18,0.782608695652174,24,1,,,0,7.4,0.13022269308567047
308,19,the,3,0,19,0.8260869565217391,24,1,,,0,7.73,2.9636871814727783
308,20,usual,5,1,20,0.8695652173913043,24,1,,,0,4.62,8.036060333251953
308,21,maudlin,7,1,21,0.9130434782608695,24,1,,,0,2.39,16.04710769187659
308,22,disease,7,1,22,0.9565217391304348,24,1,,,0,4.9,16.40733528137207
308,23,movie.,5,1,23,1.0,24,1,,,0,5.16,12.061378479003906
309,0,This,4,0,0,0.0,25,1,,,0,6.82,7.0086588859558105
309,1,enthralling,11,1,1,0.041666666666666664,25,1,,,0,2.66,21.474818527698517
309,2,documentary...,11,1,2,0.08333333333333333,25,1,,,0,4.31,20.61415672302246
309,3,is,2,0,3,0.125,25,1,,,0,7.07,4.178343772888184
309,4,at,2,0,4,0.16666666666666666,25,1,,,0,6.7,9.117825508117676
309,5,once,4,0,5,0.20833333333333334,25,1,,,0,5.53,2.8473024368286133
309,6,playful,7,1,6,0.25,25,1,1.9,1.9,1,3.53,10.943135261535645
309,7,and,3,0,7,0.2916666666666667,25,1,,,0,7.41,0.6849350929260254
309,8,"haunting,",8,1,8,0.3333333333333333,25,1,-1.1,1.1,1,3.52,10.626843214035034
309,9,an,2,0,9,0.375,25,1,,,0,6.53,5.982478141784668
309,10,in-depth,7,1,10,0.4166666666666667,25,1,,,0,2.33,8.549708530306816
309,11,portrait,8,1,11,0.4583333333333333,25,1,,,0,4.22,6.125645160675049
309,12,of,2,0,12,0.5,25,1,,,0,7.4,0.07781190425157547
309,13,an,2,0,13,0.5416666666666666,25,1,,,0,6.53,4.710567474365234
309,14,iconoclastic,12,1,14,0.5833333333333334,25,1,,,0,2.37,12.308324036188424
309,15,artist,6,1,15,0.625,25,1,,,0,4.8,6.043085098266602
309,16,who,3,0,16,0.6666666666666666,25,1,,,0,6.34,2.7007155418395996
309,17,was,3,0,17,0.7083333333333334,25,1,,,0,6.82,4.555622100830078
309,18,fundamentally,13,1,18,0.75,25,1,,,0,3.77,11.40333080291748
309,19,unknowable,10,1,19,0.7916666666666666,25,1,,,0,2.66,15.341287970542908
309,20,even,4,1,20,0.8333333333333334,25,1,,,0,5.99,8.467897415161133
309,21,to,2,0,21,0.875,25,1,,,0,7.43,1.785567045211792
309,22,his,3,0,22,0.9166666666666666,25,1,,,0,6.51,1.6103148460388184
309,23,closest,7,1,23,0.9583333333333334,25,1,,,0,4.21,9.030101776123047
309,24,friends.,7,1,24,1.0,25,1,2.1,2.1,1,5.43,2.699686646461487
310,0,I,1,0,0,0.0,23,-1,,,0,7.09,5.77036190032959
310,1,didn't,5,1,1,0.045454545454545456,23,-1,,,0,5.68,6.995960745844059
310,2,laugh,5,1,2,0.09090909090909091,23,-1,2.6,2.6,1,4.66,12.660201072692871
310,3,at,2,0,3,0.13636363636363635,23,-1,,,0,6.7,2.586827039718628
310,4,the,3,0,4,0.18181818181818182,23,-1,,,0,7.73,2.185579538345337
310,5,ongoing,7,1,5,0.22727272727272727,23,-1,,,0,4.32,14.481379508972168
310,6,efforts,7,1,6,0.2727272727272727,23,-1,,,0,4.77,8.774913787841797
310,7,of,2,0,7,0.3181818181818182,23,-1,,,0,7.4,1.6502785682678223
310,8,"Cube,",4,1,8,0.36363636363636365,23,-1,,,0,3.82,22.910478591918945
310,9,and,3,0,9,0.4090909090909091,23,-1,,,0,7.41,4.835333824157715
310,10,his,3,0,10,0.45454545454545453,23,-1,,,0,6.51,9.655956268310547
310,11,skinny,6,1,11,0.5,23,-1,,,0,3.99,17.571537017822266
310,12,buddy,5,1,12,0.5454545454545454,23,-1,,,0,4.4,10.069854736328125
310,13,Mike,4,1,13,0.5909090909090909,23,-1,,,0,4.8,7.323731899261475
310,14,"Epps,",4,1,14,0.6363636363636364,23,-1,,,0,2.73,14.95856773853302
310,15,to,2,0,15,0.6818181818181818,23,-1,,,0,7.43,0.8285831809043884
310,16,make,4,1,16,0.7272727272727273,23,-1,,,0,6.08,4.173428058624268
310,17,like,4,1,17,0.7727272727272727,23,-1,1.5,1.5,1,6.41,12.67633056640625
310,18,Laurel,6,1,18,0.8181818181818182,23,-1,,,0,3.63,19.552963256835938
310,19,and,3,0,19,0.8636363636363636,23,-1,,,0,7.41,1.2475687265396118
310,20,Hardy'n,6,1,20,0.9090909090909091,23,-1,,,0,0.0,28.071722872089595
310,21,the,3,0,21,0.9545454545454546,23,-1,,,0,7.73,7.3199238777160645
310,22,hood.,4,1,22,1.0,23,-1,,,0,4.21,14.920257329940796
311,0,At,2,0,0,0.0,18,0,,,0,6.7,8.753560066223145
311,1,its,3,0,1,0.058823529411764705,18,0,,,0,6.14,5.5689377784729
311,2,best,4,1,2,0.11764705882352941,18,0,3.2,3.2,1,5.84,4.3176093101501465
311,3,when,4,0,3,0.17647058823529413,18,0,,,0,6.37,7.584423065185547
311,4,the,3,0,4,0.23529411764705882,18,0,,,0,7.73,3.4229300022125244
311,5,"guarded,",7,1,5,0.29411764705882354,18,0,,,0,3.63,25.23913335800171
311,6,resentful,9,1,6,0.35294117647058826,18,0,-2.1,2.1,1,2.97,14.742203244008124
311,7,Betty,5,1,7,0.4117647058823529,18,0,,,0,3.92,16.133663177490234
311,8,and,3,0,8,0.47058823529411764,18,0,,,0,7.41,5.1108622550964355
311,9,the,3,0,9,0.5294117647058824,18,0,,,0,7.73,3.1550967693328857
311,10,manipulative,12,1,10,0.5882352941176471,18,0,,,0,3.25,10.238823890686035
311,11,yet,3,1,11,0.6470588235294118,18,0,,,0,5.54,13.289346694946289
311,12,needy,5,1,12,0.7058823529411765,18,0,-1.4,1.4,1,3.58,11.520251274108887
311,13,Margot,6,1,13,0.7647058823529411,18,0,,,0,3.32,14.685214042663574
311,14,are,3,0,14,0.8235294117647058,18,0,,,0,6.74,2.3872246742248535
311,15,front,5,1,15,0.8823529411764706,18,0,,,0,5.28,11.365117073059082
311,16,and,3,0,16,0.9411764705882353,18,0,,,0,7.41,0.5971062779426575
311,17,center.,6,1,17,1.0,18,0,,,0,5.19,2.6655448973178864
312,0,Ford,4,1,0,0.0,17,1,,,0,4.5,14.883726119995117
312,1,deserves,8,1,1,0.0625,17,1,,,0,4.34,14.033013343811035
312,2,to,2,0,2,0.125,17,1,,,0,7.43,3.1197211742401123
312,3,be,2,0,3,0.1875,17,1,,,0,6.79,1.260940432548523
312,4,remembered,10,1,4,0.25,17,1,,,0,4.33,5.530411243438721
312,5,at,2,0,5,0.3125,17,1,,,0,6.7,8.806984901428223
312,6,Oscar,5,1,6,0.375,17,1,,,0,4.31,15.78345012664795
312,7,time,4,1,7,0.4375,17,1,,,0,6.29,5.46463680267334
312,8,for,3,0,8,0.5,17,1,,,0,7.01,2.710176944732666
312,9,crafting,8,1,9,0.5625,17,1,,,0,3.51,11.277846336364746
312,10,this,4,0,10,0.625,17,1,,,0,6.82,6.213356018066406
312,11,wonderful,9,1,11,0.6875,17,1,2.7,2.7,1,4.85,8.426746368408203
312,12,portrait,8,1,12,0.75,17,1,,,0,4.22,9.552083969116211
312,13,of,2,0,13,0.8125,17,1,,,0,7.4,0.2942888140678406
312,14,a,1,0,14,0.875,17,1,,,0,7.36,2.120312452316284
312,15,conflicted,10,1,15,0.9375,17,1,,,0,3.22,12.256351470947266
312,16,soldier.,7,1,16,1.0,17,1,,,0,4.46,12.514716625213623
313,0,That,4,0,0,0.0,16,0,,,0,7.01,9.265061378479004
313,1,is,2,0,1,0.06666666666666667,16,0,,,0,7.07,3.9439337253570557
313,2,essentially,11,1,2,0.13333333333333333,16,0,,,0,4.42,10.011354446411133
313,3,what's,5,1,3,0.2,16,0,,,0,5.2,7.997278213500977
313,4,missing,7,1,4,0.26666666666666666,16,0,-1.2,1.2,1,5.05,9.03394889831543
313,5,from,4,0,5,0.3333333333333333,16,0,,,0,6.63,0.9972349405288696
313,6,Blackboards,11,1,6,0.4,16,0,,,0,1.87,24.93455982208252
313,7,--,0,0,7,0.4666666666666667,16,0,,,0,,10.111336708068848
313,8,the,3,0,8,0.5333333333333333,16,0,,,0,7.73,3.103529453277588
313,9,sense,5,1,9,0.6,16,0,,,0,5.19,10.21434211730957
313,10,of,2,0,10,0.6666666666666666,16,0,,,0,7.4,0.7009066939353943
313,11,something,9,1,11,0.7333333333333333,16,0,,,0,5.81,9.093794822692871
313,12,"bigger,",6,1,12,0.8,16,0,,,0,4.74,10.665586471557617
313,13,some,4,0,13,0.8666666666666667,16,0,,,0,6.2,9.731694221496582
313,14,ultimate,8,1,14,0.9333333333333333,16,0,,,0,4.53,12.962862968444824
313,15,point.,5,1,15,1.0,16,0,,,0,5.54,11.725576639175415
314,0,It's,3,1,0,0.0,26,0,,,0,6.33,8.079895615577698
314,1,a,1,0,1,0.04,26,0,,,0,7.36,3.485069751739502
314,2,bizarre,7,1,2,0.08,26,0,-1.3,1.3,1,4.02,8.899385452270508
314,3,curiosity,9,1,3,0.12,26,0,,,0,3.97,14.915680885314941
314,4,memorable,9,1,4,0.16,26,0,,,0,3.97,22.85811996459961
314,5,mainly,6,1,5,0.2,26,0,,,0,4.6,9.312171936035156
314,6,for,3,0,6,0.24,26,0,,,0,7.01,1.4816205501556396
314,7,the,3,0,7,0.28,26,0,,,0,7.73,1.9000338315963745
314,8,way,3,1,8,0.32,26,0,,,0,6.01,3.719383478164673
314,9,it,2,0,9,0.36,26,0,,,0,6.95,1.1009212732315063
314,10,fritters,8,1,10,0.4,26,0,,,0,2.53,20.925896644592285
314,11,away,4,1,11,0.44,26,0,,,0,5.62,0.21442081034183502
314,12,its,3,0,12,0.48,26,0,,,0,6.14,4.500971794128418
314,13,potentially,11,1,13,0.52,26,0,,,0,4.39,13.243385314941406
314,14,interesting,11,1,14,0.56,26,0,1.7,1.7,1,5.0,9.519912719726562
314,15,subject,7,1,15,0.6,26,0,,,0,4.96,9.086840629577637
314,16,matter,6,1,16,0.64,26,0,0.1,0.1,1,5.38,0.5226303935050964
314,17,via,3,1,17,0.68,26,0,,,0,5.02,11.224815368652344
314,18,a,1,0,18,0.72,26,0,,,0,7.36,2.728736162185669
314,19,banal,5,1,19,0.76,26,0,,,0,2.88,13.895868062973022
314,20,"script,",6,1,20,0.8,26,0,,,0,4.36,13.47031831741333
314,21,unimpressive,12,1,21,0.84,26,0,-1.4,1.4,1,2.55,18.72108268737793
314,22,acting,6,1,22,0.88,26,0,,,0,4.82,8.146501541137695
314,23,and,3,0,23,0.92,26,0,,,0,7.41,1.3904410600662231
314,24,indifferent,11,1,24,0.96,26,0,-0.8,0.8,1,3.44,12.271190643310547
314,25,direction.,9,1,25,1.0,26,0,,,0,4.93,7.8815761506557465
315,0,While,5,0,0,0.0,15,0,,,0,5.86,9.579314231872559
315,1,obviously,9,1,1,0.07142857142857142,15,0,,,0,4.8,13.763969421386719
315,2,an,2,0,2,0.14285714285714285,15,0,,,0,6.53,6.455974102020264
315,3,extremely,9,1,3,0.21428571428571427,15,0,,,0,4.79,5.933053970336914
315,4,personal,8,1,4,0.2857142857142857,15,0,,,0,5.2,8.935599327087402
315,5,"work,",4,1,5,0.35714285714285715,15,0,,,0,5.96,11.402121424674988
315,6,it,2,0,6,0.42857142857142855,15,0,,,0,6.95,3.0472359657287598
315,7,remains,7,1,7,0.5,15,0,,,0,4.8,7.640171051025391
315,8,inextricably,12,1,8,0.5714285714285714,15,0,,,0,2.83,15.411065307678655
315,9,stuck,5,1,9,0.6428571428571429,15,0,-1.0,1.0,1,4.68,14.030776023864746
315,10,in,2,0,10,0.7142857142857143,15,0,,,0,7.27,0.9586008191108704
315,11,an,2,0,11,0.7857142857142857,15,0,,,0,6.53,6.808487415313721
315,12,emotionally,11,1,12,0.8571428571428571,15,0,,,0,4.04,6.962170124053955
315,13,unavailable,11,1,13,0.9285714285714286,15,0,,,0,3.63,13.789095878601074
315,14,rut.,3,1,14,1.0,15,0,,,0,3.11,15.71756462007761
316,0,A,1,0,0,0.0,20,-1,,,0,7.36,5.6875901222229
316,1,dim-witted,9,1,1,0.05263157894736842,20,-1,,,0,2.17,20.42118233628571
316,2,and,3,0,2,0.10526315789473684,20,-1,,,0,7.41,4.54105281829834
316,3,lazy,4,1,3,0.15789473684210525,20,-1,-1.5,1.5,1,4.24,9.365129470825195
316,4,spin-off,7,1,4,0.21052631578947367,20,-1,,,0,3.16,22.269480675458908
316,5,of,2,0,5,0.2631578947368421,20,-1,,,0,7.4,0.9376260042190552
316,6,the,3,0,6,0.3157894736842105,20,-1,,,0,7.73,2.0570178031921387
316,7,Animal,6,1,7,0.3684210526315789,20,-1,,,0,4.81,12.714561462402344
316,8,Planet,6,1,8,0.42105263157894735,20,-1,,,0,4.68,4.675142765045166
316,9,documentary,11,1,9,0.47368421052631576,20,-1,,,0,4.31,7.8582634925842285
316,10,"series,",6,1,10,0.5263157894736842,20,-1,,,0,5.35,3.136887311935425
316,11,Crocodile,9,1,11,0.5789473684210527,20,-1,,,0,3.49,15.245857037603855
316,12,Hunter,6,1,12,0.631578947368421,20,-1,,,0,4.37,6.579567909240723
316,13,is,2,0,13,0.6842105263157895,20,-1,,,0,7.07,2.487431764602661
316,14,entertainment,13,1,14,0.7368421052631579,20,-1,1.8,1.8,1,4.6,19.022306442260742
316,15,opportunism,11,1,15,0.7894736842105263,20,-1,0.4,0.4,1,2.54,18.464316844940186
316,16,at,2,0,16,0.8421052631578947,20,-1,,,0,6.7,3.342475175857544
316,17,its,3,0,17,0.8947368421052632,20,-1,,,0,6.14,0.11042851209640503
316,18,most,4,0,18,0.9473684210526315,20,-1,,,0,6.0,2.8758249282836914
316,19,glaring.,7,1,19,1.0,20,-1,,,0,3.31,13.001768171787262
317,0,The,3,0,0,0.0,15,0,,,0,7.73,4.729320049285889
317,1,good,4,1,1,0.07142857142857142,15,0,1.9,1.9,1,6.12,10.654463768005371
317,2,is,2,0,2,0.14285714285714285,15,0,,,0,7.07,8.31282901763916
317,3,"very,",4,0,3,0.21428571428571427,15,0,,,0,6.0,14.251120567321777
317,4,very,4,0,4,0.2857142857142857,15,0,,,0,6.0,0.015777776017785072
317,5,good...,4,1,5,0.35714285714285715,15,0,1.9,1.9,1,6.12,9.18037497997284
317,6,The,3,0,6,0.42857142857142855,15,0,,,0,7.73,5.743183135986328
317,7,rest,4,1,7,0.5,15,0,,,0,5.23,11.943343162536621
317,8,runs,4,1,8,0.5714285714285714,15,0,,,0,4.84,14.458120346069336
317,9,from,4,0,9,0.6428571428571429,15,0,,,0,6.63,5.860149383544922
317,10,mildly,6,1,10,0.7142857142857143,15,0,,,0,3.43,15.38021183013916
317,11,unimpressive,12,1,11,0.7857142857142857,15,0,-1.4,1.4,1,2.55,12.911434590816498
317,12,to,2,0,12,0.8571428571428571,15,0,,,0,7.43,1.8589848279953003
317,13,despairingly,12,1,13,0.9285714285714286,15,0,-2.2,2.2,1,1.63,17.131749510765076
317,14,awful.,5,1,14,1.0,15,0,-2.0,2.0,1,4.46,6.090369403362274
318,0,"Methodical,",10,1,0,0.0,29,1,0.6,0.6,1,3.02,29.16942596435547
318,1,"measured,",8,1,1,0.03571428571428571,29,1,,,0,4.25,12.61232304573059
318,2,and,3,0,2,0.07142857142857142,29,1,,,0,7.41,0.9115616679191589
318,3,gently,6,1,3,0.10714285714285714,29,1,2.0,2.0,1,4.08,15.194221496582031
318,4,tedious,7,1,4,0.14285714285714285,29,1,,,0,3.5,15.507689476013184
318,5,in,2,0,5,0.17857142857142858,29,1,,,0,7.27,6.6750359535217285
318,6,its,3,0,6,0.21428571428571427,29,1,,,0,6.14,3.93463134765625
318,7,"comedy,",6,1,7,0.25,29,1,1.5,1.5,1,4.51,18.759019136428833
318,8,Secret,6,1,8,0.2857142857142857,29,1,,,0,4.92,14.036446571350098
318,9,Ballot,6,1,9,0.32142857142857145,29,1,,,0,4.06,17.73814296722412
318,10,is,2,0,10,0.35714285714285715,29,1,,,0,7.07,2.4280638694763184
318,11,a,1,0,11,0.39285714285714285,29,1,,,0,7.36,1.6544451713562012
318,12,purposefully,12,1,12,0.42857142857142855,29,1,,,0,3.08,15.63380241394043
318,13,reductive,9,1,13,0.4642857142857143,29,1,,,0,2.75,14.345097434706986
318,14,movie,5,1,14,0.5,29,1,,,0,5.16,7.912734508514404
318,15,--,0,0,15,0.5357142857142857,29,1,,,0,,10.08252239227295
318,16,which,5,0,16,0.5714285714285714,29,1,,,0,6.3,7.067838668823242
318,17,may,3,1,17,0.6071428571428571,29,1,,,0,5.98,6.366854190826416
318,18,be,2,0,18,0.6428571428571429,29,1,,,0,6.79,2.0226807594299316
318,19,why,3,0,19,0.6785714285714286,29,1,,,0,5.93,3.783174514770508
318,20,it's,3,1,20,0.7142857142857143,29,1,,,0,6.33,3.3644728660583496
318,21,so,2,0,21,0.75,29,1,,,0,6.52,2.4096336364746094
318,22,successful,10,1,22,0.7857142857142857,29,1,2.8,2.8,1,4.94,4.952210903167725
318,23,at,2,0,23,0.8214285714285714,29,1,,,0,6.7,5.7328410148620605
318,24,lodging,7,1,24,0.8571428571428571,29,1,,,0,3.44,17.77617835998535
318,25,itself,6,0,25,0.8928571428571429,29,1,,,0,5.1,3.7129437923431396
318,26,in,2,0,26,0.9285714285714286,29,1,,,0,7.27,1.2799149751663208
318,27,the,3,0,27,0.9642857142857143,29,1,,,0,7.73,1.4762017726898193
318,28,brain.,5,1,28,1.0,29,1,,,0,4.94,14.943067073822021
319,0,One,3,1,0,0.0,15,1,,,0,6.47,8.486957550048828
319,1,of,2,0,1,0.07142857142857142,15,1,,,0,7.4,1.1187013387680054
319,2,the,3,0,2,0.14285714285714285,15,1,,,0,7.73,0.4524485170841217
319,3,most,4,0,3,0.21428571428571427,15,1,,,0,6.0,2.346447706222534
319,4,exciting,8,1,4,0.2857142857142857,15,1,2.2,2.2,1,4.54,5.969089031219482
319,5,action,6,1,5,0.35714285714285715,15,1,,,0,5.25,13.069619178771973
319,6,films,5,1,6,0.42857142857142855,15,1,,,0,4.64,4.788418769836426
319,7,to,2,0,7,0.5,15,1,,,0,7.43,4.220147609710693
319,8,come,4,1,8,0.5714285714285714,15,1,,,0,5.78,1.680765986442566
319,9,out,3,0,9,0.6428571428571429,15,1,,,0,6.38,0.07364261895418167
319,10,of,2,0,10,0.7142857142857143,15,1,,,0,7.4,0.7205628156661987
319,11,China,5,1,11,0.7857142857142857,15,1,,,0,5.1,4.992900371551514
319,12,in,2,0,12,0.8571428571428571,15,1,,,0,7.27,3.0847911834716797
319,13,recent,6,1,13,0.9285714285714286,15,1,,,0,5.04,1.9050343036651611
319,14,years.,5,1,14,1.0,15,1,,,0,5.96,6.267270624637604
320,0,Adam,4,1,0,0.0,12,-1,,,0,4.57,13.455172538757324
320,1,Sandler's,8,1,1,0.09090909090909091,12,-1,,,0,2.03,8.199701049365103
320,2,Eight,5,1,2,0.18181818181818182,12,-1,,,0,5.02,14.42882251739502
320,3,Crazy,5,1,3,0.2727272727272727,12,-1,-1.4,1.4,1,5.07,10.407309532165527
320,4,Nights,6,1,4,0.36363636363636365,12,-1,,,0,4.47,5.630152702331543
320,5,grows,5,1,5,0.45454545454545453,12,-1,,,0,4.18,16.58426856994629
320,6,on,2,0,6,0.5454545454545454,12,-1,,,0,6.91,5.034653663635254
320,7,you,3,0,7,0.6363636363636364,12,-1,,,0,6.98,3.2936155796051025
320,8,--,0,0,8,0.7272727272727273,12,-1,,,0,,10.155390739440918
320,9,like,4,1,9,0.8181818181818182,12,-1,1.5,1.5,1,6.41,7.541255950927734
320,10,a,1,0,10,0.9090909090909091,12,-1,,,0,7.36,1.9435508251190186
320,11,rash.,4,1,11,1.0,12,-1,-1.7,1.7,1,3.67,16.74582529067993
321,0,The,3,0,0,0.0,25,-1,,,0,7.73,4.729313373565674
321,1,film,4,1,1,0.041666666666666664,25,-1,,,0,5.2,10.617335319519043
321,2,feels,5,1,2,0.08333333333333333,25,-1,,,0,4.9,12.424272537231445
321,3,"formulaic,",9,1,3,0.125,25,-1,,,0,2.74,17.958078797906637
321,4,its,3,0,4,0.16666666666666666,25,-1,,,0,6.14,7.772096633911133
321,5,plot,4,1,5,0.20833333333333334,25,-1,,,0,4.58,5.41485595703125
321,6,and,3,0,6,0.25,25,-1,,,0,7.41,5.557724475860596
321,7,pacing,6,1,7,0.2916666666666667,25,-1,,,0,3.35,6.482912063598633
321,8,typical,7,1,8,0.3333333333333333,25,-1,,,0,4.59,11.193381309509277
321,9,Hollywood,9,1,9,0.375,25,-1,,,0,4.52,6.8710808753967285
321,10,war-movie,8,1,10,0.4166666666666667,25,-1,,,0,0.0,21.5227792263031
321,11,"stuff,",5,1,11,0.4583333333333333,25,-1,,,0,5.14,10.50135326385498
321,12,while,5,0,12,0.5,25,-1,,,0,5.86,6.1962761878967285
321,13,the,3,0,13,0.5416666666666666,25,-1,,,0,7.73,3.263735055923462
321,14,performances,12,1,14,0.5833333333333334,25,-1,,,0,4.29,7.9479875564575195
321,15,elicit,6,1,15,0.625,25,-1,,,0,3.1,14.955757141113281
321,16,more,4,0,16,0.6666666666666666,25,-1,,,0,6.36,6.73097038269043
321,17,of,2,0,17,0.7083333333333334,25,-1,,,0,7.4,2.7800211906433105
321,18,a,1,0,18,0.75,25,-1,,,0,7.36,1.3335317373275757
321,19,sense,5,1,19,0.7916666666666666,25,-1,,,0,5.19,3.845630168914795
321,20,of,2,0,20,0.8333333333333334,25,-1,,,0,7.4,0.0246075838804245
321,21,deja,4,1,21,0.875,25,-1,,,0,2.94,10.556954652071
321,22,vu,2,1,22,0.9166666666666666,25,-1,,,0,3.29,0.011666779173538089
321,23,than,4,0,23,0.9583333333333334,25,-1,,,0,6.13,0.5646704435348511
321,24,awe.,3,1,24,1.0,25,-1,,,0,3.8,13.511468708515167
322,0,...,0,0,0,0.0,4,-1,,,0,,9.636150360107422
322,1,"pitiful,",7,1,1,0.3333333333333333,4,-1,-2.2,2.2,1,3.24,26.477676391601562
322,2,slapdash,8,1,2,0.6666666666666666,4,-1,,,0,2.0,17.199076652526855
322,3,disaster.,8,1,3,1.0,4,-1,-3.1,3.1,1,4.39,14.61175799369812
323,0,As,2,0,0,0.0,18,0,,,0,6.77,8.131058692932129
323,1,it,2,0,1,0.058823529411764705,18,0,,,0,6.95,6.119061470031738
323,2,"stands,",6,1,2,0.11764705882352941,18,0,,,0,4.61,3.9417325258255005
323,3,there's,6,1,3,0.17647058823529413,18,0,,,0,5.54,6.942678689956665
323,4,some,4,0,4,0.23529411764705882,18,0,,,0,6.2,7.367019176483154
323,5,fine,4,1,5,0.29411764705882354,18,0,0.8,0.8,1,5.23,9.821670532226562
323,6,sex,3,1,6,0.35294117647058826,18,0,,,0,5.22,15.739920616149902
323,7,"onscreen,",8,1,7,0.4117647058823529,18,0,,,0,2.98,14.535832166671753
323,8,and,3,0,8,0.47058823529411764,18,0,,,0,7.41,2.9473536014556885
323,9,some,4,0,9,0.5294117647058824,18,0,,,0,6.2,4.36954402923584
323,10,tense,5,1,10,0.5882352941176471,18,0,-1.4,1.4,1,3.95,11.08333969116211
323,11,"arguing,",7,1,11,0.6470588235294118,18,0,-2.0,2.0,1,4.25,18.718101978302002
323,12,but,3,0,12,0.7058823529411765,18,0,,,0,6.63,1.21371591091156
323,13,not,3,0,13,0.7647058823529411,18,0,,,0,6.69,5.929069519042969
323,14,a,1,0,14,0.8235294117647058,18,0,,,0,7.36,4.334162712097168
323,15,whole,5,1,15,0.8823529411764706,18,0,,,0,5.46,3.881993055343628
323,16,lot,3,1,16,0.9411764705882353,18,0,,,0,5.61,0.011616283096373081
323,17,more.,4,0,17,1.0,18,0,,,0,6.36,10.370203256607056
324,0,It's,3,1,0,0.0,11,-1,,,0,6.33,8.079901218414307
324,1,neither,7,1,1,0.1,11,-1,,,0,4.77,13.287979125976562
324,2,as,2,0,2,0.2,11,-1,,,0,6.77,7.573924541473389
324,3,romantic,8,1,3,0.3,11,-1,1.7,1.7,1,4.43,10.862253189086914
324,4,nor,3,0,4,0.4,11,-1,,,0,4.78,2.608837842941284
324,5,as,2,0,5,0.5,11,-1,,,0,6.77,0.8433528542518616
324,6,thrilling,9,1,6,0.6,11,-1,2.1,2.1,1,3.61,7.264655113220215
324,7,as,2,0,7,0.7,11,-1,,,0,6.77,0.2223997563123703
324,8,it,2,0,8,0.8,11,-1,,,0,6.95,2.1423912048339844
324,9,should,6,0,9,0.9,11,-1,,,0,5.99,6.178253650665283
324,10,be.,2,0,10,1.0,11,-1,,,0,6.79,1.1222590208053589
325,0,Returning,9,1,0,0.0,23,1,,,0,4.49,16.203312397003174
325,1,director,8,1,1,0.045454545454545456,23,1,,,0,5.15,15.138463020324707
325,2,Rob,3,1,2,0.09090909090909091,23,1,-2.6,2.6,1,4.35,8.709721565246582
325,3,Minkoff...,7,1,3,0.13636363636363635,23,1,,,0,1.99,27.593323230743408
325,4,and,3,0,4,0.18181818181818182,23,1,,,0,7.41,8.634849548339844
325,5,screenwriter,12,1,5,0.22727272727272727,23,1,,,0,3.17,9.17764725536108
325,6,Bruce,5,1,6,0.2727272727272727,23,1,,,0,4.34,8.970958709716797
325,7,Joel,4,1,7,0.3181818181818182,23,1,,,0,3.97,14.664825439453125
325,8,Rubin...,5,1,8,0.36363636363636365,23,1,,,0,3.35,12.85488212108612
325,9,have,4,0,9,0.4090909090909091,23,1,,,0,6.71,3.8856091499328613
325,10,done,4,1,10,0.45454545454545453,23,1,,,0,5.58,8.254948616027832
325,11,a,1,0,11,0.5,23,1,,,0,7.36,1.9232544898986816
325,12,fine,4,1,12,0.5454545454545454,23,1,0.8,0.8,1,5.23,5.8453216552734375
325,13,job,3,1,13,0.5909090909090909,23,1,,,0,5.5,0.026151079684495926
325,14,of,2,0,14,0.6363636363636364,23,1,,,0,7.4,1.9278725385665894
325,15,updating,8,1,15,0.6818181818181818,23,1,,,0,3.69,9.94669246673584
325,16,White's,6,1,16,0.7272727272727273,23,1,,,0,3.16,17.937431812286377
325,17,dry,3,1,17,0.7727272727272727,23,1,,,0,4.74,16.162704467773438
325,18,wit,3,1,18,0.8181818181818182,23,1,,,0,3.96,2.3485097885131836
325,19,to,2,0,19,0.8636363636363636,23,1,,,0,7.43,4.916014671325684
325,20,a,1,0,20,0.9090909090909091,23,1,,,0,7.36,4.218087196350098
325,21,new,3,1,21,0.9545454545454546,23,1,,,0,6.25,4.677358627319336
325,22,age.,3,1,22,1.0,23,1,,,0,5.32,6.59408712387085
326,0,The,3,0,0,0.0,17,0,,,0,7.73,4.729319095611572
326,1,Venezuelans,11,1,1,0.0625,17,0,,,0,2.64,18.21606709063053
326,2,say,3,1,2,0.125,17,0,,,0,5.89,5.93239164352417
326,3,things,6,1,3,0.1875,17,0,,,0,5.74,11.160110473632812
326,4,like,4,1,4,0.25,17,0,1.5,1.5,1,6.41,3.0657100677490234
326,5,"``si,",2,1,5,0.3125,17,0,,,0,4.17,37.81582260131836
326,6,pretty,6,1,6,0.375,17,0,2.2,2.2,1,5.38,15.343134880065918
326,7,much'',4,1,7,0.4375,17,0,,,0,6.0,7.02325701713562
326,8,and,3,0,8,0.5,17,0,,,0,7.41,1.746032476425171
326,9,``por,3,1,9,0.5625,17,0,,,0,3.5,10.979237735271454
326,10,"favor,",5,1,10,0.625,17,0,1.7,1.7,1,4.58,13.353193283081055
326,11,go,2,1,11,0.6875,17,0,,,0,6.03,8.376688957214355
326,12,home'',4,1,12,0.75,17,0,,,0,5.81,9.093584299087524
326,13,when,4,0,13,0.8125,17,0,,,0,6.37,6.347310543060303
326,14,talking,7,1,14,0.875,17,0,,,0,5.29,4.938192844390869
326,15,to,2,0,15,0.9375,17,0,,,0,7.43,2.8280487060546875
326,16,Americans.,9,1,16,1.0,17,0,,,0,4.83,8.46311229467392
327,0,If,2,0,0,0.0,17,0,,,0,6.47,7.7582292556762695
327,1,you,3,0,1,0.0625,17,0,,,0,6.98,0.8087129592895508
327,2,already,7,1,2,0.125,17,0,,,0,5.55,8.027073860168457
327,3,like,4,1,3,0.1875,17,0,1.5,1.5,1,6.41,8.256260871887207
327,4,this,4,0,4,0.25,17,0,,,0,6.82,3.38332462310791
327,5,sort,4,1,5,0.3125,17,0,,,0,5.0,9.448174476623535
327,6,of,2,0,6,0.375,17,0,,,0,7.4,0.01821053773164749
327,7,"thing,",5,1,7,0.4375,17,0,,,0,5.72,1.9673730731010437
327,8,this,4,0,8,0.5,17,0,,,0,6.82,6.425890922546387
327,9,is,2,0,9,0.5625,17,0,,,0,7.07,1.4443053007125854
327,10,that,4,0,10,0.625,17,0,,,0,7.01,9.979010581970215
327,11,sort,4,1,11,0.6875,17,0,,,0,5.0,3.6048145294189453
327,12,of,2,0,12,0.75,17,0,,,0,7.4,0.01525169424712658
327,13,thing,5,1,13,0.8125,17,0,,,0,5.72,0.940005362033844
327,14,all,3,0,14,0.875,17,0,,,0,6.52,10.876289367675781
327,15,over,4,0,15,0.9375,17,0,,,0,6.08,1.462882161140442
327,16,again.,5,0,16,1.0,17,0,,,0,5.7,0.8491289615631104
328,0,An,2,0,0,0.0,13,-1,,,0,6.53,8.940567970275879
328,1,awful,5,1,1,0.08333333333333333,13,-1,-2.0,2.0,1,4.46,11.189459800720215
328,2,movie,5,1,2,0.16666666666666666,13,-1,,,0,5.16,12.178911209106445
328,3,that,4,0,3,0.25,13,-1,,,0,7.01,3.6009650230407715
328,4,will,4,0,4,0.3333333333333333,13,-1,,,0,6.45,5.986258029937744
328,5,only,4,0,5,0.4166666666666667,13,-1,,,0,6.12,7.203817367553711
328,6,satisfy,7,1,6,0.5,13,-1,2.0,2.0,1,3.98,10.28558349609375
328,7,the,3,0,7,0.5833333333333334,13,-1,,,0,7.73,2.187613010406494
328,8,most,4,0,8,0.6666666666666666,13,-1,,,0,6.0,5.127920150756836
328,9,emotionally,11,1,9,0.75,13,-1,,,0,4.04,9.254512786865234
328,10,malleable,9,1,10,0.8333333333333334,13,-1,,,0,2.82,15.156063549802639
328,11,of,2,0,11,0.9166666666666666,13,-1,,,0,7.4,0.9575685858726501
328,12,filmgoers.,9,1,12,1.0,13,-1,,,0,1.8,13.045410692691803
329,0,This,4,0,0,0.0,15,1,,,0,6.82,7.0086822509765625
329,1,is,2,0,1,0.07142857142857142,15,1,,,0,7.07,2.4452450275421143
329,2,an,2,0,2,0.14285714285714285,15,1,,,0,6.53,3.492403745651245
329,3,extraordinary,13,1,3,0.21428571428571427,15,1,,,0,4.36,11.341062545776367
329,4,"film,",4,1,4,0.2857142857142857,15,1,,,0,5.2,11.464886665344238
329,5,not,3,0,5,0.35714285714285715,15,1,,,0,6.69,6.1591477394104
329,6,least,5,1,6,0.42857142857142855,15,1,,,0,5.44,5.060634613037109
329,7,because,7,0,7,0.5,15,1,,,0,6.03,0.2946483790874481
329,8,it,2,0,8,0.5714285714285714,15,1,,,0,6.95,1.0230337381362915
329,9,is,2,0,9,0.6428571428571429,15,1,,,0,7.07,2.062074661254883
329,10,Japanese,8,1,10,0.7142857142857143,15,1,,,0,4.81,15.702040672302246
329,11,and,3,0,11,0.7857142857142857,15,1,,,0,7.41,3.355764627456665
329,12,yet,3,1,12,0.8571428571428571,15,1,,,0,5.54,7.1996684074401855
329,13,feels,5,1,13,0.9285714285714286,15,1,,,0,4.9,10.817304611206055
329,14,universal.,9,1,14,1.0,15,1,,,0,4.49,12.842786431312561
330,0,Aptly,5,1,0,0.0,13,0,,,0,3.12,20.822580575942993
330,1,"named,",5,1,1,0.08333333333333333,13,0,,,0,4.95,6.474992036819458
330,2,this,4,0,2,0.16666666666666666,13,0,,,0,6.82,4.289000511169434
330,3,"shimmering,",10,1,3,0.25,13,0,,,0,2.97,19.145801782608032
330,4,beautifully,11,1,4,0.3333333333333333,13,0,2.7,2.7,1,3.92,10.075758934020996
330,5,costumed,8,1,5,0.4166666666666667,13,0,,,0,2.73,15.523303151130676
330,6,and,3,0,6,0.5,13,0,,,0,7.41,6.600106716156006
330,7,filmed,6,1,7,0.5833333333333334,13,0,,,0,4.06,14.01229476928711
330,8,production,10,1,8,0.6666666666666666,13,0,,,0,5.14,8.867389678955078
330,9,doesn't,6,1,9,0.75,13,0,,,0,5.53,9.498172402614728
330,10,work,4,1,10,0.8333333333333334,13,0,,,0,5.96,8.834872245788574
330,11,for,3,0,11,0.9166666666666666,13,0,,,0,7.01,3.562530755996704
330,12,me.,2,0,12,1.0,13,0,,,0,6.48,3.017075300216675
331,0,If,2,0,0,0.0,12,0,,,0,6.47,7.7582292556762695
331,1,Borstal,7,1,1,0.09090909090909091,12,0,,,0,2.1,27.931937217712402
331,2,Boy,3,1,2,0.18181818181818182,12,0,,,0,5.17,16.031875610351562
331,3,isn't,4,1,3,0.2727272727272727,12,0,,,0,5.41,8.401458665379323
331,4,especially,10,1,4,0.36363636363636365,12,0,,,0,5.21,13.030537605285645
331,5,"realistic,",9,1,5,0.45454545454545453,12,0,,,0,4.16,13.35058069229126
331,6,it,2,0,6,0.5454545454545454,12,0,,,0,6.95,3.3945982456207275
331,7,is,2,0,7,0.6363636363636364,12,0,,,0,7.07,5.1116719245910645
331,8,an,2,0,8,0.7272727272727273,12,0,,,0,6.53,7.19220495223999
331,9,engaging,8,1,9,0.8181818181818182,12,0,1.4,1.4,1,4.13,10.827661514282227
331,10,nostalgia,9,1,10,0.9090909090909091,12,0,,,0,3.62,14.585243225097656
331,11,piece.,5,1,11,1.0,12,0,,,0,5.04,6.5876405239105225
332,0,Griffiths,9,1,0,0.0,14,1,,,0,3.34,19.731135368347168
332,1,proves,6,1,1,0.07692307692307693,14,1,,,0,4.06,15.35499095916748
332,2,she's,4,1,2,0.15384615384615385,14,1,,,0,5.26,7.399797558784485
332,3,that,4,0,3,0.23076923076923078,14,1,,,0,7.01,9.997981071472168
332,4,rare,4,1,4,0.3076923076923077,14,1,,,0,4.77,5.346168518066406
332,5,luminary,8,1,5,0.38461538461538464,14,1,,,0,2.39,18.732710272073746
332,6,who,3,0,6,0.46153846153846156,14,1,,,0,6.34,4.578333377838135
332,7,continually,11,1,7,0.5384615384615384,14,1,,,0,3.91,13.445276260375977
332,8,raises,6,1,8,0.6153846153846154,14,1,,,0,4.05,8.216984748840332
332,9,the,3,0,9,0.6923076923076923,14,1,,,0,7.73,2.5705127716064453
332,10,standard,8,1,10,0.7692307692307693,14,1,,,0,5.03,6.343041896820068
332,11,of,2,0,11,0.8461538461538461,14,1,,,0,7.4,0.8589012026786804
332,12,her,3,0,12,0.9230769230769231,14,1,,,0,6.3,4.383250713348389
332,13,profession.,10,1,13,1.0,14,1,,,0,4.13,6.178355693817139
333,0,The,3,0,0,0.0,14,1,,,0,7.73,4.729320049285889
333,1,asylum,6,1,1,0.07692307692307693,14,1,,,0,3.99,15.621465682983398
333,2,material,8,1,2,0.15384615384615385,14,1,,,0,4.95,20.103702545166016
333,3,is,2,0,3,0.23076923076923078,14,1,,,0,7.07,2.2090604305267334
333,4,"gripping,",8,1,4,0.3076923076923077,14,1,,,0,3.36,22.165244102478027
333,5,as,2,0,5,0.38461538461538464,14,1,,,0,6.77,6.203848838806152
333,6,are,3,0,6,0.46153846153846156,14,1,,,0,6.74,3.517730951309204
333,7,the,3,0,7,0.5384615384615384,14,1,,,0,7.73,0.47419533133506775
333,8,scenes,6,1,8,0.6153846153846154,14,1,,,0,4.58,6.464256286621094
333,9,of,2,0,9,0.6923076923076923,14,1,,,0,7.4,1.3687797784805298
333,10,Jia,3,1,10,0.7692307692307693,14,1,,,0,3.02,21.06413173675537
333,11,with,4,0,11,0.8461538461538461,14,1,,,0,6.85,9.643542289733887
333,12,his,3,0,12,0.9230769230769231,14,1,,,0,6.51,2.7745413780212402
333,13,family.,6,1,13,1.0,14,1,,,0,5.66,7.351250410079956
334,0,...,0,0,0,0.0,42,1,,,0,,9.636157989501953
334,1,by,2,0,1,0.024390243902439025,42,1,,,0,6.66,10.152281761169434
334,2,the,3,0,2,0.04878048780487805,42,1,,,0,7.73,5.4377593994140625
334,3,time,4,1,3,0.07317073170731707,42,1,,,0,6.29,4.191269397735596
334,4,it's,3,1,4,0.0975609756097561,42,1,,,0,6.33,8.478512287139893
334,5,done,4,1,5,0.12195121951219512,42,1,,,0,5.58,2.4178528785705566
334,6,with,4,0,6,0.14634146341463414,42,1,,,0,6.85,5.862411022186279
334,7,"us,",2,1,7,0.17073170731707318,42,1,,,0,6.04,8.623750269412994
334,8,Mira,4,1,8,0.1951219512195122,42,1,,,0,3.27,19.228540182113647
334,9,Nair's,5,1,9,0.21951219512195122,42,1,,,0,1.58,18.834614276885986
334,10,new,3,1,10,0.24390243902439024,42,1,,,0,6.25,7.091489791870117
334,11,movie,5,1,11,0.2682926829268293,42,1,,,0,5.16,5.5643391609191895
334,12,has,3,0,12,0.2926829268292683,42,1,,,0,6.37,4.50374174118042
334,13,its,3,0,13,0.3170731707317073,42,1,,,0,6.14,9.52668571472168
334,14,audience,8,1,14,0.34146341463414637,42,1,,,0,4.73,7.279358386993408
334,15,giddy,5,1,15,0.36585365853658536,42,1,-0.6,0.6,1,3.22,10.308914840221405
334,16,with,4,0,16,0.3902439024390244,42,1,,,0,6.85,1.811613917350769
334,17,the,3,0,17,0.4146341463414634,42,1,,,0,7.73,6.417147159576416
334,18,delight,7,1,18,0.43902439024390244,42,1,2.9,2.9,1,3.97,9.132533073425293
334,19,of,2,0,19,0.4634146341463415,42,1,,,0,7.4,1.3737332820892334
334,20,"discovery,",9,1,20,0.4878048780487805,42,1,,,0,4.45,13.208157300949097
334,21,of,2,0,21,0.5121951219512195,42,1,,,0,7.4,6.93218994140625
334,22,having,6,0,22,0.5365853658536586,42,1,,,0,5.59,8.818607330322266
334,23,been,4,0,23,0.5609756097560976,42,1,,,0,6.27,3.9548988342285156
334,24,immersed,8,1,24,0.5853658536585366,42,1,,,0,3.41,11.558656692504883
334,25,in,2,0,25,0.6097560975609756,42,1,,,0,7.27,0.32381027936935425
334,26,a,1,0,26,0.6341463414634146,42,1,,,0,7.36,1.9867743253707886
334,27,foreign,7,1,27,0.6585365853658537,42,1,,,0,5.08,9.491618156433105
334,28,culture,7,1,28,0.6829268292682927,42,1,,,0,5.03,4.449881553649902
334,29,only,4,0,29,0.7073170731707317,42,1,,,0,6.12,10.997305870056152
334,30,to,2,0,30,0.7317073170731707,42,1,,,0,7.43,1.017073154449463
334,31,find,4,1,31,0.7560975609756098,42,1,,,0,5.76,2.114013195037842
334,32,that,4,0,32,0.7804878048780488,42,1,,,0,7.01,2.1803808212280273
334,33,human,5,1,33,0.8048780487804879,42,1,,,0,5.35,11.582252502441406
334,34,nature,6,1,34,0.8292682926829268,42,1,,,0,4.98,5.157177448272705
334,35,is,2,0,35,0.8536585365853658,42,1,,,0,7.07,2.0548460483551025
334,36,pretty,6,1,36,0.8780487804878049,42,1,2.2,2.2,1,5.38,10.04549503326416
334,37,much,4,1,37,0.9024390243902439,42,1,,,0,6.0,0.7543447613716125
334,38,the,3,0,38,0.926829268292683,42,1,,,0,7.73,3.195728302001953
334,39,same,4,0,39,0.9512195121951219,42,1,,,0,5.8,1.5307389497756958
334,40,all,3,0,40,0.975609756097561,42,1,,,0,6.52,7.2770562171936035
334,41,over.,4,0,41,1.0,42,1,,,0,6.08,5.783555760979652
335,0,...,0,0,0,0.0,21,-1,,,0,,9.636146545410156
335,1,about,5,0,1,0.05,21,-1,,,0,6.4,10.624260902404785
335,2,as,2,0,2,0.1,21,-1,,,0,6.77,7.665777206420898
335,3,exciting,8,1,3,0.15,21,-1,2.2,2.2,1,4.54,9.445262908935547
335,4,to,2,0,4,0.2,21,-1,,,0,7.43,6.522201061248779
335,5,watch,5,1,5,0.25,21,-1,,,0,5.34,2.960249662399292
335,6,as,2,0,6,0.3,21,-1,,,0,6.77,0.24153195321559906
335,7,two,3,1,7,0.35,21,-1,,,0,6.1,10.873513221740723
335,8,last-place,9,1,8,0.4,21,-1,,,0,0.0,20.143303155899048
335,9,basketball,10,1,9,0.45,21,-1,,,0,4.56,9.35988998413086
335,10,teams,5,1,10,0.5,21,-1,,,0,4.97,0.9020169377326965
335,11,playing,7,1,11,0.55,21,-1,0.8,0.8,1,5.37,6.461731910705566
335,12,one,3,1,12,0.6,21,-1,,,0,6.47,5.076155185699463
335,13,another,7,1,13,0.65,21,-1,,,0,5.74,0.7006712555885315
335,14,on,2,0,14,0.7,21,-1,,,0,6.91,4.501082897186279
335,15,the,3,0,15,0.75,21,-1,,,0,7.73,2.0944676399230957
335,16,final,5,1,16,0.8,21,-1,,,0,5.28,8.247129440307617
335,17,day,3,1,17,0.85,21,-1,,,0,5.95,1.5300819873809814
335,18,of,2,0,18,0.9,21,-1,,,0,7.4,0.17142070829868317
335,19,the,3,0,19,0.95,21,-1,,,0,7.73,1.0086561441421509
335,20,season.,6,1,20,1.0,21,-1,,,0,5.48,4.586387991905212
336,0,Girls,5,1,0,0.0,7,0,,,0,5.17,14.633017539978027
336,1,gone,4,1,1,0.16666666666666666,7,0,,,0,5.17,15.000494003295898
336,2,wild,4,1,2,0.3333333333333333,7,0,,,0,4.8,2.668187141418457
336,3,and,3,0,3,0.5,7,0,,,0,7.41,5.109654426574707
336,4,gone,4,1,4,0.6666666666666666,7,0,,,0,5.17,8.102008819580078
336,5,civil,5,1,5,0.8333333333333334,7,0,,,0,4.93,16.584495544433594
336,6,again,5,0,6,1.0,7,0,,,0,5.7,14.580316543579102
337,0,To,2,0,0,0.0,22,0,,,0,7.43,8.228525161743164
337,1,say,3,1,1,0.047619047619047616,22,0,,,0,5.89,6.43076229095459
337,2,Analyze,7,1,2,0.09523809523809523,22,0,,,0,3.84,21.738795042037964
337,3,That,4,0,3,0.14285714285714285,22,0,,,0,7.01,12.141883850097656
337,4,is,2,0,4,0.19047619047619047,22,0,,,0,7.07,3.106534242630005
337,5,De,2,1,5,0.23809523809523808,22,0,,,0,5.23,14.598869323730469
337,6,Niro's,5,1,6,0.2857142857142857,22,0,,,0,1.82,12.343609660863876
337,7,best,4,1,7,0.3333333333333333,22,0,3.2,3.2,1,5.84,4.1820197105407715
337,8,film,4,1,8,0.38095238095238093,22,0,,,0,5.2,6.880617141723633
337,9,since,5,1,9,0.42857142857142855,22,0,,,0,5.75,6.13621711730957
337,10,Meet,4,1,10,0.47619047619047616,22,0,,,0,5.27,13.57485580444336
337,11,the,3,0,11,0.5238095238095238,22,0,,,0,7.73,0.9202443361282349
337,12,Parents,7,1,12,0.5714285714285714,22,0,,,0,5.21,2.1048660278320312
337,13,sums,4,1,13,0.6190476190476191,22,0,,,0,3.9,14.58249282836914
337,14,up,2,0,14,0.6666666666666666,22,0,,,0,6.39,0.8936570286750793
337,15,the,3,0,15,0.7142857142857143,22,0,,,0,7.73,1.7630947828292847
337,16,sad,3,1,16,0.7619047619047619,22,0,-2.1,2.1,1,4.84,10.816706657409668
337,17,state,5,1,17,0.8095238095238095,22,0,,,0,5.78,0.9452705383300781
337,18,of,2,0,18,0.8571428571428571,22,0,,,0,7.4,0.030886497348546982
337,19,his,3,0,19,0.9047619047619048,22,0,,,0,6.51,3.626803159713745
337,20,recent,6,1,20,0.9523809523809523,22,0,,,0,5.04,9.034120559692383
337,21,career.,6,1,21,1.0,22,0,,,0,5.07,3.591821849346161
338,0,Like,4,1,0,0.0,28,0,1.5,1.5,1,6.41,10.634686470031738
338,1,being,5,0,1,0.037037037037037035,28,0,,,0,5.95,12.900578498840332
338,2,trapped,7,1,2,0.07407407407407407,28,0,-2.4,2.4,1,4.19,7.9294843673706055
338,3,inside,6,1,3,0.1111111111111111,28,0,,,0,5.19,4.473852157592773
338,4,a,1,0,4,0.14814814814814814,28,0,,,0,7.36,1.103651762008667
338,5,huge,4,1,5,0.18518518518518517,28,0,1.3,1.3,1,5.06,8.423130989074707
338,6,video,5,1,6,0.2222222222222222,28,0,,,0,5.43,10.358060836791992
338,7,"game,",4,1,7,0.25925925925925924,28,0,,,0,5.72,2.681734621524811
338,8,where,5,0,8,0.2962962962962963,28,0,,,0,6.0,8.225123405456543
338,9,"exciting,",8,1,9,0.3333333333333333,28,0,2.2,2.2,1,4.54,19.216710567474365
338,10,inane,5,1,10,0.37037037037037035,28,0,,,0,2.7,16.121740341186523
338,11,images,6,1,11,0.4074074074074074,28,0,,,0,4.75,9.491495132446289
338,12,keep,4,1,12,0.4444444444444444,28,0,,,0,5.66,10.640685081481934
338,13,popping,7,1,13,0.48148148148148145,28,0,,,0,3.83,2.344158172607422
338,14,past,4,1,14,0.5185185185185185,28,0,,,0,5.36,12.619949340820312
338,15,your,4,0,15,0.5555555555555556,28,0,,,0,6.53,0.5079590082168579
338,16,head,4,1,16,0.5925925925925926,28,0,,,0,5.51,2.613741159439087
338,17,and,3,0,17,0.6296296296296297,28,0,,,0,7.41,3.6360199451446533
338,18,the,3,0,18,0.6666666666666666,28,0,,,0,7.73,6.23825216293335
338,19,same,4,0,19,0.7037037037037037,28,0,,,0,5.8,8.14237117767334
338,20,illogical,9,1,20,0.7407407407407407,28,0,,,0,3.09,13.862826585769653
338,21,things,6,1,21,0.7777777777777778,28,0,,,0,5.74,7.879887104034424
338,22,keep,4,1,22,0.8148148148148148,28,0,,,0,5.66,4.42728853225708
338,23,happening,9,1,23,0.8518518518518519,28,0,,,0,4.8,1.6884135007858276
338,24,over,4,0,24,0.8888888888888888,28,0,,,0,6.08,5.0845770835876465
338,25,and,3,0,25,0.9259259259259259,28,0,,,0,7.41,0.021188577637076378
338,26,over,4,0,26,0.9629629629629629,28,0,,,0,6.08,0.0010842870688065886
338,27,again.,5,0,27,1.0,28,0,,,0,5.7,2.2464351058006287
339,0,`Enigma',6,1,0,0.0,29,0,,,0,3.24,32.04985761642456
339,1,is,2,0,1,0.03571428571428571,29,0,,,0,7.07,3.1344292163848877
339,2,the,3,0,2,0.07142857142857142,29,0,,,0,7.73,2.8141770362854004
339,3,kind,4,1,3,0.10714285714285714,29,0,2.4,2.4,1,5.45,10.479482650756836
339,4,of,2,0,4,0.14285714285714285,29,0,,,0,7.4,0.07471100986003876
339,5,engaging,8,1,5,0.17857142857142858,29,0,1.4,1.4,1,4.13,14.697160720825195
339,6,historical,10,1,6,0.21428571428571427,29,0,,,0,4.69,9.8627290725708
339,7,drama,5,1,7,0.25,29,0,,,0,4.67,3.0266528129577637
339,8,that,4,0,8,0.2857142857142857,29,0,,,0,7.01,0.923068106174469
339,9,Hollywood,9,1,9,0.32142857142857145,29,0,,,0,4.52,11.353103637695312
339,10,appears,7,1,10,0.35714285714285715,29,0,,,0,4.84,12.24710464477539
339,11,to,2,0,11,0.39285714285714285,29,0,,,0,7.43,0.494674950838089
339,12,have,4,0,12,0.42857142857142855,29,0,,,0,6.71,2.5929861068725586
339,13,given,5,1,13,0.4642857142857143,29,0,,,0,5.41,8.003545761108398
339,14,up,2,0,14,0.5,29,0,,,0,6.39,1.7110097408294678
339,15,on,2,0,15,0.5357142857142857,29,0,,,0,6.91,0.4353677034378052
339,16,in,2,0,16,0.5714285714285714,29,0,,,0,7.27,3.479353427886963
339,17,favor,5,1,17,0.6071428571428571,29,0,1.7,1.7,1,4.58,3.4090118408203125
339,18,of,2,0,18,0.6428571428571429,29,0,,,0,7.4,0.003467643167823553
339,19,sentimental,11,1,19,0.6785714285714286,29,0,1.3,1.3,1,3.53,14.447214126586914
339,20,war,3,1,20,0.7142857142857143,29,0,-2.9,2.9,1,5.46,12.073349952697754
339,21,movies,6,1,21,0.75,29,0,,,0,4.79,4.7014923095703125
339,22,in,2,0,22,0.7857142857142857,29,0,,,0,7.27,5.611264228820801
339,23,the,3,0,23,0.8214285714285714,29,0,,,0,7.73,2.477369785308838
339,24,vein,4,1,24,0.8571428571428571,29,0,,,0,3.77,10.028761863708496
339,25,of,2,0,25,0.8928571428571429,29,0,,,0,7.4,0.0155768608674407
339,26,`We,2,0,26,0.9285714285714286,29,0,,,0,6.54,17.821660041809082
339,27,Were,4,0,27,0.9642857142857143,29,0,,,0,6.34,5.193366050720215
339,28,Soldiers.',8,1,28,1.0,29,0,,,0,4.7,3.186014711856842
340,0,The,3,0,0,0.0,23,0,,,0,7.73,4.729319095611572
340,1,Rock,4,1,1,0.045454545454545456,23,0,,,0,5.03,11.798752784729004
340,2,has,3,0,2,0.09090909090909091,23,0,,,0,6.37,6.48377799987793
340,3,a,1,0,3,0.13636363636363635,23,0,,,0,7.36,4.029792308807373
340,4,great,5,1,4,0.18181818181818182,23,0,3.1,3.1,1,5.88,6.177746295928955
340,5,presence,8,1,5,0.22727272727272727,23,0,,,0,4.73,11.175474166870117
340,6,but,3,0,6,0.2727272727272727,23,0,,,0,6.63,8.342803955078125
340,7,one,3,1,7,0.3181818181818182,23,0,,,0,6.47,7.856756210327148
340,8,battle,6,1,8,0.36363636363636365,23,0,-1.6,1.6,1,4.94,13.338457107543945
340,9,after,5,0,9,0.4090909090909091,23,0,,,0,6.11,8.870837211608887
340,10,another,7,1,10,0.45454545454545453,23,0,,,0,5.74,0.3283878564834595
340,11,is,2,0,11,0.5,23,0,,,0,7.07,3.4262077808380127
340,12,not,3,0,12,0.5454545454545454,23,0,,,0,6.69,7.400184154510498
340,13,the,3,0,13,0.5909090909090909,23,0,,,0,7.73,4.954465866088867
340,14,same,4,0,14,0.6363636363636364,23,0,,,0,5.8,3.7854628562927246
340,15,as,2,0,15,0.6818181818181818,23,0,,,0,6.77,1.2206954956054688
340,16,one,3,1,16,0.7272727272727273,23,0,,,0,6.47,5.06156063079834
340,17,battle,6,1,17,0.7727272727272727,23,0,-1.6,1.6,1,4.94,1.9778233766555786
340,18,followed,8,1,18,0.8181818181818182,23,0,,,0,5.05,11.503661155700684
340,19,by,2,0,19,0.8636363636363636,23,0,,,0,6.66,0.062449533492326736
340,20,killer,6,1,20,0.9090909090909091,23,0,-3.3,3.3,1,4.47,19.962997436523438
340,21,CGI,3,1,21,0.9545454545454546,23,0,,,0,3.37,14.485307693481445
340,22,effects.,7,1,22,1.0,23,0,,,0,4.89,5.09816187620163
341,0,Visually,8,1,0,0.0,5,0,,,0,3.68,19.822219371795654
341,1,sumptuous,9,1,1,0.25,5,0,,,0,3.02,18.890139997005463
341,2,but,3,0,2,0.5,5,0,,,0,6.63,6.366818904876709
341,3,intellectually,14,1,3,0.75,5,0,1.4,1.4,1,3.34,16.423288345336914
341,4,stultifying.,11,1,4,1.0,5,0,,,0,1.91,20.854123175144196
342,0,So,2,0,0,0.0,10,1,,,0,6.52,8.773931503295898
342,1,"young,",5,1,1,0.1111111111111111,10,1,,,0,5.43,15.694482326507568
342,2,so,2,0,2,0.2222222222222222,10,1,,,0,6.52,0.9241483211517334
342,3,"smart,",5,1,3,0.3333333333333333,10,1,1.7,1.7,1,4.83,6.003960072994232
342,4,such,4,0,4,0.4444444444444444,10,1,,,0,5.84,8.382753372192383
342,5,"talent,",6,1,5,0.5555555555555556,10,1,1.8,1.8,1,4.64,12.11136543750763
342,6,such,4,0,6,0.6666666666666666,10,1,,,0,5.84,4.492903709411621
342,7,a,1,0,7,0.7777777777777778,10,1,,,0,7.36,3.1453776359558105
342,8,wise,4,1,8,0.8888888888888888,10,1,2.1,2.1,1,4.51,11.404995918273926
342,9,***.,0,0,9,1.0,10,1,,,0,,22.745083570480347
343,0,The,3,0,0,0.0,13,-1,,,0,7.73,4.729318141937256
343,1,problem,7,1,1,0.08333333333333333,13,-1,-1.7,1.7,1,5.4,9.719378471374512
343,2,is,2,0,2,0.16666666666666666,13,-1,,,0,7.07,1.649630069732666
343,3,that,4,0,3,0.25,13,-1,,,0,7.01,1.0971711874008179
343,4,for,3,0,4,0.3333333333333333,13,-1,,,0,7.01,7.367883682250977
343,5,the,3,0,5,0.4166666666666667,13,-1,,,0,7.73,3.6248722076416016
343,6,most,4,0,6,0.5,13,-1,,,0,6.0,2.8388752937316895
343,7,"part,",4,1,7,0.5833333333333334,13,-1,,,0,5.78,1.0694031231105328
343,8,the,3,0,8,0.6666666666666666,13,-1,,,0,7.73,2.7315170764923096
343,9,film,4,1,9,0.75,13,-1,,,0,5.2,11.60903263092041
343,10,is,2,0,10,0.8333333333333334,13,-1,,,0,7.07,2.167205572128296
343,11,deadly,6,1,11,0.9166666666666666,13,-1,,,0,4.16,16.96909523010254
343,12,dull.,4,1,12,1.0,13,-1,-1.7,1.7,1,3.94,8.920642793178558
344,0,A,1,0,0,0.0,14,0,,,0,7.36,5.687591075897217
344,1,thinly,6,1,1,0.07692307692307693,14,0,,,0,3.27,17.072053909301758
344,2,veiled,6,1,2,0.15384615384615385,14,0,,,0,3.26,0.5595155954360962
344,3,look,4,1,3,0.23076923076923078,14,0,,,0,5.81,9.595995903015137
344,4,at,2,0,4,0.3076923076923077,14,0,,,0,6.7,0.36352306604385376
344,5,different,9,1,5,0.38461538461538464,14,0,,,0,5.59,12.640073776245117
344,6,aspects,7,1,6,0.46153846153846156,14,0,,,0,4.5,3.97755765914917
344,7,of,2,0,7,0.5384615384615384,14,0,,,0,7.4,0.02944040857255459
344,8,Chinese,7,1,8,0.6153846153846154,14,0,,,0,5.01,9.07989501953125
344,9,life,4,1,9,0.6923076923076923,14,0,,,0,5.89,4.299594879150391
344,10,clashing,8,1,10,0.7692307692307693,14,0,,,0,2.91,22.252680778503418
344,11,with,4,0,11,0.8461538461538461,14,0,,,0,6.85,0.37745165824890137
344,12,each,4,0,12,0.9230769230769231,14,0,,,0,5.69,6.808494567871094
344,13,other.,5,0,13,1.0,14,0,,,0,6.16,2.121670503169298
345,0,An,2,0,0,0.0,3,1,,,0,6.53,8.94056224822998
345,1,exhilarating,12,1,1,0.5,3,1,1.7,1.7,1,3.12,14.528861992061138
345,2,experience.,10,1,2,1.0,3,1,,,0,5.27,8.151118516921997
346,0,Its,3,0,0,0.0,26,0,,,0,6.14,12.378666877746582
346,1,vision,6,1,1,0.04,26,0,1.0,1.0,1,4.63,15.213460922241211
346,2,of,2,0,2,0.08,26,0,,,0,7.4,2.466801881790161
346,3,that,4,0,3,0.12,26,0,,,0,7.01,10.413419723510742
346,4,awkward,7,1,4,0.16,26,0,-0.6,0.6,1,4.29,17.227319717407227
346,5,age,3,1,5,0.2,26,0,,,0,5.32,9.19633960723877
346,6,when,4,0,6,0.24,26,0,,,0,6.37,4.948018550872803
346,7,sex,3,1,7,0.28,26,0,,,0,5.22,8.618799209594727
346,8,threatens,9,1,8,0.32,26,0,-1.6,1.6,1,3.75,14.458903312683105
346,9,to,2,0,9,0.36,26,0,,,0,7.43,1.4236314296722412
346,10,overwhelm,9,1,10,0.4,26,0,-0.7,0.7,1,3.15,7.242063522338867
346,11,everything,10,1,11,0.44,26,0,,,0,5.54,6.9375529289245605
346,12,else,4,1,12,0.48,26,0,,,0,5.38,3.762852430343628
346,13,is,2,0,13,0.52,26,0,,,0,7.07,2.8714351654052734
346,14,acute,5,1,14,0.56,26,0,,,0,4.0,15.162060737609863
346,15,enough,6,1,15,0.6,26,0,,,0,5.54,5.327287673950195
346,16,to,2,0,16,0.64,26,0,,,0,7.43,2.389451503753662
346,17,make,4,1,17,0.68,26,0,,,0,6.08,3.5456414222717285
346,18,everyone,8,1,18,0.72,26,0,,,0,5.47,7.145912170410156
346,19,who,3,0,19,0.76,26,0,,,0,6.34,5.867754936218262
346,20,has,3,0,20,0.8,26,0,,,0,6.37,4.007693290710449
346,21,been,4,0,21,0.84,26,0,,,0,6.27,3.83872127532959
346,22,there,5,0,22,0.88,26,0,,,0,6.31,6.497548580169678
346,23,squirm,6,1,23,0.92,26,0,,,0,2.78,8.875665992498398
346,24,with,4,0,24,0.96,26,0,,,0,6.85,4.610137462615967
346,25,recognition.,11,1,25,1.0,26,0,,,0,4.47,12.086750149726868
347,0,Remarkably,10,1,0,0.0,4,1,,,0,3.77,15.866098962724209
347,1,accessible,10,1,1,0.3333333333333333,4,1,,,0,4.18,14.138927459716797
347,2,and,3,0,2,0.6666666666666666,4,1,,,0,7.41,2.645310640335083
347,3,affecting.,9,1,3,1.0,4,1,,,0,4.07,21.438418865203857
348,0,The,3,0,0,0.0,21,0,,,0,7.73,4.729319095611572
348,1,climactic,9,1,1,0.05,21,0,,,0,2.87,17.093308568000793
348,2,events,6,1,2,0.1,21,0,,,0,5.08,8.500804901123047
348,3,are,3,0,3,0.15,21,0,,,0,6.74,6.543283462524414
348,4,so,2,0,4,0.2,21,0,,,0,6.52,7.481362342834473
348,5,well,4,1,5,0.25,21,0,1.1,1.1,1,6.03,5.929258823394775
348,6,realized,8,1,6,0.3,21,0,,,0,4.59,9.654092788696289
348,7,that,4,0,7,0.35,21,0,,,0,7.01,1.4766501188278198
348,8,you,3,0,8,0.4,21,0,,,0,6.98,4.1050214767456055
348,9,may,3,1,9,0.45,21,0,,,0,5.98,4.477240562438965
348,10,forget,6,1,10,0.5,21,0,-0.9,0.9,1,5.06,5.4391679763793945
348,11,all,3,0,11,0.55,21,0,,,0,6.52,6.818065166473389
348,12,about,5,0,12,0.6,21,0,,,0,6.4,0.5464637875556946
348,13,the,3,0,13,0.65,21,0,,,0,7.73,4.500089168548584
348,14,original,8,1,14,0.7,21,0,1.3,1.3,1,5.16,8.185633659362793
348,15,"conflict,",8,1,15,0.75,21,0,-1.3,1.3,1,4.64,14.372790575027466
348,16,just,4,0,16,0.8,21,0,,,0,6.43,6.116486072540283
348,17,like,4,1,17,0.85,21,0,1.5,1.5,1,6.41,3.775602102279663
348,18,the,3,0,18,0.9,21,0,,,0,7.73,2.9961090087890625
348,19,movie,5,1,19,0.95,21,0,,,0,5.16,5.675268173217773
348,20,does.,4,0,20,1.0,21,0,,,0,5.74,5.0672391057014465
349,0,Distinctly,10,1,0,0.0,18,-1,,,0,3.53,22.883489847183228
349,1,sub-par...,6,1,1,0.058823529411764705,18,-1,,,0,2.65,32.617170333862305
349,2,more,4,0,2,0.11764705882352941,18,-1,,,0,6.36,10.374692916870117
349,3,likely,6,1,3,0.17647058823529413,18,-1,,,0,5.2,9.759102821350098
349,4,to,2,0,4,0.23529411764705882,18,-1,,,0,7.43,0.6946494579315186
349,5,drown,5,1,5,0.29411764705882354,18,-1,-2.7,2.7,1,3.68,10.542023658752441
349,6,a,1,0,6,0.35294117647058826,18,-1,,,0,7.36,7.39432954788208
349,7,viewer,6,1,7,0.4117647058823529,18,-1,,,0,3.77,13.540696144104004
349,8,in,2,0,8,0.47058823529411764,18,-1,,,0,7.27,2.732147455215454
349,9,boredom,7,1,9,0.5294117647058824,18,-1,-1.3,1.3,1,3.46,9.758143424987793
349,10,than,4,0,10,0.5882352941176471,18,-1,,,0,6.13,2.5076611042022705
349,11,to,2,0,11,0.6470588235294118,18,-1,,,0,7.43,2.5445048809051514
349,12,send,4,1,12,0.7058823529411765,18,-1,,,0,5.11,9.892745018005371
349,13,any,3,0,13,0.7647058823529411,18,-1,,,0,6.07,10.189905166625977
349,14,shivers,7,1,14,0.8235294117647058,18,-1,,,0,2.95,12.63472318649292
349,15,down,4,0,15,0.8823529411764706,18,-1,,,0,5.88,0.3445538282394409
349,16,his,3,0,16,0.9411764705882353,18,-1,,,0,6.51,2.037916421890259
349,17,spine.,5,1,17,1.0,18,-1,,,0,3.93,1.4195636510849
350,0,Godard's,7,1,0,0.0,33,-1,,,0,1.93,24.12333917617798
350,1,ode,3,1,1,0.03125,33,-1,,,0,3.31,14.603001594543457
350,2,to,2,0,2,0.0625,33,-1,,,0,7.43,0.5551551580429077
350,3,tackling,8,1,3,0.09375,33,-1,,,0,3.5,16.625274658203125
350,4,life's,5,1,4,0.125,33,-1,,,0,3.89,9.755248665809631
350,5,wonderment,10,1,5,0.15625,33,-1,,,0,2.39,21.856861114501953
350,6,is,2,0,6,0.1875,33,-1,,,0,7.07,3.2415568828582764
350,7,a,1,0,7,0.21875,33,-1,,,0,7.36,3.2715489864349365
350,8,rambling,8,1,8,0.25,33,-1,,,0,3.21,15.213399410247803
350,9,and,3,0,9,0.28125,33,-1,,,0,7.41,4.2196197509765625
350,10,incoherent,10,1,10,0.3125,33,-1,,,0,3.09,8.700989956734702
350,11,manifesto,9,1,11,0.34375,33,-1,,,0,3.65,8.70540714263916
350,12,about,5,0,12,0.375,33,-1,,,0,6.4,4.522950649261475
350,13,the,3,0,13,0.40625,33,-1,,,0,7.73,2.748077869415283
350,14,vagueness,9,1,14,0.4375,33,-1,,,0,2.58,14.640352487564087
350,15,of,2,0,15,0.46875,33,-1,,,0,7.4,0.30010491609573364
350,16,topical,7,1,16,0.5,33,-1,,,0,3.45,18.712705612182617
350,17,excess...,6,1,17,0.53125,33,-1,,,0,4.21,27.94697380065918
350,18,In,2,0,18,0.5625,33,-1,,,0,7.27,7.817692279815674
350,19,Praise,6,1,19,0.59375,33,-1,2.6,2.6,1,4.31,12.628794580698013
350,20,of,2,0,20,0.625,33,-1,,,0,7.4,0.28961747884750366
350,21,Love,4,1,21,0.65625,33,-1,3.2,3.2,1,5.82,7.784887313842773
350,22,remains,7,1,22,0.6875,33,-1,,,0,4.8,17.49660301208496
350,23,a,1,0,23,0.71875,33,-1,,,0,7.36,2.036365270614624
350,24,ponderous,9,1,24,0.75,33,-1,,,0,2.47,12.523143965750933
350,25,and,3,0,25,0.78125,33,-1,,,0,7.41,2.7382211685180664
350,26,pretentious,11,1,26,0.8125,33,-1,,,0,3.17,13.40383622981608
350,27,endeavor,8,1,27,0.84375,33,-1,,,0,3.56,8.318502426147461
350,28,that's,5,1,28,0.875,33,-1,,,0,5.86,8.018420219421387
350,29,unfocused,9,1,29,0.90625,33,-1,-1.7,1.7,1,2.53,12.596898078918457
350,30,and,3,0,30,0.9375,33,-1,,,0,7.41,1.5857195854187012
350,31,tediously,9,1,31,0.96875,33,-1,,,0,2.01,13.134190056473017
350,32,exasperating.,12,1,32,1.0,33,-1,,,0,2.4,14.611628741025925
351,0,Shamelessly,11,1,0,0.0,25,0,-1.4,1.4,1,2.95,24.28742218017578
351,1,resorting,9,1,1,0.041666666666666664,25,0,,,0,3.16,19.81052875518799
351,2,to,2,0,2,0.08333333333333333,25,0,,,0,7.43,0.04042300954461098
351,3,pee-related,10,1,3,0.125,25,0,,,0,0.0,30.134997367858887
351,4,sight,5,1,4,0.16666666666666666,25,0,,,0,4.54,18.48309326171875
351,5,gags,4,1,5,0.20833333333333334,25,0,,,0,3.08,5.218464769423008
351,6,that,4,0,6,0.25,25,0,,,0,7.01,6.228455543518066
351,7,might,5,1,7,0.2916666666666667,25,0,,,0,5.66,6.346213340759277
351,8,even,4,1,8,0.3333333333333333,25,0,,,0,5.99,7.056982517242432
351,9,cause,5,1,9,0.375,25,0,,,0,5.35,5.11152982711792
351,10,Tom,3,1,10,0.4166666666666667,25,0,,,0,4.83,14.151198387145996
351,11,Green,5,1,11,0.4583333333333333,25,0,,,0,5.13,13.134590148925781
351,12,a,1,0,12,0.5,25,0,,,0,7.36,7.334984302520752
351,13,grimace;,7,1,13,0.5416666666666666,25,0,-1.0,1.0,1,2.61,22.164053350687027
351,14,"still,",5,1,14,0.5833333333333334,25,0,,,0,5.92,12.962619185447693
351,15,Myer's,5,1,15,0.625,25,0,,,0,1.62,27.195163249969482
351,16,energy,6,1,16,0.6666666666666666,25,0,1.1,1.1,1,5.23,13.786320686340332
351,17,and,3,0,17,0.7083333333333334,25,0,,,0,7.41,3.8290629386901855
351,18,the,3,0,18,0.75,25,0,,,0,7.73,6.406191349029541
351,19,silliness,9,1,19,0.7916666666666666,25,0,-0.9,0.9,1,2.79,10.690042516216636
351,20,of,2,0,20,0.8333333333333334,25,0,,,0,7.4,0.8422258496284485
351,21,it,2,0,21,0.875,25,0,,,0,6.95,3.737792491912842
351,22,all,3,0,22,0.9166666666666666,25,0,,,0,6.52,0.7470446228981018
351,23,eventually,10,1,23,0.9583333333333334,25,0,,,0,4.88,10.057236671447754
351,24,prevail.,7,1,24,1.0,25,0,,,0,3.55,12.128994584083557
352,0,We,2,0,0,0.0,31,-1,,,0,6.54,7.155787944793701
352,1,never,5,1,1,0.03333333333333333,31,-1,,,0,5.91,9.84257698059082
352,2,truly,5,1,2,0.06666666666666667,31,-1,1.9,1.9,1,4.87,8.743215560913086
352,3,come,4,1,3,0.1,31,-1,,,0,5.78,9.632765769958496
352,4,to,2,0,4,0.13333333333333333,31,-1,,,0,7.43,1.3279554843902588
352,5,care,4,1,5,0.16666666666666666,31,-1,2.2,2.2,1,5.56,11.346153259277344
352,6,about,5,0,6,0.2,31,-1,,,0,6.4,0.6582585573196411
352,7,the,3,0,7,0.23333333333333334,31,-1,,,0,7.73,2.6658682823181152
352,8,main,4,1,8,0.26666666666666666,31,-1,,,0,5.24,11.221270561218262
352,9,characters,10,1,9,0.3,31,-1,,,0,4.88,1.6609864234924316
352,10,and,3,0,10,0.3333333333333333,31,-1,,,0,7.41,4.551898002624512
352,11,whether,7,1,11,0.36666666666666664,31,-1,,,0,5.32,8.81247615814209
352,12,or,2,0,12,0.4,31,-1,,,0,6.54,1.6804789304733276
352,13,not,3,0,13,0.43333333333333335,31,-1,,,0,6.69,0.004827036056667566
352,14,they'll,6,1,14,0.4666666666666667,31,-1,,,0,4.71,6.384952545166016
352,15,wind,4,1,15,0.5,31,-1,,,0,4.84,10.23977279663086
352,16,up,2,0,16,0.5333333333333333,31,-1,,,0,6.39,0.006239946931600571
352,17,"together,",8,1,17,0.5666666666666667,31,-1,,,0,5.46,10.670730352401733
352,18,and,3,0,18,0.6,31,-1,,,0,7.41,4.367298603057861
352,19,Michele's,8,1,19,0.6333333333333333,31,-1,,,0,2.04,23.171966552734375
352,20,spiritual,9,1,20,0.6666666666666666,31,-1,,,0,4.4,15.817154884338379
352,21,quest,5,1,21,0.7,31,-1,,,0,4.27,4.842459678649902
352,22,is,2,0,22,0.7333333333333333,31,-1,,,0,7.07,2.7715413570404053
352,23,neither,7,1,23,0.7666666666666667,31,-1,,,0,4.77,11.490378379821777
352,24,amusing,7,1,24,0.8,31,-1,1.6,1.6,1,3.76,11.7042818069458
352,25,nor,3,0,25,0.8333333333333334,31,-1,,,0,4.78,0.0456683523952961
352,26,dramatic,8,1,26,0.8666666666666667,31,-1,,,0,4.41,8.643383979797363
352,27,enough,6,1,27,0.9,31,-1,,,0,5.54,4.967955112457275
352,28,to,2,0,28,0.9333333333333333,31,-1,,,0,7.43,0.5923137664794922
352,29,sustain,7,1,29,0.9666666666666667,31,-1,,,0,3.93,7.996073246002197
352,30,interest.,8,1,30,1.0,31,-1,2.0,2.0,1,5.17,11.089681029319763
353,0,Most,4,0,0,0.0,27,1,,,0,6.0,10.605924606323242
353,1,haunting,8,1,1,0.038461538461538464,27,1,-1.1,1.1,1,3.52,17.293447494506836
353,2,about,5,0,2,0.07692307692307693,27,1,,,0,6.4,9.372113227844238
353,3,``Fence'',5,1,3,0.11538461538461539,27,1,,,0,4.21,43.79954290390015
353,4,is,2,0,4,0.15384615384615385,27,1,,,0,7.07,0.5987610816955566
353,5,its,3,0,5,0.19230769230769232,27,1,,,0,6.14,2.3237743377685547
353,6,"conclusion,",10,1,6,0.23076923076923078,27,1,,,0,4.4,14.994646549224854
353,7,when,4,0,7,0.2692307692307692,27,1,,,0,6.37,7.34999418258667
353,8,we,2,0,8,0.3076923076923077,27,1,,,0,6.54,6.115219593048096
353,9,hear,4,1,9,0.34615384615384615,27,1,,,0,5.23,4.874399662017822
353,10,the,3,0,10,0.38461538461538464,27,1,,,0,7.73,2.6376733779907227
353,11,ultimate,8,1,11,0.4230769230769231,27,1,,,0,4.53,12.798803329467773
353,12,fate,4,1,12,0.46153846153846156,27,1,,,0,4.36,6.972499847412109
353,13,of,2,0,13,0.5,27,1,,,0,7.4,0.09773816168308258
353,14,these,5,0,14,0.5384615384615384,27,1,,,0,6.04,8.085169792175293
353,15,girls,5,1,15,0.5769230769230769,27,1,,,0,5.17,10.306073188781738
353,16,and,3,0,16,0.6153846153846154,27,1,,,0,7.41,4.062254905700684
353,17,"realize,",7,1,17,0.6538461538461539,27,1,,,0,4.83,14.729525089263916
353,18,much,4,1,18,0.6923076923076923,27,1,,,0,6.0,9.38119888305664
353,19,to,2,0,19,0.7307692307692307,27,1,,,0,7.43,2.070420265197754
353,20,our,3,0,20,0.7692307692307693,27,1,,,0,6.14,2.2728562355041504
353,21,"dismay,",6,1,21,0.8076923076923077,27,1,-1.8,1.8,1,3.26,3.436338357627392
353,22,that,4,0,22,0.8461538461538461,27,1,,,0,7.01,0.27710047364234924
353,23,this,4,0,23,0.8846153846153846,27,1,,,0,6.82,4.928050518035889
353,24,really,6,1,24,0.9230769230769231,27,1,,,0,5.97,10.345606803894043
353,25,did,3,0,25,0.9615384615384616,27,1,,,0,5.96,7.7456583976745605
353,26,happen.,6,1,26,1.0,27,1,,,0,5.19,1.5675064325332642
354,0,Bogdanovich,11,1,0,0.0,12,1,,,0,1.91,22.907838344573975
354,1,taps,4,1,1,0.09090909090909091,12,1,,,0,3.56,15.106135368347168
354,2,deep,4,1,2,0.18181818181818182,12,1,,,0,5.05,10.523415565490723
354,3,into,4,0,3,0.2727272727272727,12,1,,,0,6.11,1.0549139976501465
354,4,the,3,0,4,0.36363636363636365,12,1,,,0,7.73,2.5442006587982178
354,5,Hearst,6,1,5,0.45454545454545453,12,1,,,0,3.06,22.24795711040497
354,6,"mystique,",8,1,6,0.5454545454545454,12,1,,,0,3.0,15.450356744229794
354,7,entertainingly,14,1,7,0.6363636363636364,12,1,1.9,1.9,1,2.0,19.525495052337646
354,8,reenacting,10,1,8,0.7272727272727273,12,1,,,0,2.17,15.637395218014717
354,9,a,1,0,9,0.8181818181818182,12,1,,,0,7.36,3.082967758178711
354,10,historic,8,1,10,0.9090909090909091,12,1,,,0,4.49,10.38776969909668
354,11,scandal.,7,1,11,1.0,12,1,-1.9,1.9,1,4.17,14.759476661682129
355,0,Peralta's,8,1,0,0.0,9,0,,,0,1.53,24.83606490213424
355,1,mythmaking,10,1,1,0.125,9,0,,,0,1.55,21.647432804107666
355,2,could,5,0,2,0.25,9,0,,,0,6.06,9.071121215820312
355,3,have,4,0,3,0.375,9,0,,,0,6.71,3.278411388397217
355,4,used,4,1,4,0.5,9,0,,,0,5.8,8.730151176452637
355,5,some,4,0,5,0.625,9,0,,,0,6.2,2.675508975982666
355,6,"informed,",8,1,6,0.75,9,0,,,0,4.45,22.650030612945557
355,7,adult,5,1,7,0.875,9,0,,,0,4.8,11.113155364990234
355,8,hindsight.,9,1,8,1.0,9,0,,,0,3.34,12.64432156085968
356,0,``My,2,0,0,0.0,7,0,,,0,6.57,23.080693244934082
356,1,"god,",3,1,1,0.16666666666666666,7,0,1.1,1.1,1,5.57,8.533215880393982
356,2,I'm,2,1,2,0.3333333333333333,7,0,,,0,6.15,5.142927885055542
356,3,behaving,8,1,3,0.5,7,0,,,0,3.51,16.759824752807617
356,4,like,4,1,4,0.6666666666666666,7,0,1.5,1.5,1,6.41,0.8663656711578369
356,5,an,2,0,5,0.8333333333333334,7,0,,,0,6.53,4.013265609741211
356,6,idiot!'',5,1,6,1.0,7,0,,,0,4.39,7.9775837659835815
357,0,Devos,5,1,0,0.0,18,1,,,0,2.74,22.432723999023438
357,1,and,3,0,1,0.058823529411764705,18,1,,,0,7.41,4.922073841094971
357,2,Cassel,6,1,2,0.11764705882352941,18,1,,,0,2.69,19.301785469055176
357,3,have,4,0,3,0.17647058823529413,18,1,,,0,6.71,5.937615871429443
357,4,tremendous,10,1,4,0.23529411764705882,18,1,,,0,4.07,14.498311042785645
357,5,chemistry,9,1,5,0.29411764705882354,18,1,,,0,4.35,5.385594844818115
357,6,--,0,0,6,0.35294117647058826,18,1,,,0,,9.968343734741211
357,7,their,5,0,7,0.4117647058823529,18,1,,,0,6.33,6.093480110168457
357,8,sexual,6,1,8,0.47058823529411764,18,1,,,0,4.82,11.396310806274414
357,9,and,3,0,9,0.5294117647058824,18,1,,,0,7.41,5.920448303222656
357,10,romantic,8,1,10,0.5882352941176471,18,1,1.7,1.7,1,4.43,3.0481667518615723
357,11,"tension,",7,1,11,0.6470588235294118,18,1,-1.3,1.3,1,4.22,13.593534469604492
357,12,while,5,0,12,0.7058823529411765,18,1,,,0,5.86,6.726348876953125
357,13,never,5,1,13,0.7647058823529411,18,1,,,0,5.91,7.0149431228637695
357,14,really,6,1,14,0.8235294117647058,18,1,,,0,5.97,6.2364277839660645
357,15,"vocalized,",9,1,15,0.8823529411764706,18,1,,,0,2.01,20.13761818408966
357,16,is,2,0,16,0.9411764705882353,18,1,,,0,7.07,1.2163630723953247
357,17,palpable.,8,1,17,1.0,18,1,,,0,3.19,6.909266114234924
358,0,As,2,0,0,0.0,13,1,,,0,6.77,8.131058692932129
358,1,a,1,0,1,0.08333333333333333,13,1,,,0,7.36,3.413039445877075
358,2,girl-meets-girl,13,1,2,0.16666666666666666,13,1,,,0,0.0,30.965622570365667
358,3,romantic,8,1,3,0.25,13,1,1.7,1.7,1,4.43,10.289748191833496
358,4,"comedy,",6,1,4,0.3333333333333333,13,1,1.5,1.5,1,4.51,1.7912907600402832
358,5,Kissing,7,1,5,0.4166666666666667,13,1,2.7,2.7,1,3.97,16.054341793060303
358,6,Jessica,7,1,6,0.5,13,1,,,0,4.17,9.458433151245117
358,7,Steinis,7,1,7,0.5833333333333334,13,1,,,0,0.0,27.903297424316406
358,8,"quirky,",6,1,8,0.6666666666666666,13,1,,,0,3.53,21.398417711257935
358,9,charming,8,1,9,0.75,13,1,2.8,2.8,1,4.07,6.800745487213135
358,10,and,3,0,10,0.8333333333333334,13,1,,,0,7.41,1.3617104291915894
358,11,often,5,1,11,0.9166666666666666,13,1,,,0,5.41,6.531829357147217
358,12,hilarious.,9,1,12,1.0,13,1,1.7,1.7,1,4.27,4.45843768119812
359,0,Gollum's,7,1,0,0.0,4,1,,,0,1.52,23.954710721969604
359,1,`performance',11,1,1,0.3333333333333333,4,1,,,0,5.16,30.463411569595337
359,2,is,2,0,2,0.6666666666666666,4,1,,,0,7.07,2.913620710372925
359,3,incredible!,10,1,3,1.0,4,1,,,0,4.63,17.09376287460327
360,0,...,0,0,0,0.0,12,-1,,,0,,9.63615608215332
360,1,a,1,0,1,0.09090909090909091,12,-1,,,0,7.36,8.276840209960938
360,2,haunting,8,1,2,0.18181818181818182,12,-1,-1.1,1.1,1,3.52,14.263641357421875
360,3,"vision,",6,1,3,0.2727272727272727,12,-1,1.0,1.0,1,4.63,12.196496963500977
360,4,with,4,0,4,0.36363636363636365,12,-1,,,0,6.85,5.370128154754639
360,5,images,6,1,5,0.45454545454545453,12,-1,,,0,4.75,7.842909812927246
360,6,that,4,0,6,0.5454545454545454,12,-1,,,0,7.01,4.182790756225586
360,7,seem,4,1,7,0.6363636363636364,12,-1,,,0,5.08,4.9590373039245605
360,8,more,4,0,8,0.7272727272727273,12,-1,,,0,6.36,6.106112003326416
360,9,like,4,1,9,0.8181818181818182,12,-1,1.5,1.5,1,6.41,1.320683240890503
360,10,disturbing,10,1,10,0.9090909090909091,12,-1,-2.3,2.3,1,4.05,11.37868881225586
360,11,hallucinations.,14,1,11,1.0,12,-1,,,0,3.28,10.893161296844482
361,0,As,2,0,0,0.0,7,-1,,,0,6.77,8.131067276000977
361,1,a,1,0,1,0.16666666666666666,7,-1,,,0,7.36,3.413036584854126
361,2,"remake,",6,1,2,0.3333333333333333,7,-1,,,0,3.79,20.11803674697876
361,3,it's,3,1,3,0.5,7,-1,,,0,6.33,5.033393502235413
361,4,a,1,0,4,0.6666666666666666,7,-1,,,0,7.36,3.2855799198150635
361,5,pale,4,1,5,0.8333333333333334,7,-1,,,0,4.08,13.581849098205566
361,6,imitation.,9,1,6,1.0,7,-1,,,0,3.47,4.336763024330139
362,0,Adults,6,1,0,0.0,27,0,,,0,4.59,15.36731767654419
362,1,will,4,0,1,0.038461538461538464,27,0,,,0,6.45,7.884130477905273
362,2,certainly,9,1,2,0.07692307692307693,27,0,1.4,1.4,1,5.0,11.241036415100098
362,3,want,4,1,3,0.11538461538461539,27,0,0.3,0.3,1,6.04,3.5323405265808105
362,4,to,2,0,4,0.15384615384615385,27,0,,,0,7.43,0.20380844175815582
362,5,spend,5,1,5,0.19230769230769232,27,0,,,0,4.97,6.591730117797852
362,6,their,5,0,6,0.23076923076923078,27,0,,,0,6.33,4.610241889953613
362,7,time,4,1,7,0.2692307692307692,27,0,,,0,6.29,2.6075479984283447
362,8,in,2,0,8,0.3076923076923077,27,0,,,0,7.27,3.356614351272583
362,9,the,3,0,9,0.34615384615384615,27,0,,,0,7.73,2.08307147026062
362,10,theater,7,1,10,0.38461538461538464,27,0,,,0,4.35,8.737220764160156
362,11,thinking,8,1,11,0.4230769230769231,27,0,,,0,5.24,11.926419258117676
362,12,up,2,0,12,0.46153846153846156,27,0,,,0,6.39,7.240935802459717
362,13,grocery,7,1,13,0.5,27,0,,,0,4.06,23.025354385375977
362,14,lists,5,1,14,0.5384615384615384,27,0,,,0,4.38,2.9573214054107666
362,15,and,3,0,15,0.5769230769230769,27,0,,,0,7.41,1.9899296760559082
362,16,ways,4,1,16,0.6153846153846154,27,0,,,0,5.06,10.152960777282715
362,17,to,2,0,17,0.6538461538461539,27,0,,,0,7.43,0.20171472430229187
362,18,tell,4,1,18,0.6923076923076923,27,0,,,0,5.53,8.327237129211426
362,19,their,5,0,19,0.7307692307692307,27,0,,,0,6.33,3.0002121925354004
362,20,kids,4,1,20,0.7692307692307693,27,0,,,0,5.28,1.1843721866607666
362,21,how,3,0,21,0.8076923076923077,27,0,,,0,6.24,4.217499732971191
362,22,not,3,0,22,0.8461538461538461,27,0,,,0,6.69,10.444363594055176
362,23,to,2,0,23,0.8846153846153846,27,0,,,0,7.43,0.03385665640234947
362,24,act,3,1,24,0.9230769230769231,27,0,,,0,5.3,8.765990257263184
362,25,like,4,1,25,0.9615384615384616,27,0,1.5,1.5,1,6.41,3.1436638832092285
362,26,Pinocchio.,9,1,26,1.0,27,0,,,0,2.93,19.499121755361557
363,0,Not,3,0,0,0.0,25,0,,,0,6.69,9.684648513793945
363,1,as,2,0,1,0.041666666666666664,25,0,,,0,6.77,7.49717903137207
363,2,distinctive,11,1,2,0.08333333333333333,25,0,,,0,4.0,12.939413070678711
363,3,or,2,0,3,0.125,25,0,,,0,6.54,4.429648399353027
363,4,even,4,1,4,0.16666666666666666,25,0,,,0,5.99,7.786158561706543
363,5,as,2,0,5,0.20833333333333334,25,0,,,0,6.77,1.5057837963104248
363,6,humorous,8,1,6,0.25,25,0,1.6,1.6,1,3.6,11.484047889709473
363,7,as,2,0,7,0.2916666666666667,25,0,,,0,6.77,0.5668414235115051
363,8,its,3,0,8,0.3333333333333333,25,0,,,0,6.14,4.504080295562744
363,9,needs,5,1,9,0.375,25,0,,,0,5.37,19.00947380065918
363,10,to,2,0,10,0.4166666666666667,25,0,,,0,7.43,2.539417266845703
363,11,be,2,0,11,0.4583333333333333,25,0,,,0,6.79,0.634699821472168
363,12,to,2,0,12,0.5,25,0,,,0,7.43,6.441174030303955
363,13,stand,5,1,13,0.5416666666666666,25,0,,,0,5.14,6.282745838165283
363,14,"out,",3,0,14,0.5833333333333334,25,0,,,0,6.38,3.8101468682289124
363,15,but,3,0,15,0.625,25,0,,,0,6.63,1.8599061965942383
363,16,it,2,0,16,0.6666666666666666,25,0,,,0,6.95,2.025439500808716
363,17,has,3,0,17,0.7083333333333334,25,0,,,0,6.37,4.412929058074951
363,18,clearly,7,1,18,0.75,25,0,1.7,1.7,1,4.92,9.967902183532715
363,19,been,4,0,19,0.7916666666666666,25,0,,,0,6.27,2.908116102218628
363,20,made,4,1,20,0.8333333333333334,25,0,,,0,5.92,6.58224630355835
363,21,with,4,0,21,0.875,25,0,,,0,6.85,5.048884391784668
363,22,affection,9,1,22,0.9166666666666666,25,0,2.4,2.4,1,3.92,10.774392127990723
363,23,and,3,0,23,0.9583333333333334,25,0,,,0,7.41,1.3916789293289185
363,24,care.,4,1,24,1.0,25,0,2.2,2.2,1,5.56,5.048908829689026
364,0,A,1,0,0,0.0,14,-1,,,0,7.36,5.687591075897217
364,1,generic,7,1,1,0.07692307692307693,14,-1,,,0,4.11,13.718276977539062
364,2,family,6,1,2,0.15384615384615385,14,-1,,,0,5.66,9.662025451660156
364,3,comedy,6,1,3,0.23076923076923078,14,-1,1.5,1.5,1,4.51,11.516361236572266
364,4,unlikely,8,1,4,0.3076923076923077,14,-1,,,0,4.31,17.374635696411133
364,5,to,2,0,5,0.38461538461538464,14,-1,,,0,7.43,0.027421781793236732
364,6,be,2,0,6,0.46153846153846156,14,-1,,,0,6.79,2.975764751434326
364,7,appreciated,11,1,7,0.5384615384615384,14,-1,2.3,2.3,1,4.16,9.129353523254395
364,8,by,2,0,8,0.6153846153846154,14,-1,,,0,6.66,0.8784313201904297
364,9,anyone,6,1,9,0.6923076923076923,14,-1,,,0,5.38,4.270444869995117
364,10,outside,7,1,10,0.7692307692307693,14,-1,,,0,5.25,4.3674163818359375
364,11,the,3,0,11,0.8461538461538461,14,-1,,,0,7.73,2.245790958404541
364,12,under-10,5,1,12,0.9230769230769231,14,-1,,,0,0.0,19.89481770992279
364,13,set.,3,1,13,1.0,14,-1,,,0,5.59,10.880329847335815
365,0,An,2,0,0,0.0,16,0,,,0,6.53,8.940567970275879
365,1,amalgam,7,1,1,0.06666666666666667,16,0,,,0,2.85,16.100926637649536
365,2,of,2,0,2,0.13333333333333333,16,0,,,0,7.4,0.17056509852409363
365,3,The,3,0,3,0.2,16,0,,,0,7.73,11.144451141357422
365,4,"Fugitive,",8,1,4,0.26666666666666666,16,0,,,0,3.54,14.959700375795364
365,5,Blade,5,1,5,0.3333333333333333,16,0,,,0,4.19,11.359807014465332
365,6,"Runner,",6,1,6,0.4,16,0,,,0,4.18,0.9532899335026741
365,7,and,3,0,7,0.4666666666666667,16,0,,,0,7.41,1.4821633100509644
365,8,Total,5,1,8,0.5333333333333333,16,0,,,0,5.21,9.493206024169922
365,9,"Recall,",6,1,9,0.6,16,0,,,0,4.4,2.4842622205615044
365,10,only,4,0,10,0.6666666666666666,16,0,,,0,6.12,12.41733169555664
365,11,without,7,1,11,0.7333333333333333,16,0,,,0,5.69,9.511993408203125
365,12,much,4,1,12,0.8,16,0,,,0,6.0,7.852851390838623
365,13,energy,6,1,13,0.8666666666666667,16,0,1.1,1.1,1,5.23,13.026436805725098
365,14,or,2,0,14,0.9333333333333333,16,0,,,0,6.54,2.894829034805298
365,15,tension.,7,1,15,1.0,16,0,-1.3,1.3,1,4.22,10.670608758926392
366,0,Everything,10,1,0,0.0,15,0,,,0,5.54,12.757636070251465
366,1,its,3,0,1,0.07142857142857142,15,0,,,0,6.14,14.403178215026855
366,2,title,5,1,2,0.14285714285714285,15,0,,,0,5.1,13.470009803771973
366,3,"implies,",7,1,3,0.21428571428571427,15,0,,,0,3.98,4.002815365791321
366,4,a,1,0,4,0.2857142857142857,15,0,,,0,7.36,6.661022663116455
366,5,standard-issue,13,1,5,0.35714285714285715,15,0,,,0,0.0,17.60611253976822
366,6,crime,5,1,6,0.42857142857142855,15,0,-2.5,2.5,1,4.89,10.971515655517578
366,7,drama,5,1,7,0.5,15,0,,,0,4.67,4.41008186340332
366,8,spat,4,1,8,0.5714285714285714,15,0,,,0,3.3,19.76176643371582
366,9,out,3,0,9,0.6428571428571429,15,0,,,0,6.38,5.3476667404174805
366,10,from,4,0,10,0.7142857142857143,15,0,,,0,6.63,5.328536510467529
366,11,the,3,0,11,0.7857142857142857,15,0,,,0,7.73,1.6277613639831543
366,12,Tinseltown,10,1,12,0.8571428571428571,15,0,,,0,1.94,16.115342739969492
366,13,assembly,8,1,13,0.9285714285714286,15,0,,,0,4.61,13.633672714233398
366,14,line.,4,1,14,1.0,15,0,,,0,5.49,6.7567832469940186
367,0,This,4,0,0,0.0,40,1,,,0,6.82,7.0086588859558105
367,1,"odd,",3,1,1,0.02564102564102564,40,1,-1.3,1.3,1,4.42,20.49919319152832
367,2,poetic,6,1,2,0.05128205128205128,40,1,,,0,3.69,10.670284271240234
367,3,road,4,1,3,0.07692307692307693,40,1,,,0,5.24,12.11671257019043
367,4,"movie,",5,1,4,0.10256410256410256,40,1,,,0,5.16,14.461425304412842
367,5,spiked,6,1,5,0.1282051282051282,40,1,,,0,3.23,16.81269645690918
367,6,by,2,0,6,0.15384615384615385,40,1,,,0,6.66,3.3934123516082764
367,7,jolts,5,1,7,0.1794871794871795,40,1,,,0,2.29,16.142417550086975
367,8,of,2,0,8,0.20512820512820512,40,1,,,0,7.4,0.49085721373558044
367,9,pop,3,1,9,0.23076923076923078,40,1,,,0,4.87,9.144330978393555
367,10,"music,",5,1,10,0.2564102564102564,40,1,,,0,5.52,5.105924725532532
367,11,pretty,6,1,11,0.28205128205128205,40,1,2.2,2.2,1,5.38,12.33482837677002
367,12,much,4,1,12,0.3076923076923077,40,1,,,0,6.0,0.16665039956569672
367,13,takes,5,1,13,0.3333333333333333,40,1,,,0,5.18,6.226086139678955
367,14,place,5,1,14,0.358974358974359,40,1,,,0,5.71,3.279090404510498
367,15,in,2,0,15,0.38461538461538464,40,1,,,0,7.27,1.0041544437408447
367,16,Morton's,7,1,16,0.41025641025641024,40,1,,,0,2.45,20.724174737930298
367,17,ever-watchful,12,1,17,0.4358974358974359,40,1,,,0,0.0,26.058412492275238
367,18,gaze,4,1,18,0.46153846153846156,40,1,,,0,3.7,14.295528411865234
367,19,--,0,0,19,0.48717948717948717,40,1,,,0,,10.000885963439941
367,20,and,3,0,20,0.5128205128205128,40,1,,,0,7.41,3.1712918281555176
367,21,it's,3,1,21,0.5384615384615384,40,1,,,0,6.33,4.34675133228302
367,22,a,1,0,22,0.5641025641025641,40,1,,,0,7.36,3.613600254058838
367,23,tribute,7,1,23,0.5897435897435898,40,1,,,0,4.25,9.708669662475586
367,24,to,2,0,24,0.6153846153846154,40,1,,,0,7.43,0.1329137086868286
367,25,the,3,0,25,0.6410256410256411,40,1,,,0,7.73,1.8771084547042847
367,26,"actress,",7,1,26,0.6666666666666666,40,1,,,0,4.45,14.760262489318848
367,27,and,3,0,27,0.6923076923076923,40,1,,,0,7.41,6.282632827758789
367,28,to,2,0,28,0.717948717948718,40,1,,,0,7.43,3.8399088382720947
367,29,her,3,0,29,0.7435897435897436,40,1,,,0,6.3,2.596144199371338
367,30,inventive,9,1,30,0.7692307692307693,40,1,,,0,3.26,14.781761169433594
367,31,"director,",8,1,31,0.7948717948717948,40,1,,,0,5.15,7.110598504543304
367,32,that,4,0,32,0.8205128205128205,40,1,,,0,7.01,6.604386806488037
367,33,the,3,0,33,0.8461538461538461,40,1,,,0,7.73,3.1365914344787598
367,34,journey,7,1,34,0.8717948717948718,40,1,,,0,4.65,11.447905540466309
367,35,is,2,0,35,0.8974358974358975,40,1,,,0,7.07,2.955559015274048
367,36,such,4,0,36,0.9230769230769231,40,1,,,0,5.84,5.57422399520874
367,37,a,1,0,37,0.9487179487179487,40,1,,,0,7.36,0.46830472350120544
367,38,mesmerizing,11,1,38,0.9743589743589743,40,1,,,0,2.96,10.417527068406343
367,39,one.,3,1,39,1.0,40,1,,,0,6.47,3.0835261940956116
368,0,Co-writer/director,16,1,0,0.0,13,-1,,,0,0.0,26.828691363334656
368,1,Jonathan,8,1,1,0.08333333333333333,13,-1,,,0,4.31,8.24785327911377
368,2,Parker's,7,1,2,0.16666666666666666,13,-1,,,0,3.0,18.107722759246826
368,3,attempts,8,1,3,0.25,13,-1,,,0,4.5,11.898706436157227
368,4,to,2,0,4,0.3333333333333333,13,-1,,,0,7.43,0.49339112639427185
368,5,fashion,7,1,5,0.4166666666666667,13,-1,,,0,4.82,11.649249076843262
368,6,a,1,0,6,0.5,13,-1,,,0,7.36,1.2410839796066284
368,7,"Brazil-like,",10,1,7,0.5833333333333334,13,-1,,,0,0.0,30.650606632232666
368,8,hyper-real,9,1,8,0.6666666666666666,13,-1,,,0,1.57,11.755053043365479
368,9,satire,6,1,9,0.75,13,-1,,,0,3.65,15.283398628234863
368,10,fall,4,1,10,0.8333333333333334,13,-1,,,0,5.13,13.160921096801758
368,11,dreadfully,10,1,11,0.9166666666666666,13,-1,-2.7,2.7,1,2.7,18.519287839066237
368,12,short.,5,1,12,1.0,13,-1,,,0,5.33,1.4061709269881248
369,0,An,2,0,0,0.0,10,-1,,,0,6.53,8.940567970275879
369,1,"amateurish,",10,1,1,0.1111111111111111,10,-1,,,0,2.59,26.85329008102417
369,2,quasi-improvised,15,1,2,0.2222222222222222,10,-1,,,0,0.0,23.688302882015705
369,3,acting,6,1,3,0.3333333333333333,10,-1,,,0,4.82,13.555496215820312
369,4,exercise,8,1,4,0.4444444444444444,10,-1,,,0,4.68,8.076722145080566
369,5,shot,4,1,5,0.5555555555555556,10,-1,,,0,5.22,13.1328125
369,6,on,2,0,6,0.6666666666666666,10,-1,,,0,6.91,5.233279228210449
369,7,ugly,4,1,7,0.7777777777777778,10,-1,-2.3,2.3,1,4.42,19.501102447509766
369,8,digital,7,1,8,0.8888888888888888,10,-1,,,0,4.83,8.542088508605957
369,9,video.,5,1,9,1.0,10,-1,,,0,5.43,7.463499546051025
370,0,``The,3,0,0,0.0,26,0,,,0,7.73,19.493659019470215
370,1,Kid,3,1,1,0.04,26,0,,,0,4.99,14.277226448059082
370,2,Stays,5,1,2,0.08,26,0,,,0,4.26,15.053653717041016
370,3,in,2,0,3,0.12,26,0,,,0,7.27,4.208967685699463
370,4,the,3,0,4,0.16,26,0,,,0,7.73,2.6499247550964355
370,5,Picture'',7,1,5,0.2,26,0,,,0,5.13,11.394453763961792
370,6,is,2,0,6,0.24,26,0,,,0,7.07,3.9548449516296387
370,7,a,1,0,7,0.28,26,0,,,0,7.36,1.7838603258132935
370,8,great,5,1,8,0.32,26,0,3.1,3.1,1,5.88,7.756669044494629
370,9,"story,",5,1,9,0.36,26,0,,,0,5.45,7.296720504760742
370,10,terrifically,12,1,10,0.4,26,0,1.7,1.7,1,2.22,17.64940595626831
370,11,told,4,1,11,0.44,26,0,,,0,5.54,4.1328253746032715
370,12,by,2,0,12,0.48,26,0,,,0,6.66,4.729654312133789
370,13,the,3,0,13,0.52,26,0,,,0,7.73,3.749424695968628
370,14,man,3,1,14,0.56,26,0,,,0,5.82,6.1026482582092285
370,15,who,3,0,15,0.6,26,0,,,0,6.34,0.7211647629737854
370,16,wrote,5,1,16,0.64,26,0,,,0,5.04,3.5954761505126953
370,17,it,2,0,17,0.68,26,0,,,0,6.95,0.7274065613746643
370,18,but,3,0,18,0.72,26,0,,,0,6.63,8.606483459472656
370,19,this,4,0,19,0.76,26,0,,,0,6.82,8.619205474853516
370,20,Cliff,5,1,20,0.8,26,0,,,0,4.1,19.227184295654297
370,21,Notes,5,1,21,0.84,26,0,,,0,4.84,5.262264251708984
370,22,edition,7,1,22,0.88,26,0,,,0,4.8,6.249265193939209
370,23,is,2,0,23,0.92,26,0,,,0,7.07,1.6526389122009277
370,24,a,1,0,24,0.96,26,0,,,0,7.36,3.095486879348755
370,25,cheat.,5,1,25,1.0,26,0,-2.0,2.0,1,4.06,14.940398931503296
371,0,A,1,0,0,0.0,14,-1,,,0,7.36,5.6875901222229
371,1,gratingly,9,1,1,0.07692307692307693,14,-1,-0.2,0.2,1,1.16,28.99290370941162
371,2,unfunny,7,1,2,0.15384615384615385,14,-1,,,0,2.64,12.613178014755249
371,3,groaner,7,1,3,0.23076923076923078,14,-1,,,0,1.2,26.588597297668457
371,4,littered,8,1,4,0.3076923076923077,14,-1,,,0,3.1,14.705408096313477
371,5,with,4,0,5,0.38461538461538464,14,-1,,,0,6.85,7.080784320831299
371,6,"zero-dimensional,",15,1,6,0.46153846153846156,14,-1,,,0,0.0,29.41502583026886
371,7,unlikable,9,1,7,0.5384615384615384,14,-1,,,0,2.21,12.25050687417388
371,8,characters,10,1,8,0.6153846153846154,14,-1,,,0,4.88,5.262234687805176
371,9,and,3,0,9,0.6923076923076923,14,-1,,,0,7.41,3.8974432945251465
371,10,"hackneyed,",9,1,10,0.7692307692307693,14,-1,,,0,2.4,21.07868239597883
371,11,threadbare,10,1,11,0.8461538461538461,14,-1,,,0,2.43,13.497951675206423
371,12,comic,5,1,12,0.9230769230769231,14,-1,,,0,4.42,9.359469413757324
371,13,setups.,6,1,13,1.0,14,-1,,,0,2.92,16.332569122314453
372,0,While,5,0,0,0.0,26,0,,,0,5.86,9.579328536987305
372,1,this,4,0,1,0.04,26,0,,,0,6.82,6.31496000289917
372,2,gentle,6,1,2,0.08,26,0,1.9,1.9,1,4.17,14.95335865020752
372,3,and,3,0,3,0.12,26,0,,,0,7.41,5.937521934509277
372,4,affecting,9,1,4,0.16,26,0,,,0,4.07,14.94137954711914
372,5,melodrama,9,1,5,0.2,26,0,,,0,3.05,14.12329089641571
372,6,will,4,0,6,0.24,26,0,,,0,6.45,5.179149627685547
372,7,have,4,0,7,0.28,26,0,,,0,6.71,5.296579360961914
372,8,luvvies,7,1,8,0.32,26,0,,,0,1.54,22.770586848258972
372,9,in,2,0,9,0.36,26,0,,,0,7.27,3.261538028717041
372,10,"raptures,",8,1,10,0.4,26,0,0.7,0.7,1,2.16,18.42047917842865
372,11,it's,3,1,11,0.44,26,0,,,0,6.33,4.635507106781006
372,12,far,3,1,12,0.48,26,0,,,0,5.5,7.2340593338012695
372,13,too,3,0,13,0.52,26,0,,,0,5.95,3.473081588745117
372,14,slight,6,1,14,0.56,26,0,,,0,4.22,12.578490257263184
372,15,and,3,0,15,0.6,26,0,,,0,7.41,3.465757131576538
372,16,introspective,13,1,16,0.64,26,0,,,0,2.9,10.918506130576134
372,17,to,2,0,17,0.68,26,0,,,0,7.43,0.8053231239318848
372,18,appeal,6,1,18,0.72,26,0,,,0,4.67,8.760186195373535
372,19,to,2,0,19,0.76,26,0,,,0,7.43,0.28541210293769836
372,20,anything,8,1,20,0.8,26,0,,,0,5.55,7.904956340789795
372,21,wider,5,1,21,0.84,26,0,,,0,4.24,11.792736053466797
372,22,than,4,0,22,0.88,26,0,,,0,6.13,1.1637979745864868
372,23,a,1,0,23,0.92,26,0,,,0,7.36,2.8346188068389893
372,24,niche,5,1,24,0.96,26,0,,,0,3.85,9.845809936523438
372,25,audience.,8,1,25,1.0,26,0,,,0,4.73,0.6844450533390045
373,0,Griffin,7,1,0,0.0,8,1,,,0,3.9,16.92177677154541
373,1,&,0,0,1,0.14285714285714285,8,1,,,0,,9.473803520202637
373,2,Co.,2,1,2,0.2857142857142857,8,1,,,0,5.21,4.988454431295395
373,3,manage,6,1,3,0.42857142857142855,8,1,,,0,4.54,15.461674690246582
373,4,to,2,0,4,0.5714285714285714,8,1,,,0,7.43,3.3500382900238037
373,5,be,2,0,5,0.7142857142857143,8,1,,,0,6.79,7.711572647094727
373,6,spectacularly,13,1,6,0.8571428571428571,8,1,,,0,3.02,13.130069255828857
373,7,outrageous.,10,1,7,1.0,8,1,-2.0,2.0,1,3.77,15.671371936798096
374,0,A,1,0,0,0.0,20,-1,,,0,7.36,5.6875901222229
374,1,profoundly,10,1,1,0.05263157894736842,20,-1,,,0,3.51,17.173477172851562
374,2,stupid,6,1,2,0.10526315789473684,20,-1,-2.4,2.4,1,4.94,10.446130752563477
374,3,"affair,",6,1,3,0.15789473684210525,20,-1,,,0,4.3,15.168136835098267
374,4,populating,10,1,4,0.21052631578947367,20,-1,,,0,2.29,23.32102632522583
374,5,its,3,0,5,0.2631578947368421,20,-1,,,0,6.14,5.470261573791504
374,6,hackneyed,9,1,6,0.3157894736842105,20,-1,,,0,2.4,16.054929885547608
374,7,and,3,0,7,0.3684210526315789,20,-1,,,0,7.41,5.982309341430664
374,8,meanspirited,12,1,8,0.42105263157894735,20,-1,,,0,1.15,29.514166712760925
374,9,storyline,9,1,9,0.47368421052631576,20,-1,,,0,3.74,11.718389511108398
374,10,with,4,0,10,0.5263157894736842,20,-1,,,0,6.85,0.44854849576950073
374,11,cardboard,9,1,11,0.5789473684210527,20,-1,,,0,3.66,13.22911262512207
374,12,characters,10,1,12,0.631578947368421,20,-1,,,0,4.88,7.557626724243164
374,13,and,3,0,13,0.6842105263157895,20,-1,,,0,7.41,2.728210210800171
374,14,performers,10,1,14,0.7368421052631579,20,-1,,,0,3.88,15.645101547241211
374,15,who,3,0,15,0.7894736842105263,20,-1,,,0,6.34,2.6160151958465576
374,16,value,5,1,16,0.8421052631578947,20,-1,1.4,1.4,1,5.15,13.535359382629395
374,17,cash,4,1,17,0.8947368421052632,20,-1,,,0,4.92,10.845366477966309
374,18,above,5,0,18,0.9473684210526315,20,-1,,,0,5.2,7.519383907318115
374,19,credibility.,11,1,19,1.0,20,-1,,,0,3.88,13.470407724380493
375,0,Warm,4,1,0,0.0,24,1,0.9,0.9,1,4.71,15.11781120300293
375,1,Water,5,1,1,0.043478260869565216,24,1,,,0,5.52,6.670708179473877
375,2,Under,5,0,2,0.08695652173913043,24,1,,,0,5.73,11.418190002441406
375,3,a,1,0,3,0.13043478260869565,24,1,,,0,7.36,6.315065383911133
375,4,Red,3,1,4,0.17391304347826086,24,1,,,0,5.32,7.460247039794922
375,5,Bridge,6,1,5,0.21739130434782608,24,1,,,0,4.77,7.360262870788574
375,6,is,2,0,6,0.2608695652173913,24,1,,,0,7.07,5.761058330535889
375,7,a,1,0,7,0.30434782608695654,24,1,,,0,7.36,2.036351203918457
375,8,quirky,6,1,8,0.34782608695652173,24,1,,,0,3.53,10.53921890258789
375,9,and,3,0,9,0.391304347826087,24,1,,,0,7.41,3.801326274871826
375,10,poignant,8,1,10,0.43478260869565216,24,1,,,0,3.27,9.462838172912598
375,11,Japanese,8,1,11,0.4782608695652174,24,1,,,0,4.81,12.388599395751953
375,12,film,4,1,12,0.5217391304347826,24,1,,,0,5.2,5.2792649269104
375,13,that,4,0,13,0.5652173913043478,24,1,,,0,7.01,2.8313052654266357
375,14,explores,8,1,14,0.6086956521739131,24,1,,,0,3.64,2.959987163543701
375,15,the,3,0,15,0.6521739130434783,24,1,,,0,7.73,0.7547333836555481
375,16,fascinating,11,1,16,0.6956521739130435,24,1,2.5,2.5,1,4.13,9.506555557250977
375,17,connections,11,1,17,0.7391304347826086,24,1,,,0,4.32,7.403066158294678
375,18,between,7,0,18,0.782608695652174,24,1,,,0,5.77,0.5035470724105835
375,19,"women,",5,1,19,0.8260869565217391,24,1,,,0,5.57,11.477528095245361
375,20,"water,",5,1,20,0.8695652173913043,24,1,,,0,5.52,7.30482804775238
375,21,"nature,",6,1,21,0.9130434782608695,24,1,,,0,4.98,6.092881858348846
375,22,and,3,0,22,0.9565217391304348,24,1,,,0,7.41,0.9197795391082764
375,23,sexuality.,9,1,23,1.0,24,1,,,0,3.97,8.34547734260559
376,0,It,2,0,0,0.0,18,-1,,,0,6.95,6.777443885803223
376,1,isn't,4,1,1,0.058823529411764705,18,-1,,,0,5.41,7.741764509410132
376,2,that,4,0,2,0.11764705882352941,18,-1,,,0,7.01,4.531078338623047
376,3,Stealing,8,1,3,0.17647058823529413,18,-1,-2.7,2.7,1,4.23,21.068007469177246
376,4,Harvard,7,1,4,0.23529411764705882,18,-1,,,0,4.24,18.236055374145508
376,5,is,2,0,5,0.29411764705882354,18,-1,,,0,7.07,3.284572124481201
376,6,a,1,0,6,0.35294117647058826,18,-1,,,0,7.36,2.4423913955688477
376,7,horrible,8,1,7,0.4117647058823529,18,-1,-2.5,2.5,1,4.44,8.637516021728516
376,8,movie,5,1,8,0.47058823529411764,18,-1,,,0,5.16,8.04708194732666
376,9,--,0,0,9,0.5294117647058824,18,-1,,,0,,7.939151287078857
376,10,if,2,0,10,0.5882352941176471,18,-1,,,0,6.47,6.155759334564209
376,11,only,4,0,11,0.6470588235294118,18,-1,,,0,6.12,5.801745414733887
376,12,it,2,0,12,0.7058823529411765,18,-1,,,0,6.95,2.0298163890838623
376,13,were,4,0,13,0.7647058823529411,18,-1,,,0,6.34,2.2488670349121094
376,14,that,4,0,14,0.8235294117647058,18,-1,,,0,7.01,2.6613657474517822
376,15,grand,5,1,15,0.8823529411764706,18,-1,2.0,2.0,1,4.91,12.32342529296875
376,16,a,1,0,16,0.9411764705882353,18,-1,,,0,7.36,9.4968900680542
376,17,failure!,7,1,17,1.0,18,-1,-2.3,2.3,1,4.72,15.419280052185059
377,0,It,2,0,0,0.0,11,0,,,0,6.95,6.777441501617432
377,1,just,4,0,1,0.1,11,0,,,0,6.43,9.032630920410156
377,2,doesn't,6,1,2,0.2,11,0,,,0,5.53,4.674581759027205
377,3,have,4,0,3,0.3,11,0,,,0,6.71,5.20657205581665
377,4,much,4,1,4,0.4,11,0,,,0,6.0,5.9916510581970215
377,5,else...,4,1,5,0.5,11,0,,,0,5.38,19.600879192352295
377,6,especially,10,1,6,0.6,11,0,,,0,5.21,9.940386772155762
377,7,in,2,0,7,0.7,11,0,,,0,7.27,3.704984426498413
377,8,a,1,0,8,0.8,11,0,,,0,7.36,3.53389573097229
377,9,moral,5,1,9,0.9,11,0,,,0,4.46,13.632240295410156
377,10,sense.,5,1,10,1.0,11,0,,,0,5.19,3.2260136008262634
378,0,Those,5,0,0,0.0,12,0,,,0,5.9,11.483563423156738
378,1,unfamiliar,10,1,1,0.09090909090909091,12,0,,,0,3.62,9.648787498474121
378,2,with,4,0,2,0.18181818181818182,12,0,,,0,6.85,0.02135278843343258
378,3,Mormon,6,1,3,0.2727272727272727,12,0,,,0,3.67,13.147638320922852
378,4,traditions,10,1,4,0.36363636363636365,12,0,,,0,4.1,7.121769905090332
378,5,may,3,1,5,0.45454545454545453,12,0,,,0,5.98,2.65004563331604
378,6,find,4,1,6,0.5454545454545454,12,0,,,0,5.76,3.874340057373047
378,7,The,3,0,7,0.6363636363636364,12,0,,,0,7.73,11.059578895568848
378,8,Singles,7,1,8,0.7272727272727273,12,0,,,0,4.44,17.02517604827881
378,9,Ward,4,1,9,0.8181818181818182,12,0,,,0,4.37,12.741292953491211
378,10,occasionally,12,1,10,0.9090909090909091,12,0,,,0,4.39,14.643442153930664
378,11,bewildering.,11,1,11,1.0,12,0,,,0,2.84,15.261713284999132
379,0,Viewed,6,1,0,0.0,20,0,,,0,4.31,17.713877201080322
379,1,as,2,0,1,0.05263157894736842,20,0,,,0,6.77,6.904285907745361
379,2,a,1,0,2,0.10526315789473684,20,0,,,0,7.36,1.596678614616394
379,3,"comedy,",6,1,3,0.15789473684210525,20,0,1.5,1.5,1,4.51,11.99381172657013
379,4,a,1,0,4,0.21052631578947367,20,0,,,0,7.36,6.426728248596191
379,5,"romance,",7,1,5,0.2631578947368421,20,0,2.6,2.6,1,4.32,8.763611435890198
379,6,a,1,0,6,0.3157894736842105,20,0,,,0,7.36,1.702371597290039
379,7,fairy,5,1,7,0.3684210526315789,20,0,,,0,4.08,8.604671478271484
379,8,"tale,",4,1,8,0.42105263157894735,20,0,,,0,4.29,0.7323796562850475
379,9,or,2,0,9,0.47368421052631576,20,0,,,0,6.54,2.916137218475342
379,10,a,1,0,10,0.5263157894736842,20,0,,,0,7.36,1.3331831693649292
379,11,"drama,",5,1,11,0.5789473684210527,20,0,,,0,4.67,9.157744288444519
379,12,there's,6,1,12,0.631578947368421,20,0,,,0,5.54,8.635240912437439
379,13,nothing,7,1,13,0.6842105263157895,20,0,,,0,5.55,3.7204129695892334
379,14,remotely,8,1,14,0.7368421052631579,20,0,,,0,3.75,7.351972579956055
379,15,triumphant,10,1,15,0.7894736842105263,20,0,2.4,2.4,1,3.37,15.105347633361816
379,16,about,5,0,16,0.8421052631578947,20,0,,,0,6.4,0.6769231557846069
379,17,this,4,0,17,0.8947368421052632,20,0,,,0,6.82,2.9266374111175537
379,18,motion,6,1,18,0.9473684210526315,20,0,,,0,4.59,14.272234916687012
379,19,picture.,7,1,19,1.0,20,0,,,0,5.13,1.357335388660431
380,0,But,3,0,0,0.0,14,1,,,0,6.63,8.71313190460205
380,1,the,3,0,1,0.07692307692307693,14,1,,,0,7.73,3.6510238647460938
380,2,talented,8,1,2,0.15384615384615385,14,1,2.3,2.3,1,4.3,15.50097370147705
380,3,cast,4,1,3,0.23076923076923078,14,1,,,0,4.79,11.098201751708984
380,4,alone,5,1,4,0.3076923076923077,14,1,-1.0,1.0,1,5.16,11.822969436645508
380,5,will,4,0,5,0.38461538461538464,14,1,,,0,6.45,3.4447379112243652
380,6,keep,4,1,6,0.46153846153846156,14,1,,,0,5.66,5.34726095199585
380,7,you,3,0,7,0.5384615384615384,14,1,,,0,6.98,3.857361078262329
380,8,"watching,",8,1,8,0.6153846153846154,14,1,,,0,5.02,13.109298467636108
380,9,as,2,0,9,0.6923076923076923,14,1,,,0,6.77,3.4417827129364014
380,10,will,4,0,10,0.7692307692307693,14,1,,,0,6.45,6.897421836853027
380,11,the,3,0,11,0.8461538461538461,14,1,,,0,7.73,1.0495623350143433
380,12,fight,5,1,12,0.9230769230769231,14,1,-1.6,1.6,1,5.23,10.598925590515137
380,13,scenes.,6,1,13,1.0,14,1,,,0,4.58,5.758100986480713
381,0,It's,3,1,0,0.0,12,1,,,0,6.33,8.079900979995728
381,1,solid,5,1,1,0.09090909090909091,12,1,0.6,0.6,1,4.73,14.643281936645508
381,2,and,3,0,2,0.18181818181818182,12,1,,,0,7.41,4.7155585289001465
381,3,affecting,9,1,3,0.2727272727272727,12,1,,,0,4.07,18.941560745239258
381,4,and,3,0,4,0.36363636363636365,12,1,,,0,7.41,5.494908809661865
381,5,exactly,7,1,5,0.45454545454545453,12,1,,,0,5.15,12.638480186462402
381,6,as,2,0,6,0.5454545454545454,12,1,,,0,6.77,4.57450008392334
381,7,thought-provoking,16,1,7,0.6363636363636364,12,1,,,0,0.0,13.735921893268824
381,8,as,2,0,8,0.7272727272727273,12,1,,,0,6.77,0.2909640669822693
381,9,it,2,0,9,0.8181818181818182,12,1,,,0,6.95,2.6576247215270996
381,10,should,6,0,10,0.9090909090909091,12,1,,,0,5.99,4.456467628479004
381,11,be.,2,0,11,1.0,12,1,,,0,6.79,0.6163478046655655
382,0,Thanks,6,1,0,0.0,23,-1,1.9,1.9,1,5.43,11.261555671691895
382,1,largely,7,1,1,0.045454545454545456,23,-1,,,0,4.61,12.233803749084473
382,2,to,2,0,2,0.09090909090909091,23,-1,,,0,7.43,0.057097673416137695
382,3,"Williams,",8,1,3,0.13636363636363635,23,-1,,,0,4.67,15.089380264282227
382,4,all,3,0,4,0.18181818181818182,23,-1,,,0,6.52,9.24673843383789
382,5,the,3,0,5,0.22727272727272727,23,-1,,,0,7.73,3.457549571990967
382,6,interesting,11,1,6,0.2727272727272727,23,-1,1.7,1.7,1,5.0,11.932340621948242
382,7,developments,12,1,7,0.3181818181818182,23,-1,,,0,4.22,6.757279396057129
382,8,are,3,0,8,0.36363636363636365,23,-1,,,0,6.74,4.094573974609375
382,9,processed,9,1,9,0.4090909090909091,23,-1,,,0,3.96,15.568636894226074
382,10,in,2,0,10,0.45454545454545453,23,-1,,,0,7.27,2.0488967895507812
382,11,60,0,0,11,0.5,23,-1,,,0,4.66,14.162871360778809
382,12,minutes,7,1,12,0.5454545454545454,23,-1,,,0,5.31,4.67764139175415
382,13,--,0,0,13,0.5909090909090909,23,-1,,,0,,9.682995796203613
382,14,the,3,0,14,0.6363636363636364,23,-1,,,0,7.73,4.518640995025635
382,15,rest,4,1,15,0.6818181818181818,23,-1,,,0,5.23,8.694159507751465
382,16,is,2,0,16,0.7272727272727273,23,-1,,,0,7.07,2.6843953132629395
382,17,just,4,0,17,0.7727272727272727,23,-1,,,0,6.43,4.070252895355225
382,18,an,2,0,18,0.8181818181818182,23,-1,,,0,6.53,5.7549872398376465
382,19,overexposed,11,1,19,0.8636363636363636,23,-1,,,0,2.25,19.97959065437317
382,20,waste,5,1,20,0.9090909090909091,23,-1,-1.8,1.8,1,4.81,10.520103454589844
382,21,of,2,0,21,0.9545454545454546,23,-1,,,0,7.4,0.5041384696960449
382,22,film.,4,1,22,1.0,23,-1,,,0,5.2,14.589521050453186
383,0,Cantet,6,1,0,0.0,15,1,,,0,0.0,27.433979511260986
383,1,perfectly,9,1,1,0.07142857142857142,15,1,3.2,3.2,1,4.61,18.759929656982422
383,2,captures,8,1,2,0.14285714285714285,15,1,,,0,3.72,3.9744646549224854
383,3,the,3,0,3,0.21428571428571427,15,1,,,0,7.73,0.8842204213142395
383,4,hotel,5,1,4,0.2857142857142857,15,1,,,0,4.95,14.840115547180176
383,5,"lobbies,",7,1,5,0.35714285714285715,15,1,,,0,2.99,13.419293137383647
383,6,two-lane,7,1,6,0.42857142857142855,15,1,,,0,0.0,16.86285376548767
383,7,"highways,",8,1,7,0.5,15,1,,,0,3.88,5.910290002822876
383,8,and,3,0,8,0.5714285714285714,15,1,,,0,7.41,1.4469566345214844
383,9,roadside,8,1,9,0.6428571428571429,15,1,,,0,3.45,11.948965072631836
383,10,cafes,5,1,10,0.7142857142857143,15,1,,,0,3.33,5.8805365562438965
383,11,that,4,0,11,0.7857142857142857,15,1,,,0,7.01,2.514139175415039
383,12,permeate,8,1,12,0.8571428571428571,15,1,,,0,2.63,9.70718314498663
383,13,Vincent's,8,1,13,0.9285714285714286,15,1,,,0,2.9,18.843093514442444
383,14,days,4,1,14,1.0,15,1,,,0,5.61,10.733555793762207
384,0,An,2,0,0,0.0,20,1,,,0,6.53,8.940567970275879
384,1,important,9,1,1,0.05263157894736842,20,1,0.8,0.8,1,5.44,7.690710544586182
384,2,"movie,",5,1,2,0.10526315789473684,20,1,,,0,5.16,19.289016246795654
384,3,a,1,0,3,0.15789473684210525,20,1,,,0,7.36,4.9751434326171875
384,4,reminder,8,1,4,0.21052631578947367,20,1,,,0,4.12,9.241790771484375
384,5,of,2,0,5,0.2631578947368421,20,1,,,0,7.4,0.9250320792198181
384,6,the,3,0,6,0.3157894736842105,20,1,,,0,7.73,1.773276686668396
384,7,power,5,1,7,0.3684210526315789,20,1,,,0,5.52,4.736096382141113
384,8,of,2,0,8,0.42105263157894735,20,1,,,0,7.4,0.16522397100925446
384,9,film,4,1,9,0.47368421052631576,20,1,,,0,5.2,5.488184928894043
384,10,to,2,0,10,0.5263157894736842,20,1,,,0,7.43,3.4599671363830566
384,11,move,4,1,11,0.5789473684210527,20,1,,,0,5.35,7.320025444030762
384,12,us,2,1,12,0.631578947368421,20,1,,,0,6.04,1.5768522024154663
384,13,and,3,0,13,0.6842105263157895,20,1,,,0,7.41,4.4329657554626465
384,14,to,2,0,14,0.7368421052631579,20,1,,,0,7.43,5.171142101287842
384,15,make,4,1,15,0.7894736842105263,20,1,,,0,6.08,3.9724276065826416
384,16,us,2,1,16,0.8421052631578947,20,1,,,0,6.04,0.27252697944641113
384,17,examine,7,1,17,0.8947368421052632,20,1,,,0,4.18,11.767552375793457
384,18,our,3,0,18,0.9473684210526315,20,1,,,0,6.14,2.133073329925537
384,19,values.,6,1,19,1.0,20,1,1.7,1.7,1,4.67,10.366980195045471
385,0,Too,3,0,0,0.0,23,-1,,,0,5.95,13.231470108032227
385,1,much,4,1,1,0.045454545454545456,23,-1,,,0,6.0,2.8643405437469482
385,2,of,2,0,2,0.09090909090909091,23,-1,,,0,7.4,3.4719018936157227
385,3,this,4,0,3,0.13636363636363635,23,-1,,,0,6.82,4.245339870452881
385,4,well-acted,9,1,4,0.18181818181818182,23,-1,,,0,0.0,25.973283767700195
385,5,but,3,0,5,0.22727272727272727,23,-1,,,0,6.63,8.1982421875
385,6,dangerously,11,1,6,0.2727272727272727,23,-1,-2.0,2.0,1,3.47,12.560564041137695
385,7,slow,4,1,7,0.3181818181818182,23,-1,,,0,4.85,8.666313171386719
385,8,thriller,8,1,8,0.36363636363636365,23,-1,0.4,0.4,1,3.91,10.291592597961426
385,9,feels,5,1,9,0.4090909090909091,23,-1,,,0,4.9,7.64705228805542
385,10,like,4,1,10,0.45454545454545453,23,-1,1.5,1.5,1,6.41,0.8487549424171448
385,11,a,1,0,11,0.5,23,-1,,,0,7.36,1.2769334316253662
385,12,preamble,8,1,12,0.5454545454545454,23,-1,,,0,2.87,14.888453091261908
385,13,to,2,0,13,0.5909090909090909,23,-1,,,0,7.43,0.5269589424133301
385,14,a,1,0,14,0.6363636363636364,23,-1,,,0,7.36,3.0582339763641357
385,15,"bigger,",6,1,15,0.6818181818181818,23,-1,,,0,4.74,9.648166179656982
385,16,more,4,0,16,0.7272727272727273,23,-1,,,0,6.36,1.4149595499038696
385,17,complicated,11,1,17,0.7727272727272727,23,-1,,,0,4.47,5.903806686401367
385,18,"story,",5,1,18,0.8181818181818182,23,-1,,,0,5.45,5.755857229232788
385,19,one,3,1,19,0.8636363636363636,23,-1,,,0,6.47,3.5135104656219482
385,20,that,4,0,20,0.9090909090909091,23,-1,,,0,7.01,0.7829952836036682
385,21,never,5,1,21,0.9545454545454546,23,-1,,,0,5.91,8.196901321411133
385,22,materializes.,12,1,22,1.0,23,-1,,,0,2.17,10.718158185482025
386,0,A,1,0,0,0.0,18,1,,,0,7.36,5.687591075897217
386,1,richly,6,1,1,0.058823529411764705,18,1,1.9,1.9,1,3.27,17.478378772735596
386,2,imagined,8,1,2,0.11764705882352941,18,1,,,0,4.07,9.612309455871582
386,3,and,3,0,3,0.17647058823529413,18,1,,,0,7.41,4.109104156494141
386,4,admirably,9,1,4,0.23529411764705882,18,1,2.5,2.5,1,2.91,14.265018809121102
386,5,mature,6,1,5,0.29411764705882354,18,1,1.8,1.8,1,4.28,15.008949279785156
386,6,work,4,1,6,0.35294117647058826,18,1,,,0,5.96,6.386542797088623
386,7,from,4,0,7,0.4117647058823529,18,1,,,0,6.63,5.63538932800293
386,8,a,1,0,8,0.47058823529411764,18,1,,,0,7.36,3.509124279022217
386,9,gifted,6,1,9,0.5294117647058824,18,1,,,0,3.89,8.286109924316406
386,10,director,8,1,10,0.5882352941176471,18,1,,,0,5.15,6.307805061340332
386,11,who,3,0,11,0.6470588235294118,18,1,,,0,6.34,3.539236545562744
386,12,definitely,10,1,12,0.7058823529411765,18,1,1.7,1.7,1,4.96,12.048291206359863
386,13,has,3,0,13,0.7647058823529411,18,1,,,0,6.37,3.2035114765167236
386,14,something,9,1,14,0.8235294117647058,18,1,,,0,5.81,5.061096668243408
386,15,on,2,0,15,0.8823529411764706,18,1,,,0,6.91,6.026170253753662
386,16,his,3,0,16,0.9411764705882353,18,1,,,0,6.51,0.6526097655296326
386,17,mind.,4,1,17,1.0,18,1,,,0,5.41,1.6578181982040405
387,0,The,3,0,0,0.0,35,1,,,0,7.73,4.729313373565674
387,1,art,3,1,1,0.029411764705882353,35,1,,,0,5.29,12.634688377380371
387,2,direction,9,1,2,0.058823529411764705,35,1,,,0,4.93,8.446950912475586
387,3,is,2,0,3,0.08823529411764706,35,1,,,0,7.07,3.1802492141723633
387,4,often,5,1,4,0.11764705882352941,35,1,,,0,5.41,8.87263011932373
387,5,"exquisite,",9,1,5,0.14705882352941177,35,1,,,0,3.61,15.24969756603241
387,6,and,3,0,6,0.17647058823529413,35,1,,,0,7.41,2.699212074279785
387,7,the,3,0,7,0.20588235294117646,35,1,,,0,7.73,2.238405704498291
387,8,anthropomorphic,15,1,8,0.23529411764705882,35,1,,,0,2.73,19.2993643283844
387,9,animal,6,1,9,0.2647058823529412,35,1,,,0,4.81,7.464156150817871
387,10,characters,10,1,10,0.29411764705882354,35,1,,,0,4.88,4.54664421081543
387,11,are,3,0,11,0.3235294117647059,35,1,,,0,6.74,1.1162595748901367
387,12,beautifully,11,1,12,0.35294117647058826,35,1,2.7,2.7,1,3.92,7.328419208526611
387,13,realized,8,1,13,0.38235294117647056,35,1,,,0,4.59,7.867160320281982
387,14,through,7,0,14,0.4117647058823529,35,1,,,0,5.87,6.687213897705078
387,15,clever,6,1,15,0.4411764705882353,35,1,2.0,2.0,1,4.21,8.026641845703125
387,16,makeup,6,1,16,0.47058823529411764,35,1,,,0,4.39,9.280654907226562
387,17,"design,",6,1,17,0.5,35,1,,,0,5.17,12.916621685028076
387,18,leaving,7,1,18,0.5294117647058824,35,1,,,0,4.98,13.280618667602539
387,19,one,3,1,19,0.5588235294117647,35,1,,,0,6.47,7.369834899902344
387,20,to,2,0,20,0.5882352941176471,35,1,,,0,7.43,2.6546597480773926
387,21,hope,4,1,21,0.6176470588235294,35,1,1.9,1.9,1,5.44,9.478919982910156
387,22,that,4,0,22,0.6470588235294118,35,1,,,0,7.01,0.7161154747009277
387,23,the,3,0,23,0.6764705882352942,35,1,,,0,7.73,1.7258896827697754
387,24,eventual,8,1,24,0.7058823529411765,35,1,,,0,3.73,12.379144668579102
387,25,DVD,3,1,25,0.7352941176470589,35,1,,,0,4.25,13.942529678344727
387,26,release,7,1,26,0.7647058823529411,35,1,,,0,5.09,0.8164780139923096
387,27,will,4,0,27,0.7941176470588235,35,1,,,0,6.45,1.0530705451965332
387,28,offer,5,1,28,0.8235294117647058,35,1,,,0,5.05,6.851186275482178
387,29,subtitles,9,1,29,0.8529411764705882,35,1,,,0,3.48,12.553223609924316
387,30,and,3,0,30,0.8823529411764706,35,1,,,0,7.41,3.3306937217712402
387,31,the,3,0,31,0.9117647058823529,35,1,,,0,7.73,5.963106155395508
387,32,original,8,1,32,0.9411764705882353,35,1,1.3,1.3,1,5.16,6.819771766662598
387,33,Italian-language,15,1,33,0.9705882352941176,35,1,,,0,0.0,18.63327419757843
387,34,soundtrack.,10,1,34,1.0,35,1,,,0,3.93,3.9745540618896484
388,0,...,0,0,0,0.0,37,0,,,0,,9.636157989501953
388,1,"Jones,",5,1,1,0.027777777777777776,37,0,,,0,4.73,20.30056881904602
388,2,despite,7,1,2,0.05555555555555555,37,0,,,0,5.0,11.268529891967773
388,3,a,1,0,3,0.08333333333333333,37,0,,,0,7.36,5.261624336242676
388,4,definitely,10,1,4,0.1111111111111111,37,0,1.7,1.7,1,4.96,17.820615768432617
388,5,distinctive,11,1,5,0.1388888888888889,37,0,,,0,4.0,14.629133224487305
388,6,screen,6,1,6,0.16666666666666666,37,0,,,0,4.85,13.363856315612793
388,7,"presence,",8,1,7,0.19444444444444445,37,0,,,0,4.73,4.587751924991608
388,8,just,4,0,8,0.2222222222222222,37,0,,,0,6.43,7.636590957641602
388,9,isn't,4,1,9,0.25,37,0,,,0,5.41,4.41188545897603
388,10,able,4,1,10,0.2777777777777778,37,0,,,0,5.43,5.628475189208984
388,11,to,2,0,11,0.3055555555555556,37,0,,,0,7.43,0.00624936493113637
388,12,muster,6,1,12,0.3333333333333333,37,0,,,0,3.42,8.16622543334961
388,13,for,3,0,13,0.3611111111111111,37,0,,,0,7.01,10.907583236694336
388,14,a,1,0,14,0.3888888888888889,37,0,,,0,7.36,2.630478620529175
388,15,movie,5,1,15,0.4166666666666667,37,0,,,0,5.16,7.517035007476807
388,16,"that,",4,0,16,0.4444444444444444,37,0,,,0,7.01,11.523255586624146
388,17,its,3,0,17,0.4722222222222222,37,0,,,0,6.14,12.304645538330078
388,18,title,5,1,18,0.5,37,0,,,0,5.1,6.2494215965271
388,19,"notwithstanding,",15,1,19,0.5277777777777778,37,0,,,0,3.48,4.3155482560396194
388,20,should,6,0,20,0.5555555555555556,37,0,,,0,5.99,7.608949184417725
388,21,have,4,0,21,0.5833333333333334,37,0,,,0,6.71,2.9032938480377197
388,22,been,4,0,22,0.6111111111111112,37,0,,,0,6.27,2.3790621757507324
388,23,a,1,0,23,0.6388888888888888,37,0,,,0,7.36,2.712949514389038
388,24,lot,3,1,24,0.6666666666666666,37,0,,,0,5.61,7.5339460372924805
388,25,nastier,7,1,25,0.6944444444444444,37,0,-2.3,2.3,1,2.43,14.223667420796119
388,26,if,2,0,26,0.7222222222222222,37,0,,,0,6.47,9.514986991882324
388,27,it,2,0,27,0.75,37,0,,,0,6.95,2.077291488647461
388,28,wanted,6,1,28,0.7777777777777778,37,0,,,0,5.36,11.385453224182129
388,29,to,2,0,29,0.8055555555555556,37,0,,,0,7.43,0.24008147418498993
388,30,fully,5,1,30,0.8333333333333334,37,0,,,0,4.89,12.231081008911133
388,31,capitalize,10,1,31,0.8611111111111112,37,0,,,0,3.34,5.89548397064209
388,32,on,2,0,32,0.8888888888888888,37,0,,,0,6.91,0.1517769992351532
388,33,its,3,0,33,0.9166666666666666,37,0,,,0,6.14,2.489260196685791
388,34,lead's,5,1,34,0.9444444444444444,37,0,,,0,1.8,12.873955249786377
388,35,specific,8,1,35,0.9722222222222222,37,0,,,0,5.03,12.87437629699707
388,36,gifts.,5,1,36,1.0,37,0,,,0,4.38,9.700790047645569
389,0,But,3,0,0,0.0,13,1,,,0,6.63,8.71313190460205
389,1,what's,5,1,1,0.08333333333333333,13,1,,,0,5.2,9.434720039367676
389,2,nice,4,1,2,0.16666666666666666,13,1,1.8,1.8,1,5.37,10.706028938293457
389,3,is,2,0,3,0.25,13,1,,,0,7.07,3.4340524673461914
389,4,that,4,0,4,0.3333333333333333,13,1,,,0,7.01,0.6684086918830872
389,5,there's,6,1,5,0.4166666666666667,13,1,,,0,5.54,6.31270968914032
389,6,a,1,0,6,0.5,13,1,,,0,7.36,1.7961114645004272
389,7,casual,6,1,7,0.5833333333333334,13,1,0.8,0.8,1,4.23,13.475007057189941
389,8,intelligence,12,1,8,0.6666666666666666,13,1,2.1,2.1,1,4.7,16.114587783813477
389,9,that,4,0,9,0.75,13,1,,,0,7.01,3.590386152267456
389,10,permeates,9,1,10,0.8333333333333334,13,1,,,0,2.69,7.819760050624609
389,11,the,3,0,11,0.9166666666666666,13,1,,,0,7.73,2.1885862350463867
389,12,script.,6,1,12,1.0,13,1,,,0,4.36,13.901631951332092
390,0,Wedding,7,1,0,0.0,5,-1,,,0,4.83,15.84458938241005
390,1,feels,5,1,1,0.25,5,-1,,,0,4.9,16.515132904052734
390,2,a,1,0,2,0.5,5,-1,,,0,7.36,4.316002368927002
390,3,bit,3,1,3,0.75,5,-1,,,0,5.37,1.5505119562149048
390,4,anachronistic.,13,1,4,1.0,5,-1,,,0,2.69,16.46229506051168
391,0,An,2,0,0,0.0,18,1,,,0,6.53,8.940566062927246
391,1,action/thriller,14,1,1,0.058823529411764705,18,1,,,0,0.0,24.018583923578262
391,2,of,2,0,2,0.11764705882352941,18,1,,,0,7.4,6.480906009674072
391,3,the,3,0,3,0.17647058823529413,18,1,,,0,7.73,2.866314172744751
391,4,finest,6,1,4,0.23529411764705882,18,1,,,0,4.15,10.560892105102539
391,5,"kind,",4,1,5,0.29411764705882354,18,1,2.4,2.4,1,5.45,10.644335269927979
391,6,evoking,7,1,6,0.35294117647058826,18,1,,,0,2.85,14.643961012363434
391,7,memories,8,1,7,0.4117647058823529,18,1,,,0,4.5,6.694849014282227
391,8,of,2,0,8,0.47058823529411764,18,1,,,0,7.4,0.37880441546440125
391,9,Day,3,1,9,0.5294117647058824,18,1,,,0,5.95,15.370519638061523
391,10,of,2,0,10,0.5882352941176471,18,1,,,0,7.4,1.9194276332855225
391,11,the,3,0,11,0.6470588235294118,18,1,,,0,7.73,0.1800420731306076
391,12,"Jackal,",6,1,12,0.7058823529411765,18,1,,,0,2.87,15.499153792858124
391,13,The,3,0,13,0.7647058823529411,18,1,,,0,7.73,5.127376556396484
391,14,French,6,1,14,0.8235294117647058,18,1,,,0,5.09,10.40965747833252
391,15,"Connection,",10,1,15,0.8823529411764706,18,1,,,0,4.76,2.4945812821388245
391,16,and,3,0,16,0.9411764705882353,18,1,,,0,7.41,2.129055976867676
391,17,Heat.,4,1,17,1.0,18,1,,,0,4.86,17.87864398956299
392,0,This,4,0,0,0.0,21,-1,,,0,6.82,7.008680820465088
392,1,picture,7,1,1,0.05,21,-1,,,0,5.13,9.628198623657227
392,2,is,2,0,2,0.1,21,-1,,,0,7.07,3.5611462593078613
392,3,murder,6,1,3,0.15,21,-1,-3.7,3.7,1,4.86,21.81206703186035
392,4,by,2,0,4,0.2,21,-1,,,0,6.66,4.266028881072998
392,5,"numbers,",7,1,5,0.25,21,-1,,,0,4.98,16.371590852737427
392,6,and,3,0,6,0.3,21,-1,,,0,7.41,3.870793581008911
392,7,as,2,0,7,0.35,21,-1,,,0,6.77,6.843459129333496
392,8,easy,4,1,8,0.4,21,-1,1.9,1.9,1,5.29,11.478894233703613
392,9,to,2,0,9,0.45,21,-1,,,0,7.43,2.4232876300811768
392,10,be,2,0,10,0.5,21,-1,,,0,6.79,7.8277268409729
392,11,bored,5,1,11,0.55,21,-1,-1.1,1.1,1,4.2,11.686918258666992
392,12,by,2,0,12,0.6,21,-1,,,0,6.66,7.095228672027588
392,13,as,2,0,13,0.65,21,-1,,,0,6.77,0.18809226155281067
392,14,your,4,0,14,0.7,21,-1,,,0,6.53,7.122071743011475
392,15,"ABC's,",4,1,15,0.75,21,-1,,,0,3.16,26.17156457901001
392,16,despite,7,1,16,0.8,21,-1,,,0,5.0,11.62940788269043
392,17,a,1,0,17,0.85,21,-1,,,0,7.36,5.568304061889648
392,18,few,3,0,18,0.9,21,-1,,,0,5.6,5.10807466506958
392,19,whopping,8,1,19,0.95,21,-1,,,0,3.22,17.862714767456055
392,20,shootouts.,9,1,20,1.0,21,-1,,,0,2.48,17.371788263320923
393,0,Every,5,1,0,0.0,32,1,,,0,5.79,11.329523086547852
393,1,individual,10,1,1,0.03225806451612903,32,1,,,0,5.0,10.918306350708008
393,2,will,4,0,2,0.06451612903225806,32,1,,,0,6.45,6.381474018096924
393,3,see,3,1,3,0.0967741935483871,32,1,,,0,6.1,6.718510627746582
393,4,the,3,0,4,0.12903225806451613,32,1,,,0,7.73,2.760655164718628
393,5,movie,5,1,5,0.16129032258064516,32,1,,,0,5.16,10.369343757629395
393,6,through,7,0,6,0.1935483870967742,32,1,,,0,5.87,8.80976676940918
393,7,the,3,0,7,0.22580645161290322,32,1,,,0,7.73,1.7266017198562622
393,8,prism,5,1,8,0.25806451612903225,32,1,,,0,3.44,3.4904072284698486
393,9,of,2,0,9,0.2903225806451613,32,1,,,0,7.4,0.02661343663930893
393,10,his,3,0,10,0.3225806451612903,32,1,,,0,6.51,2.7070319652557373
393,11,or,2,0,11,0.3548387096774194,32,1,,,0,6.54,1.2345377206802368
393,12,her,3,0,12,0.3870967741935484,32,1,,,0,6.3,0.0016494023147970438
393,13,own,3,0,13,0.41935483870967744,32,1,,,0,5.74,1.8213233947753906
393,14,beliefs,7,1,14,0.45161290322580644,32,1,,,0,4.25,8.273161888122559
393,15,and,3,0,15,0.4838709677419355,32,1,,,0,7.41,1.7086747884750366
393,16,"prejudices,",10,1,16,0.5161290322580645,32,1,-1.8,1.8,1,3.22,9.108910083770752
393,17,but,3,0,17,0.5483870967741935,32,1,,,0,6.63,2.6623268127441406
393,18,the,3,0,18,0.5806451612903226,32,1,,,0,7.73,3.6546504497528076
393,19,one,3,1,19,0.6129032258064516,32,1,,,0,6.47,6.6856560707092285
393,20,thing,5,1,20,0.6451612903225806,32,1,,,0,5.72,1.853785514831543
393,21,most,4,0,21,0.6774193548387096,32,1,,,0,6.0,5.789396286010742
393,22,will,4,0,22,0.7096774193548387,32,1,,,0,6.45,7.333856105804443
393,23,take,4,1,23,0.7419354838709677,32,1,,,0,5.92,8.007244110107422
393,24,away,4,1,24,0.7741935483870968,32,1,,,0,5.62,1.27683687210083
393,25,is,2,0,25,0.8064516129032258,32,1,,,0,7.07,2.9733152389526367
393,26,the,3,0,26,0.8387096774193549,32,1,,,0,7.73,1.6964824199676514
393,27,sense,5,1,27,0.8709677419354839,32,1,,,0,5.19,5.955680847167969
393,28,that,4,0,28,0.9032258064516129,32,1,,,0,7.01,2.1074578762054443
393,29,peace,5,1,29,0.9354838709677419,32,1,2.5,2.5,1,5.02,15.084120750427246
393,30,is,2,0,30,0.967741935483871,32,1,,,0,7.07,1.731927514076233
393,31,possible.,8,1,31,1.0,32,1,,,0,5.36,4.588478922843933
394,0,Feels,5,1,0,0.0,18,0,,,0,4.9,17.64433193206787
394,1,"slight,",6,1,1,0.058823529411764705,18,0,,,0,4.22,18.807658433914185
394,2,as,2,0,2,0.11764705882352941,18,0,,,0,6.77,7.3342180252075195
394,3,if,2,0,3,0.17647058823529413,18,0,,,0,6.47,1.4440330266952515
394,4,it,2,0,4,0.23529411764705882,18,0,,,0,6.95,2.9495368003845215
394,5,were,4,0,5,0.29411764705882354,18,0,,,0,6.34,3.662325859069824
394,6,an,2,0,6,0.35294117647058826,18,0,,,0,6.53,5.484532833099365
394,7,extended,8,1,7,0.4117647058823529,18,0,,,0,4.64,8.907709121704102
394,8,"short,",5,1,8,0.47058823529411764,18,0,,,0,5.33,15.568473815917969
394,9,albeit,6,1,9,0.5294117647058824,18,0,,,0,3.91,10.855799674987793
394,10,one,3,1,10,0.5882352941176471,18,0,,,0,6.47,4.70951509475708
394,11,made,4,1,11,0.6470588235294118,18,0,,,0,5.92,7.871567249298096
394,12,by,2,0,12,0.7058823529411765,18,0,,,0,6.66,3.2711055278778076
394,13,the,3,0,13,0.7647058823529411,18,0,,,0,7.73,3.0691115856170654
394,14,smartest,8,1,14,0.8235294117647058,18,0,3.0,3.0,1,3.48,14.788752555847168
394,15,kids,4,1,15,0.8823529411764706,18,0,,,0,5.28,8.44523811340332
394,16,in,2,0,16,0.9411764705882353,18,0,,,0,7.27,1.1186615228652954
394,17,class.,5,1,17,1.0,18,0,,,0,5.36,7.433414936065674
395,0,The,3,0,0,0.0,7,0,,,0,7.73,4.729316711425781
395,1,picture,7,1,1,0.16666666666666666,7,0,,,0,5.13,12.019113540649414
395,2,doesn't,6,1,2,0.3333333333333333,7,0,,,0,5.53,7.963386423245538
395,3,know,4,1,3,0.5,7,0,,,0,6.1,12.519885063171387
395,4,it's,3,1,4,0.6666666666666666,7,0,,,0,6.33,8.332906723022461
395,5,a,1,0,5,0.8333333333333334,7,0,,,0,7.36,3.6109070777893066
395,6,comedy.,6,1,6,1.0,7,0,1.5,1.5,1,4.51,11.564414739608765
396,0,A,1,0,0,0.0,25,1,,,0,7.36,5.6875901222229
396,1,classy,6,1,1,0.041666666666666664,25,1,1.9,1.9,1,3.72,15.639326095581055
396,2,item,4,1,2,0.08333333333333333,25,1,,,0,4.57,11.603192329406738
396,3,by,2,0,3,0.125,25,1,,,0,6.66,7.928285121917725
396,4,a,1,0,4,0.16666666666666666,25,1,,,0,7.36,4.313359260559082
396,5,legend,6,1,5,0.20833333333333334,25,1,,,0,4.44,11.542967796325684
396,6,who,3,0,6,0.25,25,1,,,0,6.34,4.980002403259277
396,7,may,3,1,7,0.2916666666666667,25,1,,,0,5.98,7.217204570770264
396,8,have,4,0,8,0.3333333333333333,25,1,,,0,6.71,1.8480210304260254
396,9,nothing,7,1,9,0.375,25,1,,,0,5.55,10.370504379272461
396,10,left,4,1,10,0.4166666666666667,25,1,,,0,5.62,6.504621982574463
396,11,to,2,0,11,0.4583333333333333,25,1,,,0,7.43,0.33905333280563354
396,12,prove,5,1,12,0.5,25,1,,,0,4.77,2.6428298950195312
396,13,but,3,0,13,0.5416666666666666,25,1,,,0,6.63,3.8419454097747803
396,14,still,5,1,14,0.5833333333333334,25,1,,,0,5.92,7.690352916717529
396,15,has,3,0,15,0.625,25,1,,,0,6.37,2.5047824382781982
396,16,the,3,0,16,0.6666666666666666,25,1,,,0,7.73,4.151595592498779
396,17,chops,5,1,17,0.7083333333333334,25,1,,,0,3.38,8.83731460571289
396,18,and,3,0,18,0.75,25,1,,,0,7.41,4.269911766052246
396,19,drive,5,1,19,0.7916666666666666,25,1,,,0,5.13,6.7968878746032715
396,20,to,2,0,20,0.8333333333333334,25,1,,,0,7.43,0.4158531427383423
396,21,show,4,1,21,0.875,25,1,,,0,5.68,7.650886058807373
396,22,how,3,0,22,0.9166666666666666,25,1,,,0,6.24,6.1914963722229
396,23,its,3,0,23,0.9583333333333334,25,1,,,0,6.14,10.776628494262695
396,24,done.,4,1,24,1.0,25,1,,,0,5.58,9.093493223190308
397,0,Starts,6,1,0,0.0,18,-1,,,0,4.83,17.36800193786621
397,1,out,3,0,1,0.058823529411764705,18,-1,,,0,6.38,5.4238409996032715
397,2,"mediocre,",8,1,2,0.11764705882352941,18,-1,,,0,3.52,15.458902597427368
397,3,spirals,7,1,3,0.17647058823529413,18,-1,,,0,2.91,12.956202566623688
397,4,"downward,",8,1,4,0.23529411764705882,18,-1,,,0,3.71,6.75768780708313
397,5,and,3,0,5,0.29411764705882354,18,-1,,,0,7.41,2.0832459926605225
397,6,thuds,5,1,6,0.35294117647058826,18,-1,,,0,1.99,14.712306022644043
397,7,to,2,0,7,0.4117647058823529,18,-1,,,0,7.43,4.014599800109863
397,8,the,3,0,8,0.47058823529411764,18,-1,,,0,7.73,0.8411046266555786
397,9,bottom,6,1,9,0.5294117647058824,18,-1,,,0,4.84,7.1636738777160645
397,10,of,2,0,10,0.5882352941176471,18,-1,,,0,7.4,1.997908353805542
397,11,the,3,0,11,0.6470588235294118,18,-1,,,0,7.73,0.18425337970256805
397,12,pool,4,1,12,0.7058823529411765,18,-1,,,0,4.67,7.875082015991211
397,13,with,4,0,13,0.7647058823529411,18,-1,,,0,6.85,5.755497932434082
397,14,an,2,0,14,0.8235294117647058,18,-1,,,0,6.53,5.002119541168213
397,15,utterly,7,1,15,0.8823529411764706,18,-1,,,0,4.02,12.003645896911621
397,16,incompetent,11,1,16,0.9411764705882353,18,-1,-2.1,2.1,1,3.65,11.658824920654297
397,17,conclusion.,10,1,17,1.0,18,-1,,,0,4.4,13.129303455352783
398,0,The,3,0,0,0.0,10,-1,,,0,7.73,4.729318141937256
398,1,sort,4,1,1,0.1111111111111111,10,-1,,,0,5.0,13.899089813232422
398,2,of,2,0,2,0.2222222222222222,10,-1,,,0,7.4,0.09911420196294785
398,3,movie,5,1,3,0.3333333333333333,10,-1,,,0,5.16,9.41020393371582
398,4,that,4,0,4,0.4444444444444444,10,-1,,,0,7.01,1.4809736013412476
398,5,gives,5,1,5,0.5555555555555556,10,-1,,,0,5.03,7.354608058929443
398,6,tastelessness,13,1,6,0.6666666666666666,10,-1,,,0,1.45,26.756112575531006
398,7,a,1,0,7,0.7777777777777778,10,-1,,,0,7.36,2.2392380237579346
398,8,bad,3,1,8,0.8888888888888888,10,-1,-2.5,2.5,1,5.53,3.0357542037963867
398,9,rap.,3,1,9,1.0,10,-1,,,0,4.12,6.192246437072754
399,0,Its,3,0,0,0.0,8,1,,,0,6.14,12.378669738769531
399,1,engaging,8,1,1,0.14285714285714285,8,1,1.4,1.4,1,4.13,16.434932708740234
399,2,simplicity,10,1,2,0.2857142857142857,8,1,,,0,3.77,11.803384780883789
399,3,is,2,0,3,0.42857142857142855,8,1,,,0,7.07,3.496779441833496
399,4,driven,6,1,4,0.5714285714285714,8,1,,,0,4.54,10.675040245056152
399,5,by,2,0,5,0.7142857142857143,8,1,,,0,6.66,0.30628007650375366
399,6,appealing,9,1,6,0.8571428571428571,8,1,,,0,3.95,13.436188697814941
399,7,leads.,5,1,7,1.0,8,1,,,0,4.65,17.07058095932007
400,0,Fans,4,1,0,0.0,15,0,,,0,5.03,13.619524955749512
400,1,of,2,0,1,0.07142857142857142,15,0,,,0,7.4,1.1764315366744995
400,2,the,3,0,2,0.14285714285714285,15,0,,,0,7.73,1.9242347478866577
400,3,TV,2,1,3,0.21428571428571427,15,0,,,0,5.2,7.139891147613525
400,4,series,6,1,4,0.2857142857142857,15,0,,,0,5.35,1.1409189701080322
400,5,will,4,0,5,0.35714285714285715,15,0,,,0,6.45,3.3735785484313965
400,6,be,2,0,6,0.42857142857142855,15,0,,,0,6.79,2.0739622116088867
400,7,"disappointed,",12,1,7,0.5,15,0,-2.1,2.1,1,4.42,9.4867525100708
400,8,and,3,0,8,0.5714285714285714,15,0,,,0,7.41,5.7632246017456055
400,9,everyone,8,1,9,0.6428571428571429,15,0,,,0,5.47,10.290617942810059
400,10,else,4,1,10,0.7142857142857143,15,0,,,0,5.38,4.497629165649414
400,11,will,4,0,11,0.7857142857142857,15,0,,,0,6.45,0.9635489583015442
400,12,be,2,0,12,0.8571428571428571,15,0,,,0,6.79,1.062666416168213
400,13,slightly,8,1,13,0.9285714285714286,15,0,,,0,4.75,10.600384712219238
400,14,bored.,5,1,14,1.0,15,0,-1.1,1.1,1,4.2,12.0463947057724
401,0,It's,3,1,0,0.0,12,1,,,0,6.33,8.079900979995728
401,1,a,1,0,1,0.09090909090909091,12,1,,,0,7.36,3.4850268363952637
401,2,head-turner,10,1,2,0.18181818181818182,12,1,,,0,0.0,21.348192930221558
401,3,--,0,0,3,0.2727272727272727,12,1,,,0,,8.93620777130127
401,4,thoughtfully,12,1,4,0.36363636363636365,12,1,1.7,1.7,1,2.97,18.84135913848877
401,5,"written,",7,1,5,0.45454545454545453,12,1,,,0,5.09,9.19980239868164
401,6,beautifully,11,1,6,0.5454545454545454,12,1,2.7,2.7,1,3.92,6.061392307281494
401,7,read,4,1,7,0.6363636363636364,12,1,,,0,5.54,8.203371047973633
401,8,"and,",3,0,8,0.7272727272727273,12,1,,,0,7.41,8.274863243103027
401,9,"finally,",7,1,9,0.8181818181818182,12,1,,,0,5.17,7.164376804605126
401,10,deeply,6,1,10,0.9090909090909091,12,1,,,0,4.44,9.80410385131836
401,11,humanizing.,10,1,11,1.0,12,1,,,0,2.35,16.5842245221138
402,0,Bray,4,1,0,0.0,24,-1,,,0,3.31,17.32551336288452
402,1,is,2,0,1,0.043478260869565216,24,-1,,,0,7.07,6.784002304077148
402,2,completely,10,1,2,0.08695652173913043,24,-1,,,0,5.0,11.14851188659668
402,3,at,2,0,3,0.13043478260869565,24,-1,,,0,6.7,7.697986125946045
402,4,sea;,3,1,4,0.17391304347826086,24,-1,,,0,5.06,15.036903381347656
402,5,with,4,0,5,0.21739130434782608,24,-1,,,0,6.85,7.88145637512207
402,6,nothing,7,1,6,0.2608695652173913,24,-1,,,0,5.55,6.875722408294678
402,7,but,3,0,7,0.30434782608695654,24,-1,,,0,6.63,1.6879364252090454
402,8,a,1,0,8,0.34782608695652173,24,-1,,,0,7.36,2.9638893604278564
402,9,Savage,6,1,9,0.391304347826087,24,-1,-2.0,2.0,1,4.05,19.92698860168457
402,10,Garden,6,1,10,0.43478260869565216,24,-1,,,0,4.77,11.529670715332031
402,11,music,5,1,11,0.4782608695652174,24,-1,,,0,5.52,14.7857666015625
402,12,video,5,1,12,0.5217391304347826,24,-1,,,0,5.43,2.956102132797241
402,13,on,2,0,13,0.5652173913043478,24,-1,,,0,6.91,5.005754470825195
402,14,his,3,0,14,0.6086956521739131,24,-1,,,0,6.51,1.5197833776474
402,15,"resume,",6,1,15,0.6521739130434783,24,-1,,,0,4.12,11.59032130241394
402,16,he,2,0,16,0.6956521739130435,24,-1,,,0,6.69,1.5375525951385498
402,17,has,3,0,17,0.7391304347826086,24,-1,,,0,6.37,3.9764208793640137
402,18,no,2,0,18,0.782608695652174,24,-1,-1.2,1.2,1,6.35,4.590746879577637
402,19,clue,4,1,19,0.8260869565217391,24,-1,,,0,4.18,6.486205101013184
402,20,about,5,0,20,0.8695652173913043,24,-1,,,0,6.4,5.443506240844727
402,21,making,6,1,21,0.9130434782608695,24,-1,,,0,5.54,9.67829418182373
402,22,a,1,0,22,0.9565217391304348,24,-1,,,0,7.36,2.0681724548339844
402,23,movie.,5,1,23,1.0,24,-1,,,0,5.16,4.8604737520217896
403,0,It's,3,1,0,0.0,13,0,,,0,6.33,8.079900979995728
403,1,not,3,0,1,0.08333333333333333,13,0,,,0,6.69,3.6406972408294678
403,2,a,1,0,2,0.16666666666666666,13,0,,,0,7.36,3.8278369903564453
403,3,particularly,12,1,3,0.25,13,0,,,0,4.96,6.483213901519775
403,4,good,4,1,4,0.3333333333333333,13,0,1.9,1.9,1,6.12,3.682968854904175
403,5,"film,",4,1,5,0.4166666666666667,13,0,,,0,5.2,11.902793526649475
403,6,but,3,0,6,0.5,13,0,,,0,6.63,1.036756992340088
403,7,neither,7,1,7,0.5833333333333334,13,0,,,0,4.77,9.751825332641602
403,8,is,2,0,8,0.6666666666666666,13,0,,,0,7.07,0.6247950196266174
403,9,it,2,0,9,0.75,13,0,,,0,6.95,0.984293520450592
403,10,a,1,0,10,0.8333333333333334,13,0,,,0,7.36,2.002033233642578
403,11,monsterous,10,1,11,0.9166666666666666,13,0,,,0,1.28,21.93429470062256
403,12,one.,3,1,12,1.0,13,0,,,0,6.47,3.4563565254211426
404,0,Men,3,1,0,0.0,16,-1,,,0,5.51,12.059808731079102
404,1,in,2,0,1,0.06666666666666667,16,-1,,,0,7.27,4.4720330238342285
404,2,Black,5,1,2,0.13333333333333333,16,-1,,,0,5.46,7.438300609588623
404,3,II,2,1,3,0.2,16,-1,,,0,5.02,10.222573280334473
404,4,achieves,8,1,4,0.26666666666666666,16,-1,,,0,3.33,16.954702377319336
404,5,ultimate,8,1,5,0.3333333333333333,16,-1,,,0,4.53,9.693330764770508
404,6,insignificance,14,1,6,0.4,16,-1,,,0,2.47,13.724653711193241
404,7,--,0,0,7,0.4666666666666667,16,-1,,,0,,11.584885597229004
404,8,it's,3,1,8,0.5333333333333333,16,-1,,,0,6.33,6.05814790725708
404,9,the,3,0,9,0.6,16,-1,,,0,7.73,3.16098952293396
404,10,sci-fi,5,1,10,0.6666666666666666,16,-1,,,0,2.83,13.722958711325191
404,11,comedy,6,1,11,0.7333333333333333,16,-1,1.5,1.5,1,4.51,7.501817226409912
404,12,spectacle,9,1,12,0.8,16,-1,,,0,3.61,14.856791496276855
404,13,as,2,0,13,0.8666666666666667,16,-1,,,0,6.77,9.522825241088867
404,14,Whiffle-Ball,11,1,14,0.9333333333333333,16,-1,,,0,0.0,42.78589582443237
404,15,epic.,4,1,15,1.0,16,-1,,,0,4.35,18.73799467086792
405,0,Martyr,6,1,0,0.0,9,0,,,0,3.46,18.616616249084473
405,1,gets,4,1,1,0.125,9,0,,,0,5.25,14.509178161621094
405,2,royally,7,1,2,0.25,9,0,,,0,2.7,14.811444006860256
405,3,screwed,7,1,3,0.375,9,0,-2.2,2.2,1,4.0,2.53877592086792
405,4,and,3,0,4,0.5,9,0,,,0,7.41,5.152585506439209
405,5,comes,5,1,5,0.625,9,0,,,0,5.36,9.423662185668945
405,6,back,4,1,6,0.75,9,0,,,0,6.04,1.913801908493042
405,7,for,3,0,7,0.875,9,0,,,0,7.01,5.372793197631836
405,8,more.,4,0,8,1.0,9,0,,,0,6.36,5.241208791732788
